address_id,customer_id,address_line,city,state,postal_code,country,address_type
1,1,"H.No. 433, Chaudry Street",Gudivada,Maharashtra,013389,India,Home
2,2,"38/63, Mall Chowk",Kozhikode,Tamil Nadu,542351,India,Home
3,3,"15, Lalla Path",Jaunpur,Nagaland,618495,India,Home
4,3,"10/341, Chaudhuri Ganj",Alwar,Manipur,255341,India,Office
5,4,"32/76, Kanda Road",Pimpri-Chinchwad,Haryana,564139,India,Home
6,5,"767
Lanka Street",Shahjahanpur,Telangana,969653,India,Home
7,6,"71/01, Dutta Street",Kavali,Assam,697848,India,Home
8,7,"18/451, Saran Road",Malda,Andhra Pradesh,828148,India,Home
9,8,"528, Acharya Circle",Unnao,Andhra Pradesh,543039,India,Home
10,9,"H.No. 718, Dave Street",Jamalpur,Goa,896383,India,Office
11,10,"57
Seth Circle",Shahjahanpur,Haryana,509839,India,Office
12,11,"H.No. 103, Balay Zila",Madurai,Mizoram,473829,India,Home
13,12,"763
Chatterjee Zila",Raichur,Maharashtra,701065,India,Other
14,13,"338, Dey Chowk",South Dumdum,Himachal Pradesh,317810,India,Home
15,14,"H.No. 326, Srivastava Chowk",Rewa,Arunachal Pradesh,606474,India,Office
16,15,"87/234
Bhardwaj Ganj",Satara,Arunachal Pradesh,978820,India,Office
17,16,"191, Raval Ganj",Jehanabad,Haryana,916998,India,Home
18,16,"H.No. 35
Lanka Ganj",Mira-Bhayandar,Sikkim,751079,India,Other
19,17,"H.No. 838, Deo Road",Coimbatore,Haryana,427849,India,Home
20,18,"84/124, Chhabra Zila",Darbhanga,Jharkhand,534874,India,Home
21,18,"H.No. 640, Nath Nagar",Firozabad,Goa,868011,India,Office
22,19,"05/98, Sani Street",Kalyan-Dombivli,Jharkhand,053315,India,Home
23,20,"23/22
Bakshi Marg",Thoothukudi,Uttar Pradesh,342160,India,Home
24,21,"375
Kari Road",Nagpur,Sikkim,654145,India,Home
25,22,"85/014
Lanka Street",Moradabad,Punjab,556981,India,Home
26,23,"34/06
Venkatesh Nagar",Bharatpur,Maharashtra,595148,India,Home
27,24,"65/648
Handa Street",Nadiad,Sikkim,994680,India,Home
28,25,"H.No. 36
Nagy",Mango,Manipur,872148,India,Home
29,26,"H.No. 343
Din Ganj",Ranchi,Haryana,917693,India,Home
30,26,"63
Ahluwalia Street",Khandwa,Haryana,870831,India,Home
31,27,"788
Nadig",Pudukkottai,Uttarakhand,872774,India,Home
32,28,"48/734, Brahmbhatt Chowk",Noida,Himachal Pradesh,581223,India,Home
33,29,"23/166
Shukla Path",Ghaziabad,Gujarat,690967,India,Home
34,29,"H.No. 46, Yohannan Marg",Morbi,Haryana,670656,India,Home
35,29,"29, Bala Circle",Guntakal,Odisha,162720,India,Home
36,30,"53
Narain Chowk",Nadiad,Himachal Pradesh,417080,India,Office
37,30,"100
Iyengar Ganj",Jamnagar,Haryana,719374,India,Home
38,31,"991
Mukhopadhyay Street",Adoni,Andhra Pradesh,966319,India,Home
39,32,"H.No. 491, Barman",Katihar,Maharashtra,185067,India,Home
40,33,"57, Saran Street",Nagaon,Rajasthan,987769,India,Office
41,33,"H.No. 31
Seshadri Road",Madhyamgram,Odisha,507527,India,Home
42,34,"H.No. 45, Majumdar Road",Hazaribagh,Gujarat,367837,India,Home
43,35,"01
Kant Road",Latur,Jharkhand,788568,India,Home
44,35,"H.No. 74
Krishnamurthy Road",Jamshedpur,Telangana,518233,India,Home
45,36,"H.No. 98
Mandal",Jammu,Jharkhand,524082,India,Home
46,37,"H.No. 084
Swaminathan Street",Ahmedabad,Odisha,777520,India,Home
47,38,"11
Swamy Marg",Gangtok,Rajasthan,229413,India,Home
48,38,"69/99, Virk Ganj",Hospet,Manipur,964990,India,Home
49,39,"341, Khatri Street",Suryapet,Assam,067974,India,Home
50,39,"447, Kaur Zila",Giridih,Sikkim,618324,India,Home
51,39,"H.No. 024, Mani",Amravati,Manipur,648877,India,Home
52,40,"06/59, Bal Road",Berhampur,Sikkim,490278,India,Home
53,41,"H.No. 29
Swamy Marg",Nandyal,Kerala,551256,India,Home
54,41,"H.No. 68
Sha Nagar",Satna,Himachal Pradesh,168087,India,Home
55,42,"H.No. 385
Tara",Faridabad,Gujarat,824771,India,Other
56,43,"93/248, Reddy Nagar",Kamarhati,Uttarakhand,712748,India,Other
57,44,"77
Shan Ganj",Yamunanagar,Gujarat,146584,India,Home
58,44,"H.No. 49, Suri",Amroha,Nagaland,558867,India,Home
59,45,"396
Roy Ganj",Ratlam,Telangana,662702,India,Home
60,46,"H.No. 718
Aurora Chowk",Alappuzha,West Bengal,174596,India,Home
61,47,"H.No. 86, Sura Path",Tadipatri,Assam,431611,India,Home
62,48,"400
Bhalla Path",Secunderabad,Kerala,238692,India,Other
63,49,"196, Khosla",Ballia,Chhattisgarh,747407,India,Home
64,49,"82/175
Mistry",Chandrapur,Manipur,367136,India,Home
65,50,"44/06
Anand Road",Medininagar,Telangana,439533,India,Office
66,51,"21/047
Patla Nagar",Mysore,Jharkhand,623285,India,Home
67,51,"474
Contractor Path",Aurangabad,Chhattisgarh,685160,India,Home
68,52,"17/54
Raj",Moradabad,Sikkim,709859,India,Home
69,53,"17/461, Bath Street",Avadi,Meghalaya,138267,India,Home
70,53,"86/926
Suri Zila",Parbhani,Arunachal Pradesh,377351,India,Office
71,54,"50/64
Das Ganj",Mysore,Sikkim,900532,India,Home
72,55,"H.No. 839, Kaul Ganj",Siliguri,Uttar Pradesh,422842,India,Home
73,56,"02/053, Naik",Akola,Himachal Pradesh,268117,India,Office
74,56,"H.No. 89
Seth Zila",Srikakulam,Arunachal Pradesh,700766,India,Office
75,57,"71, Nagy Zila",Amritsar,Chhattisgarh,998569,India,Home
76,58,"89
Chaudhary Marg",Suryapet,Telangana,673657,India,Office
77,58,"15
Munshi Marg",Dindigul,Chhattisgarh,111161,India,Home
78,59,"809
Narayan Circle",Bulandshahr,Kerala,049451,India,Home
79,60,"731, Pillai Path",Alwar,Odisha,689980,India,Office
80,60,"H.No. 244
Panchal Path",Bokaro,West Bengal,961201,India,Home
81,61,"67, Dugar Path",Bijapur,Telangana,991022,India,Home
82,62,"14/767, Sathe",Darbhanga,Gujarat,561497,India,Office
83,63,"H.No. 369
Amble Nagar",Barasat,Gujarat,445107,India,Home
84,64,"268
Tella Ganj",Madurai,Madhya Pradesh,607159,India,Home
85,65,"66/41
Bail Marg",Tirunelveli,Uttar Pradesh,516136,India,Home
86,66,"16/45
Nath Ganj",Solapur,Mizoram,883552,India,Home
87,66,"H.No. 243, Dua Street",Belgaum,Tripura,799799,India,Home
88,66,"52/717
Mitter Chowk",Gudivada,Arunachal Pradesh,814770,India,Home
89,67,"H.No. 41, Tripathi Zila",Surendranagar Dudhrej,Odisha,793597,India,Home
90,68,"H.No. 715, Thaman Zila",Thane,Haryana,788925,India,Home
91,69,"H.No. 66
Ben Path",Amritsar,Karnataka,864492,India,Home
92,70,"H.No. 925
Ramanathan Road",Hindupur,Tamil Nadu,486528,India,Home
93,71,"68/505, Gole Road",Mau,Tripura,332214,India,Office
94,72,"88/05, Deep",Jamnagar,Goa,927065,India,Home
95,72,"94, Kaur Chowk",Tirupati,Uttar Pradesh,359774,India,Home
96,73,"86/23
Devi",Faridabad,Rajasthan,581814,India,Home
97,74,"478, Sarkar Street",Korba,Uttarakhand,506068,India,Office
98,75,"615
Bala Ganj",Navi Mumbai,Uttarakhand,220472,India,Home
99,76,"90
Bahl Zila",Thrissur,Uttarakhand,898614,India,Office
100,76,"H.No. 10, Saini Ganj",Rajkot,Bihar,980893,India,Home
101,77,"H.No. 60, Pandit",Aurangabad,Maharashtra,185188,India,Home
102,78,"70, Prakash Marg",Pune,Kerala,531952,India,Home
103,79,"H.No. 85, Shetty Street",South Dumdum,Uttar Pradesh,170430,India,Home
104,79,"H.No. 548, Solanki Marg",Vadodara,Tripura,450541,India,Other
105,80,"67
Nori Marg",Mehsana,Tamil Nadu,584161,India,Home
106,81,"28/45
Buch Zila",Sagar,Jharkhand,962757,India,Office
107,82,"59/640, Ravi Zila",Anand,Uttar Pradesh,029702,India,Home
108,83,"556, Bali",Hospet,Kerala,719285,India,Home
109,84,"H.No. 43
Bal Zila",Panchkula,Mizoram,814473,India,Home
110,85,"73/121
Gera Chowk",Chandigarh,Uttar Pradesh,518844,India,Home
111,85,"25/831, Dewan Ganj",Kumbakonam,Andhra Pradesh,895782,India,Office
112,86,"H.No. 467, Roy Circle",Ramgarh,Assam,517785,India,Home
113,87,"92/26, Bhakta Circle",Kadapa,Chhattisgarh,225358,India,Office
114,87,"H.No. 438
Dass Road",Srikakulam,Nagaland,829922,India,Other
115,87,"00/10
Lanka",Aurangabad,Maharashtra,784473,India,Office
116,88,"H.No. 71
Dugar Nagar",Vijayanagaram,Meghalaya,359255,India,Home
117,88,"25
Cherian Circle",New Delhi,Manipur,473210,India,Home
118,89,"96
Dutta Ganj",Gangtok,Telangana,327877,India,Home
119,90,"01
Tiwari Marg",New Delhi,Gujarat,004797,India,Home
120,91,"01/62
Pau Road",Ambarnath,Arunachal Pradesh,098358,India,Home
121,91,"H.No. 687
Mammen Circle",Warangal,Bihar,558523,India,Office
122,91,"00/02
Som Path",Jalgaon,Punjab,595269,India,Home
123,92,"58/88
Mistry Chowk",Pune,Kerala,169409,India,Other
124,93,"H.No. 99
Behl Ganj",Tirunelveli,Mizoram,230913,India,Home
125,93,"56, Sachar Street",Bulandshahr,Mizoram,028385,India,Home
126,93,"65/27
Oommen Circle",Bilaspur,Punjab,334843,India,Home
127,94,"H.No. 37
Srinivasan Path",Karaikudi,Uttar Pradesh,419866,India,Other
128,95,"404
Pal Zila",Bardhaman,Telangana,338484,India,Home
129,96,"H.No. 993, Bedi Ganj",Muzaffarpur,Arunachal Pradesh,657120,India,Home
130,96,"77, Mani Ganj",Baranagar,Rajasthan,193802,India,Home
131,97,"067
Mann Street",Bangalore,Jharkhand,547887,India,Office
132,98,"74/31, Gaba Path",Bardhaman,Tamil Nadu,054932,India,Other
133,99,"85
Rattan Zila",Udaipur,Chhattisgarh,530463,India,Home
134,100,"H.No. 54
Apte",Karimnagar,Tamil Nadu,017426,India,Home
135,101,"14/593
Deol Ganj",Jamnagar,Manipur,687833,India,Home
136,102,"78/51, Choudhury",Motihari,Mizoram,982258,India,Home
137,102,"H.No. 397
Uppal Zila",Pimpri-Chinchwad,Manipur,867908,India,Home
138,103,"40/640
Bora Ganj",Bhusawal,Kerala,801704,India,Home
139,104,"265
Sen Marg",Gandhinagar,Assam,512868,India,Home
140,105,"30/047, Samra Circle",Berhampur,Haryana,524310,India,Home
141,105,"03/31
Bandi Zila",Khora ,Sikkim,306738,India,Home
142,106,"H.No. 284, Nagar Ganj",Patiala,Jharkhand,836440,India,Home
143,107,"68/705, Vohra Marg",Erode,Maharashtra,462873,India,Home
144,108,"H.No. 27, Sachar Nagar",Proddatur,Mizoram,634351,India,Office
145,109,"H.No. 18
Behl Ganj",Burhanpur,Sikkim,139837,India,Home
146,110,"H.No. 40, Gupta Ganj",Nangloi Jat,Haryana,638546,India,Other
147,110,"54/45
Tank Circle",Navi Mumbai,Uttar Pradesh,535560,India,Home
148,110,"20/489, Sahni",Jamnagar,Gujarat,369378,India,Home
149,111,"H.No. 77
Ganguly Chowk",Gulbarga,Chhattisgarh,280801,India,Office
150,112,"H.No. 623, Dora Zila",Bellary,Mizoram,509977,India,Office
151,112,"H.No. 886, Badal Nagar",Jorhat,Jharkhand,862118,India,Home
152,113,"398, Pandya Road",Sikar,Assam,679334,India,Office
153,114,"01/666, Soni Circle",Bangalore,Tamil Nadu,176591,India,Home
154,114,"397, Batra Road",Parbhani,Nagaland,250392,India,Other
155,115,"H.No. 429
Ramachandran Ganj",Yamunanagar,Tripura,185016,India,Home
156,116,"H.No. 599, Ranganathan",Ludhiana,Rajasthan,773586,India,Home
157,116,"961
Merchant",Srinagar,Assam,262655,India,Home
158,117,"H.No. 047, Madan Path",Mira-Bhayandar,Assam,678886,India,Home
159,117,"H.No. 158, Nair Zila",Ahmedabad,Jharkhand,618398,India,Home
160,118,"62/244, Tailor Road",Rajkot,Goa,464715,India,Home
161,119,"799
Shankar Ganj",Bhavnagar,Jharkhand,659657,India,Home
162,120,"92
Nagi Road",Nangloi Jat,Karnataka,654793,India,Home
163,120,"46
Comar Path",Guntakal,Nagaland,807374,India,Home
164,121,"72, Khurana Road",Jamnagar,Tamil Nadu,617979,India,Home
165,122,"86/80
Yadav Path",Moradabad,Tripura,529096,India,Office
166,122,"10
Kuruvilla Zila",Sasaram,Telangana,756798,India,Home
167,123,"H.No. 07, Merchant Zila",Guwahati,Bihar,545738,India,Home
168,124,"H.No. 71
Sethi Chowk",Jabalpur,Jharkhand,105123,India,Office
169,125,"25/86, Kata Chowk",Udaipur,Goa,609379,India,Home
170,126,"03
Mallick Ganj",Gangtok,Bihar,553714,India,Home
171,126,"59/69
Comar Marg",Nagercoil,West Bengal,924991,India,Home
172,127,"H.No. 13, Dada Road",Dindigul,Tamil Nadu,866929,India,Home
173,128,"27
Ghose Circle",Unnao,Jharkhand,257905,India,Office
174,128,"23, Tiwari Marg",Alappuzha,Sikkim,677219,India,Home
175,129,"404, Yogi Ganj",Gulbarga,Tripura,978819,India,Home
176,129,"H.No. 85, Barman Circle",Bongaigaon,Gujarat,134074,India,Home
177,130,"H.No. 713
Panchal Ganj",Dehradun,Punjab,330958,India,Home
178,131,"82/54
Loke Road",Bhavnagar,Tripura,042232,India,Office
179,131,"672
Luthra",Gandhinagar,Manipur,168457,India,Office
180,132,"H.No. 90
Shanker Zila",Rajkot,Uttar Pradesh,363745,India,Home
181,132,"H.No. 89
Sundaram Street",Nashik,Arunachal Pradesh,701277,India,Home
182,133,"32, Dutt Road",Tiruchirappalli,Rajasthan,415206,India,Office
183,134,"36/110
Sood Ganj",Mira-Bhayandar,Odisha,870051,India,Home
184,134,"27/136
Chaudry Zila",Satara,Kerala,262218,India,Home
185,135,"27/53, Sabharwal Street",Bellary,Assam,219656,India,Office
186,136,"341
Mane Ganj",Barasat,Gujarat,640376,India,Other
187,136,"791, Arora Circle",Ratlam,Chhattisgarh,965827,India,Office
188,137,"H.No. 910, Kale Road",Allahabad,Uttar Pradesh,848666,India,Home
189,137,"88/924, Mukherjee Zila",Sasaram,Gujarat,856914,India,Home
190,138,"30/316
Setty Zila",Tirupati,Sikkim,102027,India,Office
191,139,"84/25
Luthra Street",Ludhiana,Karnataka,481491,India,Office
192,139,"85
Tata Nagar",Arrah,Goa,191380,India,Office
193,140,"H.No. 307, Rajagopal Path",Mangalore,West Bengal,863536,India,Office
194,141,"H.No. 19
Dar Path",Mangalore,Haryana,617445,India,Office
195,142,"70/53, Modi Road",Madhyamgram,Kerala,383206,India,Home
196,142,"850, Agarwal Path",Aizawl,Bihar,836702,India,Office
197,143,"H.No. 038
Pradhan Marg",Guwahati,Odisha,826199,India,Home
198,144,"23, Lal Road",Singrauli,Tamil Nadu,574313,India,Home
199,144,"12/12, Shukla Chowk",Vellore,Bihar,374741,India,Home
200,145,"490, Narang Ganj",Mysore,Tamil Nadu,568044,India,Home
201,146,"H.No. 678, Krish Circle",Surendranagar Dudhrej,Bihar,100323,India,Other
202,146,"H.No. 19
Lad",Lucknow,Assam,721510,India,Home
203,147,"H.No. 296
Taneja Marg",Eluru,Sikkim,253244,India,Home
204,148,"099
Korpal",Panchkula,Maharashtra,014626,India,Home
205,148,"83/806, Srinivasan Path",Hapur,Odisha,642059,India,Office
206,148,"H.No. 407, Parmar Circle",Kozhikode,Bihar,348039,India,Home
207,149,"H.No. 22
Nadkarni Ganj",Gudivada,Andhra Pradesh,992937,India,Home
208,149,"701
Kaul Nagar",Jaipur,Mizoram,059325,India,Other
209,149,"H.No. 00, Dhar Street",Hajipur,West Bengal,156915,India,Home
210,150,"H.No. 22
Sur Marg",Akola,Tamil Nadu,392644,India,Home
211,151,"096, Bali",Madanapalle,Karnataka,917251,India,Home
212,151,"H.No. 52, Nayak Zila",Hyderabad,Himachal Pradesh,315410,India,Home
213,152,"76, Sachdev Street",Burhanpur,Kerala,179327,India,Home
214,153,"H.No. 405, Cheema Road",Tiruvottiyur,Goa,218159,India,Home
215,154,"06/296
Bera Street",Bathinda,Gujarat,688444,India,Home
216,154,"H.No. 069, Swaminathan Circle",Meerut,Kerala,614973,India,Office
217,155,"H.No. 324, Solanki Zila",Aizawl,Uttar Pradesh,774186,India,Home
218,156,"H.No. 65, Sehgal Street",Firozabad,Manipur,434902,India,Home
219,156,"H.No. 586, Karan",Munger,Uttarakhand,879374,India,Home
220,157,"08, Varughese",Jamshedpur,Tripura,223320,India,Home
221,158,"H.No. 632
Kuruvilla",Jabalpur,Assam,868548,India,Home
222,159,"H.No. 998
Chowdhury Marg",Jalgaon,Chhattisgarh,191485,India,Home
223,159,"H.No. 67
Solanki",Malegaon,Himachal Pradesh,299606,India,Home
224,160,"30/745
Nazareth Nagar",Bijapur,Himachal Pradesh,132475,India,Home
225,161,"69/137
Ray Ganj",Hazaribagh,West Bengal,082148,India,Home
226,162,"890
Hans Street",Howrah,Haryana,705345,India,Home
227,163,"61/03
Suresh Path",Belgaum,West Bengal,985524,India,Home
228,163,"H.No. 06, Gaba Nagar",Korba,Rajasthan,346800,India,Office
229,164,"290
Krishnan Ganj",Panipat,Maharashtra,574374,India,Home
230,165,"10/85
Mandal Circle",Moradabad,Meghalaya,545444,India,Home
231,166,"830, Raval",Kolhapur,Telangana,744666,India,Home
232,167,"93/53, Soni Circle",Guna,Jharkhand,824172,India,Home
233,168,"82/513
Kapoor Path",Bidar,Uttar Pradesh,549471,India,Home
234,169,"H.No. 999
Sodhi Zila",Orai,Bihar,846022,India,Home
235,170,"H.No. 69, Dhar Chowk",Bokaro,Tripura,752500,India,Office
236,170,"H.No. 32
Dutt",Hubli–Dharwad,Chhattisgarh,666760,India,Home
237,171,"35/05, Halder Circle",Kolkata,Rajasthan,354216,India,Home
238,172,"104
Shah Road",Raebareli,Sikkim,575326,India,Home
239,173,"323, Thaman Nagar",Amravati,Kerala,648909,India,Office
240,173,"10/016, Rai Chowk",Motihari,Himachal Pradesh,230461,India,Home
241,174,"92/61
Dalal Circle",Raipur,Uttar Pradesh,739348,India,Home
242,175,"H.No. 64, Baral Street",Dhule,Tamil Nadu,530011,India,Home
243,176,"181
Kunda Zila",Sirsa,Jharkhand,701204,India,Office
244,177,"56/110
Devi Nagar",Ozhukarai,Kerala,941552,India,Home
245,178,"67, Rajan Road",Bidar,Rajasthan,120216,India,Home
246,179,"72/96
Balakrishnan Path",Karawal Nagar,Meghalaya,670145,India,Home
247,180,"89/935, Virk Circle",Bhiwani,Sikkim,756289,India,Home
248,181,"H.No. 287, Gandhi Chowk",Pallavaram,Karnataka,540838,India,Office
249,182,"31
Sawhney Chowk",Hubli–Dharwad,West Bengal,751701,India,Home
250,182,"08
Acharya Circle",Mahbubnagar,Punjab,883755,India,Home
251,183,"758, Solanki",Bidhannagar,Bihar,305548,India,Other
252,184,"10/272
Chhabra Marg",Phagwara,Gujarat,163735,India,Home
253,185,"09, Seshadri Zila",Giridih,Mizoram,708086,India,Office
254,186,"29/22
Ram Zila",Dibrugarh,Madhya Pradesh,934654,India,Office
255,187,"269
Mistry Circle",Begusarai,Rajasthan,339452,India,Other
256,188,"85/15, Srinivasan Circle",Deoghar,Jharkhand,081062,India,Other
257,189,"03/424, Dhingra Road",Sagar,Gujarat,571983,India,Home
258,189,"840
Ram Marg",Satara,Nagaland,043973,India,Home
259,190,"89/33
Sen Road",Aurangabad,Goa,816064,India,Office
260,191,"294
Narayanan Nagar",Bhatpara,Arunachal Pradesh,590947,India,Office
261,192,"H.No. 583
Verma Street",Dibrugarh,Goa,886153,India,Home
262,192,"55/543, Wali",Kishanganj,Uttarakhand,157399,India,Home
263,193,"H.No. 561, Kunda Marg",Nagpur,Mizoram,887704,India,Home
264,194,"H.No. 81, Ganesh Zila",Amritsar,Gujarat,613861,India,Home
265,194,"H.No. 750, Borah Zila",Mangalore,Uttar Pradesh,819346,India,Home
266,195,"66
Badal Path",Kochi,Nagaland,919015,India,Home
267,196,"H.No. 49, Manda Zila",Eluru,Madhya Pradesh,728326,India,Home
268,197,"24/508
Dhaliwal Circle",Kalyan-Dombivli,Andhra Pradesh,881435,India,Home
269,198,"82, Gour Street",Tadepalligudem,Uttarakhand,312908,India,Home
270,199,"81/414
Hora Zila",Bathinda,Kerala,314913,India,Home
271,200,"75
Mohan",Buxar,Odisha,562053,India,Home
272,201,"64/525, Shere Chowk",Secunderabad,Tripura,781291,India,Home
273,202,"834
Borra Zila",Guna,Rajasthan,996930,India,Home
274,203,"87/25
Kapoor Marg",Guntur,Manipur,658039,India,Home
275,203,"27/22, Dhingra",Secunderabad,Arunachal Pradesh,731453,India,Home
276,204,"38/567, Batra Chowk",North Dumdum,Bihar,498926,India,Office
277,204,"H.No. 91
Krishnamurthy Circle",Rajahmundry,Mizoram,557790,India,Home
278,205,"23, Varkey Zila",Rajpur Sonarpur,Chhattisgarh,259136,India,Home
279,206,"17/773
Edwin",Lucknow,Haryana,299228,India,Office
280,206,"20/24, Varughese Street",Khora ,Odisha,413797,India,Other
281,207,"369
Gopal Street",Rourkela,Telangana,799136,India,Home
282,208,"103
Thaman Circle",Jalgaon,Punjab,279908,India,Home
283,209,"H.No. 729, Agarwal Circle",Nagaon,Maharashtra,086376,India,Home
284,210,"91/62
Sood Road",Gwalior,Jharkhand,430098,India,Home
285,211,"06/35, Pathak Marg",Bhatpara,Maharashtra,486959,India,Home
286,212,"63/688
Gola Chowk",Karaikudi,Nagaland,449562,India,Home
287,213,"37/213, Rattan Circle",Jamalpur,Punjab,260127,India,Home
288,214,"H.No. 143
Buch Path",Yamunanagar,Madhya Pradesh,902770,India,Home
289,215,"84/309, Varty Circle",Srikakulam,Goa,530214,India,Home
290,216,"H.No. 66
Iyer",Coimbatore,Assam,895543,India,Home
291,217,"69, Lal Nagar",Vellore,Mizoram,818451,India,Home
292,218,"94/76
Sule",Sonipat,Tripura,790714,India,Home
293,219,"33, Sachar Path",Hazaribagh,Nagaland,434165,India,Home
294,220,"27/55, Luthra Ganj",Jhansi,Meghalaya,334333,India,Home
295,220,"52/11, Tailor Zila",Hosur,Arunachal Pradesh,595794,India,Office
296,221,"846
Dave Ganj",Hajipur,Uttar Pradesh,780856,India,Home
297,221,"18, Mutti Chowk",Ahmedabad,Sikkim,691559,India,Home
298,222,"843
Sinha Road",Ambarnath,Goa,636556,India,Home
299,223,"29
Karnik Street",Gopalpur,Uttar Pradesh,866322,India,Home
300,223,"H.No. 267
Varughese Street",Morbi,Jharkhand,890612,India,Home
301,223,"471, Natt Chowk",Karimnagar,Kerala,506159,India,Office
302,224,"98/24, Nair Path",Amroha,Assam,947225,India,Office
303,225,"99/611
Oza Street",Satara,Karnataka,496475,India,Home
304,225,"22
Dass Nagar",Chandrapur,Telangana,326111,India,Home
305,226,"00/68
Chawla Zila",Tadipatri,Chhattisgarh,643347,India,Home
306,227,"820, Parikh Nagar",Fatehpur,Manipur,872829,India,Home
307,228,"96/884
Subramaniam Path",Hubli–Dharwad,Manipur,564240,India,Home
308,229,"25/47, Anand Circle",Morena,Jharkhand,649308,India,Home
309,229,"686
Krish Marg",Pali,Uttarakhand,341638,India,Home
310,230,"H.No. 84
Guha Marg",South Dumdum,Chhattisgarh,179749,India,Home
311,230,"502
Warrior Nagar",Gaya,Bihar,427031,India,Office
312,231,"H.No. 735, Muni Marg",Serampore,Manipur,512046,India,Home
313,231,"72/34, Arora Marg",Kulti,Madhya Pradesh,303718,India,Home
314,231,"64, Dutt Path",Jamalpur,Mizoram,474350,India,Home
315,232,"H.No. 365, Ganesh Nagar",Bhimavaram,Bihar,300979,India,Other
316,233,"H.No. 13, Tata Street",Tadipatri,Karnataka,052812,India,Home
317,234,"585
Hans Chowk",Burhanpur,Kerala,407784,India,Home
318,235,"928
Naik Path",Panipat,West Bengal,182744,India,Home
319,236,"08
Goyal Marg",Udupi,West Bengal,935186,India,Office
320,236,"78/29, Naidu Road",Pondicherry,Bihar,810220,India,Home
321,237,"H.No. 731, Rama Nagar",Hajipur,Punjab,053910,India,Other
322,238,"71/705, Sagar Circle",Howrah,Uttarakhand,801413,India,Home
323,238,"H.No. 386, Hans Ganj",Jehanabad,Rajasthan,886195,India,Home
324,239,"61/228
Thaman Marg",Sangli-Miraj & Kupwad,Nagaland,558556,India,Home
325,240,"59/398
Prashad Ganj",Karimnagar,Manipur,600490,India,Office
326,241,"H.No. 04, Kala Ganj",Lucknow,Tripura,888992,India,Home
327,241,"H.No. 752, Lanka Street",Ballia,Haryana,441969,India,Other
328,242,"15/727, Chandran",Agra,Telangana,105566,India,Office
329,243,"906, Mody Nagar",Imphal,Nagaland,583206,India,Home
330,243,"98/13
Mann Marg",Siliguri,Chhattisgarh,179086,India,Home
331,244,"H.No. 686
Deshmukh Street",Karaikudi,Gujarat,693898,India,Home
332,244,"146, Chakraborty Path",Haridwar,Maharashtra,535590,India,Office
333,244,"597
Dhingra",Varanasi,Uttarakhand,352110,India,Home
334,245,"24/05, Mody Zila",Chittoor,Andhra Pradesh,383388,India,Home
335,246,"79/20
Vyas Marg",Rohtak,Goa,439407,India,Home
336,246,"H.No. 645, Bahl Zila",Kharagpur,Haryana,815798,India,Office
337,247,"387, Bains Circle",Shahjahanpur,Mizoram,576205,India,Home
338,247,"H.No. 43
Majumdar Circle",Bardhaman,Madhya Pradesh,843256,India,Office
339,248,"H.No. 689, Sahni Ganj",Chapra,Chhattisgarh,495782,India,Home
340,249,"29/832, Viswanathan Road",Chinsurah,Tripura,925188,India,Home
341,250,"520, Sachdev Path",Avadi,Manipur,231220,India,Office
342,251,"99/39
Kashyap Ganj",Secunderabad,Assam,289752,India,Home
343,252,"72
Hans Street",Patna,Maharashtra,463331,India,Home
344,252,"97, Shankar Path",Purnia,Madhya Pradesh,965699,India,Office
345,253,"17/70, Venkataraman Ganj",Thane,Nagaland,803476,India,Home
346,253,"H.No. 72
Menon Marg",Hazaribagh,Chhattisgarh,718129,India,Home
347,254,"65, Bakshi Chowk",Malda,Odisha,714521,India,Home
348,254,"H.No. 751, Rajagopalan Circle",Burhanpur,Nagaland,025922,India,Home
349,255,"064, Sehgal Road",Bokaro,Bihar,309407,India,Office
350,256,"80
Tak",Bellary,Odisha,767199,India,Home
351,257,"849, Johal Circle",Udaipur,Chhattisgarh,502099,India,Office
352,258,"H.No. 10
Saha Zila",Nanded,Sikkim,999827,India,Home
353,259,"H.No. 145
Raghavan Path",Purnia,Uttarakhand,472145,India,Home
354,260,"33/90
Wadhwa Zila",Karawal Nagar,Telangana,695489,India,Home
355,261,"997
Tank Circle",Bokaro,Punjab,430107,India,Home
356,262,"39/660, Palla Path",Hyderabad,Rajasthan,441448,India,Home
357,262,"H.No. 155
Balakrishnan Marg",Jammu,Karnataka,770272,India,Home
358,263,"57/60
Mistry Circle",Miryalaguda,Nagaland,395512,India,Home
359,264,"H.No. 568
Ramachandran Street",Hindupur,Bihar,504617,India,Home
360,265,"H.No. 74, Vohra Ganj",Akola,Bihar,031780,India,Home
361,266,"23/57
Mukherjee Circle",Asansol,Tripura,823076,India,Home
362,266,"H.No. 409, Nath Zila",Ranchi,Bihar,094353,India,Home
363,267,"H.No. 48, Sastry Path",Darbhanga,Chhattisgarh,410988,India,Home
364,268,"858, Madan Path",Anantapuram,Odisha,214958,India,Home
365,268,"H.No. 207
Cherian Nagar",Meerut,Assam,629979,India,Home
366,268,"H.No. 53
Brar Circle",Tezpur,Chhattisgarh,717477,India,Home
367,269,"294, Ramanathan Path",Bathinda,Uttar Pradesh,770171,India,Home
368,270,"72
Pall Road",Danapur,Bihar,158148,India,Home
369,271,"96
Kohli Ganj",Ongole,Madhya Pradesh,539669,India,Home
370,272,"32/19
Contractor Chowk",Anantapur,Nagaland,724619,India,Home
371,272,"96/570, Kalla Zila",Amaravati,Tripura,227846,India,Home
372,272,"354
Modi",Hapur,Assam,986240,India,Home
373,273,"00/85
Manda Zila",Noida,Maharashtra,566668,India,Home
374,273,"27/238, Parsa Marg",Jamnagar,Jharkhand,201027,India,Office
375,274,"126
Sandal Chowk",Malda,Mizoram,876532,India,Home
376,275,"09/73
Luthra Circle",Bongaigaon,Odisha,009751,India,Home
377,276,"12/847
Brar Circle",Sambalpur,Meghalaya,894905,India,Office
378,277,"78, Narula Chowk",Nagercoil,Uttar Pradesh,420949,India,Office
379,278,"H.No. 792
Behl",Indore,Jharkhand,128144,India,Home
380,279,"44/40, Ghosh Zila",Amroha,Kerala,437280,India,Home
381,280,"H.No. 292
Sachar Chowk",Patiala,Sikkim,239504,India,Home
382,281,"H.No. 276, Mitra Chowk",Katihar,Haryana,674286,India,Other
383,282,"H.No. 76, Wagle Path",Jalandhar,Nagaland,694544,India,Office
384,283,"H.No. 96, Khurana Chowk",Saharsa,Karnataka,580010,India,Office
385,284,"H.No. 817
Kanda Path",Chandrapur,Gujarat,091093,India,Home
386,285,"11/926, Goyal",Udaipur,Himachal Pradesh,717465,India,Home
387,286,"140
Rama Marg",Allahabad,Himachal Pradesh,271739,India,Other
388,286,"712
Sankar Circle",Srikakulam,Rajasthan,741011,India,Home
389,287,"07
Acharya Street",Pali,Himachal Pradesh,569087,India,Home
390,288,"61
Kara Circle",Yamunanagar,Tamil Nadu,198554,India,Office
391,288,"H.No. 158
Buch Path",Ramagundam,Rajasthan,280634,India,Home
392,289,"H.No. 571
Gupta Chowk",Vadodara,Gujarat,937618,India,Home
393,290,"87
Bansal Nagar",Pimpri-Chinchwad,Karnataka,613878,India,Home
394,291,"93/102, Bahl Chowk",Tadipatri,Arunachal Pradesh,202041,India,Home
395,292,"29/11
Tank Zila",Rajkot,Uttar Pradesh,656519,India,Home
396,293,"H.No. 30, Ghose",Rajkot,Bihar,262582,India,Home
397,294,"902
Puri Zila",Pune,Meghalaya,002194,India,Home
398,294,"72/324
Seshadri Circle",Mathura,Goa,927914,India,Home
399,295,"08
Handa Ganj",Bettiah,Bihar,883734,India,Office
400,296,"127, Goda Chowk",Varanasi,Arunachal Pradesh,436459,India,Home
401,296,"H.No. 108
Dugar Street",Shivpuri,Mizoram,137995,India,Home
402,297,"531
Kari Path",Patiala,Telangana,363179,India,Home
403,297,"H.No. 623
Sha",Munger,Kerala,735435,India,Home
404,298,"H.No. 904, Choudhry Street",Berhampore,Maharashtra,534929,India,Office
405,299,"83/16, Suresh Circle",Gudivada,Meghalaya,406335,India,Home
406,299,"39/29
Sahni Nagar",Thane,Meghalaya,686717,India,Home
407,300,"180
Kamdar Marg",Secunderabad,Jharkhand,107427,India,Home
408,301,"72, Goyal Marg",Madhyamgram,Tamil Nadu,165804,India,Home
409,302,"H.No. 98
Johal",Udupi,Karnataka,850165,India,Home
410,303,"05/52
Bhavsar Circle",Durgapur,Karnataka,817933,India,Office
411,304,"H.No. 48
Malhotra Marg",Rajkot,Kerala,778817,India,Home
412,305,"95
Guha Zila",Chandigarh,Assam,241124,India,Home
413,306,"27/238, Memon Nagar",Hosur,Chhattisgarh,567043,India,Home
414,307,"H.No. 385, Oza Marg",Shivpuri,Odisha,749242,India,Home
415,308,"754
Divan Nagar",Anantapuram,Manipur,928422,India,Office
416,308,"310, Date Path",Bhilwara,Kerala,380552,India,Home
417,308,"82
Mitra Circle",Nagpur,Madhya Pradesh,275208,India,Other
418,309,"47/492
Sathe",Gorakhpur,Telangana,028140,India,Home
419,309,"37/51
Bhakta Path",Ballia,Mizoram,430187,India,Home
420,309,"63/75, Vaidya",Karimnagar,Madhya Pradesh,656504,India,Home
421,310,"H.No. 47
Chahal Circle",Raiganj,Telangana,742662,India,Home
422,310,"347, Nayak Circle",Gudivada,Tripura,106462,India,Home
423,311,"92/326
Swaminathan Road",Barasat,Uttarakhand,787300,India,Home
424,311,"H.No. 47, Mani Zila",Mangalore,Meghalaya,014719,India,Home
425,312,"79/64
Dar Chowk",Anand,Telangana,429025,India,Home
426,313,"25/204
Saini Path",Nashik,Jharkhand,818321,India,Home
427,314,"55/44, Char Path",Asansol,Andhra Pradesh,845765,India,Home
428,315,"H.No. 328, Guha Ganj",Erode,Manipur,120754,India,Home
429,315,"798
Gera Path",Bhopal,Telangana,322342,India,Home
430,316,"161, Bahl Zila",Chinsurah,Arunachal Pradesh,108907,India,Office
431,317,"H.No. 01, Anne Road",Amravati,Punjab,932501,India,Home
432,317,"49/552, Khurana Circle",Navi Mumbai,Uttarakhand,833428,India,Home
433,318,"13/875, Goyal",Aligarh,Goa,663836,India,Home
434,319,"H.No. 17, Venkatesh Zila",Shimla,Tripura,480157,India,Home
435,319,"47, Muni",Kamarhati,Nagaland,463175,India,Home
436,319,"H.No. 716, Virk Chowk",Jamshedpur,Chhattisgarh,691215,India,Other
437,320,"H.No. 39, Das Marg",Khandwa,Telangana,499465,India,Home
438,321,"96/784
Sha Street",Bhilai,Himachal Pradesh,732010,India,Home
439,322,"02, Narain Marg",Avadi,Punjab,187734,India,Office
440,323,"84
Oza Circle",Patna,Maharashtra,675677,India,Office
441,324,"H.No. 284, Swamy Street",Guntur,Jharkhand,719788,India,Home
442,325,"82
Bhalla Circle",Firozabad,Meghalaya,954500,India,Home
443,325,"559, Om Nagar",Jalandhar,Maharashtra,565033,India,Home
444,326,"49/114, Nazareth Zila",Jaipur,Nagaland,076986,India,Other
445,327,"H.No. 790
Purohit Path",North Dumdum,Odisha,713578,India,Home
446,328,"945
Jaggi Marg",Aurangabad,Uttarakhand,440496,India,Home
447,329,"19/19, Mahajan Path",Tezpur,Uttar Pradesh,635148,India,Home
448,330,"85
Sachdeva Ganj",Chandrapur,Punjab,820829,India,Office
449,330,"748
Saraf",Nagaon,Gujarat,723246,India,Home
450,330,"H.No. 13
Loke Marg",Nanded,Himachal Pradesh,631230,India,Home
451,331,"H.No. 77, Sarin Circle",Vadodara,Gujarat,420448,India,Home
452,331,"07/001, Misra Path",Vellore,Kerala,623198,India,Home
453,332,"98/47, Khanna Zila",Satara,Karnataka,363212,India,Home
454,333,"H.No. 76, Bhalla Road",Deoghar,Kerala,586734,India,Other
455,333,"H.No. 75, Bail Road",Meerut,Tamil Nadu,486451,India,Home
456,334,"60, Kumer Marg",Mysore,Uttarakhand,432756,India,Home
457,335,"H.No. 17, Sachar Chowk",Bhusawal,Uttarakhand,248156,India,Home
458,335,"00
Sawhney Street",Delhi,Madhya Pradesh,459112,India,Office
459,336,"29/65, Sridhar Chowk",Bhilwara,Goa,431652,India,Home
460,336,"93
Bajaj Nagar",Hubli–Dharwad,Manipur,420696,India,Office
461,337,"152
Dalal",Hajipur,Maharashtra,713334,India,Office
462,338,"76/263
Kale",Maheshtala,Maharashtra,620443,India,Office
463,339,"597
Anne Zila",Guntur,West Bengal,636694,India,Home
464,340,"H.No. 800, Keer Path",Raichur,Punjab,048964,India,Other
465,341,"52/809
Lad Street",Ambala,Meghalaya,721586,India,Home
466,342,"H.No. 15, Datta Nagar",Parbhani,Telangana,644948,India,Home
467,343,"25
Dora Chowk",Meerut,Gujarat,032074,India,Home
468,344,"76/170, Parikh Chowk",Berhampore,Meghalaya,215134,India,Home
469,345,"849, Kala",Hajipur,Tripura,613715,India,Home
470,346,"H.No. 16, Cherian Path",Jamnagar,Andhra Pradesh,777490,India,Home
471,347,"H.No. 975
Dayal",Nashik,Uttar Pradesh,501896,India,Home
472,347,"42, Rastogi Ganj",Jaipur,West Bengal,266421,India,Home
473,348,"64
Deep",Jalandhar,Uttarakhand,837767,India,Office
474,348,"96/16
Grewal Path",Purnia,Assam,857327,India,Home
475,349,"H.No. 76, Sridhar Zila",Jalgaon,Chhattisgarh,386490,India,Office
476,350,"H.No. 818, Sachar Marg",Madhyamgram,Sikkim,549180,India,Home
477,350,"72/260, Saha Zila",Satara,Odisha,794523,India,Home
478,350,"H.No. 941, Warrior Marg",Kolkata,Madhya Pradesh,027769,India,Home
479,351,"H.No. 99
Rana Path",Chandigarh,Chhattisgarh,031030,India,Office
480,352,"23, Yohannan Marg",Chandigarh,Jharkhand,276012,India,Home
481,352,"77/707, Kibe",Durg,Odisha,050166,India,Home
482,353,"99/840
Ratta Chowk",Anand,Odisha,308069,India,Home
483,354,"14/67
Talwar Zila",Sultan Pur Majra,Tamil Nadu,024375,India,Home
484,355,"839
Sidhu Path",Durg,Telangana,657293,India,Home
485,356,"17/223
Swamy Street",Vijayanagaram,Meghalaya,338005,India,Home
486,356,"H.No. 22
Balay Circle",Naihati,Maharashtra,931837,India,Home
487,356,"H.No. 50
Loke Circle",Kottayam,Punjab,077119,India,Home
488,357,"08/12, Jha Zila",Sangli-Miraj & Kupwad,Telangana,787125,India,Office
489,357,"137
Ahuja Marg",Bhalswa Jahangir Pur,Karnataka,821456,India,Office
490,358,"32/863
Sanghvi Street",Alappuzha,Manipur,072081,India,Home
491,359,"H.No. 56, Saraf Street",Singrauli,Tripura,290846,India,Office
492,359,"84/550
Wable Road",Sambhal,Manipur,899756,India,Office
493,360,"H.No. 10, Natt Circle",Cuttack,Mizoram,318848,India,Home
494,361,"20/089
Khurana Road",Bhusawal,Mizoram,054851,India,Office
495,362,"17/490, Nori Chowk",Amaravati,Odisha,544926,India,Home
496,362,"H.No. 589, Patel Ganj",Navi Mumbai,Chhattisgarh,611062,India,Home
497,362,"715
Rau Circle",Bilaspur,Odisha,677622,India,Home
498,363,"72, Wadhwa Circle",Rajpur Sonarpur,Manipur,028519,India,Office
499,364,"H.No. 159
Baria Road",Kochi,Kerala,544702,India,Home
500,365,"60/44, Goswami Ganj",Delhi,Bihar,106794,India,Home
501,365,"H.No. 67
Deo",Dibrugarh,Rajasthan,772519,India,Office
502,366,"36
Zachariah Path",Mango,Telangana,120948,India,Home
503,367,"81/398, Bera",Fatehpur,Mizoram,182043,India,Home
504,368,"97/189, Ratti Path",Pallavaram,West Bengal,562608,India,Office
505,369,"41
Chaudhary Zila",Baranagar,Chhattisgarh,412462,India,Home
506,370,"52/00, Ramakrishnan Road",Imphal,Chhattisgarh,546103,India,Home
507,370,"93/78, Rajan Circle",Agartala,Arunachal Pradesh,786170,India,Home
508,371,"30/489
Koshy Zila",Avadi,Odisha,718325,India,Home
509,371,"868, Barman Chowk",Madhyamgram,Uttarakhand,200749,India,Home
510,372,"65/398
Bath Road",Deoghar,Odisha,416128,India,Home
511,373,"39
Nadkarni Circle",Bhilwara,Tripura,435537,India,Office
512,374,"H.No. 209
Agrawal Chowk",Malegaon,Maharashtra,681180,India,Home
513,374,"15/695
Goel Marg",Amravati,Manipur,370304,India,Home
514,375,"194
Kaur Ganj",Mirzapur,Arunachal Pradesh,793036,India,Home
515,376,"H.No. 98, Garde Chowk",Buxar,Sikkim,192124,India,Home
516,377,"43/08, Krishnan",Delhi,Maharashtra,566418,India,Home
517,378,"58
Kapur Nagar",Alwar,Maharashtra,506351,India,Home
518,378,"36/133, Narayan Street",Rajkot,Rajasthan,076095,India,Home
519,379,"173
Bhagat Path",Saharsa,Uttar Pradesh,199717,India,Home
520,380,"H.No. 006, Bhattacharyya Path",Ghaziabad,Uttar Pradesh,049611,India,Home
521,381,"04/66, Roy Zila",Khora ,Uttar Pradesh,767699,India,Home
522,381,"H.No. 07, Narasimhan Circle",Moradabad,Bihar,919392,India,Other
523,381,"H.No. 67
Saxena",Latur,Chhattisgarh,024968,India,Home
524,382,"H.No. 98
Din Street",Tirupati,Punjab,450892,India,Home
525,383,"880, Padmanabhan Marg",Kollam,Rajasthan,153779,India,Home
526,384,"95/94
Narasimhan Marg",Vasai-Virar,Manipur,730337,India,Home
527,385,"756, Ratta Ganj",Chennai,Kerala,150812,India,Office
528,386,"39
Bassi Path",Davanagere,Gujarat,234258,India,Office
529,387,"302, Chaudhuri Road",Durgapur,Madhya Pradesh,534735,India,Home
530,388,"28/961
Dhawan Zila",Jhansi,Gujarat,559630,India,Home
531,389,"42/53, Mammen Nagar",Danapur,Odisha,317912,India,Home
532,390,"85/787
Nagy Street",Hajipur,Tamil Nadu,774969,India,Office
533,391,"337, Randhawa Ganj",Farrukhabad,Maharashtra,925481,India,Office
534,392,"H.No. 478, Karpe Path",Kirari Suleman Nagar,Mizoram,677665,India,Home
535,393,"H.No. 46
Gola Nagar",Muzaffarpur,Himachal Pradesh,514888,India,Home
536,394,"H.No. 31, Bora Zila",Agra,Nagaland,535444,India,Home
537,394,"92/840, Manda Road",Sambhal,Madhya Pradesh,782633,India,Home
538,395,"38, Sidhu",Mau,Uttar Pradesh,536637,India,Home
539,395,"05/29
Mody Street",Panchkula,Uttar Pradesh,536668,India,Home
540,396,"H.No. 90
Balay",Jamnagar,Karnataka,636186,India,Other
541,397,"15, Seth",Tiruchirappalli,Goa,820970,India,Office
542,398,"164, Kaul Ganj",Loni,Assam,058025,India,Home
543,398,"21
Yadav Street",Morena,Telangana,632346,India,Office
544,399,"994
Jain",Bally,Gujarat,271693,India,Office
545,400,"77/79
Chand Nagar",Sirsa,Kerala,692632,India,Home
546,400,"62
Chandran",Varanasi,Haryana,484137,India,Home
547,401,"15/11
Nanda Circle",Hospet,Goa,380701,India,Home
548,401,"56
Ranganathan Ganj",Hyderabad,Himachal Pradesh,257771,India,Other
549,401,"37/27, Edwin Road",Surat,Punjab,241862,India,Office
550,402,"04/275, Kalita Street",Katihar,Gujarat,081647,India,Other
551,402,"00/63, Prasad Ganj",Kollam,Assam,600531,India,Other
552,403,"H.No. 220, Vala Marg",Khammam,Karnataka,938661,India,Home
553,403,"155, Aurora Street",Satna,Andhra Pradesh,373149,India,Office
554,404,"H.No. 136
Tata Road",Jorhat,Uttar Pradesh,419562,India,Home
555,405,"571
Badami Path",Eluru,Mizoram,890309,India,Home
556,406,"H.No. 36, Buch Ganj",Durgapur,Kerala,432630,India,Home
557,407,"97/524, Baral Path",Tumkur,Tripura,355338,India,Office
558,407,"33/968, Goswami Path",Chennai,Assam,130232,India,Home
559,408,"983, Tripathi Ganj",Purnia,Telangana,423362,India,Home
560,409,"H.No. 49, Jaggi Chowk",Ongole,Assam,662776,India,Home
561,409,"706
Chacko Marg",Hindupur,Nagaland,824674,India,Office
562,410,"H.No. 68
Srivastava",Thoothukudi,Chhattisgarh,323008,India,Home
563,411,"66
Prakash Marg",Unnao,Jharkhand,601692,India,Office
564,411,"45, Suresh Circle",Howrah,Rajasthan,633705,India,Home
565,412,"24/972, Kota Road",Ahmedabad,Bihar,669183,India,Home
566,413,"644
Walia Circle",Dharmavaram,Jharkhand,119524,India,Home
567,413,"64/027, Chatterjee Nagar",Erode,Mizoram,462252,India,Home
568,414,"728, Seshadri Zila",Gaya,Gujarat,234679,India,Office
569,415,"21/416, Malhotra Zila",Tiruvottiyur,Andhra Pradesh,771004,India,Home
570,416,"90/138, Prashad Nagar",Shivpuri,Meghalaya,965555,India,Home
571,417,"H.No. 66, Bhandari",Bathinda,Uttar Pradesh,076209,India,Home
572,417,"43/57, Soman",Maheshtala,Andhra Pradesh,050573,India,Home
573,418,"91
Sangha Path",Salem,Telangana,493289,India,Home
574,419,"714, Sibal Circle",Amroha,Bihar,833321,India,Home
575,420,"02, Rajagopal Path",Muzaffarnagar,Telangana,712871,India,Other
576,421,"991
Purohit Path",Kishanganj,West Bengal,334141,India,Home
577,422,"H.No. 593, Pillai Zila",Satara,Madhya Pradesh,409836,India,Other
578,423,"H.No. 52
Kapadia Circle",Tenali,Andhra Pradesh,524377,India,Home
579,423,"42/09, More Path",Panipat,West Bengal,374605,India,Home
580,424,"33/027, Mistry Marg",Lucknow,Nagaland,567566,India,Other
581,425,"44/38, Chatterjee Marg",North Dumdum,Tripura,472927,India,Home
582,426,"H.No. 23
Hayre Ganj",Mirzapur,Telangana,266201,India,Home
583,427,"20
Varma Zila",Guntakal,Maharashtra,630136,India,Home
584,427,"H.No. 92
Chakraborty Marg",Eluru,Himachal Pradesh,501111,India,Home
585,428,"83/099
Srinivasan",Bareilly,Uttar Pradesh,676492,India,Home
586,429,"H.No. 18, Ravi Street",Singrauli,Nagaland,189813,India,Office
587,430,"920, Sekhon Circle",Bhilai,Arunachal Pradesh,932184,India,Home
588,431,"H.No. 184, Garg Path",Mumbai,Haryana,084872,India,Home
589,432,"58/598
Kadakia Circle",Varanasi,Haryana,324329,India,Home
590,432,"54/29, Borde Marg",Bhilwara,Madhya Pradesh,671462,India,Home
591,433,"H.No. 435, Vaidya",Gurgaon,Uttarakhand,566093,India,Home
592,433,"H.No. 18, Ray Zila",Ozhukarai,Rajasthan,554234,India,Home
593,434,"H.No. 636, Dasgupta Zila",Hajipur,Telangana,971859,India,Home
594,434,"49/10
Nadkarni Street",Bokaro,Kerala,792408,India,Office
595,435,"22/694, Prabhakar Nagar",Narasaraopet,Maharashtra,275784,India,Home
596,436,"83
Chahal Road",Vellore,Tripura,111312,India,Home
597,437,"H.No. 487, Samra Nagar",Nangloi Jat,Meghalaya,609306,India,Home
598,438,"890
Sen",Loni,Haryana,152850,India,Office
599,439,"62
Chowdhury Path",Kulti,Uttarakhand,447443,India,Home
600,440,"96/348, Sheth Nagar",Howrah,Kerala,975451,India,Home
601,441,"H.No. 26, Andra Path",Chinsurah,Meghalaya,188261,India,Home
602,441,"H.No. 243
Rana Chowk",Dewas,Kerala,284177,India,Home
603,442,"560, Issac Path",Jhansi,Jharkhand,266502,India,Office
604,443,"41, Suresh Marg",Warangal,Karnataka,862110,India,Home
605,444,"580, Ben Ganj",Haldia,Punjab,674471,India,Office
606,445,"928
Krish Street",Raipur,West Bengal,363718,India,Office
607,446,"923, Deo Zila",Agra,Himachal Pradesh,260931,India,Home
608,446,"68, Kashyap Road",Naihati,Maharashtra,086041,India,Home
609,447,"H.No. 45
Koshy Marg",Nashik,Goa,005347,India,Home
610,447,"16/24
Patla Chowk",Avadi,Bihar,082555,India,Home
611,447,"439
Chahal Marg",Bikaner,Rajasthan,093371,India,Home
612,448,"95/47, Walla Ganj",Varanasi,Chhattisgarh,684855,India,Home
613,449,"16/176
Thakur Circle",Rourkela,Punjab,240903,India,Home
614,449,"88
Gandhi Zila",Danapur,Madhya Pradesh,694320,India,Home
615,450,"39/08, Thakur Chowk",Avadi,West Bengal,448123,India,Home
616,451,"34/02, Deol Road",Faridabad,Rajasthan,381059,India,Home
617,452,"H.No. 18
Deol Road",Pudukkottai,Jharkhand,005342,India,Home
618,453,"H.No. 891
Kurian Marg",Mango,Haryana,439627,India,Home
619,453,"65/271, Golla Chowk",Udaipur,Uttarakhand,397240,India,Home
620,453,"269
Boase Ganj",Madurai,Maharashtra,761820,India,Home
621,454,"60, Arya Zila",Mira-Bhayandar,Haryana,429001,India,Home
622,455,"13/279
Gade Chowk",Bathinda,Meghalaya,308481,India,Home
623,455,"H.No. 184, Vaidya Zila",Ajmer,Andhra Pradesh,036625,India,Office
624,456,"617
Choudhary Street",Kota,Jharkhand,195151,India,Home
625,456,"22/68, Golla Path",Jalgaon,Sikkim,945147,India,Home
626,457,"H.No. 10
Din Street",Siliguri,Madhya Pradesh,711964,India,Home
627,458,"H.No. 522, Pandit Marg",Shimla,Maharashtra,695236,India,Home
628,459,"78/87
Yadav Circle",Yamunanagar,Assam,893135,India,Home
629,460,"058, Deol Chowk",Allahabad,Kerala,247286,India,Home
630,461,"302, Dhar Zila",Indore,Tamil Nadu,501917,India,Office
631,462,"H.No. 252, Konda Zila",Ahmedabad,Odisha,227284,India,Office
632,463,"57
Mangat Nagar",Bhatpara,Arunachal Pradesh,928206,India,Home
633,464,"78/498
Karan Road",Sangli-Miraj & Kupwad,Himachal Pradesh,862369,India,Office
634,464,"628, Brahmbhatt",Morena,Karnataka,620563,India,Home
635,465,"H.No. 115
Nayak",Mathura,Jharkhand,811390,India,Home
636,466,"830
Luthra Ganj",Jehanabad,Odisha,970051,India,Home
637,467,"H.No. 546
Hayer Circle",Katni,Telangana,215681,India,Home
638,468,"H.No. 967, Barad",Nanded,Chhattisgarh,113322,India,Office
639,468,"25
Parsa Road",Thane,Tamil Nadu,339912,India,Home
640,469,"H.No. 024
Chahal Circle",Bareilly,Manipur,242149,India,Home
641,469,"H.No. 11
Sharma Street",Bhalswa Jahangir Pur,Himachal Pradesh,219705,India,Home
642,469,"69
Sastry Street",Anand,West Bengal,516874,India,Home
643,470,"03/80, Cheema Street",Gandhinagar,Goa,136715,India,Home
644,471,"87
Chada Zila",Moradabad,Madhya Pradesh,365155,India,Home
645,472,"714
Barad Chowk",Nandyal,Chhattisgarh,590960,India,Home
646,472,"73
Kakar Nagar",Bhusawal,Himachal Pradesh,212146,India,Office
647,473,"H.No. 76, Kala Circle",Udaipur,Uttarakhand,165423,India,Office
648,474,"77
Dyal Circle",Raichur,Tamil Nadu,089319,India,Other
649,474,"H.No. 50, Shanker Street",Panchkula,West Bengal,164807,India,Office
650,475,"79/103, Salvi Ganj",Ghaziabad,Madhya Pradesh,533905,India,Home
651,476,"H.No. 448
Tata Zila",Haridwar,Maharashtra,586851,India,Office
652,477,"65, Gaba Street",Eluru,Jharkhand,491111,India,Home
653,477,"61/79, Chaudhry Circle",Ambala,Odisha,463378,India,Home
654,478,"H.No. 371
Shetty Path",Tenali,Andhra Pradesh,384444,India,Home
655,478,"30/600
Dube Nagar",Kadapa,Uttarakhand,529638,India,Home
656,479,"960
Sanghvi",Pali,Telangana,658263,India,Office
657,480,"28/196, Dutt Road",Kurnool,Assam,060920,India,Home
658,481,"60/27, Grover Path",Korba,Jharkhand,836404,India,Home
659,482,"091, Sharaf Zila",Aligarh,Chhattisgarh,421175,India,Home
660,483,"17, Sachdev Nagar",Morbi,Rajasthan,366572,India,Home
661,484,"H.No. 02, Balay",Tiruvottiyur,Kerala,998028,India,Home
662,485,"H.No. 390
Bajaj Circle",Thrissur,West Bengal,130523,India,Office
663,485,"24/473, Pall Zila",Bhind,Telangana,686342,India,Home
664,486,"46/199, Gandhi Road",Morbi,Maharashtra,694591,India,Home
665,487,"39
Prakash Path",Hospet,Goa,849649,India,Home
666,488,"01
Naidu Street",Gaya,Kerala,135525,India,Home
667,489,"H.No. 505, Shroff Ganj",Muzaffarpur,Nagaland,649383,India,Home
668,490,"49/19, Saran Marg",Imphal,Gujarat,077046,India,Home
669,491,"H.No. 729, Rajagopal Path",Gangtok,Andhra Pradesh,090742,India,Home
670,491,"H.No. 880
Babu Path",Nandyal,Bihar,445561,India,Home
671,492,"90
Misra Marg",Kumbakonam,West Bengal,591030,India,Home
672,493,"156, Garde Ganj",Jhansi,Telangana,800401,India,Home
673,494,"H.No. 14, Raghavan Path",Tirunelveli,Chhattisgarh,125296,India,Home
674,495,"18/839
Suri Chowk",Pondicherry,Tripura,314415,India,Home
675,496,"31/170, Arya Ganj",Bhind,Uttarakhand,371539,India,Home
676,497,"H.No. 72
Cherian Circle",Muzaffarnagar,Kerala,798363,India,Home
677,498,"H.No. 62, Chaudry Road",Surendranagar Dudhrej,Bihar,307240,India,Home
678,499,"87/541
Chad Circle",Chinsurah,Gujarat,686850,India,Home
679,499,"H.No. 51
Raja Nagar",Jammu,Jharkhand,629489,India,Home
680,500,"61/03
Kanda Zila",Meerut,Arunachal Pradesh,318143,India,Home
681,500,"61
Loyal Ganj",Tiruppur,Goa,549401,India,Office
682,501,"97/43, Murty Street",Rourkela,Goa,720765,India,Home
683,501,"412, Pandey Nagar",Ballia,Andhra Pradesh,371009,India,Office
684,502,"882
Chandra Street",Avadi,Uttar Pradesh,775847,India,Home
685,503,"H.No. 70
Mitra Path",Kadapa,Tripura,148026,India,Office
686,503,"25/703, Sankar",Tiruppur,Telangana,361487,India,Home
687,504,"H.No. 55, Sahni Marg",Tirupati,Gujarat,985916,India,Home
688,505,"54/10
Din Chowk",Jalgaon,Mizoram,982474,India,Home
689,506,"H.No. 07, Kalla Nagar",Guntakal,Bihar,740650,India,Home
690,507,"H.No. 25, Thakkar Road",Chandigarh,Tamil Nadu,236914,India,Home
691,507,"H.No. 753, Sami Marg",Navi Mumbai,Himachal Pradesh,942965,India,Office
692,508,"34/268, Mitra Ganj",Guwahati,Jharkhand,826612,India,Home
693,508,"58/575
Shukla Marg",Bulandshahr,Manipur,806129,India,Office
694,509,"985
Memon Street",Singrauli,Chhattisgarh,078701,India,Home
695,510,"H.No. 15, Chatterjee",Buxar,Meghalaya,019803,India,Home
696,511,"72/32, Mukhopadhyay Road",Shivpuri,Punjab,110291,India,Home
697,512,"317, Tiwari Nagar",Katni,Arunachal Pradesh,467238,India,Home
698,513,"79/16
Bains Street",Ajmer,Uttarakhand,288377,India,Home
699,514,"H.No. 19
Pillai Chowk",Katni,Madhya Pradesh,766204,India,Office
700,515,"H.No. 960
Mitter",Udupi,Manipur,527740,India,Home
701,516,"H.No. 88, Palla Ganj",Anand,Assam,259572,India,Office
702,516,"46/176
Gole Chowk",Bikaner,Tamil Nadu,995996,India,Home
703,517,"H.No. 023, Cherian Zila",Fatehpur,Karnataka,312661,India,Home
704,518,"41/01, Prasad Chowk",Akola,Karnataka,762983,India,Office
705,519,"H.No. 77, Kar Road",Nanded,Maharashtra,190130,India,Home
706,520,"H.No. 569, Bora Circle",Udaipur,Sikkim,339785,India,Home
707,520,"82/17
Puri Marg",Jehanabad,Assam,841173,India,Office
708,521,"85/03, Krishnamurthy Road",Secunderabad,Assam,418938,India,Home
709,521,"90
Choudhry Circle",Firozabad,Rajasthan,056435,India,Office
710,522,"385, Keer Nagar",Srinagar,Uttar Pradesh,516991,India,Home
711,523,"401
Taneja Nagar",Etawah,Maharashtra,430003,India,Office
712,524,"08/706
Dass Marg",Purnia,Nagaland,171955,India,Home
713,525,"H.No. 60, Kata Ganj",Giridih,Andhra Pradesh,689003,India,Home
714,526,"H.No. 027, Mandal Street",Satara,Kerala,429671,India,Home
715,527,"H.No. 483, Parikh Chowk",Raiganj,Tamil Nadu,584384,India,Home
716,528,"88/105
Sunder Marg",Vijayawada,Gujarat,834831,India,Home
717,529,"20/377
Bail Zila",Visakhapatnam,Himachal Pradesh,964104,India,Office
718,530,"06
Sawhney Marg",Rajahmundry,Gujarat,268040,India,Office
719,531,"H.No. 954
Kalita",Mau,Telangana,601864,India,Home
720,531,"99
Lad Circle",Eluru,Manipur,204413,India,Home
721,532,"H.No. 96
Mahal Nagar",Agartala,Sikkim,901495,India,Home
722,533,"770
Andra Chowk",Vadodara,Kerala,836091,India,Office
723,533,"85/17
Kuruvilla Street",Rampur,West Bengal,232290,India,Home
724,534,"H.No. 028, Nadig Chowk",Begusarai,Tamil Nadu,044058,India,Home
725,534,"35/11, Sawhney Circle",Sasaram,Assam,359561,India,Home
726,535,"H.No. 20
Parsa Path",Vellore,Rajasthan,749025,India,Home
727,536,"H.No. 29, Cherian Nagar",Satara,Mizoram,369026,India,Home
728,537,"H.No. 398, Sahota",Dehri,Uttar Pradesh,978875,India,Home
729,537,"943
Kibe Path",Ahmednagar,Manipur,137651,India,Home
730,538,"81/57
Karpe",Gurgaon,Haryana,836929,India,Home
731,539,"H.No. 55
Bumb Zila",Bidar,Mizoram,973270,India,Home
732,540,"H.No. 648, Chaudhuri Chowk",Visakhapatnam,Uttarakhand,021288,India,Home
733,541,"52
Khurana Marg",Kochi,Karnataka,999101,India,Home
734,542,"67
Mann Marg",Guntur,Telangana,981209,India,Home
735,543,"76/572
Mammen Circle",Ahmednagar,Jharkhand,509889,India,Home
736,544,"H.No. 56
Gokhale Path",Kalyan-Dombivli,Uttarakhand,684995,India,Home
737,544,"H.No. 42, Mani Zila",Morbi,Manipur,244913,India,Home
738,545,"138
Ganguly Circle",Khora ,Arunachal Pradesh,070534,India,Home
739,546,"78/274
Dar Zila",Bhiwani,Meghalaya,124151,India,Home
740,547,"15/285, Setty Road",Satna,Arunachal Pradesh,185380,India,Office
741,548,"296, Hayre Ganj",Nandyal,Chhattisgarh,274231,India,Home
742,548,"H.No. 617, Joshi Circle",Agra,Maharashtra,969357,India,Home
743,549,"H.No. 34, Suri Chowk",Khora ,Kerala,413146,India,Home
744,550,"H.No. 36
Goda Zila",Imphal,Sikkim,562779,India,Home
745,550,"30/448
Rege Ganj",Kishanganj,Tripura,456676,India,Home
746,550,"H.No. 04
Kanda Chowk",Ranchi,Jharkhand,639283,India,Home
747,551,"95/29, Bahri Circle",Nadiad,Assam,581083,India,Home
748,551,"32/86
Mannan Ganj",Dindigul,Karnataka,383000,India,Home
749,552,"67/02, Mitra Road",Berhampur,Rajasthan,041662,India,Office
750,552,"H.No. 118
Bahri Marg",Hosur,Punjab,196394,India,Home
751,553,"80
Mahal Road",Panihati,Bihar,976461,India,Home
752,553,"84, Mane Chowk",Eluru,Andhra Pradesh,658173,India,Home
753,554,"37, Sood Path",Bijapur,Karnataka,118237,India,Home
754,555,"H.No. 269, Virk Chowk",Allahabad,Tripura,464520,India,Home
755,556,"99/604
Suresh Ganj",Satara,Rajasthan,577881,India,Home
756,557,"16, Arya Street",Saharsa,Telangana,237106,India,Office
757,558,"872
Sahota Circle",Bangalore,Jharkhand,644859,India,Home
758,559,"22/48
Prabhu Ganj",Chittoor,Manipur,522870,India,Home
759,560,"22
Bhavsar Chowk",Bijapur,Tamil Nadu,318751,India,Home
760,560,"79/21, Kara Path",Kanpur,Gujarat,469459,India,Office
761,561,"H.No. 88
Brahmbhatt Ganj",Kota,Telangana,424912,India,Office
762,561,"H.No. 99
Malhotra",Bhagalpur,Goa,331922,India,Home
763,562,"05, Ben Zila",Sasaram,Uttar Pradesh,675481,India,Office
764,563,"66/67, Muni Path",Bettiah,Assam,242687,India,Home
765,564,"41/865
Bakshi Street",Kirari Suleman Nagar,Tripura,639836,India,Office
766,565,"037
Vora Path",Kolkata,Odisha,515480,India,Office
767,565,"H.No. 476
Kulkarni Nagar",Howrah,Odisha,797727,India,Home
768,566,"H.No. 509, Goel Street",Gwalior,Maharashtra,070518,India,Home
769,567,"905
Gara Path",Hazaribagh,Andhra Pradesh,601382,India,Home
770,568,"H.No. 270
Issac Road",Malegaon,Rajasthan,448515,India,Home
771,569,"19/71
Chana Zila",Chandigarh,Goa,902035,India,Home
772,569,"H.No. 343
Mukherjee Street",Nadiad,Tamil Nadu,242956,India,Home
773,570,"432, Lad Road",Bilaspur,Assam,595587,India,Office
774,571,"H.No. 962, Kade Circle",Sri Ganganagar,Rajasthan,358841,India,Office
775,572,"H.No. 37, Balay Road",Hazaribagh,Sikkim,727955,India,Office
776,573,"90/515
Dutt Nagar",Fatehpur,Karnataka,125427,India,Home
777,573,"H.No. 797, Saran",Bhalswa Jahangir Pur,Uttarakhand,459576,India,Home
778,573,"H.No. 381
Sandhu Marg",Gangtok,Madhya Pradesh,282498,India,Home
779,574,"22/50, More Zila",Sri Ganganagar,Manipur,270232,India,Other
780,575,"H.No. 12
Jani Ganj",Mysore,Telangana,285072,India,Office
781,575,"H.No. 786
Sodhi Ganj",Madhyamgram,Tamil Nadu,162526,India,Home
782,576,"H.No. 69
Walla Marg",Sri Ganganagar,Meghalaya,392355,India,Home
783,577,"09/96
Karpe Zila",Panchkula,Gujarat,346156,India,Home
784,577,"24, Ram Road",Visakhapatnam,Himachal Pradesh,226817,India,Home
785,578,"H.No. 16, Dyal Nagar",Warangal,Odisha,707660,India,Office
786,578,"41
Seshadri",Bhalswa Jahangir Pur,Tamil Nadu,851268,India,Home
787,579,"12/059
Hora Road",Raebareli,Arunachal Pradesh,401775,India,Home
788,579,"54/65, Bajwa Road",Mangalore,Jharkhand,607540,India,Office
789,580,"H.No. 08, Kothari Marg",Guwahati,Nagaland,227645,India,Home
790,581,"93/897
Bose Nagar",Serampore,Arunachal Pradesh,916815,India,Home
791,581,"60
Kurian Street",Bhiwani,Bihar,944988,India,Home
792,582,"05/973, Maharaj Marg",Bally,Mizoram,962440,India,Home
793,583,"062
Loke Road",Khora ,Uttar Pradesh,133053,India,Home
794,584,"49/79, Narasimhan Marg",Fatehpur,Nagaland,555572,India,Other
795,585,"73/826
Rau Road",Aurangabad,Assam,851385,India,Home
796,586,"H.No. 57
Balan Chowk",Bhimavaram,Goa,966048,India,Office
797,586,"682
Dasgupta Marg",Tenali,Gujarat,194226,India,Home
798,587,"H.No. 36
Mallick",Mirzapur,Rajasthan,588863,India,Home
799,587,"74
Dugar Chowk",Silchar,Jharkhand,857216,India,Home
800,588,"63
Kapur Nagar",Phagwara,Punjab,996059,India,Home
801,588,"971, Bajaj Path",Suryapet,Mizoram,275327,India,Home
802,589,"H.No. 24, Balasubramanian Zila",Gangtok,Manipur,397327,India,Home
803,589,"52/37, Amble Zila",Vellore,West Bengal,616481,India,Home
804,590,"70, Rao Road",Bharatpur,Madhya Pradesh,611249,India,Home
805,591,"25/652, Subramanian Ganj",Bilaspur,Bihar,177345,India,Home
806,591,"75/749
Banik Road",Siliguri,Mizoram,035954,India,Home
807,592,"29/477
Dubey Road",Siliguri,Punjab,643039,India,Home
808,593,"904
Trivedi Path",Morena,Punjab,529858,India,Home
809,594,"72
Subramaniam Circle",Karawal Nagar,Madhya Pradesh,153433,India,Home
810,595,"H.No. 91, Parikh Ganj",Jaunpur,Odisha,833506,India,Home
811,595,"H.No. 81, Warrior Road",Pimpri-Chinchwad,Manipur,342337,India,Home
812,596,"H.No. 948, Chand Road",Rajkot,Chhattisgarh,033399,India,Home
813,596,"18
Nagar Nagar",Thiruvananthapuram,Meghalaya,717318,India,Home
814,597,"74/90, Sani",Mango,Tripura,997046,India,Home
815,598,"25
Subramanian Circle",Dewas,Himachal Pradesh,548847,India,Home
816,599,"705, Singhal Circle",Ujjain,Goa,641758,India,Home
817,600,"133, Thaker Road",Imphal,Tripura,149392,India,Home
818,601,"362
Dugar Street",Hazaribagh,Meghalaya,434745,India,Other
819,602,"H.No. 55, Sengupta Path",Khandwa,Odisha,606065,India,Home
820,603,"40, Joshi Ganj",Durg,Uttarakhand,056658,India,Other
821,604,"987, Chhabra Road",Latur,Goa,797067,India,Home
822,605,"H.No. 99, Bhargava Marg",Pimpri-Chinchwad,Rajasthan,485741,India,Home
823,606,"156
Dora Street",Chapra,Gujarat,735984,India,Home
824,606,"02/155
Kala Chowk",Pondicherry,Manipur,755344,India,Home
825,606,"166, Sur Marg",Dehri,Arunachal Pradesh,096085,India,Office
826,607,"H.No. 95
Borra Zila",Proddatur,Tripura,828197,India,Home
827,608,"H.No. 647, Doshi Chowk",Srinagar,Goa,786069,India,Office
828,609,"H.No. 960
Kar Nagar",Purnia,Chhattisgarh,395873,India,Home
829,609,"92/323
Golla Road",Indore,Nagaland,285155,India,Home
830,610,"33/426, Kaul Road",Raichur,Andhra Pradesh,716073,India,Office
831,611,"H.No. 776
Jha Ganj",Gudivada,Uttarakhand,128981,India,Office
832,612,"179, Nadig Path",Jhansi,Gujarat,857481,India,Home
833,613,"H.No. 066
Chaudhry Marg",Karimnagar,Jharkhand,643167,India,Office
834,614,"H.No. 50, Kothari Street",Buxar,Andhra Pradesh,822700,India,Office
835,615,"45/962, Gera Marg",Kadapa,Chhattisgarh,512073,India,Home
836,616,"54
Nagi",Indore,Karnataka,702608,India,Home
837,617,"82/21
Palla Nagar",Tiruchirappalli,Maharashtra,177687,India,Office
838,618,"04/77, Dave Road",Panvel,Kerala,779323,India,Other
839,619,"311, Mandal Marg",Kulti,Haryana,245798,India,Home
840,620,"565
Banerjee Street",Nashik,Uttar Pradesh,202032,India,Home
841,620,"H.No. 09
Sule Chowk",Maheshtala,Rajasthan,737948,India,Home
842,621,"H.No. 485
Grewal Path",Mau,Uttar Pradesh,871584,India,Office
843,621,"H.No. 60, Date Circle",Ambattur,Manipur,184254,India,Home
844,622,"81
Gopal Circle",Sasaram,Gujarat,303589,India,Home
845,623,"88/08, Zacharia Path",Bettiah,Goa,212932,India,Home
846,623,"406
Ramakrishnan Road",Fatehpur,Manipur,240148,India,Office
847,624,"991
Roy Nagar",Asansol,Meghalaya,362669,India,Other
848,625,"513, Dey Road",Amravati,Telangana,372450,India,Home
849,626,"48/19, Kata Chowk",Bihar Sharif,Uttarakhand,897215,India,Home
850,626,"H.No. 641
Sandhu Chowk",Morbi,Tripura,381199,India,Office
851,627,"766
Cheema Nagar",Bally,Himachal Pradesh,645101,India,Home
852,627,"973
Saraf",Vasai-Virar,Tripura,899698,India,Home
853,628,"H.No. 919
Chandran Zila",Mathura,Kerala,605779,India,Home
854,628,"60, Golla Ganj",Ozhukarai,Bihar,607455,India,Home
855,629,"470
Shanker Path",Nanded,Gujarat,652715,India,Home
856,630,"83/54
Chana Zila",Satara,Punjab,263475,India,Home
857,631,"52
Naidu Street",Gorakhpur,Gujarat,884882,India,Home
858,632,"13/11
Ravel",Ulhasnagar,Tamil Nadu,856261,India,Home
859,633,"91/53
Baria Chowk",Motihari,Chhattisgarh,073333,India,Home
860,633,"32/043
Subramanian Nagar",Vijayanagaram,Nagaland,628969,India,Other
861,634,"45/465
Keer Path",Panvel,Kerala,253892,India,Other
862,635,"78/51, Kari",Begusarai,Uttarakhand,749079,India,Home
863,635,"96
Garg Zila",Karaikudi,Manipur,572151,India,Home
864,636,"40/97
Deol Marg",Thrissur,Sikkim,484539,India,Office
865,637,"895
Bera Nagar",Dharmavaram,Bihar,918623,India,Other
866,638,"22/07, Narula Zila",Bareilly,Madhya Pradesh,667252,India,Home
867,639,"H.No. 52, Krishnan Marg",Mysore,Goa,633515,India,Home
868,639,"H.No. 840
Bhat",Dindigul,Bihar,080056,India,Home
869,640,"H.No. 995
Gera Zila",Udupi,Meghalaya,835129,India,Home
870,640,"27/28
Saxena Street",Agra,Nagaland,441529,India,Home
871,641,"H.No. 739, Nazareth Street",Motihari,Uttarakhand,718153,India,Home
872,642,"373
Barman Marg",Allahabad,Meghalaya,815899,India,Office
873,643,"34/52
Hora Chowk",Purnia,Madhya Pradesh,617071,India,Office
874,644,"79/64
Mani Chowk",Dehri,Uttarakhand,314998,India,Home
875,645,"50/800, Rajan Road",Nagercoil,Nagaland,688285,India,Home
876,646,"172, Nagarajan Ganj",Kurnool,Meghalaya,990063,India,Home
877,647,"H.No. 03, Goel Path",Ambattur,Kerala,022939,India,Home
878,647,"94
Mahajan Ganj",Hyderabad,Maharashtra,643749,India,Home
879,648,"60/723, Contractor Zila",Kozhikode,Uttar Pradesh,128524,India,Home
880,649,"H.No. 84
Lal Road",Jamshedpur,Madhya Pradesh,187328,India,Home
881,650,"71, Karnik Zila",Munger,Goa,136957,India,Home
882,650,"90, Gulati Circle",Ratlam,Arunachal Pradesh,254257,India,Office
883,650,"06/624, Bhatt Circle",Udaipur,Rajasthan,570713,India,Home
884,651,"22/85
Choudhury Nagar",Alappuzha,Mizoram,925502,India,Office
885,652,"30/609, Ram Nagar",Rajahmundry,Tripura,981079,India,Office
886,653,"H.No. 96
Khanna Chowk",Pudukkottai,Himachal Pradesh,772785,India,Home
887,654,"426, Dyal Road",Jaipur,Maharashtra,207683,India,Office
888,655,"536
Sahni Marg",Bidhannagar,Manipur,755562,India,Home
889,656,"339, Patla Ganj",Motihari,West Bengal,543627,India,Home
890,657,"74/96, Iyengar Nagar",Naihati,Nagaland,686270,India,Office
891,657,"92, Dugal Road",Ramgarh,Uttar Pradesh,265732,India,Home
892,658,"H.No. 99
Banik Circle",Amritsar,Assam,005155,India,Home
893,658,"23/415, Mutti",Fatehpur,Karnataka,441822,India,Office
894,659,"18, Rout",Kishanganj,Nagaland,431271,India,Home
895,660,"676, Garde Chowk",Dharmavaram,Tamil Nadu,799270,India,Home
896,661,"95/515
Goel Zila",Dewas,Sikkim,213541,India,Home
897,661,"70/99
Gara Marg",Nizamabad,Gujarat,807520,India,Home
898,662,"44/765, Mahajan Nagar",Jodhpur,Karnataka,290904,India,Office
899,663,"766
Madan Nagar",Thanjavur,Kerala,652548,India,Home
900,664,"44, Sengupta Zila",Imphal,West Bengal,021312,India,Home
901,665,"H.No. 293
Borra Zila",Ahmedabad,Telangana,912975,India,Home
902,665,"10/23, Grewal Zila",Mysore,Andhra Pradesh,330165,India,Home
903,665,"37, Grewal",Tumkur,Telangana,728012,India,Office
904,666,"H.No. 28, Gulati",Aurangabad,Gujarat,532694,India,Home
905,666,"43/64
Khosla Path",Chandrapur,Jharkhand,101750,India,Other
906,667,"H.No. 701
Pathak Path",Jehanabad,Himachal Pradesh,757574,India,Home
907,668,"H.No. 83
Garde Ganj",Nagercoil,Maharashtra,756777,India,Home
908,669,"660, Nadig Street",Jalgaon,Madhya Pradesh,062292,India,Office
909,669,"H.No. 067, Madan Street",Davanagere,Andhra Pradesh,624843,India,Home
910,670,"97, Saran Marg",Morbi,Sikkim,511579,India,Other
911,671,"387
Saha Ganj",Ahmedabad,Jharkhand,549691,India,Office
912,672,"45/52, Solanki Path",Surat,Manipur,633535,India,Home
913,673,"H.No. 85
Narula",Warangal,Karnataka,993379,India,Home
914,674,"H.No. 581
Divan Marg",Jodhpur,Mizoram,794176,India,Home
915,675,"H.No. 25, Som Nagar",Rajahmundry,Rajasthan,559782,India,Office
916,676,"H.No. 75
Yadav",Maheshtala,Punjab,403884,India,Office
917,676,"60, Lal Road",Asansol,Jharkhand,061572,India,Home
918,677,"68/297
Chokshi Path",Sirsa,Himachal Pradesh,974292,India,Home
919,678,"H.No. 105
Sood Circle",Ajmer,Karnataka,806562,India,Home
920,679,"04/59
Baral",Mira-Bhayandar,Meghalaya,122182,India,Home
921,680,"H.No. 555, Sachar Zila",Coimbatore,Meghalaya,808662,India,Office
922,681,"721, Karan Road",Pimpri-Chinchwad,Rajasthan,037003,India,Home
923,682,"285, Ram Path",Surat,Mizoram,706810,India,Home
924,682,"03/39, Amble Chowk",Jodhpur,Odisha,826328,India,Office
925,683,"94/485, Rama Circle",Panihati,Tripura,535461,India,Office
926,684,"07
Vala",Kurnool,Goa,061339,India,Home
927,685,"39/457
Karpe Nagar",Bellary,Mizoram,403253,India,Home
928,686,"65/769
Swamy Street",Kishanganj,Punjab,319100,India,Office
929,687,"H.No. 404, Raj Chowk",Jalandhar,Arunachal Pradesh,336514,India,Home
930,688,"04/014
Lall Street",Kurnool,Bihar,720113,India,Home
931,689,"84/40
Srinivasan",Jamnagar,Gujarat,660076,India,Other
932,690,"20
Basu",Parbhani,Tamil Nadu,734043,India,Office
933,691,"70/096, Suresh Circle",Nashik,Jharkhand,195778,India,Home
934,692,"H.No. 58, Dhingra Circle",Sri Ganganagar,Maharashtra,965754,India,Home
935,693,"78/656, Kulkarni Zila",Thoothukudi,Kerala,782058,India,Home
936,694,"58/29, Jha Street",Jodhpur,Uttarakhand,188081,India,Home
937,695,"H.No. 82, Natt Ganj",Bhiwandi,Karnataka,868639,India,Home
938,696,"61/372
Acharya Ganj",Shimla,Chhattisgarh,436438,India,Office
939,696,"000, Dara Road",Gaya,Uttarakhand,147165,India,Other
940,697,"H.No. 945
Prasad Marg",Avadi,Maharashtra,990707,India,Home
941,698,"H.No. 04
Rajagopal Chowk",Bhusawal,Tamil Nadu,706071,India,Home
942,699,"H.No. 81
Korpal Zila",Malda,Madhya Pradesh,397054,India,Home
943,700,"961
Dave Nagar",Guna,Manipur,827496,India,Home
944,701,"H.No. 91, Swaminathan Circle",Bidhannagar,Jharkhand,049561,India,Home
945,702,"H.No. 377, Ahluwalia Ganj",Belgaum,Tripura,042359,India,Home
946,703,"711
Dewan Street",Mahbubnagar,Odisha,775608,India,Home
947,703,"81/670
Sarin Road",Jabalpur,Assam,457683,India,Home
948,704,"H.No. 021, Grover",Amroha,Sikkim,847129,India,Home
949,705,"H.No. 803
Din Ganj",Guntur,Telangana,050801,India,Home
950,705,"80/42
Kohli Path",Kakinada,Gujarat,773126,India,Home
951,706,"282, Sridhar Zila",Buxar,Goa,653460,India,Home
952,707,"H.No. 560
Prakash Ganj",Hospet,Punjab,279862,India,Office
953,708,"84/71, Balasubramanian Marg",Amritsar,Nagaland,205464,India,Other
954,709,"54/895
Singhal Road",Kharagpur,Tripura,751758,India,Home
955,710,"H.No. 44, Varghese Road",Satara,Karnataka,935435,India,Home
956,711,"H.No. 49
Guha Marg",Sagar,Gujarat,885379,India,Home
957,711,"H.No. 433, Nazareth",Mehsana,Kerala,674978,India,Home
958,712,"491
Dash Road",Jamalpur,Madhya Pradesh,134778,India,Office
959,713,"96/34
Sane Nagar",Hindupur,Bihar,665122,India,Office
960,714,"H.No. 00, Mall Zila",Motihari,Nagaland,216309,India,Office
961,714,"H.No. 159, Mane Road",New Delhi,Haryana,999485,India,Home
962,715,"089, Kannan Path",Yamunanagar,Gujarat,219947,India,Home
963,716,"H.No. 363, Sharaf Ganj",Malegaon,Haryana,103469,India,Home
964,717,"33
Bumb Zila",Raiganj,Manipur,696084,India,Home
965,718,"76/855, Tata Nagar",Mango,Punjab,521962,India,Home
966,718,"355
Mahal Marg",Ramagundam,Haryana,970931,India,Other
967,719,"06/955
Bahri Marg",Junagadh,Telangana,616453,India,Home
968,720,"H.No. 47
Ganguly Street",Bhimavaram,Rajasthan,065031,India,Home
969,720,"H.No. 980, Buch Road",Bidhannagar,Chhattisgarh,264236,India,Office
970,720,"813
Ben Zila",Tumkur,Nagaland,623039,India,Home
971,721,"H.No. 142, Dash Circle",Begusarai,Tripura,228230,India,Office
972,721,"480
Thaman Circle",Singrauli,Chhattisgarh,072239,India,Home
973,722,"47/37
Choudhary Street",Nanded,Rajasthan,162047,India,Home
974,723,"68/868
Venkatesh Chowk",Medininagar,Odisha,486287,India,Home
975,724,"H.No. 319, Misra Path",Mahbubnagar,Maharashtra,645057,India,Home
976,725,"H.No. 362, Dey Chowk",Tenali,Haryana,037476,India,Home
977,726,"75/372
Behl Marg",Ulhasnagar,Rajasthan,450576,India,Home
978,727,"H.No. 945
Sood Circle",Nangloi Jat,Assam,534820,India,Home
979,728,"840, Upadhyay Nagar",Saharsa,Kerala,765975,India,Home
980,728,"H.No. 50
Dasgupta Circle",Morbi,Maharashtra,898126,India,Home
981,728,"74/223
Rajagopalan Zila",Singrauli,Haryana,040236,India,Home
982,729,"26, Kumer Circle",Mumbai,Assam,047137,India,Home
983,729,"71/175, Pradhan",Rampur,Odisha,582984,India,Home
984,730,"067, Narasimhan Road",Panchkula,Telangana,094412,India,Office
985,731,"372, Tiwari Zila",Haridwar,Telangana,695413,India,Home
986,732,"71/50, Ravi Marg",Jamnagar,Maharashtra,055143,India,Home
987,732,"69
Ravi Ganj",Noida,Jharkhand,925295,India,Office
988,732,"H.No. 111
Doctor Nagar",Kumbakonam,Assam,007202,India,Home
989,733,"H.No. 59
Baria Zila",Tirupati,Karnataka,091090,India,Home
990,734,"671, Manne Road",Pudukkottai,Jharkhand,179428,India,Other
991,735,"93, Balay Road",Sonipat,Sikkim,775844,India,Office
992,735,"34
Kade Path",Surendranagar Dudhrej,Chhattisgarh,010912,India,Home
993,736,"22, Mandal Zila",Imphal,Odisha,766189,India,Home
994,736,"37/052
Handa Marg",Amritsar,Arunachal Pradesh,462776,India,Home
995,737,"25
Murty Marg",Chennai,West Bengal,461752,India,Home
996,738,"389, Mall Chowk",Bokaro,Maharashtra,055955,India,Home
997,738,"H.No. 783, Divan Ganj",Dibrugarh,Himachal Pradesh,899936,India,Home
998,739,"98, Yohannan Road",Varanasi,Jharkhand,069176,India,Office
999,740,"93/59
Sengupta Ganj",Dewas,Rajasthan,394640,India,Home
1000,741,"H.No. 373, Agate Marg",Nashik,Assam,886084,India,Home
1001,742,"93, Mani Circle",Noida,Madhya Pradesh,283061,India,Home
1002,743,"37/012
Gara Road",Bardhaman,Maharashtra,632514,India,Office
1003,743,"81/12
Aggarwal Zila",Amritsar,Tripura,217518,India,Office
1004,744,"17/94
Parekh Zila",Nagercoil,Goa,384091,India,Home
1005,744,"252, Warrior Circle",Nangloi Jat,Tripura,056618,India,Home
1006,745,"239
Bhavsar Chowk",Shimla,Nagaland,655300,India,Home
1007,746,"095
Pradhan Nagar",Vijayanagaram,Telangana,571219,India,Home
1008,747,"27/78, Oak Circle",Patna,Uttar Pradesh,348640,India,Home
1009,748,"H.No. 424, Dua Marg",Mau,West Bengal,185174,India,Home
1010,748,"00
Narang Road",Tiruchirappalli,West Bengal,899151,India,Home
1011,749,"H.No. 55, Goswami Zila",Ballia,Uttar Pradesh,304488,India,Home
1012,749,"89/848, Chaudhry Road",Thane,Jharkhand,154021,India,Home
1013,750,"01/70, Patel Chowk",Hosur,Bihar,298315,India,Home
1014,751,"910, Kamdar Chowk",Gulbarga,Telangana,608493,India,Home
1015,752,"30/63
Rama",Dehri,Jharkhand,269694,India,Home
1016,753,"916
Tank Road",Raipur,Madhya Pradesh,429291,India,Home
1017,753,"033, Bora Nagar",Guntur,Gujarat,190310,India,Home
1018,753,"H.No. 537
Din Street",Arrah,Karnataka,684732,India,Home
1019,754,"53, Suri Ganj",Panipat,Maharashtra,406720,India,Home
1020,754,"78/436, Mani Zila",Anantapuram,Himachal Pradesh,607819,India,Home
1021,755,"H.No. 43
Iyer Chowk",Morena,Madhya Pradesh,273720,India,Office
1022,755,"76/388, Choudhary Street",Uluberia,Mizoram,148460,India,Home
1023,756,"13/44, Wagle Ganj",Mehsana,Mizoram,205869,India,Home
1024,757,"H.No. 732
Mohan Zila",Chandrapur,Tamil Nadu,936999,India,Other
1025,758,"H.No. 679
Konda Ganj",Ranchi,West Bengal,573857,India,Other
1026,758,"80, Chauhan Zila",Ahmednagar,Maharashtra,376811,India,Office
1027,759,"23/335
Bansal Zila",Hyderabad,Odisha,149731,India,Home
1028,760,"911
Yadav Road",Varanasi,Meghalaya,820736,India,Home
1029,760,"H.No. 189
Mall Ganj",Purnia,Tamil Nadu,578201,India,Home
1030,761,"43/223, Gola Nagar",Bhagalpur,Gujarat,470739,India,Home
1031,762,"H.No. 135, Sankaran Road",Rajkot,Uttarakhand,760250,India,Home
1032,763,"61/123, Dube Zila",Moradabad,Maharashtra,248889,India,Home
1033,763,"29
Kale Circle",Khandwa,Goa,454930,India,Home
1034,764,"46, Shroff Circle",Amaravati,Bihar,038187,India,Home
1035,765,"92/082
Kata Circle",New Delhi,Arunachal Pradesh,388158,India,Home
1036,766,"H.No. 45, Deshpande Circle",Varanasi,Maharashtra,323182,India,Home
1037,767,"H.No. 681
Sharma Path",Bally,West Bengal,000000,India,Home
1038,768,"H.No. 29, Butala Zila",Ongole,Uttar Pradesh,785090,India,Home
1039,768,"H.No. 56, Thaman Zila",Jalna,Himachal Pradesh,182998,India,Office
1040,769,"H.No. 78
Dora Zila",Tumkur,Mizoram,567086,India,Home
1041,770,"H.No. 090
Lal Nagar",Burhanpur,Kerala,158482,India,Home
1042,770,"91
Sachar Ganj",Agartala,Mizoram,550542,India,Office
1043,771,"08/070
Johal Marg",Bulandshahr,Punjab,950982,India,Home
1044,771,"H.No. 040, Ramanathan Zila",Dehri,Bihar,442877,India,Home
1045,772,"36/38, Ratta Zila",Latur,Chhattisgarh,269428,India,Home
1046,772,"42
Kibe Nagar",Bikaner,Kerala,314417,India,Home
1047,772,"46, Pant Street",Ramagundam,West Bengal,263558,India,Office
1048,773,"H.No. 30, Singhal Zila",Aizawl,Maharashtra,489880,India,Home
1049,774,"15/388, Gokhale Circle",Bathinda,Telangana,790504,India,Home
1050,775,"H.No. 33, Joshi Ganj",Jammu,Uttarakhand,951632,India,Office
1051,775,"H.No. 197, Shukla Circle",Tinsukia,Arunachal Pradesh,391373,India,Home
1052,776,"53, Ray Nagar",Solapur,Assam,561786,India,Home
1053,776,"H.No. 230, Chhabra Nagar",Vijayanagaram,Bihar,980365,India,Office
1054,777,"74/491
Aggarwal Marg",Katni,Kerala,201491,India,Home
1055,777,"94/18, Kara Road",Sikar,Mizoram,509263,India,Home
1056,777,"23/998, Borah Street",Bidhannagar,Himachal Pradesh,561140,India,Office
1057,778,"886
Peri Nagar",Naihati,Haryana,666081,India,Office
1058,778,"26/003, Venkatesh Nagar",Karimnagar,Madhya Pradesh,910627,India,Office
1059,778,"H.No. 31, Kamdar Street",Mau,Kerala,688269,India,Home
1060,779,"76, Dhar Circle",Loni,Uttarakhand,401348,India,Home
1061,780,"73/54, Sood Ganj",Vellore,Arunachal Pradesh,359101,India,Home
1062,780,"09
Tripathi Nagar",Buxar,Odisha,449207,India,Other
1063,780,"26/99
Salvi",Sagar,Uttarakhand,184285,India,Home
1064,781,"93/259
Menon Zila",Orai,Jharkhand,231234,India,Office
1065,782,"69, Bhakta Circle",Lucknow,Nagaland,261760,India,Home
1066,782,"348
Venkatesh Ganj",Anantapur,Sikkim,382804,India,Home
1067,783,"H.No. 61, Saraf Street",Ludhiana,Nagaland,695826,India,Home
1068,784,"H.No. 869
Padmanabhan Marg",Srinagar,Uttarakhand,087612,India,Home
1069,785,"59/51, Handa Road",Silchar,Nagaland,394840,India,Home
1070,786,"730, Varkey Nagar",Ghaziabad,Madhya Pradesh,101683,India,Home
1071,786,"H.No. 395, Bava Nagar",Gandhinagar,Mizoram,941491,India,Office
1072,787,"H.No. 762
Hayre Circle",Bulandshahr,Rajasthan,053440,India,Office
1073,788,"79
Raman Road",Howrah,Tamil Nadu,266292,India,Office
1074,788,"H.No. 817
Rajagopalan Chowk",Nanded,Odisha,406884,India,Home
1075,789,"337, Chakraborty Ganj",Satara,Kerala,356178,India,Home
1076,790,"03, Chaudry Street",Madanapalle,Goa,613638,India,Home
1077,791,"778
Pai",Bhilai,Gujarat,718444,India,Home
1078,792,"29/502, Menon Marg",Bareilly,Maharashtra,403734,India,Home
1079,793,"78, Dhar Zila",Panchkula,Sikkim,210217,India,Other
1080,793,"H.No. 348, Garg Marg",Pallavaram,Uttar Pradesh,363831,India,Home
1081,794,"56/05, Sengupta Ganj",Kumbakonam,Uttar Pradesh,617706,India,Home
1082,794,"682
Patla Nagar",Gandhinagar,Nagaland,122355,India,Home
1083,795,"H.No. 650, Zacharia Path",Vasai-Virar,Sikkim,692182,India,Home
1084,796,"25/96, Baral Chowk",Noida,Maharashtra,802205,India,Home
1085,797,"38/69, Tripathi Road",Bikaner,Jharkhand,988114,India,Home
1086,798,"88
Banik Chowk",Mysore,Kerala,386767,India,Home
1087,798,"20/97, Rai Road",Srikakulam,Assam,798768,India,Home
1088,799,"96/87, Dayal Street",Hazaribagh,Odisha,708580,India,Office
1089,800,"23/504
Patel Nagar",Eluru,Telangana,790012,India,Home
1090,801,"25/54
Gopal Road",Jaunpur,Odisha,325942,India,Home
1091,802,"28/946, Hayer Ganj",Mau,Madhya Pradesh,415285,India,Home
1092,803,"562
Garg",Giridih,Haryana,589513,India,Home
1093,804,"65/50, Venkataraman Chowk",Kharagpur,West Bengal,095744,India,Home
1094,805,"H.No. 349, Vala Zila",Gorakhpur,Meghalaya,203859,India,Home
1095,806,"H.No. 01, Kade Path",Aizawl,Assam,471553,India,Home
1096,807,"259, Saini Ganj",Loni,Bihar,675009,India,Office
1097,807,"141
Pandya Nagar",Sirsa,Madhya Pradesh,987809,India,Home
1098,808,"04, Dayal Path",Kottayam,Mizoram,622586,India,Home
1099,809,"H.No. 598
Sengupta Marg",Parbhani,Jharkhand,275854,India,Home
1100,810,"96/559
Gokhale Road",Avadi,Punjab,165020,India,Home
1101,811,"H.No. 245, Kata Ganj",Patiala,Chhattisgarh,551305,India,Home
1102,812,"08
Sandal Ganj",Salem,Jharkhand,488966,India,Home
1103,813,"736
Sastry Chowk",Haridwar,Chhattisgarh,258254,India,Home
1104,814,"H.No. 832, Cherian Circle",Jhansi,Uttarakhand,239204,India,Home
1105,815,"H.No. 601, Konda Circle",Firozabad,Meghalaya,387508,India,Home
1106,816,"68, Shah Zila",Bokaro,Kerala,754584,India,Home
1107,816,"629
Nanda Nagar",Tadipatri,Assam,683160,India,Home
1108,817,"71/721, Kale Chowk",Mango,Uttar Pradesh,992052,India,Home
1109,818,"999, Sabharwal Ganj",Salem,Telangana,591438,India,Office
1110,819,"255, Zachariah Ganj",Imphal,Nagaland,461777,India,Home
1111,819,"643, Natarajan Nagar",Nizamabad,Odisha,912799,India,Office
1112,820,"H.No. 292
Boase Chowk",Pimpri-Chinchwad,Karnataka,978713,India,Home
1113,820,"52/988
De Ganj",Bhopal,Uttar Pradesh,256083,India,Home
1114,821,"H.No. 048, Shroff Chowk",Karnal,Sikkim,585238,India,Home
1115,822,"H.No. 030
Mittal Road",Munger,Rajasthan,995171,India,Office
1116,822,"391
Dixit Nagar",Dharmavaram,Telangana,014374,India,Home
1117,822,"H.No. 930, Sagar",Gwalior,Gujarat,191260,India,Office
1118,823,"21/321, Rout Chowk",Kolhapur,Arunachal Pradesh,911166,India,Home
1119,824,"201, Balay",Bhavnagar,Telangana,873393,India,Office
1120,824,"H.No. 93, Rai Marg",Dhule,Nagaland,274812,India,Other
1121,825,"114
Rana Nagar",Naihati,West Bengal,952294,India,Home
1122,826,"093
Palla Path",Amritsar,Uttar Pradesh,399529,India,Home
1123,826,"H.No. 137
Dhar Zila",Jhansi,Maharashtra,858564,India,Office
1124,826,"041, Bal Street",Ongole,Arunachal Pradesh,159273,India,Office
1125,827,"H.No. 02
Bhat",Guwahati,Maharashtra,906322,India,Home
1126,828,"15/54
Amble Street",Baranagar,Arunachal Pradesh,010956,India,Home
1127,829,"75/64
Bhattacharyya",Mango,Odisha,546234,India,Home
1128,830,"H.No. 247
Agate Marg",Varanasi,Nagaland,181030,India,Home
1129,831,"31/76
Chana Road",Nanded,Maharashtra,808157,India,Home
1130,832,"901, Bhat Path",Guwahati,Gujarat,671307,India,Home
1131,833,"H.No. 10, Patel Road",Pallavaram,Jharkhand,621300,India,Home
1132,834,"588
Sekhon Path",Haldia,Punjab,703180,India,Home
1133,835,"396
Sarraf Street",Junagadh,Madhya Pradesh,215918,India,Office
1134,836,"700, Lata Nagar",Vijayanagaram,Maharashtra,459011,India,Home
1135,837,"97, Dash Chowk",Agra,Andhra Pradesh,938819,India,Office
1136,838,"05/31
Gera Path",Rohtak,Punjab,949769,India,Home
1137,838,"31/379
Dara Chowk",Eluru,Punjab,166123,India,Office
1138,839,"H.No. 07
Lata Chowk",Muzaffarpur,Uttarakhand,562389,India,Office
1139,840,"91/97
Bhavsar Nagar",Dehradun,Maharashtra,037087,India,Home
1140,840,"H.No. 160, Bala Street",Bareilly,West Bengal,359989,India,Home
1141,841,"117
Yogi Nagar",Danapur,Andhra Pradesh,864482,India,Home
1142,842,"H.No. 758, Kaul Circle",Guna,Kerala,082004,India,Home
1143,843,"75, Chander Chowk",Maheshtala,Madhya Pradesh,496112,India,Home
1144,844,"94/296
Thaman Circle",Madhyamgram,Telangana,970409,India,Home
1145,845,"141
Sampath",Raichur,Maharashtra,783274,India,Office
1146,846,"H.No. 65, Sharma Zila",South Dumdum,Jharkhand,964966,India,Home
1147,847,"49/604, Vaidya Chowk",Saharanpur,Assam,028516,India,Office
1148,848,"593, Maharaj Marg",Mumbai,Mizoram,486883,India,Home
1149,848,"24, Srinivasan Marg",Hajipur,Manipur,609114,India,Home
1150,849,"193, Gade Path",Vellore,Bihar,376052,India,Home
1151,850,"H.No. 458, Chandra Circle",Thoothukudi,Tripura,254472,India,Home
1152,851,"H.No. 916
Balay Path",Ramagundam,Himachal Pradesh,966177,India,Home
1153,852,"24/98, Barman",Rewa,Manipur,141746,India,Home
1154,853,"592, Puri Marg",Bongaigaon,Maharashtra,969874,India,Office
1155,853,"41/55
Lal",Dhanbad,Bihar,929207,India,Office
1156,854,"605
Bobal Zila",Vijayawada,Maharashtra,398863,India,Home
1157,855,"H.No. 36
Chaudhry Street",Khammam,Kerala,670009,India,Other
1158,856,"489
Gola Road",Durg,Madhya Pradesh,489667,India,Home
1159,856,"H.No. 564
Atwal Street",Satna,Maharashtra,775809,India,Office
1160,857,"H.No. 53
Toor Ganj",Khandwa,Chhattisgarh,546622,India,Home
1161,858,"H.No. 40
Ranganathan Zila",Mahbubnagar,Punjab,300622,India,Home
1162,859,"242, Sangha Chowk",Bhalswa Jahangir Pur,Jharkhand,259160,India,Home
1163,859,"H.No. 241, Pradhan Zila",Deoghar,Uttar Pradesh,008017,India,Office
1164,860,"78
Hayre Street",Malegaon,Odisha,704726,India,Home
1165,861,"612
Gala Zila",Kurnool,Mizoram,375365,India,Office
1166,861,"07/85
Pillay Street",Kottayam,Goa,218385,India,Home
1167,862,"H.No. 40
Sanghvi Nagar",Farrukhabad,Rajasthan,475231,India,Home
1168,862,"327, Yogi Road",Udupi,Telangana,776334,India,Home
1169,862,"20, Yohannan Ganj",Gulbarga,Uttarakhand,750801,India,Home
1170,863,"045
Bali Ganj",Narasaraopet,Uttar Pradesh,588249,India,Home
1171,864,"H.No. 34, Banik Nagar",Kottayam,Assam,778481,India,Office
1172,864,"H.No. 24
Kumar Road",Bhilwara,Himachal Pradesh,083851,India,Home
1173,865,"93/78
Aurora Zila",New Delhi,Rajasthan,287884,India,Home
1174,865,"99/69
Varkey Circle",Khora ,Arunachal Pradesh,579271,India,Home
1175,866,"24
Kaul Marg",Hubli–Dharwad,West Bengal,424238,India,Home
1176,867,"72/83, Chauhan Ganj",Gorakhpur,Rajasthan,062932,India,Home
1177,867,"98/322, Basu Zila",Kanpur,Goa,200186,India,Office
1178,868,"61
Balan Nagar",Kharagpur,Bihar,814356,India,Home
1179,868,"H.No. 03, Mann Circle",Latur,Rajasthan,980746,India,Home
1180,869,"546, Mutti",Visakhapatnam,Andhra Pradesh,076205,India,Home
1181,869,"H.No. 96
Borde Chowk",Jaipur,Tamil Nadu,666641,India,Other
1182,870,"H.No. 654, Chana Zila",Ichalkaranji,Andhra Pradesh,851699,India,Office
1183,871,"70/89
Pillai Nagar",Chinsurah,Maharashtra,482689,India,Home
1184,871,"697
Wable Nagar",Panvel,Maharashtra,787915,India,Other
1185,871,"H.No. 96, Patil Street",Solapur,Odisha,609320,India,Home
1186,872,"657, Grover Circle",Kanpur,Jharkhand,809521,India,Home
1187,873,"H.No. 58
Dalal Path",Morbi,Manipur,127469,India,Office
1188,874,"H.No. 188, Mand Street",Narasaraopet,Tamil Nadu,264222,India,Office
1189,875,"H.No. 89
Sengupta Zila",Bilaspur,Telangana,421854,India,Home
1190,876,"05
Tiwari Marg",Delhi,West Bengal,257090,India,Home
1191,877,"H.No. 635, Maharaj Marg",Jaunpur,Goa,247282,India,Home
1192,878,"40/017
Varughese Circle",Nanded,Tamil Nadu,731261,India,Other
1193,879,"50/71
Panchal Nagar",Mysore,Bihar,092711,India,Office
1194,880,"610
Karan Path",Meerut,Uttarakhand,300716,India,Home
1195,880,"00/741
Muni Circle",Durg,Haryana,987698,India,Home
1196,881,"52, Kurian",Chittoor,Tripura,619827,India,Home
1197,882,"H.No. 81, Bobal Ganj",Rampur,Karnataka,258963,India,Home
1198,883,"H.No. 743, Sarma Path",Loni,Tripura,526806,India,Home
1199,883,"60/67
Kanda Ganj",Dewas,Nagaland,842536,India,Home
1200,884,"28
Narayanan Nagar",Meerut,Manipur,406579,India,Home
1201,885,"H.No. 15
Dutta Marg",Buxar,Goa,908551,India,Office
1202,886,"40, Chaudry",Salem,Assam,786190,India,Home
1203,887,"H.No. 47, Bhagat Marg",Gulbarga,Rajasthan,695354,India,Home
1204,888,"20/122, Murthy Chowk",Allahabad,Andhra Pradesh,601515,India,Other
1205,888,"25/947, Nori",Bahraich,Jharkhand,717327,India,Home
1206,889,"H.No. 95, Kashyap Nagar",Nashik,Andhra Pradesh,493403,India,Home
1207,890,"H.No. 452, Kala Nagar",Ranchi,Mizoram,118491,India,Home
1208,890,"59/928, Pal Path",Dindigul,Sikkim,205610,India,Home
1209,891,"79, Arya",Sikar,Odisha,801867,India,Office
1210,892,"H.No. 03
Tella Chowk",Cuttack,Tamil Nadu,394495,India,Home
1211,893,"H.No. 067, Purohit Chowk",Thanjavur,Karnataka,325017,India,Home
1212,894,"54, Raman Street",Baranagar,Bihar,842902,India,Office
1213,894,"345, Boase Zila",Patna,Odisha,605308,India,Home
1214,895,"43/02
Chakrabarti Zila",Singrauli,Manipur,290457,India,Home
1215,895,"88/75
Grewal",Tirunelveli,Odisha,426033,India,Office
1216,896,"20/275
Verma Path",Solapur,Himachal Pradesh,709207,India,Home
1217,897,"H.No. 523, Ahuja Circle",Maheshtala,Maharashtra,192158,India,Home
1218,898,"97/05, Chandra",Aligarh,Tripura,863855,India,Home
1219,899,"95/977, Chandra Street",Miryalaguda,Mizoram,053789,India,Home
1220,900,"H.No. 869, Trivedi Street",Malegaon,Uttar Pradesh,540182,India,Home
1221,901,"72/002, Kala Circle",Jorhat,Chhattisgarh,220414,India,Home
1222,902,"43
Vohra Street",Amritsar,Maharashtra,993020,India,Home
1223,903,"H.No. 304, Kanda Street",Bikaner,Tamil Nadu,752135,India,Other
1224,904,"H.No. 281, Nayak Marg",Vellore,Himachal Pradesh,300593,India,Office
1225,905,"75
Char Marg",Mira-Bhayandar,Tripura,029161,India,Office
1226,906,"H.No. 69
Dutt Nagar",Jamshedpur,Uttar Pradesh,438419,India,Home
1227,906,"22
Bumb",Kochi,Maharashtra,080568,India,Home
1228,907,"67
Rajagopal Nagar",Singrauli,Chhattisgarh,986550,India,Home
1229,908,"44/40
Sankar Chowk",Thiruvananthapuram,Sikkim,933965,India,Office
1230,909,"H.No. 96, Setty Street",Bikaner,West Bengal,626114,India,Home
1231,910,"H.No. 36, Oza Street",Shimoga,Sikkim,188087,India,Home
1232,911,"96/234, Rai Zila",Muzaffarnagar,Gujarat,324725,India,Other
1233,912,"H.No. 83, Korpal Ganj",Panihati,Uttarakhand,311587,India,Home
1234,913,"H.No. 545
Ramakrishnan Chowk",Panchkula,Karnataka,694535,India,Home
1235,913,"59, Madan Chowk",Kharagpur,Telangana,163421,India,Office
1236,914,"H.No. 45, Wason Nagar",Chapra,Karnataka,815269,India,Home
1237,914,"H.No. 59, Ranganathan Marg",Amroha,Goa,307423,India,Home
1238,915,"91/426
Mangal Zila",Bilaspur,Rajasthan,326145,India,Home
1239,916,"079
Kannan Marg",Kamarhati,Bihar,081785,India,Home
1240,917,"115, Sekhon Circle",Proddatur,Himachal Pradesh,235426,India,Home
1241,918,"H.No. 47
Chowdhury Nagar",Jammu,Rajasthan,086523,India,Home
1242,918,"72
Sani",North Dumdum,Maharashtra,370140,India,Office
1243,919,"52/781, Pillai Nagar",Kadapa,Sikkim,002722,India,Home
1244,920,"H.No. 25, Hayer Chowk",Khandwa,Andhra Pradesh,391368,India,Home
1245,921,"20, Dara Ganj",Burhanpur,Punjab,528620,India,Office
1246,921,"73/52, Pandey Path",Noida,Chhattisgarh,273938,India,Home
1247,922,"H.No. 457, Pandya Ganj",Bikaner,Haryana,618507,India,Home
1248,923,"H.No. 087
Vaidya Nagar",Pali,Punjab,182360,India,Office
1249,923,"H.No. 712, Chaudhry Marg",Begusarai,Haryana,176484,India,Home
1250,924,"35
Lala Chowk",Ulhasnagar,Gujarat,222801,India,Office
1251,925,"H.No. 25
Dube Circle",Mangalore,Telangana,606295,India,Other
1252,926,"H.No. 06, Srinivas Ganj",Jabalpur,West Bengal,804674,India,Office
1253,927,"075, Mody Ganj",Kishanganj,Karnataka,013626,India,Home
1254,927,"46/39, Pau Chowk",Rajkot,Karnataka,705549,India,Home
1255,928,"151, Loyal Marg",Solapur,Odisha,564091,India,Home
1256,929,"39/57
Taneja Circle",Udaipur,Arunachal Pradesh,020426,India,Home
1257,929,"01/971, Chakraborty Street",Aizawl,Assam,936967,India,Office
1258,930,"09
Som Circle",Srinagar,Goa,773192,India,Office
1259,931,"60, Nori Chowk",Tinsukia,Maharashtra,339431,India,Other
1260,932,"65/430, Natt Circle",Muzaffarpur,Bihar,021915,India,Home
1261,932,"H.No. 76, Mandal Road",Anantapuram,Meghalaya,002687,India,Other
1262,933,"H.No. 48
Taneja Marg",Bihar Sharif,Odisha,974163,India,Home
1263,934,"H.No. 60
Narayanan Road",Lucknow,Maharashtra,553730,India,Home
1264,934,"H.No. 96
Grewal",Gandhidham,Assam,952963,India,Office
1265,935,"059
Anand Chowk",Arrah,Kerala,282763,India,Home
1266,935,"H.No. 31
Mann Path",Pudukkottai,Madhya Pradesh,466345,India,Office
1267,935,"H.No. 34
Bora Road",Pudukkottai,Bihar,999393,India,Home
1268,936,"H.No. 97
Kara Road",Alappuzha,Himachal Pradesh,882230,India,Other
1269,937,"62/97
Walia Ganj",Salem,Haryana,109720,India,Home
1270,938,"H.No. 707, Mitra Path",Nellore,Jharkhand,557922,India,Home
1271,938,"004, Sant Road",Eluru,Assam,939002,India,Home
1272,939,"H.No. 213
Nath Chowk",Raurkela Industrial Township,Mizoram,359570,India,Home
1273,940,"H.No. 993
Lal Zila",Suryapet,Jharkhand,456631,India,Office
1274,941,"885, Jayaraman Nagar",South Dumdum,Gujarat,220334,India,Home
1275,941,"H.No. 24
Johal Marg",Surat,Jharkhand,796868,India,Home
1276,942,"H.No. 852, Mand",Ballia,Arunachal Pradesh,177417,India,Home
1277,942,"043
Bhardwaj Path",Ambattur,Nagaland,022894,India,Home
1278,943,"52
Nayar Chowk",Davanagere,Gujarat,829302,India,Home
1279,944,"569, Kale Zila",Hyderabad,Haryana,334677,India,Home
1280,945,"16/750, Sane Chowk",Morena,Punjab,530245,India,Home
1281,946,"H.No. 123, Kuruvilla",Tirunelveli,Haryana,342028,India,Home
1282,947,"19
Chand Nagar",Ujjain,Goa,405076,India,Home
1283,948,"87/177
Lad Path",Aligarh,Punjab,406583,India,Home
1284,949,"725
Bhatt Circle",Bhatpara,Karnataka,956684,India,Home
1285,950,"23/73
Seth Ganj",Gaya,Bihar,110187,India,Home
1286,951,"586, Bedi",Malda,West Bengal,740392,India,Home
1287,952,"H.No. 999
Pant Road",Khora ,Karnataka,712227,India,Home
1288,953,"43/387
Gade Street",Karimnagar,West Bengal,221626,India,Office
1289,953,"49/633
Zacharia Nagar",Panihati,Jharkhand,470488,India,Other
1290,954,"99/50
Shetty Road",Rourkela,Andhra Pradesh,968519,India,Home
1291,955,"774
Gopal",Purnia,Rajasthan,295634,India,Home
1292,956,"77, Garde Path",Secunderabad,Odisha,061658,India,Home
1293,957,"920, Dugar Path",Guntakal,Jharkhand,156302,India,Home
1294,958,"H.No. 96
Sarin Ganj",Madhyamgram,Sikkim,629420,India,Home
1295,959,"15
Varkey Road",Suryapet,Karnataka,331380,India,Home
1296,960,"H.No. 98, Dugar Ganj",Gwalior,Goa,121548,India,Home
1297,961,"58/268, Wason Marg",Rewa,Jharkhand,191854,India,Home
1298,962,"44, Acharya Street",Munger,Goa,787358,India,Home
1299,963,"66/464
Saran Zila",Bellary,Jharkhand,192622,India,Home
1300,963,"204, Bath Zila",Ujjain,Punjab,831478,India,Home
1301,964,"H.No. 797, Ray Street",Ramgarh,Tamil Nadu,283180,India,Home
1302,964,"666, Ganguly Nagar",Ghaziabad,Andhra Pradesh,328538,India,Home
1303,965,"105
Narain Nagar",Gopalpur,Haryana,805826,India,Office
1304,965,"99/007, Walla Marg",Ujjain,Uttarakhand,633283,India,Other
1305,966,"33/761
Nayar Circle",Hosur,Uttar Pradesh,267136,India,Home
1306,967,"H.No. 013
Tiwari Street",Kollam,Haryana,188352,India,Home
1307,967,"91/875
Ravi Nagar",Kumbakonam,Madhya Pradesh,065920,India,Home
1308,968,"43/192, Saxena Chowk",Bhiwandi,Manipur,596983,India,Other
1309,968,"H.No. 72
Dora Nagar",Gandhinagar,Kerala,862959,India,Home
1310,968,"573, Tripathi Road",Tiruvottiyur,Karnataka,946074,India,Home
1311,969,"90/74, Dhar Chowk",Bhusawal,Odisha,179967,India,Home
1312,970,"08/97, Tank Road",Karaikudi,Kerala,641839,India,Home
1313,971,"H.No. 673
Shanker Road",Tiruppur,Madhya Pradesh,649804,India,Home
1314,971,"H.No. 09
Varma Street",Hyderabad,Karnataka,102627,India,Home
1315,972,"64, Bhat Circle",Tinsukia,Goa,845813,India,Home
1316,973,"89/83, Narayan Nagar",Farrukhabad,Sikkim,997418,India,Home
1317,974,"30
Sekhon Street",Ahmedabad,Arunachal Pradesh,305661,India,Other
1318,975,"30/564
Lal Zila",Bahraich,Nagaland,679087,India,Home
1319,976,"18/726, Balasubramanian Nagar",Kurnool,Maharashtra,103444,India,Home
1320,977,"990
Sule Marg",Tiruvottiyur,Maharashtra,524062,India,Office
1321,978,"H.No. 559, Sarin",Durgapur,Karnataka,222190,India,Home
1322,978,"347
Kuruvilla Nagar",Aizawl,Meghalaya,484559,India,Home
1323,979,"65/21, Warrior Ganj",Satara,Andhra Pradesh,124553,India,Home
1324,980,"900, Ramesh Ganj",Udaipur,Assam,732772,India,Home
1325,981,"H.No. 88
Pal Ganj",Pondicherry,Nagaland,229425,India,Home
1326,981,"51/618, Suresh Path",Srikakulam,Assam,105080,India,Other
1327,982,"H.No. 91
Sem Road",Aizawl,Himachal Pradesh,353524,India,Home
1328,983,"41/71
Mital Path",Kollam,Himachal Pradesh,930537,India,Office
1329,984,"318, Sama Ganj",Coimbatore,Tamil Nadu,389260,India,Home
1330,985,"82/81
Ghosh Path",Tinsukia,Meghalaya,048625,India,Home
1331,985,"H.No. 21, Mohan Chowk",Khammam,Uttarakhand,537801,India,Office
1332,986,"H.No. 67, Master Ganj",Eluru,Meghalaya,776296,India,Home
1333,987,"H.No. 33, Deshpande Marg",Gandhinagar,Rajasthan,450999,India,Office
1334,988,"01/089, Oak Circle",Ambattur,Odisha,835211,India,Home
1335,989,"84/424
Malhotra Marg",Udupi,Tripura,957285,India,Home
1336,990,"H.No. 95
Date Circle",Guntakal,Arunachal Pradesh,217978,India,Home
1337,990,"488, Seth Ganj",Surendranagar Dudhrej,Andhra Pradesh,984451,India,Home
1338,990,"672
Raman Circle",Gwalior,Goa,038856,India,Office
1339,991,"H.No. 939, Yohannan Chowk",Panipat,Karnataka,099217,India,Home
1340,991,"05/52
Sandal Circle",Bhimavaram,Gujarat,515880,India,Home
1341,991,"05/326
Dara Nagar",Ramgarh,Haryana,038297,India,Home
1342,992,"551
Sandhu Ganj",Chapra,Arunachal Pradesh,818104,India,Home
1343,993,"H.No. 243
Jhaveri Chowk",Coimbatore,Karnataka,366271,India,Home
1344,994,"58/969, Kadakia Ganj",New Delhi,Uttar Pradesh,058561,India,Home
1345,995,"47/315
Prashad Marg",Bhimavaram,Meghalaya,551164,India,Home
1346,995,"90, Trivedi Street",Chittoor,Meghalaya,702896,India,Home
1347,996,"05
Merchant Ganj",Saharsa,Assam,441610,India,Home
1348,997,"75/35, Mistry Circle",Bilaspur,Arunachal Pradesh,103880,India,Home
1349,998,"30, Dhar Road",Gurgaon,Gujarat,281444,India,Home
1350,998,"H.No. 893
Nadig",Lucknow,Odisha,906764,India,Office
1351,998,"22/88, Upadhyay Road",Gopalpur,West Bengal,513587,India,Home
1352,999,"17, Hegde Road",Khandwa,Uttar Pradesh,164034,India,Home
1353,1000,"88/18, Jha Chowk",Mango,Rajasthan,833364,India,Home
1354,1001,"04
Kaul Zila",Mahbubnagar,Andhra Pradesh,538602,India,Home
1355,1002,"25, Ganesan Road",Firozabad,Assam,319057,India,Home
1356,1003,"044
Bahri Zila",Shimla,Tamil Nadu,193245,India,Office
1357,1004,"10/97, More",Asansol,Chhattisgarh,870987,India,Office
1358,1005,"64/963, Goel Street",Vijayawada,Meghalaya,224043,India,Home
1359,1006,"11, Behl Circle",Nellore,Jharkhand,861630,India,Other
1360,1007,"H.No. 286
Gara Chowk",Saharanpur,Tripura,095366,India,Home
1361,1008,"H.No. 953, Balasubramanian Marg",Sonipat,Manipur,950017,India,Home
1362,1009,"590, Shenoy Nagar",Tadepalligudem,Manipur,307221,India,Home
1363,1009,"869, Upadhyay Nagar",Aurangabad,Rajasthan,722104,India,Home
1364,1009,"46/171
Ganesh",Bhalswa Jahangir Pur,Uttarakhand,744360,India,Home
1365,1010,"442, Patel Street",Tiruchirappalli,Rajasthan,025239,India,Home
1366,1011,"H.No. 209
Mody Road",Bhalswa Jahangir Pur,Goa,903265,India,Home
1367,1012,"H.No. 327
Brar Marg",Madanapalle,Uttarakhand,802455,India,Home
1368,1013,"H.No. 602
Cherian Zila",Imphal,Nagaland,268649,India,Home
1369,1014,"H.No. 78
Varkey Marg",Cuttack,Gujarat,600884,India,Office
1370,1015,"40
Kashyap Circle",Proddatur,Assam,907499,India,Home
1371,1015,"H.No. 640, Raval Nagar",Singrauli,Punjab,353484,India,Home
1372,1016,"H.No. 70
Dugar Circle",Rajahmundry,Odisha,546220,India,Home
1373,1016,"H.No. 237, Atwal Street",Ozhukarai,Andhra Pradesh,300008,India,Home
1374,1017,"467
Choudhry Ganj",Delhi,Mizoram,141600,India,Home
1375,1018,"92, Dewan Ganj",Panihati,Manipur,906085,India,Home
1376,1018,"18/67
Rama Road",Thane,Arunachal Pradesh,998433,India,Home
1377,1019,"H.No. 137
Char Zila",Ratlam,Assam,458294,India,Home
1378,1020,"H.No. 340, Patil Zila",North Dumdum,Tripura,466075,India,Home
1379,1021,"99/44
Mahajan",Bhiwani,Manipur,010824,India,Home
1380,1021,"818, Devi Street",Anand,Manipur,026208,India,Office
1381,1022,"17/45
Sibal Street",Secunderabad,Rajasthan,642357,India,Home
1382,1022,"H.No. 412, Chandra",Suryapet,Tamil Nadu,181612,India,Home
1383,1023,"H.No. 90
Rao Road",Patna,Arunachal Pradesh,923046,India,Home
1384,1024,"H.No. 012
Kibe Circle",Berhampore,Assam,123296,India,Home
1385,1025,"H.No. 12, Lalla Nagar",Hyderabad,Meghalaya,653446,India,Home
1386,1026,"H.No. 22, Saini Chowk",Dewas,Madhya Pradesh,191530,India,Home
1387,1027,"34
Dixit Chowk",Noida,Kerala,176822,India,Home
1388,1028,"H.No. 272
Sethi Marg",Danapur,Madhya Pradesh,656224,India,Home
1389,1029,"76/87, Madan Circle",Bhalswa Jahangir Pur,Manipur,290350,India,Home
1390,1030,"18, Tella Road",Barasat,Chhattisgarh,354340,India,Home
1391,1030,"66/821
Chadha Street",Bhiwani,Uttarakhand,952549,India,Home
1392,1030,"H.No. 644, Dasgupta Zila",Pudukkottai,Meghalaya,881827,India,Home
1393,1031,"H.No. 634, Nazareth Ganj",Orai,West Bengal,188496,India,Home
1394,1032,"64, Palan Nagar",Salem,Arunachal Pradesh,125434,India,Home
1395,1033,"23/016, Mukhopadhyay Nagar",Kolkata,Uttarakhand,721860,India,Home
1396,1034,"203, Sekhon Zila",Jodhpur,Assam,003471,India,Other
1397,1034,"H.No. 719, Sachdeva Chowk",Vasai-Virar,Rajasthan,259084,India,Home
1398,1035,"47/85, Andra Path",Solapur,Gujarat,535821,India,Home
1399,1036,"28, Sawhney Circle",Chittoor,Chhattisgarh,903716,India,Office
1400,1037,"08, Choudhry Circle",Bhatpara,Chhattisgarh,996477,India,Home
1401,1038,"37/53, Sem Nagar",Karaikudi,West Bengal,024808,India,Office
1402,1039,"H.No. 78
Aurora Nagar",Bardhaman,Sikkim,323622,India,Home
1403,1040,"90, Raja Marg",Sirsa,Himachal Pradesh,706751,India,Home
1404,1041,"13/95
Chakraborty Street",Pimpri-Chinchwad,Telangana,642610,India,Home
1405,1042,"H.No. 335
Virk Nagar",Sangli-Miraj & Kupwad,Jharkhand,198392,India,Home
1406,1042,"48/13
Anne Nagar",Aligarh,Telangana,910530,India,Home
1407,1043,"H.No. 516, Patla Chowk",Ramagundam,Madhya Pradesh,395348,India,Office
1408,1044,"H.No. 050, Majumdar Zila",Bidar,Himachal Pradesh,789615,India,Home
1409,1044,"855
Devan Zila",Sultan Pur Majra,Meghalaya,123959,India,Office
1410,1045,"15/54
Puri Street",Khora ,Manipur,360244,India,Home
1411,1046,"54/677
Bansal Street",Amritsar,Manipur,073087,India,Other
1412,1047,"H.No. 64, Wali Chowk",Ongole,Sikkim,317543,India,Office
1413,1048,"741, Thakur Road",Jaunpur,Sikkim,602925,India,Home
1414,1048,"86
Seshadri Street",Miryalaguda,Mizoram,076642,India,Other
1415,1049,"63, Sridhar Street",Tiruppur,Karnataka,867625,India,Home
1416,1050,"868, Ben Chowk",Ludhiana,Uttar Pradesh,886932,India,Home
1417,1050,"55/340, Bal Path",Bhalswa Jahangir Pur,Gujarat,159764,India,Other
1418,1051,"H.No. 35, Seshadri Marg",Bhalswa Jahangir Pur,Mizoram,755426,India,Home
1419,1051,"03/84, Golla Street",Bhagalpur,West Bengal,273202,India,Office
1420,1052,"27/111, Prabhakar Chowk",Purnia,Punjab,716204,India,Home
1421,1053,"85/14, Raval Road",Patna,Kerala,169039,India,Home
1422,1053,"026, Atwal",Shimoga,Goa,471068,India,Home
1423,1054,"H.No. 770, Buch Ganj",Jammu,Manipur,500493,India,Home
1424,1055,"672, Mammen Road",Gangtok,Haryana,729476,India,Home
1425,1056,"08/39, Rao Nagar",Bhilwara,Arunachal Pradesh,599851,India,Home
1426,1057,"93/272, Gole Chowk",Kozhikode,Odisha,635049,India,Home
1427,1058,"H.No. 266
Rana Chowk",Tirunelveli,Manipur,845397,India,Home
1428,1058,"95/07
Tiwari Nagar",Barasat,Uttarakhand,675602,India,Home
1429,1059,"01/92, Batra",Gaya,Tripura,543904,India,Other
1430,1059,"90/93
Dugar Street",Nellore,Haryana,202351,India,Home
1431,1060,"555, Comar Nagar",Naihati,Jharkhand,036988,India,Other
1432,1061,"39/333
Menon Street",Singrauli,Goa,208059,India,Office
1433,1061,"H.No. 244, Edwin Zila",Raiganj,Tripura,965999,India,Other
1434,1062,"H.No. 123, Ratti Chowk",Aurangabad,Meghalaya,495421,India,Home
1435,1062,"29, Chander Road",Sultan Pur Majra,Karnataka,922671,India,Office
1436,1063,"H.No. 753, Dave Marg",Panipat,Meghalaya,286461,India,Home
1437,1064,"09/617, Bala Ganj",Aurangabad,Odisha,845240,India,Office
1438,1064,"115, Narula Ganj",Hyderabad,Karnataka,432191,India,Home
1439,1065,"087
Shenoy Chowk",Bhilwara,Manipur,542218,India,Home
1440,1066,"45/819, Amble Street",Hosur,Meghalaya,067693,India,Home
1441,1067,"299, Sani Circle",Bareilly,Kerala,257846,India,Home
1442,1068,"H.No. 858
Vyas Path",Hosur,Goa,672620,India,Home
1443,1068,"72
Ganguly",Farrukhabad,Gujarat,519628,India,Home
1444,1069,"250, Walla Zila",Nagercoil,Telangana,247286,India,Office
1445,1070,"42/01, Gaba Street",Panipat,Assam,992900,India,Other
1446,1071,"27
Desai Nagar",Silchar,Andhra Pradesh,509563,India,Home
1447,1072,"H.No. 740, Kata Nagar",Dhanbad,Telangana,933538,India,Home
1448,1072,"247, Chadha Zila",Eluru,West Bengal,060827,India,Home
1449,1073,"05/646
Sahota Zila",Bhalswa Jahangir Pur,Maharashtra,643850,India,Home
1450,1074,"53/72, Madan Ganj",Mysore,Manipur,231336,India,Home
1451,1075,"H.No. 944, Saran Zila",Durgapur,Gujarat,654413,India,Home
1452,1076,"776
Pathak Circle",Bidar,Tripura,634942,India,Home
1453,1077,"H.No. 61, Narang Chowk",Salem,Mizoram,017999,India,Office
1454,1078,"420, Mangat Street",Raiganj,Jharkhand,417234,India,Home
1455,1079,"53
Ramachandran Circle",Sultan Pur Majra,Odisha,254853,India,Home
1456,1080,"689
Mand Nagar",Malegaon,Gujarat,410095,India,Home
1457,1081,"55/74, Chand Street",Alwar,Haryana,990093,India,Home
1458,1082,"14/60
Suresh Road",Bareilly,Jharkhand,788443,India,Home
1459,1082,"H.No. 661
Seth Circle",Vijayanagaram,Himachal Pradesh,726368,India,Home
1460,1083,"H.No. 41, Pradhan Circle",Allahabad,Chhattisgarh,729108,India,Home
1461,1083,"H.No. 07
Rajan Circle",Ramagundam,Haryana,660503,India,Home
1462,1084,"46, Upadhyay",Rajpur Sonarpur,Andhra Pradesh,773067,India,Home
1463,1084,"22/26, Soman Marg",Jodhpur,Punjab,878865,India,Home
1464,1084,"59/06, Jha Chowk",Kurnool,Jharkhand,898760,India,Home
1465,1085,"50/492
Dalal Street",Allahabad,Himachal Pradesh,186706,India,Home
1466,1086,"201
Gaba Marg",Bhalswa Jahangir Pur,Gujarat,891982,India,Home
1467,1086,"H.No. 826
Jani Path",Madhyamgram,Assam,086494,India,Home
1468,1087,"94, Balan Street",Gudivada,Nagaland,135490,India,Home
1469,1088,"H.No. 59, Sahota",Indore,Madhya Pradesh,195873,India,Home
1470,1088,"H.No. 49, Gaba Circle",Ahmednagar,Nagaland,302178,India,Home
1471,1089,"78, Raju Nagar",Gopalpur,Sikkim,158901,India,Home
1472,1090,"49/281
Agarwal Path",Sultan Pur Majra,Tripura,170926,India,Home
1473,1091,"H.No. 703
Varghese Nagar",Kadapa,Rajasthan,726282,India,Home
1474,1091,"24/48
Balan Path",Berhampore,Chhattisgarh,927411,India,Home
1475,1092,"06/91
Rajan",Tirunelveli,Uttar Pradesh,662080,India,Home
1476,1093,"H.No. 391, Bhandari Chowk",Bidar,Gujarat,443596,India,Home
1477,1094,"45/870, Gokhale Zila",Sagar,Uttar Pradesh,425369,India,Office
1478,1095,"12/37, Kothari Path",South Dumdum,Nagaland,976039,India,Home
1479,1095,"70/243
Nadkarni Marg",Aizawl,Arunachal Pradesh,536481,India,Home
1480,1095,"H.No. 40
Ratta Ganj",Sasaram,Nagaland,159773,India,Home
1481,1096,"H.No. 66
Hora Street",Ahmednagar,Maharashtra,667998,India,Home
1482,1097,"H.No. 91
Pradhan Street",Tezpur,Uttarakhand,220429,India,Home
1483,1098,"269
Dave",Yamunanagar,Maharashtra,179962,India,Home
1484,1098,"H.No. 69, Dubey",Thrissur,Karnataka,688777,India,Office
1485,1099,"H.No. 60, Dara Road",Rohtak,Mizoram,084931,India,Home
1486,1099,"983
Chad",Cuttack,Madhya Pradesh,001440,India,Other
1487,1100,"29
Mody Zila",Visakhapatnam,West Bengal,913410,India,Home
1488,1101,"97/52, Singhal Circle",Patna,Odisha,564224,India,Home
1489,1102,"H.No. 92, Venkataraman Nagar",Muzaffarpur,Karnataka,097669,India,Home
1490,1103,"48/96, Bandi Street",Rewa,Nagaland,017530,India,Home
1491,1104,"66/18
Nath Marg",Jamnagar,Tripura,043474,India,Home
1492,1105,"25/313, Mutti Chowk",Jalandhar,Andhra Pradesh,777321,India,Home
1493,1105,"H.No. 03
Chadha Marg",Ranchi,Chhattisgarh,999193,India,Home
1494,1106,"370
Misra Ganj",Durg,West Bengal,474890,India,Home
1495,1106,"60
Warrior Chowk",Warangal,Tripura,510765,India,Home
1496,1107,"17/08, Chakraborty Path",Mathura,Sikkim,895145,India,Home
1497,1107,"409
Pandya Zila",Hapur,Kerala,157449,India,Home
1498,1107,"53/916
Swamy Nagar",Delhi,Arunachal Pradesh,093045,India,Home
1499,1108,"H.No. 840
Doctor Ganj",Jodhpur,Uttar Pradesh,396620,India,Home
1500,1109,"58/86, Bail Road",Deoghar,Nagaland,265295,India,Home
1501,1110,"46, Jhaveri",Patiala,Karnataka,230397,India,Home
1502,1110,"H.No. 08
Bera Circle",Morbi,Arunachal Pradesh,092019,India,Office
1503,1111,"43/11, Dhillon Ganj",Burhanpur,Bihar,584858,India,Home
1504,1112,"H.No. 26, Grewal Ganj",Gorakhpur,Punjab,047220,India,Home
1505,1113,"970
Sood Chowk",Bharatpur,Tamil Nadu,470823,India,Home
1506,1113,"14, Borah Marg",Latur,Odisha,676626,India,Home
1507,1114,"596, Patla Nagar",Ahmedabad,Chhattisgarh,184025,India,Other
1508,1114,"70/36
Rattan Circle",Bathinda,Uttarakhand,630663,India,Home
1509,1115,"H.No. 502
Chahal Circle",Shimoga,Uttarakhand,989103,India,Home
1510,1116,"12/03, Dhar Nagar",Bhavnagar,Andhra Pradesh,523759,India,Home
1511,1117,"95/319
Ramanathan Street",Dhanbad,Punjab,027574,India,Other
1512,1117,"H.No. 49
Bassi Street",Baranagar,Telangana,453811,India,Office
1513,1117,"81/896, Palla Path",Anantapuram,Uttarakhand,566229,India,Home
1514,1118,"179
Ben Chowk",Vellore,Madhya Pradesh,361624,India,Home
1515,1118,"H.No. 704
Dube Chowk",Machilipatnam,Andhra Pradesh,351585,India,Home
1516,1119,"H.No. 530, Sastry Zila",Mysore,Maharashtra,156058,India,Office
1517,1120,"05/22
Mittal Road",Bhagalpur,Haryana,479406,India,Office
1518,1120,"53/157
Bhagat",Jaunpur,Bihar,898664,India,Home
1519,1120,"36/56
Keer Zila",North Dumdum,Tamil Nadu,487680,India,Home
1520,1121,"70/237
Chakrabarti Chowk",Sambalpur,West Bengal,192209,India,Home
1521,1122,"73
Gupta Ganj",Mahbubnagar,Tamil Nadu,323964,India,Office
1522,1123,"H.No. 282
Khatri Path",Tenali,Uttar Pradesh,699242,India,Home
1523,1124,"39
Kapur Street",Ajmer,Arunachal Pradesh,320914,India,Home
1524,1125,"H.No. 693, Gill Ganj",Durg,Chhattisgarh,471998,India,Home
1525,1125,"07/55, Narasimhan Zila",Tiruvottiyur,Chhattisgarh,075699,India,Home
1526,1126,"831, Aggarwal Nagar",Anantapuram,Haryana,226227,India,Home
1527,1127,"73
Borra Ganj",Guna,Tamil Nadu,664707,India,Home
1528,1128,"850, Radhakrishnan Ganj",Thanjavur,Punjab,298424,India,Office
1529,1129,"07/402, Madan Chowk",Raebareli,Meghalaya,826762,India,Home
1530,1130,"06/20
Konda Nagar",Jhansi,Uttar Pradesh,646149,India,Office
1531,1131,"H.No. 59
Joshi Chowk",Nagaon,Gujarat,984914,India,Home
1532,1132,"H.No. 995
Atwal Path",Kavali,Tamil Nadu,266432,India,Home
1533,1133,"39/461, Chaudhuri Street",Motihari,Odisha,159485,India,Home
1534,1133,"H.No. 00, Gopal Zila",Junagadh,Telangana,239847,India,Home
1535,1134,"256
Thaman Chowk",Rajkot,West Bengal,237887,India,Home
1536,1135,"H.No. 84, Rama Zila",Yamunanagar,Tamil Nadu,349564,India,Home
1537,1136,"99/846
Nair Nagar",Raiganj,Punjab,963830,India,Home
1538,1136,"361
Bhargava Nagar",Erode,Assam,620165,India,Home
1539,1137,"H.No. 78
Mall Marg",Panchkula,Sikkim,555751,India,Home
1540,1137,"H.No. 76, Ahluwalia Road",Faridabad,Madhya Pradesh,586824,India,Home
1541,1138,"H.No. 16, Pandit Marg",Anantapur,Bihar,244418,India,Home
1542,1138,"H.No. 02
Jaggi Ganj",Deoghar,Maharashtra,835701,India,Office
1543,1138,"H.No. 363
Misra Nagar",Jamnagar,Gujarat,020508,India,Home
1544,1139,"H.No. 941, Luthra Ganj",Ballia,Tripura,197979,India,Home
1545,1140,"452
Luthra Circle",Bhagalpur,Kerala,948045,India,Home
1546,1140,"35, Swamy Marg",Danapur,Andhra Pradesh,739405,India,Office
1547,1141,"602, Krishna",Siliguri,Rajasthan,315892,India,Home
1548,1141,"49/07
Muni Ganj",Thane,Haryana,977748,India,Office
1549,1142,"59
Comar Path",Jabalpur,Mizoram,482308,India,Home
1550,1143,"58/68, Cherian Road",Kozhikode,Haryana,260586,India,Home
1551,1143,"767
Varty Road",Navi Mumbai,West Bengal,306629,India,Home
1552,1144,"15/181, Zachariah Chowk",Durg,Tripura,655946,India,Home
1553,1145,"23, Sharma Street",Muzaffarnagar,Rajasthan,179890,India,Home
1554,1146,"379, Banik Nagar",Satna,Uttarakhand,870847,India,Home
1555,1147,"54/17
Taneja Marg",Satara,Gujarat,889073,India,Home
1556,1148,"15/91
Tak Path",Proddatur,Odisha,589626,India,Home
1557,1148,"48/87, Jha Marg",Bhatpara,Andhra Pradesh,612396,India,Home
1558,1149,"190, Chakrabarti Path",Bhatpara,Odisha,182070,India,Office
1559,1150,"90
Batta Zila",Dharmavaram,Chhattisgarh,729826,India,Home
1560,1151,"486, Sha Road",Latur,Tamil Nadu,067578,India,Home
1561,1152,"33/55
Arya Chowk",Mango,Haryana,231555,India,Office
1562,1152,"57/052, Vohra Zila",Tadipatri,Punjab,844404,India,Home
1563,1153,"83/11
Bhatt Road",Karawal Nagar,Arunachal Pradesh,235036,India,Home
1564,1153,"H.No. 568
Borde",Ballia,Rajasthan,797802,India,Home
1565,1154,"44/568, Lall Road",Bhalswa Jahangir Pur,Odisha,036640,India,Home
1566,1155,"32, Nagar",Bellary,Tripura,831597,India,Home
1567,1155,"29
Sarna Street",Vasai-Virar,Mizoram,830291,India,Home
1568,1156,"54/23
Gill Ganj",Mysore,Madhya Pradesh,185483,India,Home
1569,1157,"07
Mital Ganj",Yamunanagar,West Bengal,462159,India,Home
1570,1157,"41/74
Contractor",Rajkot,Manipur,502218,India,Office
1571,1158,"98, Mangat Zila",Ambattur,Uttar Pradesh,476094,India,Other
1572,1158,"77/402, Dass",Tumkur,Sikkim,302650,India,Home
1573,1158,"21/836
Sethi Marg",Amravati,Punjab,666102,India,Home
1574,1159,"63/420
Dave Street",Muzaffarnagar,Himachal Pradesh,137683,India,Office
1575,1160,"59
Chandra Nagar",Bidhannagar,Punjab,524461,India,Home
1576,1161,"H.No. 09
Kakar Street",Etawah,Assam,465642,India,Home
1577,1162,"H.No. 186
Suri Ganj",Nadiad,Gujarat,995695,India,Home
1578,1163,"22/77
Lall Marg",Bihar Sharif,Punjab,038502,India,Home
1579,1164,"H.No. 13
Mani Road",Jamalpur,Madhya Pradesh,228839,India,Home
1580,1165,"H.No. 73, Bhatti Ganj",Karimnagar,Himachal Pradesh,157493,India,Home
1581,1165,"H.No. 11, Shankar Road",Giridih,Uttarakhand,312040,India,Office
1582,1166,"H.No. 37
Saran Chowk",Bareilly,Mizoram,085800,India,Home
1583,1166,"87/314, Chad Ganj",Tiruchirappalli,Assam,367862,India,Home
1584,1167,"H.No. 781, Shan Circle",Ranchi,Punjab,856425,India,Home
1585,1168,"H.No. 680
Sangha Street",Sambalpur,Uttar Pradesh,542306,India,Office
1586,1169,"H.No. 230, Thakkar Street",Thanjavur,Rajasthan,052241,India,Other
1587,1169,"H.No. 20, Rege Marg",Vadodara,Bihar,145992,India,Home
1588,1170,"H.No. 663, Venkataraman Ganj",Warangal,Chhattisgarh,400539,India,Office
1589,1171,"205, Dey Marg",Bareilly,Sikkim,113484,India,Home
1590,1171,"913, Ghosh Ganj",Bokaro,Mizoram,132394,India,Home
1591,1172,"45
Kalita Street",Gaya,Mizoram,449760,India,Home
1592,1173,"H.No. 98, Sanghvi Marg",Agartala,Goa,953677,India,Other
1593,1174,"H.No. 98, Goel Path",Ahmednagar,Kerala,152665,India,Home
1594,1174,"14/76
Pingle Street",Sasaram,Arunachal Pradesh,641475,India,Office
1595,1175,"695, Mani Street",Gopalpur,Tripura,653538,India,Home
1596,1175,"985
Dube Ganj",Panihati,Tamil Nadu,792415,India,Home
1597,1176,"H.No. 276
Kapur Ganj",Gopalpur,Gujarat,685863,India,Other
1598,1177,"16, Din Circle",Buxar,Meghalaya,998161,India,Home
1599,1178,"811
Varma Marg",Surendranagar Dudhrej,Assam,307372,India,Office
1600,1179,"H.No. 720
Mahal Zila",Ongole,Nagaland,826493,India,Home
1601,1180,"146, Mishra Ganj",Sikar,Goa,429264,India,Other
1602,1181,"33
Chopra",Kolhapur,Telangana,036948,India,Home
1603,1182,"12/664, Sharma",Udupi,Maharashtra,068335,India,Office
1604,1183,"10/16, Gara Zila",Aurangabad,Andhra Pradesh,639949,India,Home
1605,1183,"H.No. 333, Magar Road",Fatehpur,Sikkim,734814,India,Home
1606,1184,"84/10, Saraf Zila",Ghaziabad,Gujarat,148116,India,Home
1607,1185,"H.No. 99, Bakshi Zila",Bijapur,Rajasthan,028866,India,Office
1608,1186,"80, Baral Zila",Jalna,Chhattisgarh,348548,India,Home
1609,1187,"035
Borde Ganj",Ghaziabad,Tamil Nadu,917913,India,Home
1610,1188,"H.No. 157
Chadha Zila",Bhiwandi,Gujarat,194024,India,Home
1611,1189,"02/881
Chanda Road",Mira-Bhayandar,Uttarakhand,452719,India,Home
1612,1189,"78, Swaminathan Path",Durg,West Bengal,391381,India,Home
1613,1189,"74/916, Mangat Zila",Kulti,Rajasthan,154013,India,Home
1614,1190,"H.No. 35, Roy Nagar",Udaipur,Madhya Pradesh,684552,India,Home
1615,1191,"741
Dewan Nagar",Ichalkaranji,Meghalaya,798994,India,Office
1616,1192,"69
Toor Road",Howrah,Andhra Pradesh,195675,India,Home
1617,1193,"558
Dhingra Road",Sultan Pur Majra,Rajasthan,726625,India,Home
1618,1193,"H.No. 04
Anand Marg",Lucknow,Sikkim,144130,India,Home
1619,1194,"62/40
Saxena Circle",Kolkata,Andhra Pradesh,689041,India,Home
1620,1195,"820
Reddy Chowk",Nellore,Mizoram,152232,India,Home
1621,1196,"282, Arya Road",Chittoor,Karnataka,835999,India,Other
1622,1197,"H.No. 041
Loyal Nagar",Mahbubnagar,Uttar Pradesh,351135,India,Home
1623,1198,"H.No. 35, Dhingra Chowk",Bettiah,Odisha,064157,India,Home
1624,1199,"78/30, Zachariah Street",Srinagar,Andhra Pradesh,194534,India,Home
1625,1200,"52/81, Mani Road",Miryalaguda,Maharashtra,428021,India,Home
1626,1200,"H.No. 635, Bakshi Chowk",Madhyamgram,Nagaland,213974,India,Home
1627,1201,"69/905, Naidu Path",Kumbakonam,Uttar Pradesh,994084,India,Other
1628,1201,"06/96, Bawa",Secunderabad,Chhattisgarh,061065,India,Home
1629,1202,"33
Mahajan Chowk",Raiganj,Arunachal Pradesh,652761,India,Home
1630,1202,"81, Bhardwaj Road",Secunderabad,Haryana,843769,India,Home
1631,1203,"96/444, Tara Chowk",North Dumdum,Uttar Pradesh,842324,India,Home
1632,1204,"480, Mahal Nagar",Malda,Tamil Nadu,415536,India,Office
1633,1205,"H.No. 85, Shanker Path",Bhimavaram,Andhra Pradesh,279602,India,Home
1634,1206,"570
Kala Ganj",Asansol,Punjab,945231,India,Home
1635,1206,"82/863
Mammen Nagar",Kolhapur,Punjab,629917,India,Home
1636,1207,"H.No. 742, Dewan",Indore,Jharkhand,678215,India,Office
1637,1207,"26/69, Soman Ganj",Tenali,Haryana,503139,India,Home
1638,1208,"04/85, Goyal Nagar",Ranchi,Maharashtra,901933,India,Home
1639,1209,"H.No. 93, Sur Chowk",Mahbubnagar,Arunachal Pradesh,002956,India,Home
1640,1210,"22, Puri Path",Kumbakonam,Assam,594079,India,Home
1641,1210,"045, Deshpande Ganj",Gwalior,Madhya Pradesh,781456,India,Home
1642,1211,"43
Arya Chowk",Srikakulam,Jharkhand,391177,India,Home
1643,1212,"65
Padmanabhan Nagar",Chittoor,Rajasthan,120928,India,Home
1644,1213,"57/806, Bhasin Zila",Mira-Bhayandar,Haryana,167870,India,Office
1645,1214,"76/353
Dora Street",Shivpuri,Bihar,921268,India,Home
1646,1215,"85/637
Chacko Zila",Saharanpur,Punjab,300037,India,Home
1647,1216,"989
Kohli Street",Dhule,Chhattisgarh,659866,India,Home
1648,1217,"784, Swaminathan Zila",Mehsana,Maharashtra,915382,India,Home
1649,1218,"H.No. 140, Pandit Marg",Haldia,Madhya Pradesh,267351,India,Home
1650,1219,"24, Pai Path",Kulti,Meghalaya,656976,India,Home
1651,1219,"78/49
Dutta Marg",Alwar,Uttarakhand,510462,India,Home
1652,1220,"H.No. 692
Sahota",Yamunanagar,Nagaland,120627,India,Office
1653,1220,"72/935
Sastry Nagar",Bardhaman,Sikkim,212914,India,Other
1654,1221,"50/223
Tak Road",Jamalpur,West Bengal,457972,India,Home
1655,1221,"H.No. 840
Bajwa Chowk",Berhampur,Rajasthan,147823,India,Home
1656,1222,"20, Madan",Rajkot,Tamil Nadu,767063,India,Office
1657,1223,"32/863
Chowdhury Nagar",Durgapur,Uttar Pradesh,008484,India,Home
1658,1224,"48, Jayaraman Ganj",Bhusawal,West Bengal,960828,India,Home
1659,1225,"13
Anand Marg",Nizamabad,Punjab,692085,India,Office
1660,1226,"H.No. 90
Guha Zila",Bhilwara,Punjab,193500,India,Home
1661,1226,"H.No. 546, Soman Zila",Bettiah,Tamil Nadu,803889,India,Other
1662,1227,"H.No. 41, Manda Nagar",Darbhanga,Haryana,566851,India,Office
1663,1228,"H.No. 38, Maharaj Zila",Morena,Jharkhand,558030,India,Other
1664,1228,"H.No. 685, Manda Marg",Bhubaneswar,Meghalaya,840190,India,Home
1665,1228,"16, Vyas",Karawal Nagar,Tamil Nadu,611586,India,Home
1666,1229,"61/19
Singhal",Bahraich,Kerala,326170,India,Office
1667,1230,"H.No. 583
Gupta Path",Raurkela Industrial Township,Rajasthan,956572,India,Home
1668,1230,"533
Upadhyay",Ichalkaranji,Goa,621775,India,Other
1669,1231,"H.No. 584, Sangha Marg",Mahbubnagar,West Bengal,030285,India,Office
1670,1232,"727, Sani Marg",Rohtak,Karnataka,502528,India,Home
1671,1232,"H.No. 61
Agrawal Ganj",Jhansi,Andhra Pradesh,207382,India,Office
1672,1233,"77
Dara Zila",Kolhapur,Karnataka,786309,India,Home
1673,1233,"H.No. 712, Bava Zila",Alwar,Chhattisgarh,447305,India,Home
1674,1234,"77/196
Soman Zila",Gandhinagar,Kerala,566764,India,Home
1675,1234,"96/83, Mani Ganj",Pune,Andhra Pradesh,224265,India,Office
1676,1235,"93, Datta Street",Adoni,Assam,390705,India,Home
1677,1236,"36
Comar Nagar",Kumbakonam,Uttar Pradesh,150101,India,Home
1678,1236,"26/008
Desai Nagar",Karnal,Nagaland,475978,India,Home
1679,1237,"548, Jhaveri Circle",Pallavaram,Assam,149679,India,Other
1680,1238,"H.No. 63, Sachdev Circle",Anantapuram,Sikkim,203172,India,Home
1681,1238,"52
Dhar Circle",Singrauli,Nagaland,492724,India,Home
1682,1239,"H.No. 020, Raman Circle",Chandigarh,Jharkhand,051908,India,Home
1683,1240,"H.No. 32
Contractor Chowk",Panihati,Telangana,335636,India,Home
1684,1241,"H.No. 100, Ben Nagar",Amritsar,Nagaland,810480,India,Home
1685,1242,"35/41, Gole Path",Berhampur,Arunachal Pradesh,376613,India,Home
1686,1242,"28
Vala Nagar",Kolhapur,Chhattisgarh,815947,India,Home
1687,1243,"05
Borah Ganj",Vadodara,Kerala,309673,India,Office
1688,1243,"84/21
Dash Circle",Kolhapur,Sikkim,937650,India,Office
1689,1244,"76, Chaudhari Chowk",Nangloi Jat,Madhya Pradesh,883636,India,Home
1690,1245,"H.No. 162
Ratti Chowk",Guntakal,Goa,666788,India,Office
1691,1246,"37/61, Nair Marg",Gaya,Nagaland,749935,India,Office
1692,1246,"559, Srinivasan Chowk",Saharanpur,Maharashtra,976408,India,Office
1693,1247,"58/05, Bora Nagar",Amravati,Tripura,165789,India,Home
1694,1247,"12/95, Panchal Marg",Deoghar,Nagaland,114860,India,Office
1695,1247,"50/092, Madan Road",Nagaon,Manipur,570302,India,Home
1696,1248,"H.No. 112, Arya Path",Guna,Madhya Pradesh,742906,India,Home
1697,1249,"223
Reddy Ganj",Kochi,Rajasthan,620073,India,Home
1698,1250,"426, Dewan Marg",Chapra,Manipur,374057,India,Office
1699,1250,"44/695, Tandon Marg",Dhanbad,Telangana,873544,India,Other
1700,1251,"451
Rai Road",Jamalpur,Nagaland,583483,India,Home
1701,1252,"35/86
Saha Street",Thrissur,Maharashtra,485320,India,Home
1702,1252,"58
Agrawal Chowk",Latur,Goa,983443,India,Office
1703,1252,"58/05
Mody Nagar",Allahabad,Kerala,928467,India,Office
1704,1253,"00/734, Hayre Street",Bhind,Manipur,729545,India,Home
1705,1254,"801, Devi Marg",Karaikudi,Kerala,502045,India,Home
1706,1255,"28/143, Karan Path",Kolhapur,Manipur,337953,India,Home
1707,1256,"11/235, Balakrishnan",Rourkela,Madhya Pradesh,274286,India,Office
1708,1256,"510
Patla Circle",Rajahmundry,Mizoram,855451,India,Office
1709,1257,"60/919
Naik Ganj",Vijayawada,Meghalaya,555370,India,Other
1710,1258,"728
Sagar Zila",Kollam,Haryana,461215,India,Home
1711,1258,"H.No. 62
Kurian Marg",Malegaon,Tripura,084818,India,Home
1712,1258,"20
Bhargava",Aurangabad,Haryana,963039,India,Office
1713,1259,"H.No. 670
Nayak Road",Ozhukarai,Telangana,267312,India,Home
1714,1259,"H.No. 38, Wali Circle",Aizawl,Mizoram,142025,India,Home
1715,1259,"45, Dhillon Nagar",Patiala,Bihar,427557,India,Office
1716,1260,"29
Bhatt",Bathinda,Jharkhand,443183,India,Home
1717,1261,"695
Chad Ganj",Sangli-Miraj & Kupwad,Sikkim,711506,India,Other
1718,1262,"91/792, Nori Marg",Bidhannagar,Gujarat,816291,India,Office
1719,1263,"87/392, Chaudhari Street",Sikar,Odisha,573767,India,Home
1720,1264,"H.No. 529, Seth Circle",Mumbai,Manipur,599153,India,Office
1721,1265,"H.No. 45, Anne Nagar",Chennai,Chhattisgarh,838789,India,Home
1722,1266,"450, Mutti Street",Bidhannagar,Tripura,030409,India,Home
1723,1267,"H.No. 67, Mishra Path",Jorhat,Tamil Nadu,368810,India,Home
1724,1268,"827, Bora Street",Satara,Bihar,346018,India,Home
1725,1269,"201
Wason Ganj",Mirzapur,Uttar Pradesh,208316,India,Other
1726,1269,"63/603, Chadha Circle",Sambalpur,Telangana,907894,India,Office
1727,1270,"72
Basak Nagar",Raichur,Chhattisgarh,410707,India,Home
1728,1271,"34, Patla Circle",Katihar,Uttarakhand,123708,India,Home
1729,1272,"H.No. 191
Lanka",Mirzapur,Himachal Pradesh,697296,India,Office
1730,1273,"H.No. 61
Grewal",Haldia,Meghalaya,377188,India,Home
1731,1274,"639
Rattan Path",Guntur,Telangana,678305,India,Home
1732,1275,"37
Hayre Zila",Baranagar,Uttarakhand,223461,India,Home
1733,1275,"H.No. 66
Talwar Street",Kurnool,Telangana,041176,India,Home
1734,1276,"42/152, Vaidya Road",Gorakhpur,Punjab,863647,India,Home
1735,1276,"H.No. 65, Yohannan Marg",Guntakal,Mizoram,036883,India,Home
1736,1276,"H.No. 483, Kari Chowk",Ambattur,Tamil Nadu,592291,India,Home
1737,1277,"06, Kapoor Path",Rajkot,Arunachal Pradesh,062911,India,Home
1738,1277,"282
Srinivasan Road",Kadapa,Gujarat,181796,India,Office
1739,1278,"57, Verma Circle",Gangtok,Meghalaya,997990,India,Home
1740,1279,"217
Choudhry Zila",Bongaigaon,West Bengal,565818,India,Home
1741,1280,"H.No. 617, Munshi Ganj",Latur,Bihar,312975,India,Office
1742,1281,"26
Sahota Zila",Narasaraopet,Maharashtra,788119,India,Office
1743,1282,"99/90, Wali Marg",Nashik,Bihar,071675,India,Home
1744,1283,"21/633, Dara Marg",Solapur,Meghalaya,490049,India,Home
1745,1284,"729, Merchant Path",Hazaribagh,Tripura,835639,India,Home
1746,1285,"743, Dube",Pondicherry,Tripura,174192,India,Home
1747,1285,"14/76
Cherian Street",Maheshtala,Madhya Pradesh,186399,India,Home
1748,1286,"H.No. 41
Krishnamurthy Ganj",Muzaffarpur,Bihar,630930,India,Home
1749,1287,"68/59
Sangha Nagar",Mirzapur,Uttar Pradesh,240899,India,Office
1750,1288,"17/735, Sahota Zila",Danapur,Assam,339736,India,Home
1751,1289,"H.No. 721
Kara Chowk",Hyderabad,Tamil Nadu,422241,India,Home
1752,1290,"H.No. 632, Saraf Ganj",Aizawl,Andhra Pradesh,814442,India,Home
1753,1291,"42/02
Konda Road",Chennai,Tamil Nadu,765118,India,Home
1754,1292,"15/640
Mane",Tirupati,Meghalaya,398913,India,Home
1755,1293,"H.No. 542
Nair Road",Pimpri-Chinchwad,Mizoram,611035,India,Office
1756,1294,"H.No. 94
Gill Street",Akola,Haryana,666969,India,Home
1757,1295,"953, Yogi Ganj",Tiruchirappalli,Odisha,118390,India,Home
1758,1296,"H.No. 24, Menon Street",Burhanpur,Maharashtra,834633,India,Home
1759,1297,"88/933
Joshi Road",Uluberia,Bihar,694086,India,Office
1760,1298,"H.No. 24
Goda Ganj",Udupi,Chhattisgarh,507435,India,Home
1761,1299,"52/88, Prakash",Nangloi Jat,Uttarakhand,396964,India,Home
1762,1300,"591
Ravel Chowk",Varanasi,Himachal Pradesh,188300,India,Home
1763,1301,"H.No. 28
Shah Circle",Panipat,Jharkhand,686679,India,Office
1764,1302,"06
Shankar Zila",Bhiwani,Odisha,149711,India,Home
1765,1303,"847, Nayar Zila",Nangloi Jat,Uttarakhand,665051,India,Home
1766,1304,"H.No. 167
Lal Road",Kurnool,Jharkhand,596985,India,Home
1767,1304,"H.No. 50, Rege Path",Gangtok,Uttar Pradesh,754024,India,Home
1768,1304,"61/78, Ganesh",Amroha,Bihar,025038,India,Office
1769,1305,"76/264
Bora Circle",Kulti,Mizoram,936806,India,Home
1770,1305,"H.No. 85, Bahl Ganj",Lucknow,Tripura,278969,India,Home
1771,1306,"H.No. 930
Thakur Road",Siliguri,West Bengal,758670,India,Home
1772,1306,"56, Behl Street",Bhusawal,Gujarat,443946,India,Office
1773,1307,"33/181
Hayre Street",Uluberia,Manipur,170731,India,Home
1774,1308,"H.No. 45
Shenoy Chowk",Malegaon,Sikkim,263678,India,Home
1775,1308,"08/989
Tandon Chowk",Shimla,Tripura,944348,India,Home
1776,1309,"953
Sharaf Chowk",Bhopal,Tripura,767687,India,Office
1777,1309,"H.No. 420
Sama Chowk",Raichur,Assam,975341,India,Home
1778,1310,"H.No. 73, Bhargava Ganj",Patna,Rajasthan,940656,India,Home
1779,1311,"82/344
Konda Path",Bhusawal,Kerala,523266,India,Home
1780,1311,"00/470, Brar",Allahabad,Telangana,495611,India,Other
1781,1312,"H.No. 11
Chaudry Circle",Ambala,Gujarat,466144,India,Office
1782,1312,"61
Rege Circle",Mumbai,Himachal Pradesh,966682,India,Home
1783,1312,"52/565, Prasad",Hajipur,Rajasthan,423302,India,Home
1784,1313,"64, Mutti Nagar",Ongole,Sikkim,986221,India,Home
1785,1313,"H.No. 513
Wali Zila",Gandhinagar,Arunachal Pradesh,747338,India,Other
1786,1313,"H.No. 78, Ganesh Path",Sirsa,Jharkhand,203594,India,Home
1787,1314,"H.No. 023
Srivastava Circle",Raurkela Industrial Township,Assam,647741,India,Home
1788,1314,"H.No. 351, Guha Circle",Ajmer,Kerala,346581,India,Office
1789,1315,"988
Ganesh Path",Unnao,Nagaland,599098,India,Home
1790,1315,"12/865
Venkataraman Path",Gandhinagar,Manipur,923831,India,Home
1791,1316,"H.No. 89, Barman Zila",Thiruvananthapuram,Nagaland,463429,India,Home
1792,1317,"H.No. 21, Pingle",New Delhi,Tripura,912185,India,Home
1793,1318,"34, Chahal Zila",Rewa,Assam,315553,India,Office
1794,1318,"H.No. 530, Bhargava Ganj",Sagar,Andhra Pradesh,781109,India,Home
1795,1319,"H.No. 98
Munshi Road",Sirsa,Maharashtra,345418,India,Home
1796,1320,"91/26, Loke",Jamnagar,Arunachal Pradesh,419106,India,Home
1797,1321,"66/910, Vyas Nagar",Kozhikode,Sikkim,216826,India,Office
1798,1322,"175, Garde Marg",Tadipatri,Odisha,208347,India,Office
1799,1322,"00/593, Pandey Street",Bikaner,Tripura,870322,India,Home
1800,1323,"H.No. 748, Tak Path",Rohtak,Uttar Pradesh,871295,India,Home
1801,1324,"H.No. 52, Narula Nagar",Siliguri,Rajasthan,060480,India,Home
1802,1325,"406, Mital Path",Firozabad,Manipur,950904,India,Home
1803,1326,"89/856, Lad Marg",Vadodara,Bihar,556238,India,Home
1804,1327,"88/76
Sandal Path",Srinagar,Gujarat,062290,India,Home
1805,1328,"H.No. 386, Mammen Nagar",Giridih,Himachal Pradesh,199038,India,Home
1806,1329,"514, Naidu Circle",Karaikudi,Goa,419147,India,Home
1807,1330,"H.No. 34, Dave Chowk",Giridih,Kerala,673095,India,Home
1808,1330,"670, Kumer Circle",Dehri,Telangana,562925,India,Home
1809,1331,"828, Choudhry Nagar",Jamnagar,Haryana,306885,India,Office
1810,1331,"46/76
Thakkar Chowk",Phagwara,Madhya Pradesh,583744,India,Office
1811,1332,"75/21
Parikh Ganj",Jodhpur,Meghalaya,559289,India,Office
1812,1333,"H.No. 87
Chahal Road",Jalna,Mizoram,267511,India,Home
1813,1334,"45
Loyal Ganj",Raurkela Industrial Township,Uttar Pradesh,156419,India,Home
1814,1335,"89
Khanna Marg",Dhanbad,Odisha,582016,India,Office
1815,1336,"H.No. 159, Dubey Chowk",Parbhani,Chhattisgarh,848349,India,Other
1816,1337,"66, Bava Circle",Junagadh,Rajasthan,180403,India,Office
1817,1338,"H.No. 80, Nath Zila",Bahraich,Telangana,586671,India,Home
1818,1339,"H.No. 44
Babu Marg",Sambalpur,Odisha,609674,India,Home
1819,1340,"27/205
Rana Ganj",Chapra,Assam,928567,India,Office
1820,1341,"50/21, Nagi Path",Proddatur,Haryana,775582,India,Office
1821,1341,"626, Kalla Road",Sikar,Meghalaya,460789,India,Office
1822,1342,"51, Chaudhry",Sirsa,Meghalaya,512944,India,Home
1823,1342,"H.No. 92, Jha Path",Haldia,Himachal Pradesh,838597,India,Home
1824,1343,"76
Raghavan Path",Ballia,Arunachal Pradesh,055494,India,Home
1825,1344,"43/687, Chaudry Chowk",Bulandshahr,Uttar Pradesh,209490,India,Office
1826,1345,"34
Pal Zila",Karimnagar,Odisha,710011,India,Home
1827,1345,"47/734
Lall",Madurai,Uttarakhand,872255,India,Home
1828,1346,"56/41
Oommen Ganj",Morbi,Jharkhand,685573,India,Office
1829,1346,"328
Pradhan Path",Suryapet,Andhra Pradesh,794758,India,Home
1830,1347,"66/028, Dalal Road",Bulandshahr,Goa,347040,India,Office
1831,1348,"H.No. 469
Char Chowk",Kumbakonam,Sikkim,341855,India,Home
1832,1348,"H.No. 837
Pradhan Road",Vadodara,Bihar,039610,India,Office
1833,1349,"59, Baral Nagar",Bahraich,Telangana,679490,India,Home
1834,1350,"69/28
Murthy Path",Sikar,Tamil Nadu,159389,India,Home
1835,1351,"63
Hora Path",Morbi,Haryana,589607,India,Home
1836,1352,"22, Yohannan Circle",Gopalpur,Tripura,335139,India,Office
1837,1353,"H.No. 430, Sidhu",Dehradun,Meghalaya,936635,India,Home
1838,1354,"96/714
Bains Circle",Hyderabad,Sikkim,735658,India,Office
1839,1355,"08, Oommen Street",Vijayanagaram,Haryana,941288,India,Home
1840,1355,"91
Date Zila",Thiruvananthapuram,Uttar Pradesh,142526,India,Home
1841,1356,"H.No. 978, Din",Tadipatri,West Bengal,657446,India,Home
1842,1357,"32/554
Bose Road",Saharsa,Bihar,136738,India,Other
1843,1358,"52/038, Chaudhry Circle",Raiganj,Uttarakhand,841847,India,Home
1844,1358,"H.No. 62, Bala Street",Bhilwara,Sikkim,335401,India,Home
1845,1359,"728, Ramachandran Ganj",Thiruvananthapuram,Andhra Pradesh,647709,India,Home
1846,1360,"76, Khalsa Zila",Burhanpur,Chhattisgarh,076716,India,Office
1847,1361,"H.No. 720, Viswanathan Road",Kishanganj,Arunachal Pradesh,186930,India,Home
1848,1361,"26/456, Sanghvi Road",Bihar Sharif,Bihar,605390,India,Office
1849,1362,"H.No. 90
Sur",Berhampur,Jharkhand,519701,India,Home
1850,1363,"58/913, Dhar Marg",Madhyamgram,Andhra Pradesh,421531,India,Home
1851,1364,"62/526, Dey Nagar",Gorakhpur,Maharashtra,887548,India,Home
1852,1364,"933, Kashyap Path",Nellore,Sikkim,065735,India,Other
1853,1365,"45, Purohit Road",Hapur,Bihar,214012,India,Home
1854,1366,"195, Varghese Path",Buxar,Odisha,359717,India,Home
1855,1367,"H.No. 703
Pai Nagar",Orai,Manipur,941246,India,Home
1856,1368,"H.No. 16, Zachariah Road",Miryalaguda,Odisha,337684,India,Office
1857,1369,"76/77, Bhat Marg",Munger,Himachal Pradesh,459731,India,Home
1858,1370,"033
Lalla Street",Bidhannagar,Karnataka,451048,India,Home
1859,1371,"09/47
Dada Ganj",Hapur,Madhya Pradesh,542707,India,Home
1860,1371,"47/61
Chokshi Zila",Karawal Nagar,Odisha,647545,India,Home
1861,1372,"H.No. 72
Shah Circle",Rourkela,Madhya Pradesh,485403,India,Home
1862,1373,"84/68, Saha Path",Raebareli,Madhya Pradesh,613826,India,Home
1863,1374,"H.No. 977
Sarna Chowk",Bhind,Arunachal Pradesh,996263,India,Home
1864,1374,"92
Boase Chowk",Pimpri-Chinchwad,Manipur,512896,India,Office
1865,1374,"068, Mani Street",Ujjain,Haryana,302399,India,Home
1866,1375,"H.No. 46, Rattan Nagar",Burhanpur,Odisha,306952,India,Office
1867,1375,"H.No. 78, Naidu Marg",Khora ,Jharkhand,285370,India,Home
1868,1376,"44, Nayar Circle",Katihar,Meghalaya,311980,India,Office
1869,1377,"554
Wagle Street",North Dumdum,Haryana,642550,India,Office
1870,1377,"68/87
Ranganathan Circle",Bokaro,Arunachal Pradesh,922131,India,Office
1871,1378,"H.No. 195
Rattan Circle",Dhule,Odisha,879872,India,Home
1872,1379,"142
Pathak Road",Malegaon,Odisha,796441,India,Home
1873,1380,"H.No. 332
Toor Circle",Chittoor,Andhra Pradesh,510287,India,Other
1874,1381,"H.No. 12
Din Nagar",Delhi,Assam,545416,India,Home
1875,1382,"79/21
Luthra Nagar",Vijayanagaram,Chhattisgarh,501526,India,Home
1876,1383,"H.No. 42
Karpe Nagar",Pimpri-Chinchwad,Meghalaya,483309,India,Home
1877,1383,"72/38
Rao Ganj",Purnia,Arunachal Pradesh,457923,India,Home
1878,1384,"71, Wali Road",Orai,Tamil Nadu,970150,India,Home
1879,1384,"67/97, Bala Street",Etawah,Assam,018285,India,Home
1880,1385,"329, Aggarwal Chowk",Ramgarh,Rajasthan,795829,India,Office
1881,1385,"H.No. 85, Dash Path",Haldia,Uttarakhand,971492,India,Home
1882,1386,"57, Choudhry Road",South Dumdum,Jharkhand,396262,India,Office
1883,1387,"18/83
Gokhale Zila",Ramgarh,Uttar Pradesh,736772,India,Office
1884,1387,"H.No. 34
Oommen Ganj",Surendranagar Dudhrej,Mizoram,296571,India,Home
1885,1388,"43
Bassi Circle",Srikakulam,Odisha,348042,India,Home
1886,1389,"96
Balasubramanian Nagar",Tezpur,Jharkhand,916573,India,Office
1887,1390,"24
Ravi Street",Durgapur,Chhattisgarh,492036,India,Home
1888,1390,"H.No. 914, Chaudhry Nagar",Siliguri,Manipur,117226,India,Home
1889,1391,"H.No. 475
Arya Marg",Amritsar,Mizoram,293359,India,Home
1890,1392,"42
Yohannan Street",North Dumdum,Punjab,677153,India,Home
1891,1393,"262, Shroff Road",Sambhal,Karnataka,032990,India,Office
1892,1394,"06/476, Muni Zila",Ulhasnagar,Manipur,355404,India,Home
1893,1395,"31/697, Dhawan",Bhiwani,Manipur,493934,India,Office
1894,1396,"96/904, Kala Path",Sri Ganganagar,Goa,835733,India,Office
1895,1397,"307, Malhotra Ganj",Kulti,Rajasthan,023641,India,Office
1896,1398,"474, Yohannan Nagar",Jhansi,Tamil Nadu,203350,India,Office
1897,1399,"H.No. 602
Deo Ganj",Jalandhar,Uttarakhand,715558,India,Office
1898,1400,"H.No. 940
Doshi Road",Dewas,Karnataka,411992,India,Home
1899,1401,"H.No. 12
Kaul Path",Shivpuri,Tripura,913505,India,Office
1900,1402,"49/419, Choudhary Chowk",Mehsana,West Bengal,571663,India,Home
1901,1403,"24/63, Sani Nagar",Bulandshahr,Chhattisgarh,856352,India,Home
1902,1404,"H.No. 761, Barman Path",Jamnagar,Arunachal Pradesh,986856,India,Home
1903,1404,"14
Kale Ganj",Nagpur,Mizoram,901014,India,Home
1904,1405,"10/392
Varghese Chowk",Siwan,Punjab,046163,India,Office
1905,1405,"87, Pandey Circle",Dehri,Uttarakhand,690509,India,Home
1906,1406,"H.No. 68
Dyal Circle",Nangloi Jat,Goa,072720,India,Home
1907,1407,"47/237, Pandey Ganj",Ichalkaranji,Andhra Pradesh,830830,India,Home
1908,1408,"78/99
Prabhu",Rohtak,Kerala,983671,India,Office
1909,1409,"74
Banik",Nadiad,Mizoram,751857,India,Office
1910,1410,"H.No. 645, Bath Marg",Narasaraopet,Uttar Pradesh,634318,India,Office
1911,1411,"73/920, Desai Nagar",Dehri,Uttarakhand,653377,India,Home
1912,1412,"031
Tandon Marg",Moradabad,Odisha,615487,India,Home
1913,1413,"H.No. 124, Devi Nagar",Ramagundam,Karnataka,005490,India,Home
1914,1413,"99/839, Ratti Chowk",Patiala,Mizoram,246163,India,Home
1915,1413,"438, Bhargava Ganj",Ludhiana,Odisha,435294,India,Home
1916,1414,"H.No. 741, Sachar Chowk",Gopalpur,Maharashtra,289735,India,Home
1917,1415,"96/22, Dubey Path",Khammam,Rajasthan,002230,India,Office
1918,1416,"405, Sidhu Marg",Kota,Goa,158904,India,Home
1919,1417,"28/05, Sachar Zila",Chinsurah,Arunachal Pradesh,239278,India,Home
1920,1418,"H.No. 79
Raj Nagar",Erode,Assam,276958,India,Home
1921,1419,"H.No. 42
Dhillon Nagar",Rampur,Tamil Nadu,488631,India,Home
1922,1420,"37, Mital Zila",Kalyan-Dombivli,Haryana,180266,India,Home
1923,1421,"H.No. 19, Rege Ganj",Yamunanagar,Assam,471891,India,Home
1924,1421,"92/56, Dhar",Shivpuri,Maharashtra,410341,India,Home
1925,1422,"H.No. 318
Choudhry Zila",Bijapur,Andhra Pradesh,132517,India,Home
1926,1422,"H.No. 47, Thakkar Nagar",Vijayanagaram,Andhra Pradesh,067148,India,Home
1927,1423,"31/03
Lala Zila",Pali,Himachal Pradesh,722757,India,Other
1928,1423,"H.No. 740
Kala Ganj",Bilaspur,Himachal Pradesh,093391,India,Home
1929,1424,"94, Grewal Zila",Dewas,Assam,603267,India,Home
1930,1424,"180
Suresh Path",New Delhi,Assam,108965,India,Home
1931,1425,"12
Kara Path",Agra,Madhya Pradesh,004748,India,Office
1932,1425,"94
Radhakrishnan Circle",Danapur,Himachal Pradesh,703610,India,Home
1933,1426,"70, Saxena Zila",Korba,Rajasthan,594933,India,Home
1934,1427,"81, Borah Zila",Aligarh,Odisha,004902,India,Home
1935,1428,"H.No. 44, Parikh Zila",Guntakal,Maharashtra,433384,India,Home
1936,1429,"55/239
Srinivasan Zila",Rajpur Sonarpur,Telangana,530049,India,Home
1937,1430,"65, Raju Ganj",Srikakulam,Meghalaya,317394,India,Office
1938,1431,"24/872
Palla Ganj",Ozhukarai,Sikkim,927687,India,Home
1939,1432,"H.No. 13, Iyer Road",Ongole,Punjab,706055,India,Other
1940,1433,"35, Dass Chowk",Bhilai,Madhya Pradesh,506989,India,Home
1941,1434,"H.No. 46, Rattan Road",Guntakal,Nagaland,014557,India,Home
1942,1435,"934, Soman Street",Panvel,Madhya Pradesh,925529,India,Home
1943,1436,"H.No. 09, Ramachandran Street",Chennai,Arunachal Pradesh,101561,India,Home
1944,1437,"H.No. 973
Kuruvilla Circle",Kottayam,Assam,130088,India,Home
1945,1438,"38/469, Behl",Morena,Chhattisgarh,310448,India,Home
1946,1439,"73, Patil Marg",Gurgaon,Assam,218822,India,Home
1947,1440,"31, Rao Circle",Bhilai,Meghalaya,130236,India,Home
1948,1441,"H.No. 693
Toor Marg",Ratlam,Rajasthan,676403,India,Office
1949,1442,"919, Gola Ganj",Kolhapur,Uttar Pradesh,671269,India,Home
1950,1443,"94, Nagi",Gaya,Karnataka,964448,India,Home
1951,1444,"686
Chowdhury Circle",Aurangabad,Jharkhand,306409,India,Home
1952,1445,"H.No. 87, Chada Chowk",Ratlam,Tamil Nadu,906278,India,Home
1953,1446,"02/59
Doshi Zila",Shimoga,Madhya Pradesh,721626,India,Home
1954,1447,"03/235
Mishra Circle",Jorhat,Uttar Pradesh,295599,India,Home
1955,1447,"37
Hayre",Unnao,West Bengal,519247,India,Home
1956,1448,"11/173
Shah Marg",Bellary,Tamil Nadu,256761,India,Home
1957,1449,"584, Jha Street",Ludhiana,Uttar Pradesh,805630,India,Home
1958,1449,"24/82, Shukla Circle",Tirunelveli,Uttar Pradesh,078831,India,Home
1959,1450,"73/654, Palla Circle",Udaipur,Andhra Pradesh,201970,India,Office
1960,1451,"874
Sarkar Zila",Unnao,Punjab,365129,India,Home
1961,1451,"H.No. 51
Badami Nagar",Jodhpur,Arunachal Pradesh,948422,India,Home
1962,1452,"300
Sahota Ganj",Bidhannagar,Chhattisgarh,350283,India,Home
1963,1453,"34/243, Narayanan Chowk",Ramgarh,Bihar,928091,India,Home
1964,1453,"63/166
Rajan",Farrukhabad,Andhra Pradesh,304544,India,Home
1965,1454,"H.No. 616, Lalla Marg",Kolkata,Andhra Pradesh,458015,India,Other
1966,1455,"64, Sachar Street",Hazaribagh,Andhra Pradesh,411505,India,Home
1967,1456,"96/996, Hayer Zila",Ozhukarai,Uttarakhand,552322,India,Home
1968,1457,"H.No. 88, Shah Ganj",Avadi,Haryana,404762,India,Home
1969,1458,"39/501
D’Alia Zila",Kozhikode,Uttarakhand,586277,India,Home
1970,1458,"03, Saxena Zila",Katihar,Odisha,304588,India,Home
1971,1459,"97/186, More Zila",Mangalore,Punjab,554592,India,Office
1972,1460,"H.No. 59, Savant Marg",Raiganj,Meghalaya,137983,India,Office
1973,1461,"45/762, Krishna Chowk",Vasai-Virar,Assam,089589,India,Home
1974,1462,"H.No. 152
Dada Street",Panihati,Madhya Pradesh,008347,India,Home
1975,1463,"12/898
Karan",Shimla,Himachal Pradesh,113997,India,Office
1976,1464,"15, Bava Marg",Rajpur Sonarpur,Mizoram,885285,India,Office
1977,1465,"18/43
Sibal",Latur,Arunachal Pradesh,073794,India,Home
1978,1466,"H.No. 57
Mukherjee Road",Bhubaneswar,West Bengal,769262,India,Home
1979,1466,"54/347
Chopra Path",Ludhiana,Uttar Pradesh,359839,India,Home
1980,1466,"90/799
Patla Marg",Hospet,Mizoram,756816,India,Office
1981,1467,"43/40
Kade Chowk",Mango,Rajasthan,776135,India,Home
1982,1467,"07/883, Dugar Marg",Jhansi,Gujarat,403369,India,Office
1983,1468,"850
Kapur Street",Durgapur,Uttarakhand,532735,India,Home
1984,1469,"H.No. 497
Lala Street",Maheshtala,Chhattisgarh,347714,India,Office
1985,1470,"50/93
Murthy Path",Hapur,Tamil Nadu,020061,India,Home
1986,1471,"H.No. 13
More Marg",Karimnagar,Odisha,761218,India,Office
1987,1472,"91/270, Nair Marg",Bahraich,Telangana,122283,India,Home
1988,1473,"H.No. 64, Saini Road",Kulti,Sikkim,455559,India,Home
1989,1474,"H.No. 263
Sangha Path",Panchkula,Meghalaya,894332,India,Home
1990,1475,"39
Bhatia",Bulandshahr,Arunachal Pradesh,823696,India,Other
1991,1475,"90, Gour Street",Ghaziabad,Odisha,550617,India,Home
1992,1476,"70, Oak Zila",Malegaon,Arunachal Pradesh,393449,India,Home
1993,1476,"69, Gade Chowk",Eluru,Goa,833391,India,Home
1994,1477,"69/21, Nazareth Nagar",Nagpur,Meghalaya,226008,India,Home
1995,1478,"837, Mammen Chowk",Malda,Tripura,549857,India,Home
1996,1479,"820
Hari Marg",Kozhikode,Tamil Nadu,126980,India,Office
1997,1480,"H.No. 66
Thakur Path",Durgapur,Telangana,760960,India,Home
1998,1481,"H.No. 72
Oommen Road",Mirzapur,Manipur,787477,India,Home
1999,1481,"H.No. 709
Saha Road",Nangloi Jat,Manipur,061298,India,Home
2000,1481,"842
Vig Marg",Khora ,Chhattisgarh,616417,India,Home
2001,1482,"H.No. 537, Varty Zila",Visakhapatnam,Karnataka,688031,India,Home
2002,1482,"47
Pillai",Asansol,Manipur,124285,India,Home
2003,1483,"H.No. 41, Badami Marg",Gangtok,Punjab,984808,India,Home
2004,1484,"H.No. 170
Ratta Circle",Kota,Kerala,077107,India,Home
2005,1485,"H.No. 433
Pradhan Marg",Kavali,Madhya Pradesh,246105,India,Home
2006,1485,"H.No. 090, Singh Nagar",Aligarh,Meghalaya,020502,India,Other
2007,1486,"49/723
Gill",Jodhpur,Andhra Pradesh,975997,India,Home
2008,1487,"75/396
Seth Path",Rohtak,Uttarakhand,526942,India,Office
2009,1488,"H.No. 16, Chowdhury Road",Rajpur Sonarpur,Manipur,051337,India,Office
2010,1488,"66, Sem",Deoghar,Bihar,085571,India,Home
2011,1489,"H.No. 90
Verma Path",Tadepalligudem,Telangana,881449,India,Home
2012,1490,"03/58, Garg Marg",Ranchi,Sikkim,744509,India,Home
2013,1490,"245
Nadig Ganj",Gandhidham,Telangana,111085,India,Home
2014,1490,"46/68, Nagy",Dehradun,Assam,596183,India,Home
2015,1491,"73/480, Dugal Nagar",Gurgaon,Himachal Pradesh,597205,India,Home
2016,1492,"H.No. 82
Varughese",Motihari,West Bengal,921474,India,Office
2017,1493,"46
Menon Nagar",Ballia,Haryana,178472,India,Office
2018,1494,"H.No. 61, Goswami Chowk",Naihati,Nagaland,452926,India,Home
2019,1495,"98
Sha Circle",Nandyal,Karnataka,458474,India,Home
2020,1496,"401, Deshpande",Vijayanagaram,Andhra Pradesh,962751,India,Home
2021,1497,"H.No. 63, Bala Circle",Jamnagar,Uttarakhand,844793,India,Home
2022,1498,"56/115
Ratti Marg",Mira-Bhayandar,Tamil Nadu,070659,India,Home
2023,1499,"05/31
Banerjee Marg",Bikaner,Manipur,330372,India,Home
2024,1500,"H.No. 862
Misra Road",Nagercoil,Maharashtra,112138,India,Home
2025,1501,"82, Sura Circle",Tenali,Maharashtra,545985,India,Other
2026,1502,"35
Nanda Marg",Vijayawada,Mizoram,288252,India,Home
2027,1503,"886, Barman Marg",Srikakulam,Himachal Pradesh,998428,India,Home
2028,1504,"84/705, Basu Street",Vijayawada,Sikkim,298871,India,Home
2029,1505,"203, Raj Marg",Durg,Chhattisgarh,786268,India,Home
2030,1506,"728
Radhakrishnan Chowk",Latur,Chhattisgarh,877834,India,Home
2031,1506,"H.No. 062
Kari Circle",Shimoga,Rajasthan,573562,India,Office
2032,1507,"27/700, Narayanan Road",Sonipat,Mizoram,973027,India,Home
2033,1508,"22/857, Muni Nagar",Rohtak,Arunachal Pradesh,555468,India,Other
2034,1508,"77/04, Chawla Zila",Morena,Nagaland,596467,India,Home
2035,1509,"65/69, Mishra Nagar",Kottayam,Sikkim,673322,India,Home
2036,1510,"24/895, Warrior Path",Bahraich,Andhra Pradesh,623945,India,Home
2037,1511,"640
Sachar Chowk",Miryalaguda,Punjab,301203,India,Home
2038,1512,"80/13, Tara Circle",Gandhinagar,Chhattisgarh,356890,India,Home
2039,1512,"10/80
Pau Zila",Tiruppur,Manipur,356702,India,Home
2040,1513,"28
Bobal Chowk",Eluru,Kerala,957945,India,Office
2041,1514,"H.No. 95
Prabhakar",Indore,Karnataka,362917,India,Home
2042,1515,"H.No. 85, Borde Road",Hapur,Goa,252078,India,Home
2043,1515,"H.No. 651, Goyal Zila",Dewas,Uttarakhand,744520,India,Home
2044,1516,"H.No. 276, Lala",Panihati,Andhra Pradesh,403532,India,Office
2045,1517,"440, Iyer Street",Muzaffarpur,Jharkhand,941218,India,Home
2046,1517,"H.No. 25, Nadig Chowk",Indore,Jharkhand,941232,India,Office
2047,1518,"H.No. 60
Chahal Zila",Kurnool,Uttar Pradesh,348571,India,Home
2048,1519,"996, Shenoy Street",Bongaigaon,Maharashtra,273421,India,Home
2049,1519,"029, Jani Zila",Rajahmundry,Arunachal Pradesh,494802,India,Home
2050,1519,"88/19, Sachar Marg",Karimnagar,Goa,191990,India,Home
2051,1520,"H.No. 335, Jhaveri Marg",Mango,Chhattisgarh,667041,India,Office
2052,1521,"H.No. 038
Chanda",Guna,Uttar Pradesh,405013,India,Home
2053,1521,"034, Pillai Road",Bhopal,Meghalaya,487650,India,Home
2054,1522,"52
Sharaf Path",Kamarhati,Assam,316037,India,Home
2055,1522,"H.No. 057, Guha Nagar",Tiruppur,Arunachal Pradesh,670059,India,Home
2056,1523,"96
Korpal Marg",Shahjahanpur,Gujarat,007158,India,Home
2057,1523,"H.No. 971, Bava Road",Davanagere,Haryana,343065,India,Home
2058,1524,"H.No. 48
Hans Circle",Latur,Manipur,909722,India,Office
2059,1525,"25/85
Parekh Road",Gorakhpur,Gujarat,960348,India,Home
2060,1526,"678, Jhaveri Circle",Thiruvananthapuram,Madhya Pradesh,238004,India,Office
2061,1526,"47, Venkataraman Path",Haridwar,Maharashtra,867416,India,Office
2062,1526,"12, Ratta Nagar",Aligarh,Manipur,529776,India,Home
2063,1527,"H.No. 458, Agrawal Road",Bhubaneswar,Telangana,415728,India,Other
2064,1527,"43/611, Yohannan Marg",Kochi,Bihar,603611,India,Home
2065,1527,"05, Nori Path",Nadiad,Kerala,268368,India,Home
2066,1528,"771
Bala Road",Ramagundam,Uttar Pradesh,545956,India,Home
2067,1529,"H.No. 030
Chanda Zila",Durgapur,Chhattisgarh,238697,India,Home
2068,1529,"21/736
Kata Circle",Pimpri-Chinchwad,Odisha,709340,India,Home
2069,1530,"50, Comar Circle",Maheshtala,Maharashtra,034848,India,Home
2070,1530,"770
Salvi Nagar",Morbi,Odisha,951429,India,Office
2071,1531,"H.No. 49
Sangha Marg",Durg,Chhattisgarh,756275,India,Home
2072,1532,"00/16, Sekhon Zila",Gopalpur,Jharkhand,945923,India,Home
2073,1533,"16/383
Sami Street",Kottayam,Punjab,100170,India,Home
2074,1534,"12/94
Sen Path",Aurangabad,Telangana,049484,India,Home
2075,1534,"42/355, Jaggi Street",Karawal Nagar,Goa,567981,India,Other
2076,1534,"H.No. 265, Mahal Marg",Chittoor,Bihar,588218,India,Home
2077,1535,"H.No. 894
Agate Zila",Gangtok,Bihar,611464,India,Home
2078,1536,"11
Thaman",Allahabad,Tripura,542473,India,Home
2079,1537,"23/774
Tandon Circle",Kolkata,Arunachal Pradesh,881253,India,Home
2080,1538,"H.No. 12, Balasubramanian Zila",Dehradun,Madhya Pradesh,990966,India,Home
2081,1539,"02/865
Kale Ganj",Jaunpur,Assam,468210,India,Office
2082,1539,"709, Sekhon Nagar",Sambalpur,Meghalaya,886693,India,Home
2083,1540,"H.No. 709, Keer Circle",Dibrugarh,Himachal Pradesh,674876,India,Office
2084,1540,"65/07, Luthra Road",Tenali,Karnataka,267654,India,Home
2085,1541,"82/81, Madan Chowk",Morena,Odisha,003452,India,Home
2086,1542,"H.No. 262, Kara Marg",Thrissur,Chhattisgarh,452573,India,Home
2087,1543,"H.No. 907, Baral Road",Ambattur,Karnataka,685224,India,Home
2088,1543,"75
Dass Zila",Proddatur,Gujarat,990053,India,Home
2089,1544,"69/332
Saraf Chowk",Bellary,Himachal Pradesh,285628,India,Office
2090,1545,"23, Goda Chowk",Naihati,Tripura,103370,India,Home
2091,1546,"94/23, Bandi Road",Amroha,Andhra Pradesh,333318,India,Home
2092,1546,"45/61, Parsa Street",Motihari,Rajasthan,473719,India,Office
2093,1547,"17/696
Babu Circle",Sagar,Kerala,442157,India,Office
2094,1548,"92, Mann Marg",North Dumdum,Gujarat,739688,India,Office
2095,1548,"34/28
Kala Circle",Korba,Punjab,997833,India,Home
2096,1549,"50/321, Uppal",Amaravati,Uttarakhand,551025,India,Home
2097,1550,"66, Ravel Circle",Sambhal,Rajasthan,347671,India,Office
2098,1550,"98/63
Parmar Street",Mumbai,Haryana,242762,India,Home
2099,1551,"H.No. 559, Khurana Marg",Sagar,Gujarat,399495,India,Office
2100,1552,"H.No. 389
Nagi Path",Vijayanagaram,Kerala,531708,India,Other
2101,1553,"002
Babu Zila",Bhind,Gujarat,632567,India,Home
2102,1553,"22/348, Loyal Chowk",Khora ,Assam,601910,India,Home
2103,1553,"H.No. 88, Randhawa Marg",Mango,Gujarat,644789,India,Home
2104,1554,"78/595, Chand Road",Chinsurah,Uttar Pradesh,909371,India,Home
2105,1555,"H.No. 58
Atwal Zila",Etawah,Tripura,346694,India,Office
2106,1555,"33
Sastry Circle",Anantapur,Chhattisgarh,566518,India,Office
2107,1556,"84, Savant Chowk",Guntakal,Mizoram,743450,India,Home
2108,1556,"59/38
Rana Nagar",North Dumdum,Arunachal Pradesh,308996,India,Home
2109,1557,"92
Kapadia Road",Ahmednagar,Kerala,869521,India,Home
2110,1557,"H.No. 560, Thaman Ganj",Rajkot,Andhra Pradesh,354694,India,Home
2111,1558,"04
Bhargava",Morena,Madhya Pradesh,747691,India,Other
2112,1558,"12, D’Alia Street",Varanasi,Tripura,965586,India,Home
2113,1559,"90/041, Verma Path",Thrissur,Gujarat,286601,India,Home
2114,1560,"55/00, Nigam Street",Nellore,Uttar Pradesh,101245,India,Home
2115,1561,"H.No. 815
Bhakta Circle",Mysore,Punjab,999136,India,Home
2116,1562,"H.No. 551
Chandran",Gangtok,Maharashtra,186717,India,Home
2117,1563,"04/92, Jani",Proddatur,Tamil Nadu,071961,India,Home
2118,1564,"33/21, Mammen Ganj",Ujjain,Chhattisgarh,940037,India,Home
2119,1565,"75, Palla Circle",Bhatpara,Tamil Nadu,480661,India,Home
2120,1565,"26/203, Rama Nagar",Srinagar,Maharashtra,712118,India,Home
2121,1566,"H.No. 181
Deep Zila",Srikakulam,West Bengal,302559,India,Home
2122,1567,"20/62
Contractor Ganj",Mau,Punjab,889109,India,Home
2123,1567,"19/680
Parmer Road",Hapur,Goa,120360,India,Home
2124,1568,"41, Arya Circle",Rohtak,Telangana,081971,India,Home
2125,1569,"H.No. 834
Nanda Marg",Parbhani,Odisha,060958,India,Office
2126,1570,"27, Oak Road",Bhiwani,Punjab,985907,India,Home
2127,1571,"941
Dhar Road",Ramagundam,Punjab,776253,India,Home
2128,1572,"66
Chada",Jammu,Arunachal Pradesh,647286,India,Home
2129,1573,"46, Nagarajan Circle",Guntur,Uttar Pradesh,297611,India,Home
2130,1574,"28
Saran Marg",Jhansi,Jharkhand,468967,India,Home
2131,1575,"H.No. 656, Tank Street",Sagar,Arunachal Pradesh,157231,India,Home
2132,1576,"H.No. 24, Jain Street",Saharanpur,Karnataka,008589,India,Office
2133,1577,"61/72
Pathak Zila",Sonipat,Tripura,053531,India,Other
2134,1578,"18/456, Narayan Nagar",Tumkur,Sikkim,322109,India,Other
2135,1578,"944, Chopra Ganj",Aurangabad,Himachal Pradesh,878343,India,Home
2136,1579,"98
Modi Street",Jalgaon,Bihar,682313,India,Home
2137,1580,"98/18
Aurora Zila",Tezpur,Madhya Pradesh,426578,India,Home
2138,1580,"558
Seth Chowk",Sri Ganganagar,West Bengal,634888,India,Home
2139,1581,"725, Merchant Road",Warangal,Rajasthan,351178,India,Home
2140,1581,"05/03, Nayar Road",Berhampur,Nagaland,872047,India,Home
2141,1581,"66
Basu Marg",Panvel,Nagaland,458712,India,Office
2142,1582,"75/313, Parsa Marg",Kota,Kerala,621074,India,Home
2143,1582,"H.No. 43, Dara Nagar",Munger,Assam,452996,India,Home
2144,1583,"H.No. 74
Jayaraman Road",Coimbatore,Punjab,115333,India,Office
2145,1584,"72/96
Sibal",Tiruchirappalli,Andhra Pradesh,343449,India,Home
2146,1584,"H.No. 85
Sachdev Circle",Bettiah,Mizoram,786021,India,Office
2147,1585,"92/79
Kalla Road",Junagadh,Haryana,749033,India,Home
2148,1586,"223, Nagy",Proddatur,Arunachal Pradesh,047314,India,Home
2149,1586,"87, Sharaf Road",Mehsana,Himachal Pradesh,703666,India,Home
2150,1587,"00
Purohit Chowk",Nanded,West Bengal,128219,India,Home
2151,1587,"68/27, Lal Circle",Guntur,Maharashtra,393304,India,Other
2152,1588,"96/920
Rattan Marg",Patna,Himachal Pradesh,312344,India,Home
2153,1589,"H.No. 84, Chand",Saharsa,Sikkim,651242,India,Home
2154,1590,"H.No. 637, Chakrabarti Circle",Surat,Jharkhand,648116,India,Office
2155,1590,"55/85
Kuruvilla",Srinagar,Punjab,793136,India,Home
2156,1591,"65/972, Ratta Chowk",Purnia,Mizoram,775935,India,Home
2157,1592,"H.No. 341
Kurian Chowk",Bhimavaram,Kerala,808842,India,Other
2158,1592,"23
Arya Ganj",Machilipatnam,Bihar,001113,India,Office
2159,1593,"H.No. 48, Morar Nagar",South Dumdum,Telangana,647921,India,Office
2160,1594,"90/10
Ramesh Circle",Yamunanagar,Tripura,790499,India,Home
2161,1594,"H.No. 73, Bala Circle",Malda,Punjab,736720,India,Home
2162,1595,"H.No. 023
Golla Chowk",Farrukhabad,Haryana,058699,India,Home
2163,1596,"459
Chawla Chowk",Mirzapur,Sikkim,932770,India,Office
2164,1597,"H.No. 549, Shukla Zila",Tiruppur,Rajasthan,609685,India,Home
2165,1598,"88/86
Banerjee Zila",Mahbubnagar,Meghalaya,586794,India,Home
2166,1599,"36/447, Ganguly Nagar",Kollam,Chhattisgarh,676596,India,Home
2167,1600,"58/766
Lad",Mango,Telangana,553474,India,Home
2168,1601,"02/405
Savant Ganj",Gulbarga,Punjab,848965,India,Home
2169,1602,"94/503, Palla Chowk",Begusarai,West Bengal,780538,India,Home
2170,1603,"856, Gulati",Medininagar,Bihar,696480,India,Home
2171,1603,"H.No. 737
Bhakta Ganj",Chandigarh,Kerala,632405,India,Home
2172,1604,"H.No. 265, Karpe Circle",Amaravati,Maharashtra,346746,India,Office
2173,1605,"66/033
Sunder Street",Aurangabad,Punjab,415920,India,Office
2174,1606,"H.No. 010
Suresh Street",Varanasi,Meghalaya,951648,India,Home
2175,1607,"77/97
Vasa Ganj",Noida,West Bengal,614435,India,Home
2176,1607,"54/789
Om Ganj",Hapur,Sikkim,602706,India,Home
2177,1608,"H.No. 67
Srivastava Nagar",Hosur,Sikkim,292361,India,Home
2178,1609,"12/37, Kulkarni Chowk",Khora ,Rajasthan,133768,India,Home
2179,1610,"H.No. 580
Bhatti Chowk",Machilipatnam,West Bengal,106407,India,Office
2180,1611,"83, Mitra Circle",Bettiah,Telangana,830348,India,Other
2181,1612,"36
Mane Path",Jalna,Himachal Pradesh,728090,India,Home
2182,1613,"H.No. 788, Ramakrishnan Ganj",Sambalpur,Telangana,678598,India,Office
2183,1613,"H.No. 40
Mutti Circle",Nagpur,Gujarat,075605,India,Home
2184,1614,"99, Dash Nagar",Kozhikode,Gujarat,299966,India,Office
2185,1615,"092, Parmar Ganj",Nagercoil,Himachal Pradesh,307991,India,Home
2186,1616,"H.No. 02
Joshi Chowk",Indore,Bihar,953185,India,Home
2187,1617,"H.No. 423, Wali Zila",Agra,Tripura,820481,India,Home
2188,1618,"30/54, Mani Circle",Bellary,Mizoram,779739,India,Home
2189,1618,"H.No. 55, Vora Ganj",Dindigul,West Bengal,827238,India,Home
2190,1619,"42, Pant",Dibrugarh,Karnataka,557688,India,Home
2191,1619,"H.No. 59, Kohli Nagar",Anand,Bihar,954487,India,Home
2192,1620,"H.No. 504
Manda Circle",Anantapur,Telangana,892446,India,Home
2193,1621,"H.No. 350
Sachar Chowk",Sri Ganganagar,Uttar Pradesh,935588,India,Home
2194,1622,"H.No. 822, Sarna Chowk",Dewas,Manipur,774592,India,Home
2195,1622,"H.No. 12
Varkey Ganj",Siliguri,West Bengal,937979,India,Home
2196,1623,"H.No. 704, Patla Path",Motihari,Uttarakhand,967416,India,Office
2197,1623,"395
Suresh Marg",Jamnagar,Karnataka,935027,India,Office
2198,1624,"49
Prashad Nagar",Amravati,Uttar Pradesh,272765,India,Other
2199,1624,"H.No. 451, Majumdar Ganj",Mehsana,Rajasthan,054558,India,Home
2200,1625,"H.No. 55, Nayar",Raebareli,Uttar Pradesh,168335,India,Home
2201,1626,"66/808
Parekh",Barasat,Uttar Pradesh,086043,India,Home
2202,1627,"15, Sinha Path",Kozhikode,Assam,933686,India,Home
2203,1627,"31/60, Vasa Circle",Nagpur,Assam,558391,India,Home
2204,1628,"H.No. 532, Edwin Nagar",Anantapuram,Arunachal Pradesh,933396,India,Home
2205,1629,"90, Agate Street",Tinsukia,Nagaland,821889,India,Home
2206,1630,"44/78, Sachar Zila",Bhiwani,Madhya Pradesh,420834,India,Home
2207,1630,"426, Master Marg",Alwar,Chhattisgarh,440478,India,Home
2208,1631,"27/966, Sathe Ganj",Kadapa,Assam,744992,India,Home
2209,1632,"87
Mohan Zila",Yamunanagar,Uttarakhand,995315,India,Home
2210,1633,"64
Hayre Street",Hyderabad,Chhattisgarh,908964,India,Home
2211,1634,"68
Dara Zila",Kolhapur,Odisha,324687,India,Home
2212,1635,"037, Karpe Ganj",Proddatur,Tripura,061386,India,Home
2213,1636,"H.No. 85
Thaker Chowk",Faridabad,Himachal Pradesh,596576,India,Home
2214,1636,"86
Agate Circle",Nagercoil,Karnataka,267644,India,Office
2215,1637,"632
Bansal Chowk",Bulandshahr,Bihar,653442,India,Home
2216,1638,"H.No. 421, Sankar Circle",Chandrapur,Manipur,520351,India,Home
2217,1638,"85/05, Prasad Marg",Noida,Haryana,850814,India,Home
2218,1639,"298, Sampath Chowk",Kurnool,Goa,904233,India,Home
2219,1640,"H.No. 608, Brahmbhatt",Varanasi,Arunachal Pradesh,229184,India,Home
2220,1641,"49
Pathak Marg",Thoothukudi,West Bengal,702599,India,Office
2221,1641,"H.No. 143
Thakur Path",Varanasi,Jharkhand,775130,India,Home
2222,1642,"H.No. 092
Chopra Street",Jamalpur,Odisha,453714,India,Home
2223,1643,"204
Butala Ganj",Raiganj,Jharkhand,126665,India,Home
2224,1643,"H.No. 233
Chadha Marg",Raurkela Industrial Township,Karnataka,624755,India,Home
2225,1644,"672
Khurana Nagar",Bhalswa Jahangir Pur,Telangana,275100,India,Home
2226,1645,"68/706
Agate",Surendranagar Dudhrej,Assam,218167,India,Home
2227,1646,"353, Karpe",Pune,Rajasthan,484951,India,Home
2228,1647,"H.No. 70
Minhas Chowk",Ulhasnagar,West Bengal,830242,India,Home
2229,1647,"46/855
Bakshi Zila",Visakhapatnam,Jharkhand,154880,India,Home
2230,1648,"H.No. 093
Mane Ganj",Bharatpur,Telangana,363305,India,Home
2231,1648,"54/370
Zachariah Nagar",Jamshedpur,Madhya Pradesh,377021,India,Office
2232,1648,"H.No. 470
Gour Zila",Gulbarga,Nagaland,397178,India,Home
2233,1649,"81
Radhakrishnan Chowk",Dindigul,Arunachal Pradesh,917393,India,Office
2234,1650,"10/559, Radhakrishnan Zila",Shahjahanpur,Tamil Nadu,793647,India,Home
2235,1650,"94/40, Palla Marg",Raichur,Uttarakhand,593570,India,Home
2236,1651,"50
Lal",Bokaro,West Bengal,785622,India,Home
2237,1652,"H.No. 926
Dave Nagar",Amritsar,Bihar,801093,India,Home
2238,1653,"H.No. 919
Aggarwal Road",Bhind,Arunachal Pradesh,327628,India,Office
2239,1653,"H.No. 87, Swaminathan Chowk",Dhanbad,Assam,972682,India,Home
2240,1654,"H.No. 956, Rattan",Raebareli,Andhra Pradesh,735956,India,Home
2241,1655,"22/05, Jayaraman Zila",Rewa,Haryana,489250,India,Home
2242,1656,"51, Sibal Marg",Loni,Maharashtra,358182,India,Home
2243,1656,"74, Sengupta Circle",Panchkula,Manipur,599584,India,Other
2244,1657,"35/69, Singh",Belgaum,Kerala,019306,India,Home
2245,1657,"91
Raj Street",Gorakhpur,Odisha,969933,India,Home
2246,1658,"031
Sridhar Ganj",Thane,Karnataka,828753,India,Home
2247,1659,"H.No. 52, Garg Marg",Bhavnagar,Punjab,874781,India,Home
2248,1660,"826, Hegde",Arrah,Bihar,392229,India,Home
2249,1661,"H.No. 778, Nayak Marg",Sambalpur,Odisha,750557,India,Home
2250,1661,"79/174
Borah Ganj",Barasat,Gujarat,535381,India,Home
2251,1662,"57/509, Sharaf Street",Dhanbad,Punjab,803695,India,Home
2252,1663,"56/294
Iyengar Ganj",Vellore,Nagaland,708855,India,Home
2253,1663,"94, Mahajan Ganj",Aligarh,Arunachal Pradesh,042797,India,Home
2254,1663,"35/49
Contractor Street",Aligarh,West Bengal,889699,India,Home
2255,1664,"293, Sen Path",Bhagalpur,Mizoram,811157,India,Office
2256,1664,"475, Bera Marg",Bulandshahr,Jharkhand,624554,India,Home
2257,1665,"021
Om Ganj",Pali,Punjab,239407,India,Home
2258,1666,"34, Majumdar Ganj",Yamunanagar,Arunachal Pradesh,470060,India,Home
2259,1667,"81/07, Parmar",Katni,Gujarat,214120,India,Office
2260,1668,"417, Rastogi Path",Yamunanagar,Mizoram,956418,India,Home
2261,1669,"H.No. 13
Hegde Ganj",Katni,Kerala,285915,India,Home
2262,1669,"58/179
Prakash Zila",Motihari,Goa,524922,India,Home
2263,1670,"11/42, Madan",Ramagundam,Bihar,013856,India,Home
2264,1670,"14/26, Dube Path",Jamshedpur,Uttarakhand,017402,India,Home
2265,1671,"84/46, Thakur",Sambhal,Kerala,818272,India,Home
2266,1672,"675, Chaudry",Bijapur,Himachal Pradesh,532180,India,Home
2267,1673,"H.No. 308, Devan Path",Kota,Kerala,823428,India,Home
2268,1674,"02/246
Ramaswamy Street",Jodhpur,Rajasthan,202534,India,Home
2269,1675,"867, Sem Nagar",Kharagpur,Andhra Pradesh,293987,India,Home
2270,1676,"67/408
Sur Chowk",Aurangabad,Arunachal Pradesh,524003,India,Home
2271,1677,"05/109, Dhillon Chowk",Surendranagar Dudhrej,Uttar Pradesh,542654,India,Home
2272,1677,"89, Gokhale Ganj",Raebareli,Tripura,985238,India,Home
2273,1678,"28/93, Handa Marg",Jaunpur,Nagaland,807042,India,Home
2274,1679,"H.No. 73, Verma Zila",Adoni,Haryana,169921,India,Office
2275,1680,"H.No. 34, Bhandari Chowk",Chennai,Uttarakhand,077508,India,Home
2276,1681,"49/99
Hora Marg",Sirsa,Madhya Pradesh,621380,India,Home
2277,1682,"51/94
Mammen Circle",Alwar,Telangana,259551,India,Home
2278,1683,"059, Panchal Zila",Jalandhar,Odisha,351109,India,Home
2279,1684,"45
Karpe Zila",Berhampur,Madhya Pradesh,905041,India,Home
2280,1685,"722
Lal Ganj",Gurgaon,West Bengal,870323,India,Home
2281,1685,"817, Vora Zila",Nagercoil,West Bengal,752112,India,Home
2282,1685,"59/637
Bobal Ganj",Farrukhabad,Punjab,310886,India,Home
2283,1686,"065, Lad",Indore,Haryana,803648,India,Home
2284,1686,"10/021
Dua Circle",Aurangabad,Tamil Nadu,081702,India,Home
2285,1687,"16
Singhal Circle",Nellore,Goa,499970,India,Home
2286,1688,"20/434, Kumer Chowk",Kurnool,Jharkhand,210651,India,Office
2287,1688,"H.No. 460, Arora Zila",Bhubaneswar,Gujarat,355579,India,Home
2288,1688,"072
Kata Street",Bhusawal,Tripura,217618,India,Office
2289,1689,"87/767
Prabhakar Chowk",Bellary,Mizoram,712398,India,Office
2290,1690,"93/97, Barman Street",Guna,Meghalaya,045194,India,Home
2291,1690,"H.No. 86
Chad Circle",Rajahmundry,Himachal Pradesh,880796,India,Home
2292,1691,"03/157
Uppal Path",Udupi,Gujarat,853620,India,Home
2293,1692,"H.No. 49
Keer Ganj",Sultan Pur Majra,Assam,406385,India,Home
2294,1693,"02
Sidhu Nagar",Raichur,Gujarat,842055,India,Home
2295,1694,"53/544
Sengupta Nagar",Sirsa,Manipur,210072,India,Home
2296,1695,"H.No. 09, Talwar Road",Amravati,Uttar Pradesh,461757,India,Office
2297,1696,"H.No. 10, Sane Road",Karawal Nagar,Assam,442624,India,Home
2298,1697,"04
Sachdeva",Gwalior,Bihar,187703,India,Home
2299,1698,"570, Memon Road",Bhopal,Manipur,246689,India,Home
2300,1699,"49/030
Kari Road",Madhyamgram,Manipur,469247,India,Office
2301,1700,"H.No. 81, Handa Zila",Tiruchirappalli,Mizoram,432314,India,Home
2302,1701,"65/181
Sheth Street",Hindupur,Assam,003437,India,Home
2303,1702,"256
Minhas Chowk",Bathinda,Gujarat,251231,India,Office
2304,1703,"H.No. 41, Comar Zila",Durgapur,Andhra Pradesh,071369,India,Office
2305,1703,"H.No. 052, Borra Street",Bilaspur,Goa,735384,India,Home
2306,1704,"H.No. 61, Rout Zila",Satara,Sikkim,426184,India,Home
2307,1705,"H.No. 37
Wason Path",Rewa,Mizoram,950814,India,Home
2308,1706,"H.No. 232
Palan Ganj",Guntakal,Haryana,803528,India,Office
2309,1707,"H.No. 07, Bath Path",Danapur,Assam,354425,India,Home
2310,1707,"H.No. 77, Subramanian Chowk",Baranagar,Tripura,964930,India,Home
2311,1708,"40
Saran Nagar",Kharagpur,Odisha,648627,India,Office
2312,1708,"H.No. 37
Kari Chowk",Ramagundam,Rajasthan,091210,India,Home
2313,1709,"H.No. 725
Pandya Road",Madanapalle,Maharashtra,160993,India,Home
2314,1710,"47/079, Ranganathan Street",Karimnagar,Sikkim,743160,India,Home
2315,1711,"503, Mishra",Kavali,Mizoram,427895,India,Home
2316,1711,"36/179, Sachdeva Road",Naihati,Uttar Pradesh,959578,India,Office
2317,1712,"731, Mani Chowk",Bahraich,Telangana,832240,India,Home
2318,1713,"936, Soni Street",Kota,Manipur,404046,India,Office
2319,1713,"51/128
Kashyap Marg",Bhilai,Andhra Pradesh,022892,India,Home
2320,1714,"45, Parikh",Hajipur,Tamil Nadu,767742,India,Home
2321,1715,"35/43, Shan Ganj",Guntur,Tamil Nadu,839692,India,Home
2322,1716,"H.No. 10, Devi Nagar",Mumbai,Meghalaya,214348,India,Home
2323,1717,"65/37
Patel Zila",Fatehpur,Haryana,052089,India,Home
2324,1718,"H.No. 873, Pathak Nagar",Fatehpur,Punjab,377312,India,Office
2325,1719,"414
Oak Circle",Kozhikode,Sikkim,590826,India,Home
2326,1720,"H.No. 907, Gera Street",Kishanganj,Rajasthan,121894,India,Home
2327,1721,"395
Sachdev",Mira-Bhayandar,Haryana,159987,India,Home
2328,1721,"H.No. 757
Balan",Rourkela,Gujarat,888060,India,Office
2329,1722,"H.No. 750
Mammen Street",Korba,Andhra Pradesh,788675,India,Home
2330,1723,"H.No. 58
Ahluwalia Path",Ramgarh,Tripura,450497,India,Home
2331,1724,"669, Ramaswamy Road",Amroha,Goa,518142,India,Home
2332,1725,"H.No. 38, Naik Road",Rampur,Madhya Pradesh,176434,India,Home
2333,1725,"41/66, Kunda Chowk",Mango,Nagaland,985857,India,Office
2334,1726,"11/06
Shankar Marg",Haldia,Jharkhand,879397,India,Home
2335,1727,"770
Dutta Zila",Ramgarh,Gujarat,645982,India,Home
2336,1728,"780
Sarraf Road",Jalna,Arunachal Pradesh,936518,India,Home
2337,1729,"H.No. 69
Sankaran Street",Dhanbad,Uttarakhand,273571,India,Home
2338,1730,"H.No. 67, Bora Street",Kulti,Andhra Pradesh,857895,India,Home
2339,1731,"H.No. 32, Golla Road",Munger,Madhya Pradesh,098057,India,Home
2340,1731,"90, Balasubramanian Ganj",Agartala,Assam,653298,India,Other
2341,1732,"84
Sawhney",Bhopal,Telangana,060074,India,Home
2342,1733,"H.No. 433
Balay Chowk",Alwar,Telangana,744368,India,Office
2343,1734,"H.No. 638
Sarkar Chowk",Vijayawada,Kerala,740545,India,Home
2344,1735,"18
Mannan Street",Aizawl,Assam,278531,India,Home
2345,1736,"H.No. 988
Ghose Chowk",Dhule,Tamil Nadu,921223,India,Home
2346,1737,"98/21, Bajwa Path",Surendranagar Dudhrej,Tamil Nadu,320448,India,Home
2347,1737,"H.No. 67
Bobal Chowk",Shimoga,Bihar,660456,India,Home
2348,1737,"11/64, Sarraf Path",Pallavaram,Uttar Pradesh,657666,India,Home
2349,1738,"60
Pandit Circle",Bangalore,Mizoram,296455,India,Office
2350,1739,"H.No. 750, Yogi Road",Dehri,Chhattisgarh,275442,India,Home
2351,1739,"H.No. 618, Baria Path",Medininagar,Goa,386400,India,Home
2352,1740,"24
Sankaran Marg",Bhimavaram,Arunachal Pradesh,214303,India,Home
2353,1741,"39/33, Brar Nagar",Gorakhpur,Uttar Pradesh,065488,India,Home
2354,1741,"H.No. 87
Prabhu Path",Ramagundam,Kerala,961514,India,Home
2355,1742,"97, Pal Road",Nagaon,Gujarat,179838,India,Home
2356,1743,"13/556
Sankaran Marg",Kurnool,Uttar Pradesh,864178,India,Home
2357,1744,"H.No. 60, Choudhry Zila",Bikaner,Himachal Pradesh,947629,India,Home
2358,1745,"84, Sankar Street",Bhiwandi,Meghalaya,367990,India,Home
2359,1746,"H.No. 271, Bhardwaj",Warangal,Uttarakhand,387212,India,Office
2360,1746,"H.No. 19, Mahal Nagar",Eluru,Goa,462201,India,Home
2361,1746,"H.No. 66
Keer Ganj",Nagercoil,Arunachal Pradesh,432625,India,Home
2362,1747,"81/403, Talwar Nagar",Satara,West Bengal,142024,India,Home
2363,1748,"507
Pillay Road",Ghaziabad,Gujarat,280999,India,Home
2364,1748,"H.No. 244
Mittal Nagar",Chandigarh,Andhra Pradesh,771823,India,Home
2365,1749,"32/773
Sarin Chowk",Tiruvottiyur,Himachal Pradesh,617275,India,Office
2366,1750,"554
Chhabra Circle",Bhind,Bihar,666153,India,Home
2367,1750,"29/42, Behl Chowk",Coimbatore,Kerala,134339,India,Other
2368,1751,"27, Zacharia",Dibrugarh,Goa,773391,India,Home
2369,1752,"90/37, Choudhary Zila",Mango,Kerala,955714,India,Office
2370,1753,"H.No. 162, Bandi Street",Anantapur,Punjab,004436,India,Home
2371,1754,"644
Kade Road",Phusro,Uttar Pradesh,914220,India,Home
2372,1755,"22, Rao Chowk",Imphal,Goa,808785,India,Home
2373,1756,"H.No. 093
Zachariah Ganj",Bellary,Arunachal Pradesh,090063,India,Office
2374,1756,"H.No. 86, Sehgal Chowk",Anantapuram,Madhya Pradesh,861728,India,Other
2375,1757,"03
Mahal Road",Thrissur,Haryana,465684,India,Office
2376,1757,"H.No. 46, Natarajan Ganj",Kirari Suleman Nagar,Karnataka,351851,India,Home
2377,1758,"96
Patel Path",Khammam,Uttar Pradesh,003375,India,Other
2378,1759,"964, Kunda Circle",Hubli–Dharwad,Andhra Pradesh,225145,India,Office
2379,1760,"95
Setty Ganj",Berhampur,Meghalaya,604142,India,Other
2380,1760,"H.No. 30
Sodhi Street",Bongaigaon,Assam,722982,India,Home
2381,1761,"H.No. 935, Mukhopadhyay Street",Medininagar,Chhattisgarh,950149,India,Home
2382,1762,"840
Sankaran Chowk",Davanagere,Punjab,878347,India,Home
2383,1763,"90
Sarma Nagar",Bijapur,Jharkhand,666948,India,Home
2384,1764,"09, Kade Road",Dibrugarh,Goa,085592,India,Home
2385,1764,"62/972
Rai Marg",Bhagalpur,Uttar Pradesh,572734,India,Home
2386,1764,"92/70
Sibal Road",Nellore,Tripura,446661,India,Home
2387,1765,"H.No. 14, Raju",Bongaigaon,Arunachal Pradesh,862886,India,Home
2388,1765,"24/49
Bahl Road",Karimnagar,Assam,956134,India,Home
2389,1765,"H.No. 883
Chaudhuri Ganj",Tinsukia,Andhra Pradesh,693476,India,Office
2390,1766,"377, Kota",Mysore,Tripura,201631,India,Home
2391,1767,"002
Chaudhary Ganj",Saharanpur,Gujarat,336314,India,Office
2392,1768,"82/12, Bath Chowk",Sambalpur,Bihar,720129,India,Office
2393,1769,"03/17
Nagarajan Chowk",Ramgarh,Tamil Nadu,001917,India,Home
2394,1770,"H.No. 32
More Road",Bardhaman,Gujarat,151547,India,Home
2395,1770,"91
Shroff Zila",Suryapet,Manipur,272820,India,Office
2396,1771,"H.No. 093
Andra Circle",Ichalkaranji,Rajasthan,232160,India,Office
2397,1772,"H.No. 93, Lanka Street",Bongaigaon,Haryana,527625,India,Home
2398,1773,"02/131, Sarkar Zila",Phusro,Kerala,283267,India,Office
2399,1773,"H.No. 167, Choudhry Circle",Bhiwani,Manipur,290251,India,Home
2400,1774,"864
Sankaran Street",Muzaffarpur,Tripura,220994,India,Home
2401,1775,"53, Mandal Nagar",Karimnagar,Uttar Pradesh,198410,India,Home
2402,1776,"H.No. 755
Wable Nagar",Orai,Karnataka,846770,India,Office
2403,1777,"84, Seth Marg",Dhanbad,Telangana,830764,India,Home
2404,1778,"H.No. 583
Narang Path",Guwahati,Meghalaya,727973,India,Office
2405,1779,"29/01, Keer Circle",Hyderabad,Kerala,121340,India,Home
2406,1780,"680
Baral Zila",Ludhiana,Goa,065117,India,Home
2407,1781,"11
Bawa Chowk",Darbhanga,Nagaland,796886,India,Other
2408,1782,"12/407, Bakshi",Bihar Sharif,Nagaland,388190,India,Office
2409,1782,"H.No. 456, Ratti Chowk",Bahraich,Maharashtra,952496,India,Home
2410,1783,"H.No. 709, Chandra Street",Bhusawal,Jharkhand,177022,India,Office
2411,1783,"04/53, Seth Road",Gandhidham,Manipur,532095,India,Home
2412,1783,"48/98, Keer Chowk",Ambala,Meghalaya,729933,India,Home
2413,1784,"70/240
Kibe",Bhusawal,Gujarat,648442,India,Home
2414,1785,"983
Ramaswamy Path",Mira-Bhayandar,Tamil Nadu,918867,India,Home
2415,1785,"273
Kara Path",Bijapur,Andhra Pradesh,201663,India,Home
2416,1786,"H.No. 01, Deol Road",Dindigul,Madhya Pradesh,452636,India,Home
2417,1787,"86/23, Patla Ganj",Patna,Jharkhand,455143,India,Home
2418,1788,"H.No. 21
Cheema Zila",Sonipat,Himachal Pradesh,495742,India,Home
2419,1788,"88/424, Khanna Marg",Ambarnath,Assam,911647,India,Home
2420,1788,"H.No. 64, Thaker Street",Malegaon,Himachal Pradesh,353998,India,Home
2421,1789,"H.No. 91
Khatri Path",Ghaziabad,Manipur,145183,India,Home
2422,1790,"92
Bava Ganj",Kirari Suleman Nagar,Uttarakhand,453108,India,Home
2423,1791,"464, Sridhar Ganj",Gulbarga,Jharkhand,014606,India,Home
2424,1792,"96/106
Sachdev",Amroha,Jharkhand,218790,India,Home
2425,1793,"H.No. 06
Lata Zila",Gwalior,Kerala,112502,India,Home
2426,1794,"H.No. 600, Ben Road",Ongole,Goa,832120,India,Home
2427,1795,"H.No. 498
Dhaliwal Road",Vadodara,West Bengal,966997,India,Home
2428,1796,"001
Chad Road",Gopalpur,Chhattisgarh,607372,India,Office
2429,1797,"86/159, Gara Path",Khora ,Tamil Nadu,757637,India,Home
2430,1798,"30/55, Sridhar Chowk",Ghaziabad,Rajasthan,676074,India,Home
2431,1799,"H.No. 593, Mahajan",Ratlam,Andhra Pradesh,390356,India,Home
2432,1800,"858, Rajagopal Marg",Kanpur,West Bengal,354760,India,Home
2433,1801,"H.No. 12
Bhandari Zila",Orai,Jharkhand,622644,India,Home
2434,1802,"02/45, Memon",Orai,Kerala,565352,India,Other
2435,1803,"37/795
Sekhon Nagar",Mirzapur,Tripura,737485,India,Office
2436,1804,"H.No. 12, Narayanan Street",Gurgaon,Manipur,175227,India,Home
2437,1805,"49/65, Kadakia Street",Mehsana,Himachal Pradesh,203854,India,Office
2438,1805,"00, Lala Circle",Tiruvottiyur,Odisha,242695,India,Home
2439,1805,"H.No. 38
Biswas Path",Narasaraopet,West Bengal,635294,India,Home
2440,1806,"H.No. 426
Bains Street",Allahabad,Mizoram,206334,India,Home
2441,1806,"H.No. 189
Vora Chowk",Maheshtala,Manipur,826593,India,Home
2442,1807,"80/419, Srivastava Zila",Yamunanagar,Arunachal Pradesh,330854,India,Home
2443,1808,"H.No. 843
Sani Marg",Bokaro,Sikkim,931378,India,Home
2444,1809,"21/093, Sunder Marg",Panchkula,Manipur,736576,India,Home
2445,1809,"H.No. 54
Bhardwaj Path",Chandrapur,Mizoram,954351,India,Home
2446,1810,"H.No. 269, Murty Ganj",Tiruppur,Haryana,892333,India,Home
2447,1811,"514, Murty Circle",Bhopal,Manipur,264062,India,Home
2448,1812,"H.No. 674
Nagarajan Zila",Bihar Sharif,Jharkhand,621648,India,Home
2449,1812,"42/797, Bhagat Ganj",Ballia,Jharkhand,695725,India,Home
2450,1813,"02/358, Jhaveri",Surendranagar Dudhrej,Tripura,258284,India,Office
2451,1814,"94/95, Rajagopalan Zila",Ballia,Assam,564464,India,Home
2452,1814,"390
Kuruvilla Nagar",Uluberia,Goa,286785,India,Home
2453,1814,"H.No. 70
Thakkar Zila",Morbi,Punjab,014670,India,Home
2454,1815,"72, Basu Path",Ambala,Tamil Nadu,041770,India,Office
2455,1816,"460
Cherian Ganj",Navi Mumbai,Haryana,079921,India,Home
2456,1817,"H.No. 57
Goel Path",Hapur,Jharkhand,832867,India,Home
2457,1818,"H.No. 506
Verma Marg",Sri Ganganagar,Kerala,155661,India,Home
2458,1818,"89
Bassi Road",Bidar,Telangana,646059,India,Home
2459,1819,"H.No. 16
Bora Zila",Dhule,Odisha,632245,India,Home
2460,1820,"25/69, Bhavsar Marg",Jodhpur,Chhattisgarh,974869,India,Office
2461,1821,"48/79
Rege Circle",Guwahati,Odisha,305270,India,Home
2462,1822,"36/922
Brar Path",Chandrapur,Chhattisgarh,012746,India,Office
2463,1823,"H.No. 763, Chana Zila",Latur,Manipur,855360,India,Home
2464,1824,"230
Gulati Marg",Erode,Meghalaya,577569,India,Home
2465,1825,"984
Agarwal Zila",Bangalore,Uttarakhand,327303,India,Home
2466,1826,"H.No. 82, Modi Chowk",Tiruppur,Telangana,235611,India,Home
2467,1827,"H.No. 380, Narayan Marg",Kolhapur,Sikkim,853111,India,Office
2468,1828,"17/79, Kadakia Nagar",Khandwa,Madhya Pradesh,369472,India,Home
2469,1829,"32/659, Mammen Circle",Hyderabad,Gujarat,790294,India,Home
2470,1829,"753, Hora Path",Kollam,Chhattisgarh,527567,India,Home
2471,1829,"50/30, Rau Path",Miryalaguda,Arunachal Pradesh,126524,India,Home
2472,1830,"91/85
Tiwari Street",Guna,Mizoram,015149,India,Home
2473,1830,"76
Chakraborty Road",Silchar,Telangana,657652,India,Office
2474,1831,"619, Luthra Path",Mira-Bhayandar,Odisha,849434,India,Home
2475,1831,"76
Bose Marg",Hosur,Nagaland,550091,India,Home
2476,1832,"56/78
Dhar Ganj",Phusro,Tamil Nadu,936019,India,Home
2477,1833,"H.No. 270
Rajagopal Marg",Kishanganj,Tripura,360878,India,Home
2478,1833,"20, Balakrishnan Street",Kakinada,Nagaland,120996,India,Home
2479,1834,"63
Gade Chowk",Kollam,Rajasthan,344836,India,Office
2480,1835,"70
Chaudhuri Chowk",Sri Ganganagar,Madhya Pradesh,743967,India,Home
2481,1836,"H.No. 546
Jaggi Chowk",Aurangabad,Madhya Pradesh,909546,India,Home
2482,1837,"30/588
Walla Marg",Howrah,West Bengal,531292,India,Home
2483,1837,"25
Tandon Road",Patna,Odisha,804014,India,Home
2484,1838,"H.No. 597
Baria Nagar",Madurai,Odisha,073885,India,Home
2485,1839,"73
Taneja Road",Latur,West Bengal,939089,India,Office
2486,1840,"H.No. 319
Nadkarni Circle",Mehsana,Assam,213054,India,Home
2487,1841,"84/251, Chadha Zila",Thiruvananthapuram,Tripura,940942,India,Home
2488,1841,"H.No. 259
Bansal Chowk",Kolhapur,Haryana,676606,India,Home
2489,1842,"89/513, Badal Road",Phusro,Punjab,838744,India,Home
2490,1842,"H.No. 818, Reddy Ganj",Nanded,Tamil Nadu,970266,India,Home
2491,1842,"20/71, More Path",Suryapet,Karnataka,331178,India,Home
2492,1843,"H.No. 577
Sethi Marg",Madurai,Odisha,889203,India,Home
2493,1843,"875, Madan Chowk",Secunderabad,Mizoram,303606,India,Home
2494,1843,"87
Gara Zila",Kavali,Meghalaya,655713,India,Home
2495,1844,"H.No. 96
Kuruvilla Chowk",Bareilly,Tamil Nadu,537525,India,Home
2496,1845,"44/882
Dewan Path",Mahbubnagar,Odisha,185111,India,Home
2497,1846,"67/338
Borde Path",Jaunpur,Maharashtra,670506,India,Home
2498,1847,"83/83, Kapoor Zila",Raebareli,Karnataka,275860,India,Home
2499,1848,"45/633, Zachariah Ganj",Sambalpur,Jharkhand,245705,India,Home
2500,1848,"H.No. 57, Deol Circle",Nellore,Nagaland,324271,India,Home
2501,1849,"H.No. 862
Purohit Circle",Chandrapur,Meghalaya,237038,India,Home
2502,1850,"47/872
Vyas Marg",Aurangabad,West Bengal,192294,India,Office
2503,1851,"23/280, Goyal Marg",New Delhi,Sikkim,185455,India,Home
2504,1851,"H.No. 892
Yohannan Path",Guwahati,Himachal Pradesh,035630,India,Home
2505,1852,"826, Halder Chowk",Avadi,West Bengal,479865,India,Office
2506,1853,"H.No. 689
Dewan Marg",Jammu,Chhattisgarh,086286,India,Home
2507,1853,"43
Sarma Road",Dhanbad,Sikkim,309258,India,Home
2508,1854,"894
Sibal Marg",Singrauli,Gujarat,633084,India,Home
2509,1855,"H.No. 172
Doshi Marg",Noida,Gujarat,490847,India,Home
2510,1856,"11/63
Kapadia Road",Berhampur,Bihar,166366,India,Home
2511,1857,"845, Mohan Path",Ramagundam,Tripura,857962,India,Home
2512,1858,"51/10, Muni Circle",Vijayawada,Arunachal Pradesh,600260,India,Home
2513,1859,"90
Sathe Zila",Pudukkottai,Sikkim,389162,India,Home
2514,1860,"H.No. 10
Ramachandran Marg",Bongaigaon,Nagaland,573216,India,Home
2515,1861,"H.No. 242
Vohra Ganj",Sri Ganganagar,Himachal Pradesh,071107,India,Office
2516,1862,"85/02, Bal Ganj",Ludhiana,Uttarakhand,671485,India,Office
2517,1862,"317, Kumar Zila",Ramgarh,Tripura,541298,India,Home
2518,1863,"H.No. 92, Ahluwalia Street",Guna,Sikkim,520895,India,Home
2519,1864,"H.No. 768, Dara Nagar",Erode,Punjab,250507,India,Home
2520,1864,"24/913, Merchant",Meerut,Haryana,502749,India,Office
2521,1865,"383
Manda Circle",Nashik,Tripura,765439,India,Home
2522,1866,"858
Halder Nagar",Indore,Mizoram,414863,India,Home
2523,1867,"08/50, Bhandari Path",Sasaram,West Bengal,159051,India,Home
2524,1868,"772, Bhargava Zila",Karawal Nagar,Himachal Pradesh,479391,India,Home
2525,1869,"17, Anne Road",Kollam,Tamil Nadu,568848,India,Home
2526,1870,"H.No. 73
Memon Chowk",Khora ,Madhya Pradesh,607236,India,Home
2527,1871,"04/741
Ahuja Street",Tinsukia,Andhra Pradesh,689382,India,Home
2528,1872,"894
Mohan Nagar",Amaravati,Haryana,160269,India,Home
2529,1872,"75
Sani Street",Kishanganj,Jharkhand,316367,India,Home
2530,1873,"52, Bhavsar Road",Sonipat,Haryana,642983,India,Home
2531,1874,"H.No. 395, Peri Ganj",Sikar,Arunachal Pradesh,329873,India,Office
2532,1875,"01/149
Suresh",Sirsa,Karnataka,737704,India,Home
2533,1875,"67/81, Mukherjee",Pali,West Bengal,977396,India,Office
2534,1875,"H.No. 340, Singhal Path",Rewa,Nagaland,080417,India,Home
2535,1876,"94
Balay Ganj",Nanded,Uttar Pradesh,887716,India,Other
2536,1876,"58, Golla Chowk",Bulandshahr,Haryana,110485,India,Home
2537,1877,"67/12
Narang Marg",Kozhikode,Nagaland,829127,India,Home
2538,1877,"24/991
Ravel",Bettiah,Jharkhand,585537,India,Home
2539,1878,"H.No. 437, Jani Marg",Bettiah,Karnataka,967071,India,Office
2540,1879,"44/81
Mody Road",Kolkata,Arunachal Pradesh,075602,India,Office
2541,1879,"H.No. 064, Saxena Nagar",Kozhikode,Odisha,822885,India,Home
2542,1880,"734
Sunder Road",Dindigul,Bihar,366547,India,Home
2543,1880,"78/37
Bhasin Zila",Maheshtala,Odisha,590677,India,Office
2544,1881,"53/60, Soman Zila",Rajahmundry,Tamil Nadu,402560,India,Home
2545,1882,"H.No. 13, Rege Zila",Shimla,Manipur,270712,India,Home
2546,1883,"71/76
Nanda Ganj",Bulandshahr,West Bengal,272990,India,Home
2547,1883,"881
Ray Chowk",Sikar,Chhattisgarh,702543,India,Other
2548,1884,"39, Nagar Zila",Bidar,Himachal Pradesh,256046,India,Home
2549,1885,"20/36
Bail",Moradabad,Karnataka,026134,India,Home
2550,1886,"97/312, Bhakta Street",Yamunanagar,Manipur,654053,India,Home
2551,1887,"H.No. 21, Mall Marg",Thanjavur,Haryana,861780,India,Home
2552,1887,"13/80
Sethi Path",Gaya,Bihar,678864,India,Home
2553,1888,"H.No. 52
Choudhary Marg",Jamshedpur,Andhra Pradesh,055705,India,Home
2554,1889,"50/86, Tailor Circle",Ramagundam,Assam,359989,India,Office
2555,1889,"25/869
Rastogi Street",Satara,Maharashtra,062551,India,Home
2556,1890,"H.No. 797
Borra Path",Fatehpur,Mizoram,953127,India,Home
2557,1891,"H.No. 45, Bahri Circle",Kumbakonam,Maharashtra,134616,India,Home
2558,1892,"61/526
Kothari Path",Ajmer,Chhattisgarh,708101,India,Home
2559,1893,"12/97
Wason Zila",Varanasi,Tripura,374812,India,Home
2560,1893,"17/93
Atwal Nagar",North Dumdum,Mizoram,580814,India,Home
2561,1894,"340, Bandi Path",Nashik,Karnataka,358699,India,Home
2562,1894,"21/311, Sachdeva Marg",Gurgaon,Andhra Pradesh,124676,India,Home
2563,1895,"812
Viswanathan Path",Sikar,Tripura,074988,India,Home
2564,1896,"59/12
Agrawal Marg",Mumbai,Haryana,146565,India,Home
2565,1897,"16/657
Char Circle",Lucknow,Jharkhand,043896,India,Office
2566,1898,"16/450
Rajan Circle",Phusro,Karnataka,223072,India,Home
2567,1898,"87/641
Sachdev Street",Bellary,Sikkim,574586,India,Home
2568,1898,"05/83, Korpal",Vadodara,Mizoram,544278,India,Home
2569,1899,"88/19
Aurora Street",Pudukkottai,Madhya Pradesh,693259,India,Office
2570,1899,"762
Khatri Street",Siwan,Haryana,275341,India,Home
2571,1900,"95/57, Bali Circle",Guntur,Mizoram,177106,India,Other
2572,1901,"45/02, Mangat Marg",Malda,Haryana,341439,India,Office
2573,1901,"H.No. 323, Wadhwa Zila",Purnia,Manipur,667477,India,Office
2574,1902,"H.No. 110, Agarwal Road",Danapur,Himachal Pradesh,782601,India,Home
2575,1903,"79
Kapadia Path",Ichalkaranji,Chhattisgarh,539392,India,Home
2576,1904,"H.No. 25, Sood Chowk",Bokaro,Manipur,457502,India,Office
2577,1905,"88/521, Manda Zila",Bhiwani,Arunachal Pradesh,638396,India,Home
2578,1906,"84/20
Shere Road",Dharmavaram,Tripura,589477,India,Home
2579,1907,"93, Goel",New Delhi,Chhattisgarh,254616,India,Home
2580,1908,"46/77
Bir Circle",Thrissur,Tamil Nadu,139594,India,Home
2581,1909,"21/18
Sarma Path",Berhampur,Rajasthan,019473,India,Office
2582,1910,"96
Rattan Street",Dibrugarh,Uttar Pradesh,549977,India,Home
2583,1910,"78/220, Dasgupta Nagar",Ludhiana,Bihar,286690,India,Home
2584,1911,"515
Naik Chowk",Moradabad,Himachal Pradesh,967108,India,Home
2585,1912,"H.No. 458, Goswami Chowk",Sangli-Miraj & Kupwad,Sikkim,749665,India,Home
2586,1913,"48/30, Contractor Path",Amravati,Odisha,251234,India,Home
2587,1914,"536, Prakash Chowk",Karawal Nagar,Meghalaya,342658,India,Home
2588,1915,"H.No. 03
Andra Zila",Gudivada,Manipur,407712,India,Office
2589,1916,"19, Banik",Bilaspur,Madhya Pradesh,697472,India,Home
2590,1916,"12, Karpe Road",Pali,Maharashtra,032536,India,Home
2591,1917,"25/587
Suri Marg",Imphal,Telangana,781072,India,Home
2592,1918,"94/764, Bora Marg",Burhanpur,Assam,993631,India,Home
2593,1919,"756
Kumer Road",Amaravati,West Bengal,951956,India,Home
2594,1920,"006
Ramakrishnan Ganj",Kochi,Uttar Pradesh,516407,India,Home
2595,1921,"04/811
Patla Ganj",Fatehpur,Telangana,965272,India,Home
2596,1922,"86/77
Bhat Chowk",Karimnagar,Jharkhand,712996,India,Home
2597,1923,"H.No. 48, Sridhar Street",Dhanbad,Sikkim,933132,India,Home
2598,1923,"93/74
Bahri Marg",Rajkot,Haryana,884157,India,Office
2599,1924,"H.No. 291
Lata Circle",Dindigul,Assam,617655,India,Home
2600,1925,"355, Naidu Street",Indore,West Bengal,302282,India,Home
2601,1926,"528, Vyas Chowk",Vasai-Virar,Kerala,596472,India,Home
2602,1926,"47/46
Parsa Road",Visakhapatnam,Manipur,831018,India,Home
2603,1927,"08/808
Mutti Chowk",Tirupati,Uttarakhand,058105,India,Home
2604,1927,"H.No. 088, Sur Marg",Bhilwara,Himachal Pradesh,619378,India,Home
2605,1928,"36
Rama Road",Latur,Haryana,477496,India,Home
2606,1929,"792, Sani Street",Ambala,Bihar,502374,India,Home
2607,1929,"73/45, Naidu Nagar",Bhiwandi,Punjab,050472,India,Home
2608,1930,"H.No. 979
Gade Marg",Gopalpur,Kerala,736609,India,Home
2609,1930,"19/81
Misra Chowk",Ahmednagar,Madhya Pradesh,539788,India,Office
2610,1931,"74/89
Pathak Path",Bhiwandi,Haryana,984449,India,Home
2611,1932,"H.No. 639
Golla Path",Nangloi Jat,Himachal Pradesh,774372,India,Home
2612,1932,"384, Shah Circle",Uluberia,Madhya Pradesh,918987,India,Home
2613,1933,"H.No. 79
Kant Circle",Gaya,Uttarakhand,005905,India,Office
2614,1933,"H.No. 17
Raghavan Ganj",Jamalpur,Kerala,059193,India,Home
2615,1934,"H.No. 24
Dass Marg",Kota,Chhattisgarh,933065,India,Home
2616,1935,"535, Sodhi",Bhimavaram,Sikkim,962821,India,Office
2617,1936,"H.No. 878
Nanda Chowk",Dibrugarh,Rajasthan,737630,India,Home
2618,1936,"39
Kota Circle",Kharagpur,Maharashtra,979785,India,Home
2619,1936,"H.No. 044
Batra Path",Kolhapur,Punjab,290107,India,Home
2620,1937,"22/652, Varughese Chowk",Hapur,Jharkhand,305941,India,Home
2621,1938,"71
Shanker Zila",Imphal,Gujarat,245819,India,Home
2622,1939,"08/840
Narayan Chowk",Kollam,Tamil Nadu,536597,India,Home
2623,1940,"83, Prabhakar",Malda,Telangana,513069,India,Home
2624,1941,"21
Warrior Street",Ratlam,Madhya Pradesh,870278,India,Home
2625,1942,"798
Choudhury Street",Chapra,Goa,137173,India,Home
2626,1943,"39, Wadhwa Nagar",Bettiah,Gujarat,684836,India,Home
2627,1943,"72, Wason Ganj",Khandwa,Karnataka,067755,India,Home
2628,1944,"35
Chaudhry Road",Imphal,Telangana,725040,India,Home
2629,1945,"H.No. 89, Bhattacharyya Circle",Panvel,Karnataka,872357,India,Other
2630,1946,"H.No. 72
Vyas Nagar",Jamnagar,Jharkhand,041507,India,Home
2631,1947,"31/66
Virk Nagar",Haldia,Tripura,155661,India,Other
2632,1948,"40/475, Basak Nagar",Bijapur,Karnataka,089227,India,Home
2633,1949,"99, Rajagopalan Nagar",Medininagar,Uttar Pradesh,935658,India,Home
2634,1949,"36/383, Master Marg",Kolhapur,West Bengal,455817,India,Home
2635,1950,"33/51, Gour Road",Darbhanga,Rajasthan,639000,India,Home
2636,1951,"H.No. 39
Badami Circle",Jamalpur,West Bengal,725140,India,Office
2637,1952,"H.No. 709
Thakkar",Bhagalpur,Assam,098166,India,Home
2638,1952,"038, Raghavan Road",Bokaro,Nagaland,501645,India,Other
2639,1953,"62
Sarna Path",Gorakhpur,Chhattisgarh,361276,India,Home
2640,1954,"22
Pant",Bhimavaram,Jharkhand,450809,India,Other
2641,1954,"H.No. 733
Nayar Zila",Bareilly,Maharashtra,426144,India,Home
2642,1955,"H.No. 650
Lala Road",Uluberia,Goa,445829,India,Other
2643,1956,"94/541
Contractor",Madhyamgram,Nagaland,498762,India,Home
2644,1957,"38/37, Ramanathan Ganj",Dehradun,Jharkhand,760741,India,Office
2645,1958,"44
Garde Nagar",Amravati,Gujarat,342555,India,Office
2646,1959,"H.No. 832
Dua Marg",Dhule,Nagaland,155109,India,Home
2647,1960,"H.No. 25
Srivastava Street",Chennai,Kerala,880848,India,Home
2648,1961,"07/271, Raman Street",Tiruppur,Jharkhand,293781,India,Home
2649,1961,"672, Kota Chowk",Bhatpara,Maharashtra,776746,India,Home
2650,1962,"81/94
Yogi Marg",Berhampore,Tripura,929449,India,Home
2651,1963,"H.No. 367, Talwar Path",Sambhal,Maharashtra,905366,India,Home
2652,1964,"83/203
Ranganathan Zila",Tiruppur,West Bengal,779053,India,Office
2653,1965,"H.No. 388
Gulati Ganj",Kota,Rajasthan,180166,India,Home
2654,1966,"02/36
Yogi Street",Jamshedpur,West Bengal,889531,India,Home
2655,1966,"H.No. 43, Sule",Karimnagar,Meghalaya,415910,India,Home
2656,1967,"08
Goswami Marg",Nadiad,Kerala,460262,India,Home
2657,1967,"H.No. 78, Deep",Naihati,Bihar,613506,India,Office
2658,1968,"H.No. 084, Brahmbhatt Nagar",Nangloi Jat,West Bengal,062981,India,Home
2659,1969,"97/52, Wali Marg",Gurgaon,Kerala,836816,India,Home
2660,1969,"H.No. 407, Sinha Ganj",Meerut,Mizoram,143903,India,Home
2661,1970,"20/05, Goel Marg",Thane,Meghalaya,247485,India,Home
2662,1970,"88/89
Bhatnagar Street",Gulbarga,Manipur,815229,India,Home
2663,1971,"297, Narang Street",Agra,Bihar,938475,India,Office
2664,1972,"188
Mukhopadhyay Marg",Ghaziabad,Himachal Pradesh,800792,India,Office
2665,1973,"36
Virk Marg",Morena,Uttarakhand,550458,India,Office
2666,1974,"75/00, Shetty Chowk",Tadepalligudem,Odisha,317211,India,Home
2667,1974,"H.No. 98, Mandal Nagar",Bhagalpur,Haryana,569640,India,Home
2668,1975,"H.No. 146, Chana Nagar",Dhule,Karnataka,062260,India,Home
2669,1976,"H.No. 642, Rastogi Marg",Ahmednagar,Bihar,140823,India,Home
2670,1976,"H.No. 171, Dara Chowk",Ratlam,Manipur,051995,India,Home
2671,1977,"19/00, Sachar Path",Muzaffarpur,Rajasthan,263595,India,Home
2672,1978,"63, Gopal Path",Bhubaneswar,Haryana,228671,India,Home
2673,1979,"65, Bains Marg",Durg,Odisha,357774,India,Home
2674,1980,"49/057, Tara Zila",Nellore,Chhattisgarh,799752,India,Home
2675,1980,"H.No. 587
Viswanathan Circle",Rewa,Uttarakhand,171511,India,Home
2676,1981,"H.No. 24, Dugar Zila",Orai,Jharkhand,467313,India,Home
2677,1982,"H.No. 741
Acharya",Rewa,Punjab,450857,India,Home
2678,1983,"401, Tailor Zila",Hubli–Dharwad,Manipur,613011,India,Home
2679,1984,"38, Chana Ganj",Malda,Goa,357965,India,Home
2680,1985,"H.No. 00
Bhatt Zila",Ramagundam,West Bengal,607824,India,Home
2681,1986,"H.No. 643, Gera Road",Coimbatore,Uttarakhand,475466,India,Home
2682,1987,"H.No. 82, Karnik Street",Khandwa,Jharkhand,116846,India,Home
2683,1987,"895, Nigam Zila",Patiala,Himachal Pradesh,652174,India,Home
2684,1988,"H.No. 53
Chaudhari Ganj",Gopalpur,Odisha,060541,India,Home
2685,1989,"37/134, Khurana Marg",Ahmedabad,Meghalaya,786957,India,Home
2686,1990,"H.No. 188
Atwal Ganj",Aligarh,Tamil Nadu,447473,India,Home
2687,1991,"H.No. 35, Singh",Bhiwani,Tripura,016852,India,Home
2688,1992,"175
Kumar Nagar",Phusro,Gujarat,011859,India,Home
2689,1992,"97/40
Parmer",Buxar,Andhra Pradesh,509579,India,Office
2690,1993,"18/47, Ramakrishnan Street",Dibrugarh,Arunachal Pradesh,399241,India,Home
2691,1994,"11/954
Raj Nagar",Morbi,Mizoram,880683,India,Home
2692,1995,"H.No. 217, Natarajan",Begusarai,Chhattisgarh,331256,India,Home
2693,1996,"25
Kala Nagar",Haldia,Bihar,271413,India,Home
2694,1997,"773
Jaggi Street",Pallavaram,Haryana,421420,India,Home
2695,1997,"079
Srivastava Ganj",Gorakhpur,Kerala,199425,India,Other
2696,1997,"59/253, Patla Nagar",Motihari,Meghalaya,993642,India,Home
2697,1998,"795
Dixit Chowk",Saharsa,Telangana,612921,India,Home
2698,1999,"H.No. 11, Khatri Zila",Dhanbad,Bihar,753502,India,Home
2699,1999,"94
Mani Circle",Tirunelveli,Gujarat,223208,India,Home
2700,2000,"857
Modi Nagar",Bhimavaram,Uttarakhand,370858,India,Office
2701,2000,"37/92
Kar Zila",Khandwa,Uttarakhand,260809,India,Home
2702,2001,"15, Kata Zila",Sultan Pur Majra,Uttarakhand,498838,India,Office
2703,2002,"747, Dasgupta Ganj",Rajahmundry,Uttar Pradesh,704946,India,Office
2704,2002,"H.No. 55, Balasubramanian Road",Morbi,Andhra Pradesh,535588,India,Office
2705,2003,"481, Vaidya Zila",Miryalaguda,Uttar Pradesh,938502,India,Home
2706,2004,"79
Gandhi Circle",Kottayam,Meghalaya,371564,India,Home
2707,2005,"H.No. 33, Sehgal Nagar",Eluru,Maharashtra,706331,India,Home
2708,2006,"16/11, Natarajan",Muzaffarnagar,Andhra Pradesh,731340,India,Home
2709,2007,"79, Shukla Zila",Thrissur,Meghalaya,061892,India,Home
2710,2008,"H.No. 458, Bath Street",Asansol,Uttar Pradesh,624742,India,Home
2711,2009,"84
Kohli Chowk",Karimnagar,Uttar Pradesh,065299,India,Home
2712,2010,"H.No. 36, Dar Chowk",Nagpur,Uttarakhand,209578,India,Home
2713,2011,"550, Chaudhary Circle",Panvel,West Bengal,456578,India,Home
2714,2012,"74/420, Lad Path",Mirzapur,Assam,567409,India,Home
2715,2013,"H.No. 167, Kibe Path",Nagpur,Assam,414058,India,Home
2716,2013,"70, Bora",Darbhanga,Maharashtra,484000,India,Home
2717,2014,"H.No. 00, Sachar Road",Secunderabad,Himachal Pradesh,683487,India,Home
2718,2015,"560
Dhar Road",Tenali,Maharashtra,576013,India,Home
2719,2016,"79/511, Choudhury Circle",Aligarh,Uttar Pradesh,525081,India,Home
2720,2016,"59/04
Chopra Ganj",Lucknow,Manipur,741647,India,Office
2721,2017,"63/103
Kota Street",Ballia,Manipur,702546,India,Office
2722,2018,"84, Mall Road",Guntakal,Maharashtra,589244,India,Home
2723,2019,"83/281, Khurana Zila",Warangal,Himachal Pradesh,792975,India,Other
2724,2020,"44/894, Ahluwalia Nagar",Yamunanagar,Karnataka,639248,India,Home
2725,2021,"07/37
Sood Marg",Rohtak,West Bengal,378053,India,Home
2726,2021,"519
Yogi Zila",Bhilai,Maharashtra,897476,India,Home
2727,2022,"66
Bumb Nagar",Ghaziabad,Gujarat,264259,India,Home
2728,2023,"H.No. 769, Aurora Chowk",Bidar,Tripura,591056,India,Home
2729,2023,"96/704, Sehgal Road",Ongole,Uttarakhand,405770,India,Home
2730,2024,"H.No. 01, Pillay Path",Bardhaman,Punjab,099857,India,Home
2731,2025,"563
Kuruvilla Chowk",Jamalpur,Himachal Pradesh,557663,India,Home
2732,2026,"H.No. 42, Nath Nagar",Buxar,Karnataka,072772,India,Home
2733,2027,"69, Tripathi Path",Allahabad,Tamil Nadu,266036,India,Home
2734,2028,"80/27
Mohan Marg",Panvel,Goa,350079,India,Home
2735,2028,"H.No. 653
Tandon Chowk",Hajipur,Himachal Pradesh,471649,India,Office
2736,2028,"16/36, Nath",Chittoor,Uttar Pradesh,592501,India,Home
2737,2029,"15/69
Wagle Chowk",Nangloi Jat,Punjab,307008,India,Office
2738,2029,"349, Dhaliwal Nagar",Nangloi Jat,Jharkhand,269249,India,Office
2739,2030,"H.No. 801
Pandey Marg",Kochi,Rajasthan,946403,India,Home
2740,2031,"H.No. 828, Chandra Chowk",Raebareli,Kerala,112033,India,Home
2741,2032,"H.No. 96, Sant Marg",Jamnagar,Gujarat,383754,India,Home
2742,2032,"84/63, Srinivas Chowk",Farrukhabad,Rajasthan,030277,India,Home
2743,2033,"17/931, Dutt Marg",Ranchi,Uttarakhand,532679,India,Other
2744,2034,"H.No. 48, Shukla Ganj",Tenali,Nagaland,793889,India,Home
2745,2035,"12/86
Gandhi Chowk",Nangloi Jat,Himachal Pradesh,869104,India,Home
2746,2036,"62, Purohit",Satara,Goa,157318,India,Other
2747,2037,"040, Brahmbhatt Road",Jaunpur,Uttar Pradesh,912943,India,Home
2748,2037,"02, Patla Marg",Dehri,Bihar,963550,India,Home
2749,2038,"35/31, Balasubramanian Zila",North Dumdum,Mizoram,567313,India,Home
2750,2039,"H.No. 017
Halder Road",Hospet,Kerala,073021,India,Office
2751,2040,"733
Srivastava",Gwalior,Uttarakhand,149262,India,Home
2752,2040,"92/24, Acharya Nagar",Solapur,Gujarat,549660,India,Home
2753,2041,"51/435, Barman Circle",Chittoor,Assam,800450,India,Home
2754,2042,"H.No. 31, Narang Zila",Howrah,Uttarakhand,769347,India,Other
2755,2042,"66/05
Thakkar Road",Gandhinagar,Chhattisgarh,750422,India,Home
2756,2042,"40
Lall Marg",Bhubaneswar,Tripura,541827,India,Office
2757,2043,"H.No. 148
Chatterjee Circle",Pimpri-Chinchwad,Kerala,197557,India,Home
2758,2043,"26/78, Nanda Marg",Firozabad,Himachal Pradesh,144294,India,Home
2759,2044,"67/088, Pal Nagar",Amritsar,Karnataka,378626,India,Home
2760,2044,"70/42
Bhatnagar Road",Phusro,Sikkim,420768,India,Home
2761,2045,"00, Warrior Marg",Bilaspur,Haryana,597239,India,Home
2762,2045,"61
Munshi Nagar",Bhilai,West Bengal,150076,India,Office
2763,2046,"H.No. 751, Ahuja Circle",Sultan Pur Majra,Meghalaya,284557,India,Home
2764,2046,"H.No. 867
Bath Chowk",Haldia,Meghalaya,192283,India,Home
2765,2047,"14/30
Dora",Mirzapur,Goa,259783,India,Office
2766,2048,"74, Viswanathan Nagar",Tirunelveli,Sikkim,599447,India,Office
2767,2048,"88/01
Gandhi Street",Machilipatnam,Uttar Pradesh,083610,India,Home
2768,2049,"570, Raval Zila",Nashik,Telangana,370355,India,Home
2769,2049,"15/16
Radhakrishnan Chowk",Junagadh,Tamil Nadu,296586,India,Home
2770,2050,"02, Kohli Path",Anand,Meghalaya,209225,India,Home
2771,2050,"H.No. 08
Ram Nagar",Surat,Punjab,873871,India,Home
2772,2051,"41/000, Ramachandran Marg",Panvel,Jharkhand,393004,India,Home
2773,2052,"H.No. 356
Walla Nagar",Agra,Madhya Pradesh,937590,India,Home
2774,2053,"H.No. 79
Murty Nagar",Howrah,Himachal Pradesh,027890,India,Home
2775,2054,"64, Comar Path",Kolkata,Sikkim,501985,India,Home
2776,2055,"H.No. 47
Trivedi Ganj",Hosur,Jharkhand,740628,India,Home
2777,2056,"50/72, Murty Path",Udaipur,Andhra Pradesh,285155,India,Office
2778,2057,"H.No. 352, Sidhu Road",Tiruchirappalli,Uttar Pradesh,887505,India,Home
2779,2058,"918, Chahal Road",Secunderabad,Telangana,412007,India,Home
2780,2059,"04/515
Kala Marg",Jamnagar,Meghalaya,926899,India,Home
2781,2059,"38
Jain Chowk",Tezpur,Chhattisgarh,239060,India,Home
2782,2060,"36
Sarna Nagar",Jalgaon,Jharkhand,373949,India,Home
2783,2061,"581, Kapadia",Pali,Odisha,364365,India,Office
2784,2061,"H.No. 459, Pradhan Road",Suryapet,Tripura,508951,India,Home
2785,2061,"31
Sem Circle",Bulandshahr,Tripura,302304,India,Office
2786,2062,"338, Khatri Circle",Jehanabad,Madhya Pradesh,250927,India,Office
2787,2062,"H.No. 00, Korpal Road",Nadiad,Maharashtra,707260,India,Home
2788,2062,"57, Sahota Circle",Panihati,Maharashtra,537380,India,Home
2789,2063,"309, Balan Chowk",Narasaraopet,Uttar Pradesh,477075,India,Home
2790,2064,"62/10, Tripathi",Maheshtala,Madhya Pradesh,828168,India,Home
2791,2065,"H.No. 066
Viswanathan Circle",Kozhikode,Meghalaya,425284,India,Home
2792,2065,"H.No. 80
Borde Marg",Kavali,Chhattisgarh,419979,India,Home
2793,2066,"H.No. 310
Bhatia Circle",Bilaspur,Nagaland,985448,India,Home
2794,2067,"90/48
Hans Ganj",Erode,Uttar Pradesh,867260,India,Home
2795,2068,"H.No. 318, Sami Nagar",Vijayanagaram,Jharkhand,599743,India,Office
2796,2068,"78/03, Viswanathan Chowk",Thanjavur,Tamil Nadu,712688,India,Home
2797,2069,"H.No. 415
Sur Path",Noida,Rajasthan,314217,India,Office
2798,2070,"24
Majumdar Chowk",Shahjahanpur,Gujarat,782730,India,Other
2799,2071,"97/662
Wable Nagar",Kanpur,Manipur,640157,India,Home
2800,2072,"H.No. 66
Dada Street",Sasaram,Sikkim,652554,India,Home
2801,2072,"H.No. 58, Ratti Marg",Akola,Punjab,990722,India,Home
2802,2073,"94
Sant Nagar",Navi Mumbai,Karnataka,138273,India,Home
2803,2074,"88/339
Jain Street",Durgapur,Chhattisgarh,468629,India,Home
2804,2075,"10
Patel Ganj",Serampore,Meghalaya,808437,India,Office
2805,2076,"49/262, Kata Chowk",Kolkata,Rajasthan,001266,India,Home
2806,2077,"09
Borra Marg",Mahbubnagar,Uttar Pradesh,910091,India,Home
2807,2078,"59
More Path",Bijapur,Telangana,001784,India,Home
2808,2079,"742
Murty Nagar",Bikaner,Karnataka,307321,India,Home
2809,2079,"56
Cherian",Sultan Pur Majra,Arunachal Pradesh,117134,India,Home
2810,2080,"25/006, Goda Road",Berhampore,Maharashtra,349465,India,Office
2811,2081,"50, Hans Path",Panchkula,Meghalaya,116028,India,Home
2812,2081,"95/388
Oza Chowk",Khora ,Rajasthan,592041,India,Home
2813,2082,"H.No. 28
Kari Street",Navi Mumbai,Madhya Pradesh,303297,India,Home
2814,2083,"44/433
More Street",Sirsa,Mizoram,740477,India,Home
2815,2084,"H.No. 64, Srivastava",Sasaram,Gujarat,190671,India,Home
2816,2084,"H.No. 997, Manne Circle",Malegaon,Punjab,993164,India,Home
2817,2085,"H.No. 282, Parekh Marg",Mahbubnagar,Meghalaya,248910,India,Home
2818,2086,"57/999
Pathak Zila",Berhampur,Himachal Pradesh,651234,India,Office
2819,2086,"H.No. 40, Bala Chowk",Vijayanagaram,West Bengal,139594,India,Home
2820,2087,"H.No. 78, Nanda Road",Chittoor,Gujarat,282111,India,Home
2821,2088,"42, Vaidya Zila",Imphal,Himachal Pradesh,788937,India,Home
2822,2089,"H.No. 705
Sawhney Nagar",Uluberia,Rajasthan,626327,India,Home
2823,2090,"432
Natt Marg",Jamnagar,Andhra Pradesh,980470,India,Home
2824,2090,"93/79
Tara Circle",Ozhukarai,Goa,999636,India,Office
2825,2091,"45/44, Kapur Zila",Bidhannagar,Tamil Nadu,826290,India,Home
2826,2092,"51, Murthy Path",Ongole,Jharkhand,871553,India,Office
2827,2092,"179, Bobal Ganj",Bihar Sharif,Uttarakhand,561961,India,Home
2828,2093,"50
Chowdhury Street",Jaipur,Uttar Pradesh,278649,India,Home
2829,2094,"70/05
Dass Zila",Ambattur,Mizoram,631905,India,Home
2830,2094,"69, Garde Ganj",Ramgarh,Uttarakhand,746226,India,Home
2831,2095,"H.No. 31
Pall Zila",Bhilwara,Tripura,872075,India,Home
2832,2096,"31/44
Loyal Road",Guntakal,Tamil Nadu,459624,India,Home
2833,2096,"40/92, Sekhon Chowk",Raichur,Manipur,685070,India,Home
2834,2097,"18/251
Balasubramanian Zila",Hubli–Dharwad,Rajasthan,720759,India,Home
2835,2098,"H.No. 45, Sanghvi Marg",Udupi,Maharashtra,760150,India,Home
2836,2099,"401
Goyal Nagar",Serampore,Karnataka,647566,India,Home
2837,2100,"73/297
Mitra Chowk",Allahabad,Karnataka,685902,India,Home
2838,2100,"094, Grewal Marg",Bijapur,Tamil Nadu,061653,India,Home
2839,2101,"053
Gala Road",Pallavaram,Tamil Nadu,629309,India,Home
2840,2101,"H.No. 507
Bedi Zila",Sikar,Bihar,903670,India,Home
2841,2102,"04/11
Singh Chowk",Narasaraopet,Maharashtra,199467,India,Home
2842,2103,"96/08, Madan Chowk",Coimbatore,West Bengal,298308,India,Home
2843,2104,"84/77
Zacharia",Bardhaman,Tripura,759686,India,Home
2844,2105,"748
Kaur Street",Vadodara,Odisha,154759,India,Home
2845,2106,"H.No. 133
Sethi Marg",Chandigarh,Assam,678140,India,Home
2846,2106,"24/64, Dani",Hospet,Assam,509423,India,Home
2847,2107,"H.No. 96, Singh Ganj",Rajahmundry,Bihar,518136,India,Home
2848,2108,"H.No. 479, Modi Nagar",Farrukhabad,Jharkhand,058151,India,Home
2849,2108,"42/78, Chander",Nanded,Maharashtra,098606,India,Office
2850,2109,"H.No. 41, Sandhu Marg",Jalandhar,Bihar,729420,India,Office
2851,2110,"08
Oommen Nagar",Begusarai,Chhattisgarh,049779,India,Home
2852,2111,"72/400
Bhargava Ganj",Gwalior,Kerala,861759,India,Home
2853,2112,"249
Sidhu Road",Bilaspur,Rajasthan,949583,India,Home
2854,2113,"H.No. 19, Barad",Hyderabad,Chhattisgarh,334922,India,Office
2855,2114,"70
Narang Circle",Dehradun,Maharashtra,395543,India,Home
2856,2115,"H.No. 82
Khosla Zila",Kochi,Bihar,576941,India,Office
2857,2116,"H.No. 398
Pillay Path",Sangli-Miraj & Kupwad,Gujarat,508397,India,Home
2858,2117,"H.No. 752, Doctor Path",Siliguri,Himachal Pradesh,421395,India,Home
2859,2118,"65/62
Ahuja Circle",Davanagere,Haryana,006455,India,Home
2860,2119,"H.No. 82, Master",Fatehpur,West Bengal,862558,India,Home
2861,2120,"29/370
Dugar Marg",Guna,Manipur,608055,India,Home
2862,2121,"26/231, Sharma Marg",Jaipur,Assam,532703,India,Home
2863,2122,"H.No. 477
Raghavan Path",Rajpur Sonarpur,Telangana,137998,India,Home
2864,2123,"H.No. 805
Toor Ganj",Panvel,Odisha,223965,India,Home
2865,2124,"53/764
Natarajan Road",Kozhikode,Rajasthan,622208,India,Home
2866,2124,"H.No. 64, Deep Road",Bhilai,Gujarat,718606,India,Other
2867,2125,"94/51, Rajagopalan Nagar",Kadapa,Telangana,921629,India,Home
2868,2126,"H.No. 427
Prakash Circle",Aligarh,Tripura,363056,India,Other
2869,2126,"62/509
Mital Marg",Kolhapur,Gujarat,288899,India,Home
2870,2127,"88/860, Biswas Circle",Delhi,Manipur,492360,India,Home
2871,2128,"80, Nath Circle",Bhilwara,Uttar Pradesh,372132,India,Other
2872,2129,"77/638
Bora Ganj",Dibrugarh,Arunachal Pradesh,384309,India,Home
2873,2130,"75/68
Goda Road",Miryalaguda,Bihar,187472,India,Home
2874,2131,"31/126, Sastry Path",Munger,Andhra Pradesh,023121,India,Home
2875,2132,"17/04
Konda Street",Kumbakonam,West Bengal,888118,India,Home
2876,2133,"20/63
Lal Nagar",Eluru,Kerala,726189,India,Other
2877,2133,"H.No. 953, Basak Zila",Coimbatore,Manipur,513622,India,Home
2878,2134,"01/37, Goda Nagar",Buxar,Rajasthan,940146,India,Home
2879,2135,"H.No. 360
Tandon Chowk",Pallavaram,Goa,450980,India,Office
2880,2136,"35/333
Bala Path",Rewa,Tamil Nadu,625104,India,Other
2881,2136,"17
Banik Ganj",Aurangabad,Uttar Pradesh,133209,India,Home
2882,2137,"30
Doctor",Mumbai,Meghalaya,135966,India,Home
2883,2138,"390
Rajagopalan Ganj",Hazaribagh,Kerala,433919,India,Home
2884,2139,"00/08
Chaudry Road",Ajmer,Sikkim,750146,India,Home
2885,2140,"14/650, Kar Nagar",Uluberia,West Bengal,846420,India,Home
2886,2140,"19/02, Gara Ganj",Bareilly,Madhya Pradesh,198890,India,Home
2887,2141,"09/175
Shan Nagar",Jamshedpur,Telangana,677504,India,Home
2888,2142,"H.No. 622
Mander Circle",Mahbubnagar,Sikkim,568872,India,Home
2889,2143,"048, Buch Chowk",Ambattur,Madhya Pradesh,347641,India,Home
2890,2143,"H.No. 27
Sarma Zila",Naihati,Gujarat,459550,India,Home
2891,2144,"H.No. 290, Palla Marg",Nandyal,Gujarat,642729,India,Home
2892,2145,"610
Bakshi",Bhilwara,Karnataka,814647,India,Home
2893,2146,"360, Merchant Chowk",Pallavaram,Arunachal Pradesh,022525,India,Office
2894,2146,"134
Sengupta Zila",Gaya,Goa,954175,India,Home
2895,2147,"01/637
Bansal",Jamalpur,Himachal Pradesh,817393,India,Home
2896,2148,"69/10, Gade Circle",Raichur,Maharashtra,206464,India,Home
2897,2148,"64
Parekh Chowk",Gulbarga,Karnataka,845014,India,Home
2898,2149,"99/25, Aurora Chowk",Kottayam,Maharashtra,028551,India,Home
2899,2149,"825
Dhaliwal Path",Shahjahanpur,Goa,591819,India,Home
2900,2150,"H.No. 28, Basak Ganj",Jammu,Andhra Pradesh,730830,India,Home
2901,2150,"84/01, Soman Marg",Rewa,Odisha,191050,India,Home
2902,2151,"H.No. 970
Pandya",Durg,Tripura,540691,India,Home
2903,2152,"876
Johal Chowk",Sambalpur,Bihar,567695,India,Home
2904,2153,"29/62
Karan Marg",Fatehpur,Gujarat,437039,India,Office
2905,2153,"05/66, Chopra Path",Rajkot,Sikkim,430768,India,Home
2906,2154,"987, Chada Marg",Visakhapatnam,Kerala,917024,India,Home
2907,2154,"637, Kale Road",Kulti,Nagaland,131843,India,Home
2908,2154,"H.No. 357
Sarkar Zila",Haridwar,Bihar,147620,India,Other
2909,2155,"478
Karnik Chowk",Bijapur,Bihar,556473,India,Office
2910,2156,"16/885, Goda",Sambhal,Haryana,008894,India,Home
2911,2157,"30/14, Pau Circle",Guna,Telangana,656088,India,Office
2912,2158,"41/890, Manda Street",Rewa,Uttar Pradesh,882617,India,Home
2913,2158,"H.No. 60, Shankar Circle",Raebareli,Uttarakhand,149318,India,Home
2914,2159,"722, Jaggi",Farrukhabad,Karnataka,308349,India,Home
2915,2160,"16/476, Goyal Road",Davanagere,Nagaland,813372,India,Home
2916,2161,"78/181, Pai Path",Adoni,Goa,883021,India,Other
2917,2162,"71, Behl Marg",Sambalpur,Mizoram,178760,India,Home
2918,2163,"74/90, Dutta Chowk",Chandrapur,Mizoram,050391,India,Office
2919,2164,"81
Wali Street",Raiganj,Punjab,985930,India,Office
2920,2164,"781, Sandal Road",Kulti,Odisha,369823,India,Home
2921,2165,"H.No. 724, Sachdeva Circle",Guwahati,Karnataka,230678,India,Home
2922,2166,"H.No. 946, Barad Chowk",Bally,Tamil Nadu,280447,India,Home
2923,2167,"083, Dave Marg",Motihari,Manipur,856237,India,Home
2924,2167,"17/327
Reddy Chowk",Vijayanagaram,Tripura,951368,India,Home
2925,2168,"57, Borde Road",Guntakal,Nagaland,366337,India,Home
2926,2168,"18
Pandya Road",Tiruvottiyur,Meghalaya,778592,India,Office
2927,2169,"H.No. 83
Borah Marg",Gandhidham,Jharkhand,892396,India,Office
2928,2169,"H.No. 24, Nair Road",South Dumdum,Kerala,702178,India,Home
2929,2170,"59/88, Rao Zila",Delhi,Haryana,632940,India,Home
2930,2171,"04/37, Chana Road",Junagadh,Punjab,865510,India,Home
2931,2172,"H.No. 997
Tandon Nagar",Tiruppur,Sikkim,329402,India,Home
2932,2173,"H.No. 94
Parmer Street",Amritsar,Madhya Pradesh,755574,India,Home
2933,2173,"281
Tandon Nagar",Mau,Madhya Pradesh,557384,India,Home
2934,2174,"H.No. 960, Sankar Nagar",Bhiwandi,Maharashtra,531766,India,Home
2935,2175,"24/456, Sheth",Sasaram,Assam,336975,India,Home
2936,2176,"H.No. 54
Badal Marg",Miryalaguda,Gujarat,260533,India,Home
2937,2177,"49/969, Purohit Marg",Bongaigaon,Tamil Nadu,875880,India,Home
2938,2178,"H.No. 403
Kapoor Marg",Hajipur,Manipur,512619,India,Home
2939,2178,"90, Dugar Street",Lucknow,Punjab,431213,India,Home
2940,2179,"55/799
Balasubramanian",Fatehpur,Goa,668723,India,Home
2941,2180,"36, Sekhon Path",Mango,Tamil Nadu,510413,India,Home
2942,2181,"77
Sur Marg",Adoni,Sikkim,224967,India,Home
2943,2182,"19, Sinha Marg",Ozhukarai,Tripura,912094,India,Home
2944,2183,"H.No. 02
Mall Circle",Kurnool,Nagaland,697694,India,Home
2945,2184,"667, Verma Road",Guna,Punjab,908786,India,Home
2946,2185,"14/18, Naik Ganj",Baranagar,Punjab,444742,India,Home
2947,2186,"H.No. 725
Mahajan Road",Saharanpur,Meghalaya,109547,India,Home
2948,2187,"74/07, Chana Path",Phagwara,Bihar,603782,India,Home
2949,2188,"568, Contractor",Karaikudi,Rajasthan,877707,India,Home
2950,2189,"H.No. 139
Kale",North Dumdum,Madhya Pradesh,974631,India,Home
2951,2190,"18
Golla Marg",Vellore,Telangana,861633,India,Home
2952,2191,"813
Hora Nagar",Alappuzha,Chhattisgarh,986409,India,Home
2953,2192,"65
Sur Road",Ludhiana,Tripura,364434,India,Home
2954,2193,"H.No. 12
Shroff Zila",Tirunelveli,Arunachal Pradesh,128934,India,Office
2955,2194,"00/92, Pant Nagar",Kharagpur,Karnataka,456869,India,Home
2956,2195,"00/19
Kamdar Street",Hubli–Dharwad,Uttar Pradesh,240415,India,Office
2957,2196,"H.No. 84
Shere Street",Hazaribagh,Maharashtra,277933,India,Home
2958,2196,"569, Dubey Road",Tiruchirappalli,Nagaland,457661,India,Home
2959,2197,"29/506
Bhattacharyya Road",Kakinada,Assam,173265,India,Office
2960,2197,"465, Manda Path",Rajkot,Chhattisgarh,384672,India,Home
2961,2197,"H.No. 40
Varghese Zila",Sasaram,Punjab,435354,India,Home
2962,2198,"H.No. 62, Sami Circle",Mehsana,Tamil Nadu,384751,India,Office
2963,2198,"40/749, Thakur Zila",Surat,Kerala,405546,India,Home
2964,2199,"H.No. 206
Bajaj",Moradabad,Bihar,973725,India,Home
2965,2200,"H.No. 315, Mahajan Circle",Tirupati,Haryana,428054,India,Home
2966,2200,"H.No. 923, Pant Zila",Chittoor,Nagaland,305390,India,Home
2967,2201,"432, Dutt",Ajmer,Andhra Pradesh,555628,India,Office
2968,2202,"75/65
Kanda Chowk",Hindupur,Haryana,310951,India,Office
2969,2203,"87
Grover Circle",Buxar,Karnataka,283978,India,Home
2970,2204,"H.No. 189, Sankaran Circle",Giridih,West Bengal,607456,India,Office
2971,2205,"56/703, Sem Street",Deoghar,Uttar Pradesh,587509,India,Home
2972,2205,"20/752, Krishnan Nagar",Bhimavaram,Arunachal Pradesh,439064,India,Home
2973,2206,"73
Ganesh",Jalgaon,Jharkhand,407319,India,Home
2974,2207,"H.No. 890
Bir Zila",Howrah,Tripura,672916,India,Home
2975,2208,"616
Salvi Marg",Karawal Nagar,Assam,793527,India,Home
2976,2208,"52
Kota Nagar",Nellore,Andhra Pradesh,161832,India,Home
2977,2209,"H.No. 29, Bhargava Nagar",Sagar,Assam,643086,India,Office
2978,2210,"H.No. 28, Char Ganj",Pallavaram,Chhattisgarh,246447,India,Home
2979,2210,"H.No. 606, Sani Nagar",Patiala,Meghalaya,889214,India,Home
2980,2211,"10/07, Bal Street",Chittoor,Punjab,117056,India,Home
2981,2211,"65
Prabhakar Circle",Bharatpur,Manipur,336759,India,Home
2982,2212,"91
Kalla Nagar",Dehri,Jharkhand,523080,India,Home
2983,2213,"H.No. 33
Kala Road",Bilaspur,Punjab,070002,India,Other
2984,2214,"55
Sekhon Road",Panihati,Uttar Pradesh,416382,India,Home
2985,2215,"H.No. 172
Ben Ganj",Karnal,Mizoram,172633,India,Home
2986,2215,"04/80, Varma Circle",Vijayawada,Bihar,580443,India,Office
2987,2216,"57, Date Chowk",Salem,Chhattisgarh,168109,India,Office
2988,2217,"76/635, Chada Street",Saharanpur,Maharashtra,371107,India,Home
2989,2218,"86, Sant Circle",Gurgaon,Telangana,147359,India,Home
2990,2219,"89
Handa Path",Jalna,Goa,257768,India,Home
2991,2219,"73/951
Raju Marg",Rajahmundry,Telangana,370140,India,Home
2992,2220,"07/151
Rai",Ajmer,Haryana,477259,India,Home
2993,2221,"H.No. 159
Karpe Path",Dibrugarh,Tripura,162906,India,Office
2994,2222,"81/56, Bera Marg",Indore,Odisha,518343,India,Other
2995,2223,"36/35
Wable Marg",Nagaon,Meghalaya,934724,India,Home
2996,2224,"H.No. 676
Chandra Street",Ramagundam,Haryana,964742,India,Office
2997,2224,"683, Virk Road",Nagpur,Punjab,951628,India,Home
2998,2225,"45/48, Purohit Street",Bahraich,Meghalaya,312581,India,Home
2999,2226,"87/663, Amble Road",Vasai-Virar,Punjab,447652,India,Office
3000,2227,"H.No. 69, Varty Marg",Raipur,Maharashtra,175171,India,Office
3001,2227,"H.No. 28, Narang Road",Malda,Andhra Pradesh,005745,India,Home
3002,2228,"66, Warrior Road",Kadapa,Jharkhand,383127,India,Home
3003,2229,"H.No. 783
Palla Ganj",Panvel,Goa,452488,India,Home
3004,2230,"03, Kothari Path",Moradabad,Meghalaya,546141,India,Home
3005,2231,"91/014, Kapadia Chowk",Gulbarga,Uttarakhand,584480,India,Home
3006,2232,"771, Savant Street",Vasai-Virar,Karnataka,853909,India,Home
3007,2233,"74/479, Atwal Road",Nellore,Andhra Pradesh,290641,India,Home
3008,2233,"H.No. 84
Dubey Nagar",Madhyamgram,Maharashtra,526587,India,Office
3009,2234,"02/38, Nagarajan Marg",Mangalore,Maharashtra,080598,India,Other
3010,2235,"18/880, Kota Nagar",Mumbai,Karnataka,782868,India,Home
3011,2236,"22/030
Bobal Chowk",Hosur,Assam,922397,India,Other
3012,2237,"62/154
Pall Zila",Adoni,Nagaland,702729,India,Home
3013,2238,"94/286, Natarajan Ganj",Farrukhabad,Odisha,638987,India,Home
3014,2239,"55/91
Dhaliwal Nagar",Mathura,Kerala,885728,India,Home
3015,2240,"H.No. 63, Chatterjee Circle",Jodhpur,Sikkim,558753,India,Office
3016,2240,"29/614, Bhandari",Amritsar,Maharashtra,952027,India,Home
3017,2241,"H.No. 54, Buch Circle",Kishanganj,Punjab,728458,India,Office
3018,2241,"74/94
Basu Nagar",Bidar,Goa,580720,India,Home
3019,2242,"05/70, Tank Zila",Bhagalpur,Tripura,752925,India,Home
3020,2242,"56/808
Samra Road",Mumbai,Bihar,812362,India,Home
3021,2243,"24/947
Agrawal Nagar",Hapur,Bihar,672446,India,Home
3022,2244,"57/72, Walia Road",Shivpuri,Jharkhand,630835,India,Home
3023,2245,"890
Chandra",Vadodara,Tamil Nadu,347418,India,Home
3024,2246,"H.No. 20, Dugar Street",Kanpur,Karnataka,573368,India,Office
3025,2247,"76/57, Parikh Path",Kolhapur,Karnataka,856850,India,Home
3026,2247,"48
Vohra Chowk",Rewa,Jharkhand,130002,India,Other
3027,2248,"H.No. 46
Oak Road",Mathura,Jharkhand,985294,India,Home
3028,2249,"H.No. 70
Dani Road",Serampore,Arunachal Pradesh,633706,India,Home
3029,2250,"11/819
Dara Marg",Deoghar,Rajasthan,595594,India,Home
3030,2250,"981, Koshy Ganj",Tumkur,Assam,711801,India,Home
3031,2251,"74
Raghavan Ganj",Bilaspur,Nagaland,985927,India,Home
3032,2251,"H.No. 36, Madan",Nizamabad,Punjab,476889,India,Home
3033,2251,"86/161, Srivastava Circle",Yamunanagar,Jharkhand,808431,India,Home
3034,2252,"52/179
Bala Nagar",Jammu,Sikkim,260557,India,Office
3035,2253,"H.No. 284
Pillai Path",Bhusawal,Odisha,591268,India,Home
3036,2254,"078, Seshadri Ganj",Moradabad,Uttar Pradesh,594123,India,Home
3037,2255,"H.No. 92
Goda Ganj",Hazaribagh,Arunachal Pradesh,455711,India,Home
3038,2256,"743
Chauhan Path",Kavali,Chhattisgarh,327023,India,Home
3039,2257,"40, Vohra Street",Varanasi,Madhya Pradesh,763443,India,Home
3040,2258,"H.No. 60, Prashad Street",Sambalpur,Telangana,641629,India,Home
3041,2258,"H.No. 252
Parsa Zila",Agartala,Sikkim,517236,India,Home
3042,2259,"H.No. 448
Gara Path",Faridabad,Rajasthan,354722,India,Home
3043,2260,"H.No. 553
Ravi Nagar",Bhiwandi,Haryana,045892,India,Other
3044,2261,"H.No. 23
Behl Road",Vadodara,Tripura,683355,India,Home
3045,2262,"38
Bhatnagar Path",Miryalaguda,Himachal Pradesh,997486,India,Home
3046,2263,"H.No. 557, Jain Ganj",Jaunpur,Punjab,660940,India,Home
3047,2264,"H.No. 75
Chauhan Nagar",Satna,Andhra Pradesh,665589,India,Other
3048,2264,"65/869, Deol Chowk",Panihati,Goa,204300,India,Other
3049,2265,"191
Sanghvi Nagar",Salem,Telangana,635911,India,Home
3050,2265,"20/286
Deol Zila",Thrissur,Goa,140245,India,Home
3051,2266,"249
Garde Street",Mathura,Andhra Pradesh,320001,India,Home
3052,2266,"789, Dyal Street",Noida,Karnataka,979135,India,Home
3053,2267,"956, Sundaram Zila",Udaipur,Odisha,846764,India,Other
3054,2267,"97/79, Kale Path",Coimbatore,Himachal Pradesh,830709,India,Home
3055,2268,"33, Bhakta Marg",Shivpuri,Gujarat,567261,India,Office
3056,2269,"36/292
Nagi Road",Hospet,West Bengal,382438,India,Home
3057,2270,"H.No. 462, Dutta",Gaya,Goa,381385,India,Office
3058,2271,"23/590, Dhillon Marg",Bhopal,Tripura,014412,India,Home
3059,2272,"H.No. 22
Dubey",Uluberia,Madhya Pradesh,089393,India,Home
3060,2273,"H.No. 462
Gulati",Jaunpur,Himachal Pradesh,535833,India,Other
3061,2274,"95/91
Bains",Latur,Tripura,945875,India,Home
3062,2274,"H.No. 825
Dayal Chowk",South Dumdum,Telangana,007086,India,Home
3063,2275,"69/48, Ramesh Road",Anantapuram,Manipur,291483,India,Home
3064,2275,"65/086
Deshpande",Berhampore,West Bengal,252541,India,Home
3065,2276,"05/562, Bora Road",Bhusawal,Sikkim,768094,India,Home
3066,2277,"59/647, Kothari Nagar",Khandwa,Uttarakhand,245320,India,Home
3067,2278,"H.No. 43
Reddy Street",Sagar,Haryana,037152,India,Other
3068,2279,"109
Nayak Zila",Deoghar,Haryana,953122,India,Home
3069,2279,"649
Manda Chowk",Jamalpur,Manipur,676442,India,Home
3070,2280,"30/707
Buch Circle",Coimbatore,Telangana,124480,India,Home
3071,2281,"94
Cheema Street",Danapur,Meghalaya,900449,India,Home
3072,2281,"H.No. 072, Bora Ganj",Jehanabad,Goa,499306,India,Home
3073,2282,"H.No. 412
Bhargava Zila",Thane,Sikkim,310550,India,Office
3074,2283,"H.No. 588, Nadig Chowk",Munger,Maharashtra,675141,India,Home
3075,2284,"35/15
Bail Marg",Jamshedpur,Himachal Pradesh,770215,India,Home
3076,2285,"61/15, Dalal Zila",Raebareli,Goa,143593,India,Home
3077,2286,"H.No. 061
Nanda Marg",Rohtak,Tamil Nadu,255310,India,Home
3078,2286,"712
Amble Street",Ulhasnagar,Karnataka,845240,India,Home
3079,2287,"09/692
Karpe Path",Vellore,Arunachal Pradesh,099931,India,Office
3080,2288,"40/099, Contractor Circle",Bidhannagar,Tamil Nadu,922887,India,Home
3081,2288,"15/949
Parekh Street",Nellore,Jharkhand,026642,India,Home
3082,2289,"869
Sarkar Marg",Motihari,Assam,051292,India,Office
3083,2290,"430
Tailor Marg",Mehsana,Punjab,677810,India,Home
3084,2291,"H.No. 824
Thakur Nagar",Secunderabad,Assam,315792,India,Office
3085,2291,"23/66, Ram Zila",Pune,Assam,295126,India,Home
3086,2291,"H.No. 869
Choudhry Marg",Jaipur,Nagaland,039092,India,Home
3087,2292,"73
Bail Marg",Berhampur,Uttar Pradesh,399506,India,Home
3088,2293,"67/605
Bahri Path",Vadodara,Karnataka,908306,India,Home
3089,2293,"H.No. 09, Banik Circle",Uluberia,Maharashtra,419941,India,Home
3090,2294,"H.No. 36, Ramanathan Zila",Serampore,Andhra Pradesh,999076,India,Home
3091,2294,"18/14, Yadav",Haridwar,Meghalaya,903217,India,Home
3092,2295,"H.No. 91
Sridhar Zila",Bahraich,Karnataka,004375,India,Home
3093,2296,"15/752, Nagy Street",Siwan,Haryana,039036,India,Office
3094,2296,"H.No. 86
Parsa Chowk",Chittoor,Kerala,515347,India,Home
3095,2297,"927
Vasa Nagar",Tirunelveli,Arunachal Pradesh,800378,India,Home
3096,2298,"H.No. 103, Ahluwalia Street",Mathura,Himachal Pradesh,609909,India,Home
3097,2299,"H.No. 78
Pandya Circle",Rewa,Madhya Pradesh,907644,India,Home
3098,2299,"04/39
Rastogi Road",Raebareli,Rajasthan,227726,India,Office
3099,2300,"H.No. 540, Raj Street",Bokaro,Mizoram,655921,India,Home
3100,2301,"88
Krishna Marg",Nellore,Sikkim,453918,India,Home
3101,2301,"384, Sastry Circle",Guwahati,Uttar Pradesh,443373,India,Home
3102,2301,"09/085
Nori Chowk",Bhind,Punjab,763183,India,Office
3103,2302,"900
Mangal Street",Morbi,Nagaland,234615,India,Other
3104,2303,"167, Agrawal Marg",Varanasi,Assam,665897,India,Office
3105,2304,"42/565, De Circle",Proddatur,Uttarakhand,404450,India,Home
3106,2304,"86/38, Kulkarni Ganj",Pali,Punjab,814498,India,Home
3107,2305,"H.No. 296
Kar Path",Miryalaguda,Tamil Nadu,153070,India,Home
3108,2306,"19/04
Taneja Circle",Lucknow,Assam,083345,India,Office
3109,2307,"982, Krishnamurthy",Darbhanga,Tripura,833788,India,Home
3110,2307,"H.No. 74, Palla Street",Berhampore,Uttar Pradesh,382039,India,Home
3111,2308,"00/786
Sekhon Chowk",Thanjavur,Andhra Pradesh,535760,India,Home
3112,2309,"73, Ramachandran Ganj",Agartala,Goa,741516,India,Home
3113,2310,"956, Bhatt Marg",Danapur,Tripura,436485,India,Home
3114,2311,"82, Pathak Chowk",Bhalswa Jahangir Pur,Gujarat,614601,India,Home
3115,2311,"41/964
Bhasin Nagar",Giridih,Chhattisgarh,683596,India,Home
3116,2312,"83, Som Circle",Nangloi Jat,Madhya Pradesh,402347,India,Home
3117,2313,"H.No. 51, Seth Ganj",Chennai,Tripura,826565,India,Home
3118,2314,"36/75, Gola Marg",Uluberia,Tripura,540349,India,Home
3119,2315,"75/95, Khalsa Path",Bihar Sharif,Rajasthan,209470,India,Office
3120,2316,"H.No. 47
Parmar Marg",Phagwara,Sikkim,187692,India,Office
3121,2317,"H.No. 438
Narula Circle",Kadapa,Manipur,583443,India,Home
3122,2317,"997, Nadkarni Ganj",Gopalpur,West Bengal,402948,India,Home
3123,2317,"H.No. 68, Rajan Circle",Panvel,Tamil Nadu,634272,India,Home
3124,2318,"71
Panchal Zila",Jamalpur,Manipur,781561,India,Home
3125,2318,"173
Som Marg",Noida,Telangana,314031,India,Home
3126,2319,"66, Samra Zila",Bijapur,Telangana,988967,India,Home
3127,2319,"182
Muni Street",Jehanabad,Rajasthan,247686,India,Other
3128,2320,"H.No. 716
Chanda Chowk",Kadapa,Sikkim,792578,India,Home
3129,2320,"23/529
Bhakta Circle",Udupi,Gujarat,137345,India,Home
3130,2321,"471
Pal Zila",Kadapa,Goa,181951,India,Office
3131,2322,"H.No. 907
Saran Nagar",Chittoor,Rajasthan,931316,India,Office
3132,2323,"H.No. 38
Hans Ganj",Sagar,Goa,503533,India,Home
3133,2324,"10/125, Raval Road",Khammam,Tripura,499959,India,Office
3134,2324,"03
Srinivasan Zila",Karimnagar,Maharashtra,583201,India,Home
3135,2325,"545
Hans Marg",Chittoor,Punjab,686364,India,Home
3136,2326,"49/810
Hari Marg",Haridwar,West Bengal,392060,India,Home
3137,2326,"942
Dey",Hubli–Dharwad,Punjab,474350,India,Home
3138,2327,"78/20
Johal",Guntur,West Bengal,120382,India,Other
3139,2328,"90/15, Pillai Nagar",Bihar Sharif,Meghalaya,168068,India,Home
3140,2329,"040, Narain Nagar",Bidar,Mizoram,131433,India,Office
3141,2330,"H.No. 574
Grewal Ganj",Moradabad,Bihar,495992,India,Home
3142,2331,"79/196, Batta",Noida,Madhya Pradesh,176592,India,Home
3143,2332,"H.No. 94, Jani Circle",Nagpur,Odisha,168011,India,Home
3144,2332,"36/096
Kade Road",Bharatpur,Rajasthan,497320,India,Home
3145,2333,"60/15, Natt Ganj",Bhopal,Kerala,256248,India,Home
3146,2333,"H.No. 97, Lanka Nagar",Bally,Nagaland,551693,India,Home
3147,2334,"40/574, Buch Zila",Uluberia,Gujarat,038916,India,Home
3148,2335,"70
Parsa",Srinagar,Mizoram,868043,India,Home
3149,2336,"900
Wali Circle",Khammam,Tripura,783980,India,Home
3150,2336,"03, Sinha Chowk",Gwalior,Chhattisgarh,588694,India,Home
3151,2337,"074
Shanker Circle",Maheshtala,Himachal Pradesh,951405,India,Home
3152,2337,"18/136, Talwar Zila",Delhi,Arunachal Pradesh,854123,India,Home
3153,2338,"10/94
Gandhi Path",Khammam,Haryana,255614,India,Office
3154,2338,"H.No. 298
Bhat Chowk",Howrah,Punjab,215294,India,Home
3155,2339,"61, Char Zila",Kottayam,Haryana,409652,India,Office
3156,2340,"H.No. 216
Misra Marg",Allahabad,Andhra Pradesh,123301,India,Home
3157,2341,"96
Pillay Path",Madhyamgram,Haryana,383684,India,Office
3158,2341,"H.No. 34, Ramaswamy Road",Akola,Uttar Pradesh,749053,India,Office
3159,2342,"H.No. 95, Madan Nagar",Loni,Rajasthan,683625,India,Home
3160,2343,"21
Thaker Nagar",Udaipur,Manipur,105915,India,Office
3161,2343,"81/55
Chand Path",Guntakal,Kerala,296435,India,Home
3162,2343,"173, Mody Street",Bilaspur,Tripura,298020,India,Home
3163,2344,"17/26, Cherian Path",Firozabad,Chhattisgarh,457813,India,Home
3164,2344,"H.No. 56, Pradhan Street",Ghaziabad,Gujarat,241300,India,Home
3165,2345,"H.No. 314, Mittal Marg",Udaipur,Assam,377805,India,Home
3166,2346,"92/277
Date Nagar",Meerut,Telangana,976979,India,Home
3167,2346,"25/696
Brahmbhatt Road",Rajpur Sonarpur,Kerala,764996,India,Home
3168,2346,"763
Roy Ganj",Thane,Manipur,194750,India,Other
3169,2347,"22/011
Sule Street",Ichalkaranji,Chhattisgarh,593323,India,Home
3170,2348,"H.No. 33, Ray Zila",Chinsurah,Madhya Pradesh,446970,India,Home
3171,2348,"H.No. 198
Narayanan",Bhubaneswar,Bihar,787239,India,Home
3172,2349,"715, Varty Path",Hyderabad,Goa,423624,India,Home
3173,2350,"84/69
Sehgal Ganj",Parbhani,Manipur,508057,India,Home
3174,2351,"H.No. 784, Mallick Road",Allahabad,Chhattisgarh,489424,India,Home
3175,2351,"793
Ramakrishnan Marg",Faridabad,Jharkhand,867118,India,Home
3176,2352,"18, Suri Street",Muzaffarnagar,Jharkhand,749678,India,Home
3177,2353,"H.No. 27
Kibe Ganj",Hazaribagh,Uttarakhand,567541,India,Home
3178,2353,"H.No. 45, Sarma Path",Ludhiana,Telangana,907704,India,Home
3179,2354,"H.No. 30
Bobal Nagar",Thiruvananthapuram,Bihar,127259,India,Home
3180,2354,"H.No. 298, Raja Path",Warangal,Himachal Pradesh,555251,India,Home
3181,2355,"48
Sankar Path",Bhatpara,Rajasthan,424374,India,Home
3182,2356,"22/02, Behl Street",Srinagar,Andhra Pradesh,496072,India,Home
3183,2357,"H.No. 20
Mallick Zila",Gurgaon,Arunachal Pradesh,737250,India,Home
3184,2357,"32/19, Ramakrishnan Path",Mangalore,Arunachal Pradesh,065069,India,Other
3185,2358,"15/884
Panchal Road",Bellary,Madhya Pradesh,941100,India,Home
3186,2359,"H.No. 896, Raval Chowk",Bihar Sharif,Arunachal Pradesh,232151,India,Home
3187,2359,"H.No. 19
Solanki Marg",Gangtok,Maharashtra,586531,India,Home
3188,2360,"34/220
Batra Chowk",Bellary,Assam,772228,India,Home
3189,2360,"H.No. 99
Toor Path",Silchar,Meghalaya,286017,India,Home
3190,2361,"78/738
Bhandari Circle",Vasai-Virar,Assam,052923,India,Office
3191,2362,"H.No. 22, Shroff Ganj",Thanjavur,Arunachal Pradesh,480632,India,Home
3192,2363,"H.No. 89
Krishna Marg",Visakhapatnam,Himachal Pradesh,261655,India,Home
3193,2363,"793
Singh Ganj",Mira-Bhayandar,Bihar,616904,India,Home
3194,2364,"61/029
Peri Marg",Durg,Assam,437702,India,Home
3195,2365,"05
Jha Nagar",Haridwar,Tripura,372464,India,Home
3196,2365,"04
Parikh Circle",Guwahati,Odisha,656322,India,Home
3197,2366,"91
Bose Zila",Danapur,Karnataka,259272,India,Home
3198,2367,"94, Dhingra Street",Medininagar,Chhattisgarh,384187,India,Home
3199,2368,"61
Ravel Chowk",Shivpuri,Goa,458836,India,Home
3200,2368,"H.No. 798
Keer Ganj",Nashik,Mizoram,378361,India,Home
3201,2369,"92/668
Raja Marg",Hosur,Andhra Pradesh,956530,India,Office
3202,2370,"H.No. 227, Arya Path",Alappuzha,Sikkim,470928,India,Home
3203,2371,"371, Dhar Road",Thrissur,Uttar Pradesh,472793,India,Home
3204,2371,"26/894, Narang",Sangli-Miraj & Kupwad,Meghalaya,293369,India,Office
3205,2372,"407, Varma Street",Tadepalligudem,Uttarakhand,981618,India,Office
3206,2373,"80/98, Bhatia Circle",Surat,Punjab,362724,India,Home
3207,2373,"H.No. 22
Parsa Chowk",Bhavnagar,Madhya Pradesh,327222,India,Home
3208,2373,"H.No. 53, Nagarajan Street",Jalandhar,Madhya Pradesh,297451,India,Other
3209,2374,"65/160, Rastogi Circle",Sagar,Uttarakhand,133966,India,Home
3210,2375,"57/529, Rana Marg",Nangloi Jat,Assam,813207,India,Office
3211,2375,"919, Yogi Zila",Silchar,Karnataka,063698,India,Office
3212,2376,"H.No. 676
Pant Path",Kavali,Madhya Pradesh,976022,India,Home
3213,2377,"44, Palan",Ramagundam,Haryana,043424,India,Home
3214,2378,"26, Dar Ganj",Bhind,Meghalaya,422212,India,Home
3215,2379,"197
Varghese Ganj",Gangtok,Andhra Pradesh,473175,India,Home
3216,2380,"H.No. 295, Khalsa Circle",Kanpur,Mizoram,327104,India,Home
3217,2380,"513
Sandhu Path",Durg,Haryana,719163,India,Home
3218,2381,"H.No. 47, Parmer Zila",Rajpur Sonarpur,Haryana,541768,India,Home
3219,2381,"20/682, Kumar",Suryapet,Tamil Nadu,284571,India,Office
3220,2382,"19/81
Goda Marg",Durg,Punjab,145365,India,Home
3221,2383,"386, Kapoor Zila",Kirari Suleman Nagar,Tamil Nadu,616160,India,Home
3222,2384,"H.No. 33
Bahri Chowk",Patiala,Madhya Pradesh,127470,India,Home
3223,2385,"53/12
Setty Zila",Mumbai,Sikkim,972967,India,Home
3224,2385,"H.No. 418, Gara Marg",Amritsar,Punjab,678758,India,Office
3225,2386,"47/401
Dhawan",Hapur,Haryana,755046,India,Home
3226,2386,"14, Magar Ganj",Ambattur,Punjab,267545,India,Home
3227,2387,"90
Menon",Rampur,Chhattisgarh,095636,India,Home
3228,2388,"855, Tripathi Street",Jhansi,Bihar,299678,India,Office
3229,2389,"H.No. 35, Patla Circle",Medininagar,Manipur,638586,India,Home
3230,2390,"543, Ray Chowk",Bidar,Madhya Pradesh,871171,India,Home
3231,2391,"H.No. 35
Natarajan",Jammu,Punjab,506989,India,Home
3232,2391,"29/48
Keer Marg",Medininagar,Odisha,285541,India,Office
3233,2391,"39/43
Muni Zila",Firozabad,Goa,544096,India,Home
3234,2392,"24
Patel Street",Bhilwara,Arunachal Pradesh,052770,India,Home
3235,2393,"H.No. 47, Rai Marg",Dhanbad,Manipur,997510,India,Home
3236,2394,"51, Mandal",Morbi,Goa,461504,India,Home
3237,2395,"17/082, Doshi",Faridabad,Odisha,513900,India,Home
3238,2395,"50/11, Sastry Road",Amroha,Goa,555237,India,Home
3239,2396,"90/497, Srinivasan Path",Satara,Madhya Pradesh,426333,India,Home
3240,2396,"88/465, Basak Zila",Ramagundam,Nagaland,082413,India,Home
3241,2397,"H.No. 606, Lall Road",Panihati,Kerala,417733,India,Office
3242,2398,"30/718
Chaudhry Street",Tiruchirappalli,Uttar Pradesh,063923,India,Other
3243,2399,"67/81, Bala Zila",Jamnagar,West Bengal,883697,India,Home
3244,2400,"25/795, Parmar Ganj",Tirupati,Himachal Pradesh,193547,India,Home
3245,2401,"63/99, Gaba Marg",Pune,Sikkim,384920,India,Home
3246,2402,"H.No. 759, Lal Zila",Hyderabad,Punjab,903957,India,Home
3247,2403,"69/39, Keer Path",Nagpur,Madhya Pradesh,333827,India,Office
3248,2403,"H.No. 34
Ben Circle",Dewas,Odisha,689923,India,Home
3249,2404,"55/20
Agarwal Zila",Bharatpur,Sikkim,448479,India,Office
3250,2404,"H.No. 740, Cheema Path",Kanpur,Gujarat,217759,India,Home
3251,2405,"549, Khosla Circle",Indore,Gujarat,041037,India,Home
3252,2405,"10/29, Gera Chowk",Sultan Pur Majra,Karnataka,126370,India,Home
3253,2406,"96, Johal Ganj",Bokaro,Goa,176668,India,Home
3254,2406,"H.No. 274, Dyal Marg",Dhule,Gujarat,595829,India,Home
3255,2407,"56
Bhatt Street",Khora ,Telangana,909944,India,Home
3256,2408,"H.No. 75, Sarna Ganj",Thiruvananthapuram,Tripura,825648,India,Home
3257,2409,"64/76
Parmar Marg",Mehsana,Meghalaya,518650,India,Home
3258,2409,"99
Mammen Marg",Jabalpur,Bihar,905925,India,Home
3259,2410,"70/42
Lala Marg",Phagwara,Meghalaya,080466,India,Office
3260,2410,"63/828, Balay Path",Kota,Maharashtra,750209,India,Home
3261,2411,"521, Kapur Street",Akola,Odisha,462763,India,Home
3262,2412,"14/874
Sinha",Satna,Sikkim,295458,India,Office
3263,2413,"85/335, Memon Circle",Bhiwani,Odisha,359522,India,Office
3264,2414,"51/209
Bhatti Nagar",Mehsana,Sikkim,973111,India,Home
3265,2415,"63/36
Char Nagar",Satna,Sikkim,459619,India,Home
3266,2416,"40/059
Peri Chowk",Firozabad,Sikkim,594210,India,Other
3267,2417,"084
Varkey Zila",Bongaigaon,Rajasthan,549078,India,Home
3268,2418,"550
Mukhopadhyay Path",Thanjavur,Bihar,937577,India,Home
3269,2419,"96, Ratti Nagar",Bhusawal,Odisha,135128,India,Office
3270,2420,"36/95
Patla Path",Shivpuri,Manipur,699226,India,Home
3271,2421,"H.No. 69, Balakrishnan Road",Jaipur,West Bengal,761002,India,Office
3272,2422,"H.No. 12, Lad Nagar",Dharmavaram,Tamil Nadu,915734,India,Office
3273,2423,"856
Jayaraman Ganj",Secunderabad,Odisha,913878,India,Home
3274,2424,"H.No. 188
Chahal Zila",Ahmednagar,Haryana,952331,India,Other
3275,2425,"241
Arora Chowk",Navi Mumbai,Chhattisgarh,879633,India,Home
3276,2425,"08/13
Gera Street",Guna,Chhattisgarh,044843,India,Office
3277,2426,"H.No. 978
Chaudhari Circle",Rohtak,Odisha,710425,India,Other
3278,2427,"H.No. 284, Deol Street",Jalandhar,Meghalaya,183137,India,Office
3279,2428,"43/403
Om Nagar",Chapra,Goa,173335,India,Home
3280,2429,"682, Batta Street",Thanjavur,West Bengal,979685,India,Home
3281,2429,"21
Rajan Zila",Bangalore,Rajasthan,620821,India,Home
3282,2430,"H.No. 07, Sant Marg",Naihati,Sikkim,629213,India,Office
3283,2431,"H.No. 113
Kunda Road",Hosur,Tamil Nadu,092918,India,Home
3284,2432,"99/45
Mall Road",Ajmer,Kerala,720474,India,Home
3285,2433,"175
Kashyap Marg",Dharmavaram,Andhra Pradesh,651444,India,Home
3286,2433,"57
Varughese Road",Jalna,Telangana,252888,India,Home
3287,2433,"H.No. 65
Karnik Nagar",Chandrapur,Haryana,784213,India,Office
3288,2434,"699, Oak Chowk",Hajipur,Haryana,777271,India,Home
3289,2435,"H.No. 22
D’Alia Road",Ratlam,Tripura,383412,India,Office
3290,2436,"22
Shah Ganj",Varanasi,Manipur,197537,India,Home
3291,2436,"06/323, Suri",Bhagalpur,Haryana,210858,India,Home
3292,2437,"75/582, Kara Marg",Chandigarh,Mizoram,510885,India,Home
3293,2438,"11/99, Golla Road",Mehsana,Uttarakhand,420643,India,Office
3294,2438,"95/534, Guha Ganj",Phusro,Sikkim,197204,India,Home
3295,2439,"32/42, Hayre Road",Nagpur,Punjab,731633,India,Home
3296,2440,"H.No. 30, Tank Circle",Farrukhabad,Himachal Pradesh,839071,India,Home
3297,2441,"H.No. 257, Zacharia",Ghaziabad,Assam,241982,India,Home
3298,2442,"449
Goda Path",Gandhidham,Madhya Pradesh,528311,India,Home
3299,2442,"89
Chhabra Path",Machilipatnam,Kerala,180054,India,Home
3300,2443,"H.No. 277
Bhargava Marg",Cuttack,Haryana,625751,India,Office
3301,2444,"H.No. 036, Yogi Marg",Chittoor,West Bengal,397384,India,Home
3302,2444,"18/458
Rama Zila",Nashik,Goa,291823,India,Office
3303,2445,"725
Chander Zila",Kavali,Sikkim,310262,India,Home
3304,2446,"05, Rajagopal Nagar",Durg,Nagaland,522925,India,Office
3305,2447,"54
Puri Chowk",Solapur,Maharashtra,455903,India,Office
3306,2448,"H.No. 35
Dutt Road",Gandhidham,Goa,667622,India,Home
3307,2449,"76/174
Arora Chowk",Raurkela Industrial Township,Tripura,224205,India,Home
3308,2450,"H.No. 25
Sengupta Road",Gandhinagar,Himachal Pradesh,719603,India,Home
3309,2450,"97/31
Sangha Zila",Bhilai,Kerala,539952,India,Office
3310,2451,"H.No. 542, Agrawal Road",Sri Ganganagar,Andhra Pradesh,379086,India,Home
3311,2451,"83/58, Pandey Path",Purnia,Himachal Pradesh,487597,India,Office
3312,2452,"H.No. 25
Edwin Road",Avadi,Gujarat,827568,India,Home
3313,2452,"78/50
Virk Chowk",Ongole,Goa,308158,India,Office
3314,2453,"67/89, Prakash Road",Moradabad,West Bengal,246719,India,Office
3315,2454,"52, Sarna Ganj",Jaipur,Andhra Pradesh,959635,India,Home
3316,2455,"75/70, Jani Path",Kalyan-Dombivli,Odisha,613014,India,Home
3317,2456,"41
Subramaniam",Phusro,Uttarakhand,103675,India,Home
3318,2457,"93, Viswanathan Street",Thane,Assam,713037,India,Home
3319,2458,"71/84, Shanker Marg",Suryapet,Manipur,373169,India,Other
3320,2459,"59, Swaminathan Street",Haridwar,Arunachal Pradesh,006977,India,Home
3321,2460,"H.No. 097
Bhatnagar Nagar",Mira-Bhayandar,Kerala,618061,India,Office
3322,2461,"53/70, Tata Nagar",Jaipur,Bihar,222126,India,Other
3323,2462,"05/10, Bose Zila",Burhanpur,Odisha,491067,India,Home
3324,2463,"87/10
Manda Zila",Vijayawada,Assam,328225,India,Home
3325,2464,"64/29, Tripathi Path",Bhilai,Maharashtra,211702,India,Home
3326,2465,"H.No. 49
Mutti Marg",Vadodara,Goa,218254,India,Home
3327,2466,"H.No. 75, Narasimhan",Tirunelveli,Jharkhand,426335,India,Home
3328,2467,"175, Thakur Road",Mehsana,Bihar,202061,India,Home
3329,2468,"20/31, Sagar Circle",Khandwa,Uttarakhand,448228,India,Home
3330,2468,"07/39
Bassi Nagar",Pudukkottai,Maharashtra,096667,India,Home
3331,2469,"960
Saraf Street",Phagwara,Punjab,047164,India,Home
3332,2470,"H.No. 58
Modi Road",Hapur,Manipur,137153,India,Office
3333,2470,"789
Ghosh Ganj",Thrissur,Chhattisgarh,766548,India,Office
3334,2471,"749
Sangha Road",Tiruvottiyur,Rajasthan,030021,India,Home
3335,2471,"665
Memon",Panihati,Nagaland,323453,India,Office
3336,2472,"H.No. 66, Edwin Circle",Loni,Punjab,575492,India,Home
3337,2473,"980, Jaggi Zila",Kirari Suleman Nagar,Rajasthan,191577,India,Home
3338,2473,"H.No. 411, Parekh Zila",Nadiad,Uttarakhand,315394,India,Other
3339,2474,"11/58, Ravel Chowk",Agra,Odisha,639750,India,Home
3340,2475,"92
Prabhakar Zila",Agra,Rajasthan,009443,India,Home
3341,2476,"H.No. 277, Devi Ganj",Gandhinagar,Karnataka,942763,India,Home
3342,2476,"82/632, Saxena Marg",Kamarhati,Tamil Nadu,143107,India,Home
3343,2477,"987
Majumdar Zila",Shimoga,West Bengal,642930,India,Other
3344,2478,"46/143
Jaggi Circle",Haridwar,Meghalaya,289540,India,Home
3345,2479,"47/43
Master Circle",Naihati,Chhattisgarh,245979,India,Home
3346,2480,"455, Bala Road",Saharanpur,Bihar,014996,India,Home
3347,2481,"H.No. 778, Mammen Path",Dhule,Odisha,579866,India,Office
3348,2482,"69/233, Nigam",Bangalore,Arunachal Pradesh,553952,India,Office
3349,2483,"37
Kamdar Chowk",Akola,Uttarakhand,245870,India,Home
3350,2484,"111, Panchal Chowk",Pallavaram,Haryana,583624,India,Home
3351,2485,"H.No. 515, More Marg",Muzaffarnagar,Nagaland,871713,India,Home
3352,2486,"93/589
Bhalla Zila",Alwar,Nagaland,562739,India,Office
3353,2487,"H.No. 33
Sani Zila",Jamnagar,Andhra Pradesh,868784,India,Home
3354,2488,"77/515, Ranganathan Ganj",Durgapur,Arunachal Pradesh,506699,India,Office
3355,2489,"28/568, Maharaj Path",Vijayawada,Maharashtra,933111,India,Home
3356,2490,"85
Balakrishnan Road",Munger,Telangana,180603,India,Other
3357,2491,"235
Nanda Zila",Ulhasnagar,Punjab,656130,India,Home
3358,2491,"39/871
Vaidya Road",Pondicherry,Himachal Pradesh,300745,India,Home
3359,2492,"77/414
Pal Marg",Orai,Gujarat,633253,India,Home
3360,2493,"63/057, Sheth Path",Sambhal,West Bengal,702507,India,Home
3361,2493,"60
Parikh Marg",Kottayam,Kerala,610689,India,Home
3362,2494,"H.No. 53
Rajan Street",Mehsana,Himachal Pradesh,412404,India,Office
3363,2494,"68/48, Nadkarni Ganj",Dhanbad,Andhra Pradesh,182087,India,Home
3364,2494,"38, Dara Circle",Amaravati,Rajasthan,719189,India,Home
3365,2495,"19/87, Dave",Haridwar,Karnataka,181757,India,Home
3366,2496,"01/808
Sarraf Marg",Cuttack,Chhattisgarh,249152,India,Home
3367,2497,"816, Nazareth Marg",Morbi,Meghalaya,131974,India,Home
3368,2498,"H.No. 352, Sandhu Chowk",Hapur,Karnataka,765118,India,Home
3369,2499,"H.No. 66, Choudhary Path",Kakinada,Punjab,727154,India,Home
3370,2500,"28, Hayer Zila",Bhilai,Haryana,033460,India,Home
3371,2501,"H.No. 96
Sastry Circle",Amroha,Jharkhand,654482,India,Home
3372,2502,"73/98, Cherian Street",Ozhukarai,Karnataka,740503,India,Office
3373,2503,"H.No. 13, Raghavan Road",Meerut,Nagaland,569963,India,Home
3374,2504,"H.No. 47
Brar Chowk",Aizawl,Assam,538341,India,Home
3375,2505,"57, Sehgal Street",Eluru,Kerala,206703,India,Home
3376,2506,"677, Kunda Chowk",Bareilly,Arunachal Pradesh,397118,India,Other
3377,2506,"00/340, Korpal",Sasaram,Goa,173203,India,Home
3378,2507,"06/664, Parsa Marg",Orai,Himachal Pradesh,887978,India,Home
3379,2507,"H.No. 87
Parekh",Amaravati,Meghalaya,149179,India,Home
3380,2508,"19
Prashad Nagar",Kamarhati,Rajasthan,108327,India,Other
3381,2508,"86
Vohra Circle",Ulhasnagar,Andhra Pradesh,326503,India,Home
3382,2509,"H.No. 24, Char Zila",Gulbarga,Arunachal Pradesh,651335,India,Home
3383,2510,"49/57, Bera Marg",Jehanabad,Maharashtra,084929,India,Home
3384,2510,"H.No. 453
Samra Circle",Sikar,Assam,976762,India,Home
3385,2511,"35/456, Mand Zila",Jamshedpur,Kerala,834899,India,Office
3386,2511,"120
Venkatesh Nagar",Gangtok,Arunachal Pradesh,002417,India,Home
3387,2512,"642, Swaminathan Ganj",Bellary,Assam,424147,India,Home
3388,2513,"97/62, Srinivasan Zila",Medininagar,West Bengal,292101,India,Office
3389,2514,"748
Buch Street",Chandigarh,Meghalaya,079631,India,Home
3390,2515,"404, Ramachandran",Gurgaon,Tamil Nadu,196627,India,Home
3391,2516,"H.No. 57, Samra Nagar",Katihar,Tamil Nadu,862378,India,Home
3392,2517,"77/171
Bhatti Street",Mahbubnagar,Uttar Pradesh,767070,India,Home
3393,2517,"279, Dyal Marg",Farrukhabad,Karnataka,784300,India,Home
3394,2518,"87/80, Mangat Marg",Mau,Uttarakhand,918684,India,Home
3395,2519,"49/320
Dhaliwal Ganj",Burhanpur,Nagaland,870375,India,Home
3396,2520,"78/545
Raju Chowk",Kakinada,Andhra Pradesh,464308,India,Home
3397,2521,"222, Sharma Path",Surat,Himachal Pradesh,226643,India,Home
3398,2522,"09/455
Kata Chowk",Baranagar,Tripura,662247,India,Office
3399,2522,"03
Doshi Circle",Ongole,Assam,024588,India,Home
3400,2523,"H.No. 17
Khatri",Pudukkottai,Meghalaya,393383,India,Office
3401,2524,"76/88, Rastogi Ganj",Hapur,Mizoram,738681,India,Home
3402,2525,"H.No. 22
Natarajan Ganj",Pallavaram,Uttar Pradesh,787352,India,Home
3403,2526,"98/06, Kumer Circle",Ludhiana,Sikkim,342995,India,Office
3404,2526,"67/22, Saraf Marg",Deoghar,Assam,767778,India,Home
3405,2526,"39
Borra Chowk",Narasaraopet,Arunachal Pradesh,974689,India,Home
3406,2527,"053, Mand Chowk",Khandwa,Goa,261033,India,Other
3407,2528,"H.No. 87, Guha Chowk",Etawah,Bihar,919866,India,Home
3408,2528,"294, Ratta Nagar",Bharatpur,Meghalaya,476398,India,Office
3409,2529,"26
Naidu Circle",Hyderabad,Manipur,843858,India,Home
3410,2529,"H.No. 999, Sanghvi Circle",Jehanabad,Goa,505149,India,Office
3411,2529,"H.No. 87, Pai Ganj",Dindigul,Himachal Pradesh,453649,India,Home
3412,2530,"H.No. 077
Saxena",Ajmer,Chhattisgarh,264615,India,Home
3413,2531,"002, Apte Chowk",Jaunpur,Tripura,076976,India,Home
3414,2532,"05/14, Khosla Path",Hindupur,Sikkim,168120,India,Other
3415,2532,"H.No. 00
Rau Nagar",Karnal,Kerala,939224,India,Home
3416,2533,"H.No. 56
Goswami Path",Bokaro,Chhattisgarh,489441,India,Office
3417,2533,"99/51, Ratti Chowk",Dhule,Arunachal Pradesh,815695,India,Home
3418,2533,"05, Pingle Marg",Ahmedabad,Uttarakhand,361128,India,Home
3419,2534,"H.No. 08
Bhatt Zila",Jhansi,Andhra Pradesh,993821,India,Home
3420,2534,"H.No. 28
Venkataraman Chowk",Bhavnagar,Mizoram,028405,India,Home
3421,2535,"H.No. 850, Rajagopal Path",Karaikudi,Gujarat,912604,India,Office
3422,2535,"89/654
Bir",Darbhanga,Andhra Pradesh,865471,India,Home
3423,2536,"05, Uppal Road",Farrukhabad,Mizoram,056623,India,Home
3424,2537,"05/609, Magar Road",Moradabad,Kerala,123506,India,Home
3425,2538,"56/605
Palla Nagar",Sasaram,West Bengal,576578,India,Office
3426,2538,"93, Char",Morbi,Himachal Pradesh,729903,India,Home
3427,2539,"196
Dash Nagar",Durgapur,Manipur,471424,India,Home
3428,2540,"111, Bawa",Junagadh,Rajasthan,237738,India,Home
3429,2541,"309, Kohli Circle",Firozabad,Kerala,378034,India,Other
3430,2542,"328
Lalla Chowk",Bharatpur,Maharashtra,686680,India,Home
3431,2542,"00/05
Palla Circle",Tinsukia,Bihar,750154,India,Home
3432,2543,"85/781, Bawa Circle",Malda,Punjab,914881,India,Home
3433,2543,"14/466
Om Zila",Bhubaneswar,Manipur,006562,India,Home
3434,2544,"68
Pathak Circle",Satara,Sikkim,363776,India,Home
3435,2545,"H.No. 99
Bath Path",Berhampur,Himachal Pradesh,238162,India,Home
3436,2546,"64, Mukherjee Circle",Hajipur,Rajasthan,146288,India,Home
3437,2546,"35, Bhasin Circle",Tiruppur,Gujarat,513135,India,Home
3438,2546,"H.No. 170
Sundaram Street",Fatehpur,Gujarat,479372,India,Home
3439,2547,"917, Borra Marg",Proddatur,Goa,588584,India,Office
3440,2548,"H.No. 357, Aurora Road",Aizawl,Manipur,073972,India,Home
3441,2549,"H.No. 756
Sarna Path",Giridih,Odisha,618344,India,Home
3442,2550,"H.No. 11, Barad Circle",Bhilwara,Karnataka,192415,India,Home
3443,2551,"63/48, Ahuja Road",Purnia,West Bengal,706491,India,Home
3444,2551,"H.No. 53
Tailor Ganj",Mangalore,Andhra Pradesh,569146,India,Home
3445,2552,"41, Som Path",Maheshtala,Meghalaya,840913,India,Office
3446,2553,"H.No. 781
Ahluwalia Nagar",Bhubaneswar,Odisha,714514,India,Home
3447,2554,"H.No. 495
Wali Path",Hosur,Meghalaya,680729,India,Home
3448,2555,"18
Warrior Nagar",New Delhi,Mizoram,684827,India,Home
3449,2555,"099, Shah Nagar",Bijapur,Telangana,445030,India,Home
3450,2556,"04, Dash Path",Sasaram,Assam,330027,India,Office
3451,2557,"272
Jhaveri Street",Korba,Uttarakhand,950432,India,Office
3452,2558,"H.No. 590
Shetty Road",Raurkela Industrial Township,Gujarat,226549,India,Home
3453,2559,"H.No. 539, Gupta Chowk",Uluberia,Bihar,599642,India,Home
3454,2559,"H.No. 600
Shanker",Bhind,Himachal Pradesh,514316,India,Office
3455,2560,"H.No. 199
Iyengar Zila",Ambarnath,Maharashtra,025426,India,Home
3456,2560,"H.No. 628, Goswami",Maheshtala,Mizoram,357993,India,Home
3457,2561,"45/89
Dugal Street",Rajkot,Rajasthan,475294,India,Home
3458,2562,"56
Murty Path",Ujjain,Mizoram,638367,India,Home
3459,2563,"57
Kade Nagar",Delhi,Assam,213387,India,Home
3460,2563,"421
Mani Road",Thanjavur,Jharkhand,749883,India,Home
3461,2564,"38/25
Prabhu Street",Thrissur,Arunachal Pradesh,535215,India,Home
3462,2565,"34, Salvi Marg",Bhiwani,Nagaland,471575,India,Office
3463,2566,"H.No. 080
Barad Zila",Jaipur,Goa,123955,India,Home
3464,2567,"169, Kapur Circle",Jhansi,Chhattisgarh,414226,India,Home
3465,2568,"26/214, Nagarajan Road",Fatehpur,Bihar,045196,India,Home
3466,2568,"77/88
Brar Nagar",Nagercoil,Tripura,326842,India,Office
3467,2569,"635, Luthra Path",Phagwara,Sikkim,336931,India,Home
3468,2570,"H.No. 71, Sha",Belgaum,Gujarat,545527,India,Office
3469,2571,"26
Gopal Nagar",Ozhukarai,Maharashtra,093099,India,Home
3470,2572,"91/95
Subramaniam Nagar",Shimla,Odisha,999938,India,Office
3471,2573,"19/48, Mahajan Chowk",Kochi,Goa,190024,India,Home
3472,2573,"H.No. 51, Narain Chowk",Bellary,Manipur,533270,India,Home
3473,2574,"99/66, Thaker Marg",Katihar,Kerala,311621,India,Office
3474,2575,"65/149, Shenoy Road",Srikakulam,Madhya Pradesh,431055,India,Home
3475,2575,"10
Bhakta Ganj",Surendranagar Dudhrej,Karnataka,088958,India,Office
3476,2576,"79/35
Mistry Circle",Rohtak,Goa,149452,India,Home
3477,2577,"586, Samra Nagar",Kolkata,Tripura,804099,India,Office
3478,2578,"H.No. 14, Manne Zila",Secunderabad,Uttar Pradesh,850134,India,Office
3479,2579,"42/963
Kumar Marg",South Dumdum,Goa,472543,India,Home
3480,2580,"H.No. 53, Rao",Ramagundam,Chhattisgarh,081744,India,Home
3481,2581,"H.No. 39, Wable Marg",Gaya,Manipur,820918,India,Home
3482,2582,"246, Das Marg",Kozhikode,Tripura,970209,India,Home
3483,2582,"09/63
Chaudhuri Path",Solapur,Assam,533170,India,Office
3484,2583,"53/379, Agarwal Chowk",Faridabad,Jharkhand,775872,India,Home
3485,2583,"717
Banik Street",North Dumdum,Haryana,300325,India,Home
3486,2584,"64/74
Halder Zila",Coimbatore,Bihar,196839,India,Home
3487,2584,"42/26
Hora Marg",Arrah,Jharkhand,099034,India,Home
3488,2585,"156, Hayre Path",Bhiwani,Meghalaya,364635,India,Home
3489,2586,"45/228, Kala Street",Anantapur,Sikkim,485297,India,Home
3490,2587,"49/657, Murty Chowk",Korba,Kerala,197064,India,Office
3491,2587,"41, Hayre Street",North Dumdum,Himachal Pradesh,244783,India,Office
3492,2588,"50, Ratta Zila",Ajmer,Meghalaya,349141,India,Office
3493,2589,"52/696, Sachdev Ganj",Rourkela,Manipur,126454,India,Home
3494,2590,"76, Srivastava Circle",Nangloi Jat,Sikkim,672698,India,Office
3495,2591,"30/133
Deo Ganj",Srikakulam,Tripura,170267,India,Office
3496,2591,"96/14, Mandal",Panvel,Kerala,475616,India,Home
3497,2592,"849, Doctor Path",Bhopal,Uttarakhand,822879,India,Home
3498,2593,"61/410
Rai",Coimbatore,Sikkim,929325,India,Home
3499,2593,"90/88
Bassi Path",Jehanabad,Andhra Pradesh,034711,India,Home
3500,2594,"H.No. 273, Dewan Nagar",Dehri,Rajasthan,951292,India,Home
3501,2595,"22, Bath Ganj",Latur,Kerala,339895,India,Home
3502,2596,"H.No. 139, Tank",Latur,Nagaland,927876,India,Home
3503,2597,"23/60
Memon Circle",Bikaner,Odisha,651444,India,Home
3504,2597,"H.No. 74
Bajwa Ganj",Bhatpara,Uttarakhand,681484,India,Other
3505,2598,"87/20, Varkey Street",Rajkot,Gujarat,084339,India,Home
3506,2599,"H.No. 19, D’Alia Circle",Bahraich,Odisha,330507,India,Home
3507,2600,"50/44
Garde Ganj",Jalandhar,Uttarakhand,980284,India,Home
3508,2601,"H.No. 616
Kala",Mangalore,Himachal Pradesh,885163,India,Other
3509,2602,"813, Atwal Chowk",Karawal Nagar,Tamil Nadu,103762,India,Home
3510,2603,"59, Das Road",Warangal,Kerala,851635,India,Home
3511,2604,"11/64
Saraf Road",Orai,Himachal Pradesh,132901,India,Home
3512,2605,"915, Om Circle",Navi Mumbai,Nagaland,811014,India,Home
3513,2605,"H.No. 235
Nazareth Ganj",Danapur,Goa,140812,India,Home
3514,2605,"H.No. 63, Rastogi Zila",Eluru,Madhya Pradesh,271689,India,Home
3515,2606,"88, Maharaj Circle",Anand,Tripura,181938,India,Home
3516,2606,"H.No. 77, Pall Nagar",Ahmedabad,Rajasthan,730802,India,Home
3517,2607,"H.No. 311, Vaidya Road",Bijapur,Rajasthan,430444,India,Home
3518,2608,"78/94
Narang Street",Korba,Jharkhand,019768,India,Home
3519,2609,"450, Kuruvilla Nagar",Tadipatri,Kerala,130307,India,Home
3520,2610,"17
Ram Nagar",Munger,Sikkim,846482,India,Home
3521,2610,"87/28, Virk Road",Anand,Bihar,969234,India,Home
3522,2610,"H.No. 05
Sarraf Path",Tirupati,Meghalaya,213963,India,Home
3523,2611,"091
Amble Marg",Bhimavaram,Sikkim,172319,India,Home
3524,2611,"H.No. 706, Vyas Marg",Latur,Uttarakhand,218589,India,Home
3525,2612,"H.No. 84, Mody Nagar",Thane,Tripura,712656,India,Home
3526,2612,"41
Mutti Marg",Pali,Maharashtra,157111,India,Home
3527,2613,"H.No. 701, Badami Circle",Hajipur,Tripura,596792,India,Other
3528,2614,"552
Sharma Path",Vijayawada,Kerala,335984,India,Home
3529,2615,"61/86, Halder Circle",Nizamabad,Gujarat,229978,India,Home
3530,2616,"210
Khosla Zila",Ballia,Nagaland,090400,India,Home
3531,2617,"65, More Circle",Aligarh,Jharkhand,565025,India,Home
3532,2618,"70/90
Nair",Asansol,Sikkim,990463,India,Office
3533,2619,"19/91
Hans Circle",Shimoga,Mizoram,626961,India,Home
3534,2619,"36/771
Shankar Chowk",Udaipur,Punjab,942691,India,Other
3535,2619,"H.No. 89
Zacharia Chowk",Bilaspur,Bihar,452770,India,Home
3536,2620,"H.No. 875
Baria Path",Chinsurah,Goa,481888,India,Other
3537,2621,"89
Bakshi Path",Kamarhati,Odisha,938707,India,Office
3538,2622,"14/201
Malhotra Ganj",Rajpur Sonarpur,Nagaland,814046,India,Home
3539,2622,"H.No. 78, Hayre Marg",Gandhidham,Tripura,362733,India,Home
3540,2623,"90/34, Minhas Path",Sikar,Rajasthan,321095,India,Home
3541,2624,"68/61
Sharma Chowk",Howrah,Uttar Pradesh,909919,India,Home
3542,2624,"76
Shroff Zila",Kavali,Odisha,110356,India,Home
3543,2625,"H.No. 76, Biswas Street",Hindupur,Arunachal Pradesh,805795,India,Home
3544,2626,"H.No. 004
Mahal Road",Hapur,Maharashtra,305727,India,Home
3545,2627,"22
Gade Nagar",Hospet,Karnataka,839053,India,Office
3546,2628,"H.No. 137
Balakrishnan Marg",Udaipur,Andhra Pradesh,248932,India,Home
3547,2629,"77/567, Madan Chowk",Munger,West Bengal,324148,India,Home
3548,2630,"689
Banik Circle",Gandhidham,Kerala,465857,India,Home
3549,2631,"45
Gola Zila",Durgapur,Manipur,468298,India,Home
3550,2632,"H.No. 652
Verma Street",Dhule,Karnataka,187786,India,Other
3551,2633,"H.No. 14, Sridhar Road",Gandhidham,Jharkhand,639710,India,Home
3552,2634,"H.No. 887, Tank Street",Jehanabad,Maharashtra,688867,India,Home
3553,2635,"20/505
Warrior Chowk",Sambhal,Goa,163465,India,Home
3554,2636,"65/15, Chada Ganj",Rajkot,Jharkhand,382987,India,Office
3555,2636,"68/65, Kulkarni Zila",Alappuzha,Uttar Pradesh,170593,India,Office
3556,2637,"01
Pingle Path",Udaipur,Madhya Pradesh,124655,India,Home
3557,2638,"95/787, Nadig Ganj",Nadiad,Nagaland,202271,India,Home
3558,2639,"180, Dhar Nagar",Alwar,Punjab,084755,India,Office
3559,2640,"73
Kalita Road",Karaikudi,Goa,913218,India,Other
3560,2641,"69, Varughese Road",Secunderabad,Odisha,846987,India,Home
3561,2642,"975, Mahajan Circle",Purnia,Chhattisgarh,137024,India,Home
3562,2642,"98
Pall Road",Madanapalle,Arunachal Pradesh,609478,India,Home
3563,2643,"H.No. 626, Ravi Road",Ambala,Nagaland,244463,India,Home
3564,2644,"842, Gera Nagar",Farrukhabad,Odisha,909811,India,Home
3565,2645,"021, Char Path",Guna,Kerala,368405,India,Home
3566,2645,"H.No. 652
Suresh Ganj",Mumbai,Tripura,775190,India,Home
3567,2646,"226, Soni Nagar",Baranagar,Tripura,843267,India,Home
3568,2647,"46/43
Bhatia Zila",Kolhapur,Gujarat,854376,India,Home
3569,2647,"058
Yogi Path",Solapur,Punjab,459968,India,Home
3570,2648,"431, Buch Street",Raurkela Industrial Township,Kerala,923078,India,Home
3571,2649,"H.No. 12, Sibal Path",Haridwar,Manipur,779244,India,Home
3572,2650,"H.No. 75
Sarma",Kota,Haryana,568731,India,Office
3573,2651,"426, Nadig Road",Ahmednagar,Odisha,684583,India,Home
3574,2652,"H.No. 903, Pai Path",Bhavnagar,Madhya Pradesh,275027,India,Other
3575,2653,"26/42, Ahuja Zila",Noida,Nagaland,288073,India,Home
3576,2654,"49
Barman Chowk",Satara,Odisha,196433,India,Home
3577,2654,"23
Nath",Malegaon,Assam,187000,India,Home
3578,2654,"22/20, Keer Path",Rourkela,Arunachal Pradesh,956089,India,Home
3579,2655,"H.No. 66, Sekhon Zila",Kanpur,West Bengal,478247,India,Home
3580,2655,"91/17
Basu Ganj",Gurgaon,Karnataka,688857,India,Home
3581,2656,"H.No. 273
Samra Zila",Mathura,Uttarakhand,024506,India,Office
3582,2657,"705, Maharaj Street",Purnia,Punjab,564686,India,Home
3583,2658,"64
Dar Marg",Dehradun,Tamil Nadu,000013,India,Home
3584,2659,"H.No. 37
Madan Circle",Jalandhar,Andhra Pradesh,382322,India,Home
3585,2660,"83/376
Dhaliwal Street",Noida,Himachal Pradesh,015417,India,Home
3586,2661,"57
Sama Circle",Vijayawada,Arunachal Pradesh,005911,India,Office
3587,2662,"479
Kale Ganj",Barasat,Mizoram,402696,India,Home
3588,2663,"H.No. 555, Batta Circle",Ambala,Meghalaya,757513,India,Home
3589,2664,"38/23, Bhagat Chowk",Panipat,Himachal Pradesh,850138,India,Home
3590,2665,"854, More Zila",Tadepalligudem,Haryana,645701,India,Home
3591,2665,"33
Barad Chowk",Nashik,Maharashtra,360549,India,Office
3592,2666,"H.No. 279
Brar Ganj",Deoghar,Chhattisgarh,277569,India,Home
3593,2667,"04, Tiwari Zila",Tadepalligudem,Uttarakhand,095661,India,Other
3594,2668,"82/892, Badal Zila",Satara,Mizoram,435830,India,Home
3595,2669,"H.No. 33
Hora Marg",Firozabad,Odisha,896918,India,Office
3596,2670,"H.No. 756
Sankaran Circle",Chandrapur,Karnataka,964220,India,Home
3597,2671,"92/55
Khosla Circle",Hyderabad,Gujarat,808756,India,Home
3598,2672,"H.No. 49, Baral Zila",Muzaffarpur,Jharkhand,192727,India,Home
3599,2672,"34/07
Guha",Orai,Assam,671771,India,Home
3600,2673,"H.No. 340, Bera Street",Muzaffarnagar,Maharashtra,745741,India,Home
3601,2674,"91/848
Badami Nagar",Bhopal,Tripura,133021,India,Office
3602,2675,"90/40
Chander Zila",Aurangabad,Goa,581927,India,Office
3603,2675,"443
Salvi Chowk",North Dumdum,Madhya Pradesh,846891,India,Home
3604,2676,"83/365
Savant",Morbi,Arunachal Pradesh,487192,India,Home
3605,2677,"33/82, Palan Marg",Bhilai,Odisha,896812,India,Home
3606,2677,"69
Dani",Chapra,West Bengal,770866,India,Home
3607,2677,"48
Prabhu Marg",Mango,Sikkim,977673,India,Home
3608,2678,"H.No. 750, Vohra Marg",Nellore,Rajasthan,733934,India,Office
3609,2679,"H.No. 12
Tara Marg",Naihati,Manipur,738546,India,Home
3610,2680,"52/173, Bhavsar Street",Bellary,Andhra Pradesh,878928,India,Office
3611,2681,"295, Tata Path",Tadipatri,Tripura,088837,India,Home
3612,2682,"99, Anne Zila",Warangal,Gujarat,543449,India,Home
3613,2682,"74/70, Mangal Circle",Morbi,Bihar,724985,India,Home
3614,2683,"436
Batta Path",Vasai-Virar,Maharashtra,672408,India,Home
3615,2683,"870
Koshy Zila",Salem,Kerala,670191,India,Home
3616,2684,"H.No. 710
Nath Road",Ranchi,Meghalaya,898022,India,Home
3617,2685,"189, Bali Marg",Visakhapatnam,Gujarat,611734,India,Home
3618,2686,"41, Reddy Road",Bharatpur,Jharkhand,123355,India,Home
3619,2686,"49, Palla Zila",Machilipatnam,Gujarat,363386,India,Home
3620,2687,"65/00
Menon Chowk",Dhule,Karnataka,501916,India,Office
3621,2687,"647
Ramaswamy Nagar",Srikakulam,Maharashtra,781341,India,Home
3622,2688,"H.No. 24
Sant Road",Ballia,Assam,350904,India,Other
3623,2689,"H.No. 18, Baral Road",Dhule,Punjab,946513,India,Home
3624,2689,"10, Mistry Nagar",Malegaon,Maharashtra,384709,India,Office
3625,2690,"20/50, Chandran",Rajpur Sonarpur,Haryana,362593,India,Home
3626,2691,"65/71, Ganguly Zila",Chapra,Telangana,283006,India,Home
3627,2691,"818, Garde Ganj",Bharatpur,Bihar,791776,India,Home
3628,2692,"96/079, Chandran Zila",Ajmer,Punjab,335913,India,Home
3629,2693,"H.No. 31, Kota Path",Bhiwani,Goa,245040,India,Home
3630,2694,"H.No. 477
Sanghvi Zila",Katihar,Sikkim,182446,India,Home
3631,2695,"H.No. 636, Sura Street",Rajpur Sonarpur,Mizoram,473223,India,Home
3632,2696,"426, Sethi Ganj",Singrauli,Mizoram,254145,India,Office
3633,2697,"78/47, Amble Path",Rampur,Manipur,176434,India,Home
3634,2698,"H.No. 057
Mistry",Kharagpur,Tamil Nadu,253293,India,Office
3635,2699,"H.No. 44, Kata Circle",Dindigul,Bihar,508977,India,Home
3636,2700,"H.No. 72
Dara Circle",Hospet,Andhra Pradesh,625016,India,Home
3637,2701,"043, Sawhney Chowk",Rampur,Punjab,872484,India,Home
3638,2702,"15, Venkataraman Street",Kolkata,Karnataka,820808,India,Office
3639,2703,"H.No. 780, Thaker",Tirunelveli,Arunachal Pradesh,521094,India,Home
3640,2704,"547, Bumb",Dhanbad,Telangana,792990,India,Home
3641,2705,"H.No. 10, Ganesh Nagar",Nangloi Jat,Punjab,579988,India,Home
3642,2706,"H.No. 94, Ganguly Ganj",Visakhapatnam,Haryana,240807,India,Home
3643,2707,"00/378
Swaminathan Zila",Sri Ganganagar,Arunachal Pradesh,852460,India,Home
3644,2707,"20/85
Parmar Zila",Gaya,Chhattisgarh,600999,India,Home
3645,2708,"49/411
Choudhary Chowk",Ballia,Arunachal Pradesh,648737,India,Other
3646,2708,"59/012, Sandhu Path",Saharsa,Tamil Nadu,432978,India,Home
3647,2709,"71/542
Nori",Shivpuri,Assam,770071,India,Office
3648,2710,"03/533, Kapoor Marg",Jalgaon,Bihar,234051,India,Home
3649,2711,"H.No. 88
Salvi Marg",Bhubaneswar,Sikkim,387061,India,Office
3650,2711,"H.No. 42, Chowdhury Zila",Pudukkottai,Himachal Pradesh,926595,India,Home
3651,2712,"33, Ramakrishnan Marg",Farrukhabad,Nagaland,431374,India,Home
3652,2713,"01/980, Chokshi Zila",Alappuzha,Haryana,244326,India,Office
3653,2714,"H.No. 95
Varkey Zila",Adoni,Meghalaya,517915,India,Home
3654,2714,"698
Kala Nagar",Ambarnath,Punjab,893049,India,Home
3655,2715,"H.No. 809
Bandi Zila",Erode,Odisha,698198,India,Office
3656,2715,"316, Ganguly Chowk",Kharagpur,Jharkhand,307505,India,Home
3657,2716,"64/081, Prashad Nagar",Bhubaneswar,Arunachal Pradesh,796510,India,Office
3658,2716,"20/86
Kale Path",Ramagundam,Odisha,558393,India,Office
3659,2717,"56/65, Korpal Road",Surendranagar Dudhrej,Mizoram,268881,India,Office
3660,2718,"86, Goda Ganj",Jodhpur,Punjab,030781,India,Home
3661,2719,"62/325
Wali Path",Guwahati,Rajasthan,277615,India,Home
3662,2719,"07/84, Date Road",Pali,Manipur,004259,India,Home
3663,2720,"57
Gour Zila",Bardhaman,Jharkhand,847951,India,Home
3664,2721,"H.No. 499
Bhavsar Nagar",Bhopal,Tamil Nadu,544496,India,Home
3665,2722,"52/165, Shan Ganj",Ballia,Uttar Pradesh,766675,India,Home
3666,2723,"H.No. 42, Khosla Nagar",Pondicherry,Meghalaya,065811,India,Home
3667,2723,"H.No. 50, Sarma Chowk",Junagadh,Haryana,096801,India,Home
3668,2723,"716, Garg Marg",Medininagar,Rajasthan,526017,India,Home
3669,2724,"655
Bhavsar Circle",Warangal,Uttar Pradesh,135427,India,Home
3670,2725,"H.No. 823, Deo Ganj",Faridabad,Goa,304674,India,Home
3671,2725,"18, Kannan Path",Gorakhpur,Tripura,564835,India,Home
3672,2726,"875
Chhabra Ganj",Hosur,West Bengal,364921,India,Other
3673,2727,"964
Verma Path",Rajkot,Madhya Pradesh,393032,India,Office
3674,2727,"H.No. 688, Shukla Nagar",Bareilly,Mizoram,155741,India,Home
3675,2728,"H.No. 12, Halder Zila",Ramagundam,Andhra Pradesh,791944,India,Office
3676,2728,"57/669
Dora Marg",Panihati,Maharashtra,117120,India,Home
3677,2729,"H.No. 57, Das Road",Mau,Madhya Pradesh,923002,India,Home
3678,2729,"H.No. 22, Sengupta Ganj",Sambhal,Madhya Pradesh,333519,India,Office
3679,2729,"21/115
Edwin Street",Bangalore,Uttarakhand,067642,India,Home
3680,2730,"11/731, Brahmbhatt Nagar",Pudukkottai,West Bengal,046005,India,Home
3681,2730,"04/956, Warrior Marg",Sri Ganganagar,Assam,389537,India,Office
3682,2731,"783, Goswami",Rourkela,Karnataka,244888,India,Home
3683,2732,"69, Parikh Marg",Bhalswa Jahangir Pur,Uttar Pradesh,543959,India,Other
3684,2733,"91/46, Bora Ganj",Sagar,Karnataka,474911,India,Office
3685,2734,"H.No. 847
Dara Circle",Ulhasnagar,Goa,449447,India,Office
3686,2735,"48/56
Mukherjee",Ozhukarai,Assam,215729,India,Home
3687,2735,"H.No. 26, Srinivasan Nagar",Muzaffarnagar,Gujarat,438276,India,Office
3688,2736,"61/239
Naidu Path",Ambarnath,Telangana,591372,India,Other
3689,2737,"77, Bhasin Ganj",Kishanganj,Andhra Pradesh,993468,India,Home
3690,2738,"075
D’Alia Ganj",Ballia,Gujarat,891835,India,Home
3691,2738,"39, Mitter Circle",Sonipat,Andhra Pradesh,068151,India,Home
3692,2739,"H.No. 62, Thakkar Chowk",Tenali,Tripura,217627,India,Office
3693,2739,"H.No. 38, Mody Zila",Mirzapur,Maharashtra,149975,India,Home
3694,2740,"01/446, Kohli Ganj",Pondicherry,Karnataka,501222,India,Office
3695,2740,"88/48, Jayaraman Zila",Warangal,Arunachal Pradesh,930898,India,Home
3696,2741,"H.No. 922, Baral Street",Tirupati,Assam,669706,India,Office
3697,2742,"82/826, Sen Marg",Allahabad,Sikkim,097735,India,Office
3698,2742,"62/59
Badami Path",Ajmer,Assam,553012,India,Home
3699,2743,"436
Ramachandran Road",Amaravati,Haryana,067564,India,Office
3700,2744,"H.No. 314
Gill Circle",Jamshedpur,Assam,572055,India,Office
3701,2744,"216
Nair Circle",Ratlam,Andhra Pradesh,694505,India,Office
3702,2745,"60/722, Thakkar Circle",Adoni,Odisha,928866,India,Home
3703,2745,"H.No. 065, Wagle Street",Anantapuram,Jharkhand,052361,India,Home
3704,2746,"H.No. 637
Sharma Nagar",Mehsana,Himachal Pradesh,005029,India,Home
3705,2747,"H.No. 799
Savant Ganj",Kishanganj,Mizoram,048591,India,Home
3706,2747,"05/42
Sekhon Road",Varanasi,Jharkhand,471408,India,Home
3707,2748,"95
Naik Zila",Phagwara,Odisha,291379,India,Home
3708,2749,"16/884, Morar Nagar",Sambhal,Tamil Nadu,309947,India,Home
3709,2750,"H.No. 15, Grewal",Durgapur,Manipur,774165,India,Home
3710,2750,"46, Sastry Marg",Gurgaon,Gujarat,164361,India,Home
3711,2751,"H.No. 685, Prabhu",Bijapur,Assam,168747,India,Home
3712,2752,"H.No. 63, Jani Road",Anantapur,Assam,110288,India,Home
3713,2753,"14/914, Bera Zila",Hubli–Dharwad,Telangana,017474,India,Other
3714,2754,"H.No. 79, Char Marg",Bikaner,Gujarat,212458,India,Office
3715,2754,"H.No. 70, Bakshi Circle",Varanasi,Odisha,785743,India,Office
3716,2755,"42/542
Shenoy Road",Malegaon,Madhya Pradesh,546669,India,Office
3717,2756,"H.No. 729, Dixit Chowk",Noida,Tamil Nadu,870863,India,Home
3718,2757,"H.No. 45, Sarraf Ganj",Ranchi,Nagaland,903856,India,Home
3719,2757,"844, Dube Nagar",Hazaribagh,Gujarat,268494,India,Home
3720,2758,"47/904, Shah Road",Jodhpur,Kerala,792606,India,Office
3721,2758,"23/82, Babu Nagar",Malegaon,Punjab,806782,India,Home
3722,2759,"55
Agrawal Ganj",Jalgaon,Goa,128816,India,Home
3723,2760,"583, Doctor Street",Rourkela,Meghalaya,344241,India,Office
3724,2760,"H.No. 838
Bumb Circle",Tinsukia,Odisha,822332,India,Office
3725,2761,"46/61, Saxena",Ranchi,Mizoram,863213,India,Office
3726,2762,"52, Lad Zila",Raurkela Industrial Township,Uttarakhand,472270,India,Home
3727,2762,"H.No. 89, Tailor",Rohtak,Goa,597303,India,Home
3728,2763,"H.No. 85
Vohra Nagar",Bahraich,Uttarakhand,320060,India,Other
3729,2763,"H.No. 773, Raj Marg",Bharatpur,Mizoram,987715,India,Home
3730,2764,"335
Thaker Ganj",Panchkula,Tripura,238940,India,Home
3731,2764,"94
Raghavan Chowk",Pudukkottai,Goa,812079,India,Home
3732,2765,"480
Pandit",Kozhikode,Himachal Pradesh,756173,India,Home
3733,2766,"017
Bhatt Nagar",Amroha,Karnataka,567747,India,Home
3734,2767,"H.No. 10, Setty Marg",Bihar Sharif,Himachal Pradesh,716778,India,Home
3735,2767,"024, Deshmukh",Mumbai,Andhra Pradesh,341871,India,Home
3736,2768,"50/393
Karpe Nagar",Jhansi,Tripura,431373,India,Office
3737,2769,"950, Varma Road",Tadepalligudem,Nagaland,599732,India,Home
3738,2770,"92/780, Dhar",Ramgarh,West Bengal,391062,India,Home
3739,2771,"H.No. 67, Sachdeva Circle",Thane,Tripura,816919,India,Office
3740,2772,"67/07
Yogi Marg",Bardhaman,Himachal Pradesh,911851,India,Home
3741,2772,"H.No. 542, Gill Chowk",Thanjavur,Manipur,018087,India,Home
3742,2773,"H.No. 84, Kapur Street",Mira-Bhayandar,Goa,275215,India,Office
3743,2774,"23, Dara Zila",Korba,Jharkhand,663826,India,Other
3744,2775,"59
Deo Chowk",Gandhidham,Manipur,984605,India,Home
3745,2776,"46/574, Raj Nagar",Rampur,Tamil Nadu,987164,India,Home
3746,2777,"929
Tank Zila",Nellore,Madhya Pradesh,539081,India,Home
3747,2778,"H.No. 007, Zachariah Chowk",Bhiwandi,Uttarakhand,637419,India,Home
3748,2779,"03/225
Varma Nagar",Davanagere,Haryana,274454,India,Home
3749,2779,"44/727
Talwar Circle",Ramagundam,Jharkhand,717406,India,Home
3750,2780,"67/99
Dass Road",Gandhinagar,Bihar,769823,India,Home
3751,2781,"18
Nadig Street",Ludhiana,Nagaland,879091,India,Home
3752,2782,"12/12, Kalla Marg",Miryalaguda,Bihar,671026,India,Home
3753,2783,"519, Handa Ganj",Gurgaon,Chhattisgarh,437282,India,Home
3754,2783,"H.No. 125
Bhardwaj Street",Bilaspur,Haryana,091828,India,Home
3755,2784,"479, Sahota Marg",Kirari Suleman Nagar,Mizoram,031729,India,Home
3756,2785,"H.No. 993
Palla Chowk",Kakinada,Meghalaya,848141,India,Home
3757,2786,"99
Mannan Zila",Jabalpur,Punjab,084965,India,Office
3758,2787,"51/94, Prakash Nagar",Panvel,Jharkhand,934010,India,Office
3759,2787,"H.No. 28
Som Chowk",Kolhapur,West Bengal,750225,India,Other
3760,2787,"12/272, Luthra Path",Jehanabad,Uttar Pradesh,503079,India,Home
3761,2788,"25/46
Sarraf Chowk",Patiala,Punjab,778390,India,Home
3762,2788,"H.No. 16
Agrawal Ganj",Purnia,Goa,794099,India,Home
3763,2789,"37, Gara Street",Panchkula,Madhya Pradesh,803614,India,Home
3764,2790,"H.No. 40
Buch Street",Eluru,Karnataka,584841,India,Home
3765,2791,"22/83
Ratti Path",Guntur,Chhattisgarh,511748,India,Home
3766,2791,"693
Batra Circle",Siwan,Himachal Pradesh,070435,India,Home
3767,2791,"59, Buch Ganj",Nanded,Maharashtra,084563,India,Home
3768,2792,"H.No. 79, Chawla Marg",Bidar,Karnataka,889975,India,Office
3769,2793,"53/79
Sood",Purnia,Tamil Nadu,809651,India,Home
3770,2793,"88/87, Mitter Road",Jammu,Uttar Pradesh,177854,India,Home
3771,2794,"47
Bajaj Chowk",Thane,Mizoram,588348,India,Home
3772,2795,"43
Shukla Street",Aizawl,Assam,565277,India,Home
3773,2796,"H.No. 562, Rattan Marg",Panvel,Arunachal Pradesh,279200,India,Office
3774,2797,"H.No. 63
Sami Zila",Alappuzha,Arunachal Pradesh,649323,India,Home
3775,2797,"H.No. 58
Varma Ganj",Kamarhati,Haryana,493254,India,Office
3776,2798,"28/20
Sanghvi Marg",Pondicherry,Gujarat,797109,India,Office
3777,2799,"H.No. 281, Baral Nagar",Tiruppur,Goa,661780,India,Office
3778,2800,"H.No. 49
Boase",Asansol,Meghalaya,650294,India,Home
3779,2801,"H.No. 01, Deol Street",Mirzapur,Gujarat,375927,India,Home
3780,2801,"76/61, Ganesh Marg",Bhavnagar,Punjab,380107,India,Other
3781,2802,"H.No. 774, Randhawa Road",Panvel,Haryana,864917,India,Home
3782,2802,"H.No. 783
Deo Zila",Korba,Bihar,349762,India,Office
3783,2803,"41, Kant Nagar",Karnal,Bihar,164866,India,Office
3784,2804,"973, Saxena Street",Patna,Goa,963555,India,Home
3785,2805,"H.No. 219, Buch",Guntakal,Tamil Nadu,253595,India,Home
3786,2806,"H.No. 196, Magar Path",Howrah,Karnataka,459914,India,Home
3787,2807,"102
Jayaraman Nagar",Mumbai,Rajasthan,136042,India,Other
3788,2808,"100, Reddy Road",Narasaraopet,Meghalaya,210084,India,Home
3789,2808,"H.No. 42
Narula Path",Hazaribagh,Madhya Pradesh,229054,India,Home
3790,2809,"H.No. 710
Raja Path",Kakinada,Punjab,936907,India,Home
3791,2809,"48, Dhar Chowk",Thanjavur,Tripura,895175,India,Home
3792,2810,"H.No. 477, Baral Nagar",Saharsa,Gujarat,762732,India,Office
3793,2810,"H.No. 38
Sharma Street",Thrissur,Nagaland,262250,India,Home
3794,2811,"483
Keer Chowk",Ahmednagar,West Bengal,146467,India,Office
3795,2812,"H.No. 380
Narain",Guwahati,Nagaland,203971,India,Home
3796,2813,"H.No. 044, Kamdar Ganj",Bharatpur,Tripura,980993,India,Home
3797,2814,"H.No. 960
Wadhwa Nagar",Sambhal,Mizoram,865584,India,Home
3798,2814,"527, Ramakrishnan Chowk",Bhind,Karnataka,644292,India,Home
3799,2815,"50
Kade Zila",Karimnagar,Chhattisgarh,749422,India,Home
3800,2815,"H.No. 660, Pant",Jhansi,Mizoram,498714,India,Home
3801,2815,"03/577, Kannan Chowk",Belgaum,Himachal Pradesh,493863,India,Home
3802,2816,"317
Panchal Path",Bellary,Telangana,347763,India,Office
3803,2817,"65/858, Setty Street",Raurkela Industrial Township,Jharkhand,991589,India,Office
3804,2818,"037
Nagi Circle",Agartala,Sikkim,298368,India,Home
3805,2819,"19
Sharma Nagar",Nagpur,Karnataka,115551,India,Home
3806,2820,"49, Das Circle",Medininagar,West Bengal,115889,India,Other
3807,2821,"H.No. 718, Date Chowk",Bangalore,Uttarakhand,268315,India,Home
3808,2821,"420
Bava Marg",Coimbatore,Tripura,697690,India,Home
3809,2822,"H.No. 35
Ravi Street",Jabalpur,Punjab,719023,India,Home
3810,2822,"10, Koshy Chowk",Mau,Manipur,921230,India,Home
3811,2823,"H.No. 89, Bhat",Alappuzha,Tamil Nadu,317210,India,Home
3812,2823,"31
Vohra Zila",Malda,West Bengal,198783,India,Home
3813,2823,"H.No. 544
Gupta Path",Motihari,Bihar,125470,India,Other
3814,2824,"413
Bail Path",Alwar,Tamil Nadu,764718,India,Other
3815,2825,"29/436
Choudhry Circle",Hubli–Dharwad,Jharkhand,394807,India,Home
3816,2826,"H.No. 784, Vasa Path",Ozhukarai,Nagaland,022277,India,Other
3817,2826,"02/180
Saraf Marg",Cuttack,Karnataka,793444,India,Home
3818,2827,"H.No. 906
Suresh Chowk",Asansol,Assam,830634,India,Home
3819,2828,"710
Kunda Circle",Bathinda,Manipur,423735,India,Home
3820,2829,"49/724, Saini Circle",Dehradun,Goa,350227,India,Home
3821,2830,"H.No. 69
Hans Nagar",Kadapa,Himachal Pradesh,137058,India,Home
3822,2830,"75/222
Dyal Zila",Visakhapatnam,Telangana,023420,India,Home
3823,2830,"873, Mitra Circle",Bhagalpur,Kerala,021563,India,Home
3824,2831,"66, Mammen",Vellore,West Bengal,869491,India,Office
3825,2831,"51/34
Murty Road",Shahjahanpur,Tamil Nadu,967737,India,Home
3826,2831,"42/83
Thakur Zila",Moradabad,Madhya Pradesh,633428,India,Office
3827,2832,"11/54, Raghavan Zila",Sagar,Punjab,705491,India,Office
3828,2833,"40/654, Ranganathan Chowk",Bareilly,Goa,749075,India,Office
3829,2834,"H.No. 13, Kothari Circle",Ambarnath,Maharashtra,933495,India,Home
3830,2835,"H.No. 15
Dube Circle",Kakinada,West Bengal,947605,India,Home
3831,2836,"65
Chacko Marg",Darbhanga,Odisha,344146,India,Home
3832,2836,"69/38
Doctor",Dehradun,West Bengal,493735,India,Home
3833,2837,"08/31, Raman Zila",Sultan Pur Majra,Tamil Nadu,478687,India,Home
3834,2838,"071, Chadha Circle",Sambhal,Punjab,418269,India,Home
3835,2838,"18/701
Kari Path",Agartala,Uttarakhand,541919,India,Home
3836,2839,"98/511
Mani Chowk",Pali,Assam,227404,India,Home
3837,2839,"H.No. 228
Thaker Path",Jaunpur,Andhra Pradesh,035743,India,Home
3838,2840,"91/00, Gola Road",Rewa,Arunachal Pradesh,285499,India,Office
3839,2841,"631
Ben Path",Bangalore,Nagaland,670429,India,Home
3840,2841,"79/035
Batra Road",Gopalpur,Chhattisgarh,359848,India,Home
3841,2842,"91
Sahota Circle",Kadapa,Tamil Nadu,121234,India,Home
3842,2843,"H.No. 593
Basak Chowk",Ulhasnagar,Manipur,352643,India,Home
3843,2844,"H.No. 138
Som Circle",Pondicherry,Meghalaya,629847,India,Home
3844,2845,"H.No. 87
Ben Nagar",Rohtak,Maharashtra,469948,India,Home
3845,2846,"56/01, Sami Marg",Begusarai,Tripura,778953,India,Home
3846,2847,"H.No. 97, Kale Path",Kalyan-Dombivli,Haryana,199932,India,Home
3847,2848,"03/861
Sarma Path",Mira-Bhayandar,West Bengal,683780,India,Home
3848,2848,"17, Sant Zila",Siwan,Nagaland,746120,India,Home
3849,2849,"54
Purohit Path",Raebareli,Madhya Pradesh,636381,India,Office
3850,2850,"22/23, Mander Nagar",Jalandhar,Arunachal Pradesh,799820,India,Home
3851,2850,"87/937
Chanda Nagar",Ahmednagar,Gujarat,793775,India,Home
3852,2851,"H.No. 292, Dayal",Nagpur,Assam,370457,India,Home
3853,2852,"08/507
Brar Road",Kamarhati,Punjab,823696,India,Home
3854,2853,"38/26
Kapur Circle",Mathura,Nagaland,033833,India,Home
3855,2854,"73/614
Mander Nagar",Haridwar,Assam,561581,India,Home
3856,2855,"10/699, Dora Road",Dehradun,Haryana,978958,India,Home
3857,2856,"20/108, Vasa",Chennai,Meghalaya,322747,India,Home
3858,2857,"H.No. 194, Dasgupta Road",Danapur,Nagaland,444253,India,Home
3859,2858,"H.No. 24
Mital",Shimla,Mizoram,847702,India,Home
3860,2859,"28/31, Bhatti Nagar",Bahraich,Assam,043979,India,Home
3861,2860,"410, Mitra Street",Karnal,Arunachal Pradesh,963106,India,Home
3862,2860,"84, Bhatti Road",Bhind,Uttar Pradesh,896176,India,Home
3863,2861,"29/620
Garde Road",Ambarnath,Uttar Pradesh,014100,India,Home
3864,2862,"H.No. 92, Batta Ganj",Hapur,Bihar,768251,India,Home
3865,2863,"880
Mukherjee Nagar",Nagpur,Uttarakhand,469050,India,Office
3866,2863,"95/170
Dass Road",Ichalkaranji,Meghalaya,087887,India,Home
3867,2863,"632
Vig Street",Sagar,Bihar,335802,India,Home
3868,2864,"H.No. 377, Bala Nagar",Mathura,Uttarakhand,582350,India,Home
3869,2864,"741
Solanki Path",Danapur,West Bengal,286041,India,Office
3870,2865,"H.No. 435
Kannan Road",Bhimavaram,Bihar,455746,India,Home
3871,2866,"33/304
Kalla Nagar",Sonipat,Nagaland,815853,India,Home
3872,2867,"H.No. 629
Patel Street",Kavali,Uttar Pradesh,919437,India,Home
3873,2868,"312, Jayaraman",Nagercoil,Karnataka,850220,India,Office
3874,2869,"H.No. 38, Tandon Road",Hospet,Punjab,132465,India,Home
3875,2869,"35/91, Saran Road",Rourkela,Arunachal Pradesh,407983,India,Home
3876,2869,"H.No. 077
Sama Zila",Salem,Telangana,831734,India,Home
3877,2870,"215
Kant Path",Tadepalligudem,Uttar Pradesh,531752,India,Home
3878,2870,"H.No. 224
Batta Nagar",Guntur,Karnataka,758183,India,Home
3879,2870,"H.No. 022
Solanki Circle",Ahmedabad,Sikkim,578423,India,Home
3880,2871,"H.No. 802
Mukhopadhyay Marg",Bhubaneswar,Rajasthan,928841,India,Home
3881,2872,"34/477
Grover",Erode,Punjab,920551,India,Home
3882,2873,"70/453
Apte Ganj",Muzaffarnagar,Himachal Pradesh,815988,India,Home
3883,2874,"68/744, Khare Ganj",Tiruppur,Bihar,029030,India,Office
3884,2874,"10/39, Boase Zila",Dewas,Andhra Pradesh,559786,India,Home
3885,2874,"H.No. 634, Mody Circle",Muzaffarpur,Arunachal Pradesh,344755,India,Home
3886,2875,"23/82, Walla Circle",Singrauli,Assam,719588,India,Home
3887,2876,"32, Dara Chowk",Nadiad,Haryana,542846,India,Office
3888,2877,"872
Kadakia Nagar",Kollam,Mizoram,227049,India,Home
3889,2878,"274
Dutta Nagar",Nagercoil,Karnataka,924580,India,Home
3890,2879,"310, Chaudhary Circle",Parbhani,Telangana,514388,India,Home
3891,2880,"37, Batra Road",Parbhani,Meghalaya,813240,India,Home
3892,2881,"146
Kata Zila",Etawah,Himachal Pradesh,337025,India,Home
3893,2881,"H.No. 63
Dar Road",Raipur,West Bengal,771807,India,Office
3894,2881,"22/39
Sachdeva Marg",Bhavnagar,Nagaland,141908,India,Home
3895,2882,"45, Maharaj Chowk",Bulandshahr,Kerala,507633,India,Home
3896,2883,"36/435
Tandon Ganj",Bokaro,Bihar,630700,India,Home
3897,2883,"30/42
Ramanathan Circle",Jalgaon,Haryana,026557,India,Home
3898,2884,"44
Iyengar",Singrauli,Meghalaya,521608,India,Home
3899,2885,"H.No. 02, Shan Circle",Delhi,Punjab,934964,India,Office
3900,2885,"35/39
Ramachandran Path",Vasai-Virar,Telangana,426267,India,Home
3901,2885,"89/26, Bhat Chowk",Dhule,Maharashtra,916673,India,Home
3902,2886,"177, Malhotra Path",Bihar Sharif,Himachal Pradesh,720453,India,Home
3903,2887,"69, Chaudhuri Chowk",Durgapur,Manipur,243960,India,Home
3904,2888,"007
Wali",Dhule,Tamil Nadu,891787,India,Home
3905,2889,"56/392, Chopra Zila",Begusarai,Tripura,626987,India,Office
3906,2890,"510
Shere Path",Dewas,Jharkhand,850094,India,Home
3907,2891,"47/92
Kaur",Navi Mumbai,Madhya Pradesh,290879,India,Home
3908,2892,"68/63, Suri Marg",Purnia,Haryana,635273,India,Home
3909,2893,"H.No. 075
Apte Path",Bangalore,Rajasthan,138389,India,Home
3910,2893,"H.No. 175, Deep Street",Nandyal,Punjab,779886,India,Home
3911,2894,"25/61, Sandhu Marg",Thane,Goa,280222,India,Office
3912,2895,"H.No. 66
Sachdev Zila",Tiruchirappalli,Meghalaya,866626,India,Home
3913,2896,"04
Wagle Ganj",Thiruvananthapuram,Tripura,384099,India,Home
3914,2897,"691, Ravel Chowk",Ramgarh,Nagaland,774273,India,Home
3915,2898,"84/07
Nagy Nagar",Bhind,Chhattisgarh,926465,India,Home
3916,2899,"67/94, Choudhry Chowk",Haldia,Maharashtra,731001,India,Home
3917,2899,"77/66
Ben Nagar",Kozhikode,Andhra Pradesh,364238,India,Home
3918,2900,"355, Dhaliwal Street",Madanapalle,Jharkhand,245621,India,Home
3919,2900,"02/540, Krishnan",Vijayawada,Gujarat,545255,India,Home
3920,2901,"65, Kannan Marg",Avadi,West Bengal,092628,India,Home
3921,2902,"H.No. 72
Handa Nagar",Baranagar,Tamil Nadu,061432,India,Office
3922,2902,"99/47
Bail Nagar",Khora ,Odisha,892371,India,Home
3923,2902,"H.No. 49, Talwar Nagar",Vasai-Virar,Haryana,468906,India,Home
3924,2903,"58/03
Chaudhry",Jaunpur,Uttar Pradesh,905387,India,Office
3925,2903,"H.No. 895
Krishnamurthy Ganj",Gangtok,Manipur,397733,India,Office
3926,2904,"H.No. 414, Gala Ganj",Phagwara,Jharkhand,104232,India,Home
3927,2905,"H.No. 865, Prashad Circle",Jhansi,Haryana,878193,India,Home
3928,2905,"114
Mandal Chowk",Bhind,Karnataka,325141,India,Home
3929,2906,"17
Chadha Ganj",Parbhani,Haryana,197924,India,Home
3930,2907,"61/740
Narang Ganj",Agra,Arunachal Pradesh,684172,India,Home
3931,2908,"406
Swaminathan",Firozabad,Bihar,263015,India,Home
3932,2908,"92/29, Jaggi Circle",Gudivada,Chhattisgarh,133704,India,Home
3933,2908,"03/860
Gala Chowk",Jammu,Arunachal Pradesh,287345,India,Home
3934,2909,"951, Sathe",Jorhat,Telangana,586793,India,Office
3935,2910,"02, Varghese Chowk",Thiruvananthapuram,Telangana,876561,India,Home
3936,2911,"06/95, Dugar Path",Vasai-Virar,Arunachal Pradesh,316156,India,Office
3937,2911,"85
Sawhney",Rajpur Sonarpur,Himachal Pradesh,129288,India,Home
3938,2912,"H.No. 423, Nair Circle",Nizamabad,Manipur,554508,India,Home
3939,2913,"H.No. 48
Nayak Circle",Munger,Odisha,439878,India,Home
3940,2914,"84/40
Barad Marg",Munger,Odisha,959405,India,Home
3941,2915,"H.No. 989, Badami",Mumbai,Uttar Pradesh,773088,India,Home
3942,2916,"H.No. 30, Kannan Street",Panihati,Madhya Pradesh,705297,India,Office
3943,2917,"H.No. 38, Chaudhuri Road",Sultan Pur Majra,Odisha,325332,India,Home
3944,2918,"88/40
Brar Road",Malegaon,Meghalaya,221211,India,Home
3945,2919,"H.No. 44
Palla Circle",Ulhasnagar,Sikkim,610168,India,Home
3946,2920,"H.No. 713, Sundaram Chowk",Ahmednagar,Andhra Pradesh,146073,India,Home
3947,2920,"040
Gokhale Ganj",Bangalore,Jharkhand,012178,India,Home
3948,2921,"34
Ratta Ganj",Panipat,Karnataka,012904,India,Home
3949,2921,"H.No. 286, Sandal Circle",Berhampore,Manipur,646983,India,Home
3950,2922,"320
Mandal",Vellore,Mizoram,319990,India,Office
3951,2923,"H.No. 146
Varma Zila",Howrah,Uttar Pradesh,739246,India,Office
3952,2923,"31/46
Dugar Road",Bhopal,Mizoram,324396,India,Home
3953,2924,"47/732
Swamy Ganj",Rohtak,West Bengal,921332,India,Home
3954,2925,"H.No. 618
Mani Marg",Jaipur,Kerala,927450,India,Office
3955,2925,"69/582
Chacko Marg",Ballia,Bihar,438125,India,Home
3956,2926,"562, Savant Zila",Fatehpur,Maharashtra,440424,India,Home
3957,2927,"H.No. 26, Prashad Path",Bhusawal,Assam,046430,India,Home
3958,2928,"24, Ramaswamy Chowk",Hyderabad,Kerala,139783,India,Home
3959,2929,"H.No. 76
Kapur Marg",Chittoor,Telangana,242427,India,Home
3960,2930,"12/876
Deol Zila",Purnia,Bihar,499877,India,Home
3961,2930,"81/940
Dara Marg",Berhampore,Kerala,104086,India,Home
3962,2931,"258
Thakur Marg",Saharsa,Assam,624716,India,Home
3963,2931,"93
Saini Circle",Coimbatore,Goa,541528,India,Office
3964,2932,"78/647, Amble Chowk",Bidar,Odisha,202336,India,Home
3965,2933,"06, Kohli Path",Dhule,Uttar Pradesh,895623,India,Home
3966,2934,"H.No. 35
Gaba Zila",Bijapur,Kerala,385952,India,Home
3967,2934,"H.No. 500
Mutti Road",Lucknow,Telangana,660588,India,Home
3968,2935,"59/24, Thakur Ganj",Naihati,Mizoram,225702,India,Office
3969,2936,"H.No. 686, Bassi Marg",Siwan,Punjab,814989,India,Home
3970,2937,"H.No. 69
Subramaniam Zila",Ambarnath,Himachal Pradesh,611538,India,Home
3971,2937,"664, Hegde Road",Kirari Suleman Nagar,Tamil Nadu,303426,India,Home
3972,2938,"45/66
Chopra Zila",Etawah,Madhya Pradesh,609640,India,Office
3973,2939,"87
Sahni Marg",Aurangabad,Meghalaya,961473,India,Home
3974,2939,"48, Doctor Nagar",Khora ,Meghalaya,730199,India,Home
3975,2940,"94/65
Cherian Street",Jalna,West Bengal,658988,India,Home
3976,2941,"868
Mitter Road",Proddatur,Andhra Pradesh,841457,India,Office
3977,2941,"H.No. 73
Bhatti Circle",Khandwa,Tamil Nadu,997281,India,Home
3978,2942,"13
Dass Nagar",Nanded,Uttar Pradesh,639169,India,Other
3979,2943,"73/97
Virk Marg",Yamunanagar,Kerala,471817,India,Home
3980,2944,"409
Chokshi Marg",Hapur,Bihar,756344,India,Home
3981,2944,"02, Banerjee Zila",Yamunanagar,Uttarakhand,696967,India,Home
3982,2945,"83, Gill Ganj",Nadiad,Gujarat,319682,India,Home
3983,2945,"698
Date Zila",Varanasi,Maharashtra,897267,India,Home
3984,2946,"H.No. 69, Mitra Zila",Kanpur,Assam,983945,India,Home
3985,2946,"H.No. 646
Sura Nagar",Etawah,Arunachal Pradesh,665285,India,Home
3986,2947,"H.No. 045, Singh Path",Deoghar,West Bengal,922220,India,Home
3987,2948,"59, Seth Chowk",Bhiwandi,Jharkhand,201803,India,Home
3988,2949,"068
Ghose Chowk",Panchkula,Andhra Pradesh,668708,India,Home
3989,2950,"96, Dash Street",Raebareli,Meghalaya,230465,India,Home
3990,2950,"59, Zacharia",Jalandhar,Maharashtra,581366,India,Home
3991,2951,"208, Bhatnagar Marg",Kolhapur,Bihar,050963,India,Office
3992,2952,"83
Wagle Road",Shimoga,Madhya Pradesh,824740,India,Home
3993,2952,"43/44
Chowdhury Road",Arrah,Madhya Pradesh,619621,India,Home
3994,2953,"392, Prakash",Raipur,Sikkim,610321,India,Office
3995,2954,"H.No. 80
Sharaf Circle",Burhanpur,Sikkim,051193,India,Home
3996,2955,"09/045, Chahal Circle",Nandyal,Uttarakhand,919304,India,Office
3997,2955,"H.No. 185, Bhat",Kozhikode,Meghalaya,118765,India,Home
3998,2956,"22
Chokshi Road",Sasaram,Madhya Pradesh,038410,India,Home
3999,2957,"95/992, Golla Street",Bhimavaram,Goa,440661,India,Home
4000,2958,"22/20
Swaminathan",Alwar,Uttarakhand,183825,India,Home
4001,2958,"91/432
Contractor Zila",Tirunelveli,Himachal Pradesh,605182,India,Home
4002,2959,"08/61, Varghese Chowk",Hajipur,Meghalaya,353847,India,Home
4003,2959,"420, Shetty Path",Rajahmundry,Maharashtra,959257,India,Home
4004,2959,"27, Dugar",Firozabad,Tamil Nadu,998117,India,Home
4005,2960,"H.No. 370, Sankar Street",Yamunanagar,Meghalaya,672702,India,Office
4006,2961,"41/026, Chatterjee Street",Deoghar,Gujarat,832091,India,Home
4007,2962,"31/938
Bhavsar Road",Shahjahanpur,Assam,892307,India,Home
4008,2962,"H.No. 397, Zachariah Street",Mangalore,Mizoram,713042,India,Home
4009,2963,"76/80, Amble",Karawal Nagar,Uttarakhand,964277,India,Home
4010,2963,"78/52, Korpal Path",Maheshtala,Mizoram,413174,India,Other
4011,2964,"51/95
Mand Road",Rajahmundry,Gujarat,402588,India,Home
4012,2965,"H.No. 10
Vohra Circle",Kota,Manipur,087485,India,Home
4013,2966,"H.No. 599, Mani Marg",Hyderabad,Nagaland,254777,India,Home
4014,2967,"881
Saran Chowk",Arrah,Gujarat,478110,India,Home
4015,2968,"21, Venkatesh",Rohtak,Tripura,693168,India,Home
4016,2969,"51/649, Bahl Zila",Nashik,Rajasthan,451964,India,Other
4017,2970,"066, Atwal Zila",Nangloi Jat,Rajasthan,842524,India,Other
4018,2970,"19
Bhatia Ganj",Sagar,Uttarakhand,390875,India,Home
4019,2971,"H.No. 89, Jani Circle",Darbhanga,Gujarat,951333,India,Home
4020,2971,"69/543, Konda Street",Bally,Maharashtra,551697,India,Home
4021,2972,"77/720, Karpe Road",Jamshedpur,Mizoram,271696,India,Home
4022,2973,"45
Kamdar Path",Saharsa,Himachal Pradesh,347696,India,Office
4023,2974,"54/406
Vasa Marg",Jalgaon,Karnataka,283693,India,Home
4024,2974,"80/118, Gill Chowk",Jhansi,Odisha,020056,India,Home
4025,2975,"23
Sanghvi Circle",Vellore,Telangana,186191,India,Home
4026,2976,"64/069, Zachariah Path",Karimnagar,Telangana,840477,India,Home
4027,2977,"H.No. 03, Vala Zila",Dharmavaram,Manipur,163228,India,Home
4028,2977,"H.No. 63
Sami Ganj",Kolkata,Uttarakhand,352179,India,Home
4029,2978,"H.No. 182, Boase Circle",Bhopal,Uttarakhand,102719,India,Office
4030,2978,"H.No. 81, Sharaf Road",Faridabad,Tamil Nadu,623309,India,Home
4031,2979,"97
Varma Marg",Shimoga,Gujarat,645829,India,Office
4032,2980,"H.No. 63
Johal Chowk",Muzaffarnagar,Andhra Pradesh,304716,India,Home
4033,2981,"342
Kota Path",Jamshedpur,Chhattisgarh,940011,India,Home
4034,2982,"52/07, Chaudry Circle",Jalna,Bihar,656637,India,Home
4035,2983,"04, Soman Ganj",Sirsa,Tamil Nadu,143535,India,Home
4036,2984,"46/222
Mital Circle",Machilipatnam,Madhya Pradesh,097490,India,Home
4037,2985,"26/193, Chaudhari Path",Salem,Jharkhand,859400,India,Office
4038,2986,"96/56
Krishna Nagar",Phusro,Kerala,495697,India,Other
4039,2987,"H.No. 56
Dyal Zila",Jalna,Andhra Pradesh,152290,India,Home
4040,2987,"H.No. 150
Sani Chowk",Guntakal,Tamil Nadu,201217,India,Home
4041,2988,"094, Kumer Ganj",Gaya,Andhra Pradesh,419857,India,Home
4042,2988,"87/341
Sehgal Ganj",Dhule,Arunachal Pradesh,357136,India,Home
4043,2989,"77/49, Varkey Chowk",Dhule,Telangana,258535,India,Home
4044,2989,"99/515
Cheema Road",Kulti,Maharashtra,438724,India,Home
4045,2990,"H.No. 884, Ravel Circle",Purnia,West Bengal,144250,India,Home
4046,2991,"33/75
Bava Chowk",Khammam,Kerala,880639,India,Home
4047,2991,"45/45
Nagi Nagar",Madanapalle,Madhya Pradesh,370476,India,Other
4048,2992,"85/68, Munshi Ganj",Raichur,Bihar,440275,India,Home
4049,2993,"H.No. 70
Majumdar Zila",Giridih,Karnataka,336936,India,Home
4050,2994,"H.No. 02, Dasgupta Zila",Agartala,Kerala,980460,India,Home
4051,2995,"H.No. 34
Kala",Udupi,Maharashtra,634916,India,Other
4052,2996,"H.No. 557
Gupta Chowk",Bhilwara,Kerala,436233,India,Home
4053,2997,"31/21, Dash Nagar",Thane,Gujarat,738007,India,Home
4054,2997,"98/19
Sethi Marg",Erode,West Bengal,688433,India,Home
4055,2998,"50, Kala",Katihar,Assam,724901,India,Office
4056,2999,"H.No. 543
Karpe",Gandhinagar,Punjab,738439,India,Home
4057,2999,"725
Arora Circle",Naihati,Tripura,584962,India,Office
4058,3000,"H.No. 323, Gaba Nagar",Gorakhpur,Telangana,686017,India,Home
4059,3001,"55/55, Bawa Path",Bareilly,Rajasthan,761426,India,Office
4060,3002,"443
Talwar Marg",Delhi,Uttarakhand,110800,India,Home
4061,3003,"64/913, Sood Path",Hajipur,Odisha,642527,India,Office
4062,3004,"31/779
Ahuja Zila",Ahmednagar,Manipur,565633,India,Home
4063,3004,"434
Borah Circle",Nagpur,Tripura,024201,India,Home
4064,3005,"76, Ramachandran Nagar",Guntur,Kerala,787441,India,Office
4065,3006,"848, Ghosh Road",Karawal Nagar,Telangana,742194,India,Home
4066,3007,"47/891, Sankaran Ganj",Bhubaneswar,Maharashtra,684989,India,Home
4067,3008,"26/382, Morar Chowk",Farrukhabad,Kerala,097333,India,Home
4068,3008,"87/03, Edwin Circle",Tirunelveli,Odisha,270497,India,Office
4069,3009,"H.No. 44, Kadakia Marg",Yamunanagar,Himachal Pradesh,496591,India,Home
4070,3010,"H.No. 101, Datta Path",Srinagar,West Bengal,595881,India,Home
4071,3011,"688, Rajagopalan Marg",Danapur,Sikkim,323511,India,Other
4072,3012,"95/225, Mangat Road",Hospet,Andhra Pradesh,176810,India,Home
4073,3012,"32/470, Guha Chowk",Sasaram,Bihar,142375,India,Home
4074,3013,"H.No. 54
Das Path",Ahmednagar,Tripura,016548,India,Home
4075,3013,"57
Chana Circle",Phusro,Assam,655172,India,Home
4076,3014,"H.No. 21
Saraf Ganj",Raipur,Meghalaya,472229,India,Home
4077,3014,"H.No. 31
Ravi",Jodhpur,Madhya Pradesh,418054,India,Home
4078,3015,"H.No. 853, Arya Circle",Kozhikode,Andhra Pradesh,961990,India,Home
4079,3016,"89/65
Buch",Salem,Bihar,087815,India,Home
4080,3017,"H.No. 91
Sunder Marg",Bhusawal,Karnataka,709866,India,Home
4081,3018,"85/16
Gokhale Circle",Panihati,Nagaland,285794,India,Home
4082,3019,"H.No. 541, Badami Path",Kottayam,Uttar Pradesh,118811,India,Office
4083,3020,"78/734
Bhakta Circle",Bhiwandi,Tamil Nadu,966757,India,Office
4084,3021,"69/540, Handa Street",Kollam,Tripura,268396,India,Home
4085,3022,"13
Pandit",Lucknow,Arunachal Pradesh,684512,India,Home
4086,3022,"40/238, Wason Chowk",Varanasi,Gujarat,476040,India,Home
4087,3023,"26/292
Palla Street",Panihati,Manipur,210985,India,Home
4088,3023,"727, Baria Street",Sikar,Manipur,490597,India,Office
4089,3024,"H.No. 375, Sodhi Ganj",Dindigul,Uttar Pradesh,883068,India,Home
4090,3025,"48/17, Mall Nagar",Morbi,Chhattisgarh,279191,India,Office
4091,3026,"798
Banik Nagar",Sultan Pur Majra,Chhattisgarh,288823,India,Home
4092,3027,"70/87
Barad Chowk",Satna,Sikkim,424431,India,Office
4093,3028,"993, Chandra Street",Kakinada,Madhya Pradesh,400925,India,Home
4094,3029,"709
Kale Circle",Kottayam,West Bengal,803430,India,Home
4095,3030,"H.No. 488
Barman Ganj",Aizawl,Kerala,827598,India,Home
4096,3031,"58/19
Mammen Chowk",Erode,Rajasthan,482232,India,Home
4097,3032,"H.No. 25
Mitter Nagar",Alwar,Manipur,742658,India,Home
4098,3033,"H.No. 661
Madan Street",Indore,Assam,601241,India,Home
4099,3034,"H.No. 607, Gokhale Marg",Lucknow,Odisha,926216,India,Home
4100,3035,"20
Batta Street",Jammu,Assam,109244,India,Home
4101,3036,"954, Padmanabhan Nagar",Bettiah,Tamil Nadu,429617,India,Home
4102,3037,"H.No. 72, Joshi Chowk",Loni,West Bengal,060446,India,Home
4103,3038,"H.No. 374, Pandya Road",Srinagar,Odisha,673421,India,Home
4104,3038,"114
Sheth Nagar",Ahmednagar,Maharashtra,492907,India,Home
4105,3039,"839, Ghose Road",Raipur,West Bengal,424706,India,Home
4106,3039,"92/225
Chatterjee Chowk",Ramagundam,Arunachal Pradesh,489524,India,Home
4107,3040,"H.No. 34, Sanghvi Path",Alappuzha,Madhya Pradesh,971801,India,Home
4108,3040,"06/335, Parikh Chowk",Udupi,Himachal Pradesh,567564,India,Home
4109,3041,"67/667
Chander Road",Barasat,Tamil Nadu,694032,India,Home
4110,3042,"216
Pandit Road",Bhavnagar,West Bengal,421461,India,Home
4111,3043,"H.No. 498, Murty Ganj",Meerut,Karnataka,983651,India,Home
4112,3044,"90
Chada Path",Ongole,Maharashtra,397900,India,Home
4113,3044,"83
Chand Road",Hosur,Arunachal Pradesh,509503,India,Other
4114,3045,"H.No. 51
Sani Ganj",Agra,Chhattisgarh,220859,India,Home
4115,3046,"H.No. 312
Parsa Zila",Chapra,Kerala,924197,India,Office
4116,3047,"65, Kalita Path",Ranchi,Bihar,170328,India,Home
4117,3048,"32/538, Ranganathan Ganj",Baranagar,Himachal Pradesh,792165,India,Home
4118,3049,"H.No. 81, Chaudhary Zila",Alappuzha,Nagaland,261173,India,Other
4119,3050,"H.No. 215
Kurian Ganj",Kalyan-Dombivli,West Bengal,559967,India,Other
4120,3051,"H.No. 312, Jain Zila",Udaipur,Jharkhand,466629,India,Home
4121,3051,"621, Karan Path",Rampur,Andhra Pradesh,014612,India,Home
4122,3052,"H.No. 84, Manda",Bidhannagar,Kerala,936007,India,Home
4123,3052,"13/35
Kakar Ganj",Haldia,Punjab,175180,India,Home
4124,3053,"56, Wason Path",Naihati,Karnataka,838686,India,Office
4125,3054,"358, Agate Chowk",Kolkata,Meghalaya,090729,India,Other
4126,3055,"85/636
Raval Marg",Jammu,Bihar,962863,India,Office
4127,3056,"97/54, Bajaj Chowk",Vijayawada,Goa,435939,India,Home
4128,3057,"42/72, Dixit Circle",Etawah,Maharashtra,960402,India,Home
4129,3057,"H.No. 47
Bahl Chowk",Parbhani,Nagaland,335782,India,Home
4130,3058,"H.No. 42, Nair Ganj",Machilipatnam,Nagaland,393939,India,Home
4131,3059,"H.No. 626
Divan Ganj",Udupi,Bihar,947874,India,Home
4132,3060,"H.No. 56
Handa Nagar",Hosur,Maharashtra,592799,India,Home
4133,3060,"12/96
Nagy Road",Saharsa,Uttarakhand,771959,India,Home
4134,3061,"19/941, Rastogi Ganj",Tirupati,Sikkim,729118,India,Home
4135,3062,"H.No. 01
Sekhon Road",Miryalaguda,Goa,196172,India,Home
4136,3063,"82/84
Garde Road",Kochi,Rajasthan,455912,India,Home
4137,3064,"H.No. 217
Morar Road",Dindigul,Maharashtra,651837,India,Other
4138,3065,"H.No. 70, Hans Street",Amravati,Rajasthan,506821,India,Home
4139,3066,"H.No. 358, Khosla Zila",Udupi,Sikkim,196245,India,Home
4140,3067,"H.No. 05, Toor Path",Malegaon,Haryana,919988,India,Home
4141,3067,"H.No. 22
Dugal",Karawal Nagar,Uttar Pradesh,259845,India,Home
4142,3068,"H.No. 42
Barad Street",Durg,Telangana,291298,India,Home
4143,3068,"33
Keer Path",Bhopal,West Bengal,323001,India,Home
4144,3068,"H.No. 955
Sani Chowk",Mira-Bhayandar,Punjab,166215,India,Home
4145,3069,"74/863
Mandal Chowk",Faridabad,Haryana,366386,India,Home
4146,3070,"687, Shan Zila",Ambala,Himachal Pradesh,531886,India,Home
4147,3071,"52/28
Singh Circle",Amravati,Manipur,746003,India,Office
4148,3072,"H.No. 058
Gera Circle",Bhopal,Uttarakhand,517199,India,Home
4149,3073,"97/450
Sood Nagar",Purnia,Himachal Pradesh,071253,India,Home
4150,3073,"11
Narasimhan Path",South Dumdum,Uttarakhand,027820,India,Office
4151,3074,"H.No. 81, Karnik Zila",Kottayam,Rajasthan,953116,India,Office
4152,3075,"15/223
Narang Road",Jamalpur,Odisha,071376,India,Home
4153,3076,"08
Rajagopalan Nagar",Haldia,Arunachal Pradesh,064051,India,Office
4154,3077,"32/84, Chatterjee Nagar",Parbhani,Arunachal Pradesh,904389,India,Home
4155,3078,"H.No. 31, Gupta Chowk",Ramagundam,Maharashtra,552241,India,Office
4156,3079,"414, Chawla Circle",Vijayanagaram,Telangana,658352,India,Home
4157,3079,"839
Tella Marg",Vellore,Andhra Pradesh,945684,India,Home
4158,3080,"H.No. 931
Prasad",Tezpur,Sikkim,591239,India,Home
4159,3080,"H.No. 94
Kalla",Madhyamgram,Rajasthan,578449,India,Home
4160,3081,"23/077, Mukherjee Zila",Ozhukarai,Sikkim,286011,India,Office
4161,3082,"69, Balay Zila",Bongaigaon,Tamil Nadu,378011,India,Home
4162,3083,"H.No. 70, Loyal Circle",Nizamabad,Himachal Pradesh,325672,India,Home
4163,3084,"19/511, Mahajan Nagar",Mira-Bhayandar,Madhya Pradesh,821655,India,Home
4164,3084,"H.No. 62, Acharya Nagar",Katihar,Mizoram,641437,India,Home
4165,3085,"228
Nanda Path",Adoni,Telangana,149354,India,Home
4166,3086,"07/327, Bora Marg",Patiala,Manipur,731102,India,Home
4167,3086,"37/593
Narayanan Ganj",Raipur,Tamil Nadu,149400,India,Home
4168,3087,"H.No. 67
Karan Street",Nagaon,Nagaland,188210,India,Home
4169,3088,"05
Patla",Jorhat,Sikkim,042537,India,Home
4170,3088,"96
Krish Chowk",Dindigul,Himachal Pradesh,607028,India,Home
4171,3089,"723
Balakrishnan Circle",Sirsa,Bihar,166296,India,Office
4172,3090,"27/34
Viswanathan Street",Bilaspur,Goa,854460,India,Office
4173,3091,"89/58
Khare",Madurai,Punjab,330442,India,Home
4174,3092,"95, Mistry Ganj",Erode,Himachal Pradesh,044624,India,Home
4175,3093,"H.No. 41, Kale Marg",Khandwa,Telangana,417000,India,Home
4176,3094,"790, Sastry Road",Cuttack,Bihar,066058,India,Home
4177,3095,"85/690, Chatterjee Street",Faridabad,Mizoram,724207,India,Home
4178,3096,"087
Dhingra Chowk",Nadiad,Uttarakhand,673495,India,Home
4179,3097,"H.No. 150
Wadhwa Nagar",Miryalaguda,Karnataka,914651,India,Home
4180,3098,"92
Dhar Zila",Amritsar,Telangana,261718,India,Home
4181,3098,"09
Tiwari Marg",Bhalswa Jahangir Pur,Chhattisgarh,164854,India,Home
4182,3099,"H.No. 332
Chand Path",Dhule,Himachal Pradesh,300436,India,Home
4183,3099,"H.No. 69, Nath Zila",Madanapalle,West Bengal,058187,India,Home
4184,3099,"404
Radhakrishnan Marg",Bhopal,Uttarakhand,061958,India,Home
4185,3100,"18, Jain",Chapra,Tamil Nadu,536614,India,Home
4186,3101,"H.No. 181
Srinivasan Circle",Howrah,Haryana,436125,India,Home
4187,3101,"H.No. 26, Vora Zila",Bikaner,Jharkhand,521219,India,Office
4188,3102,"873, Bath Nagar",Agra,Uttar Pradesh,289795,India,Office
4189,3103,"775
Minhas Marg",Lucknow,Nagaland,520725,India,Other
4190,3104,"03/764
Mistry",Nellore,Haryana,984552,India,Home
4191,3105,"H.No. 54, Kumer",Gulbarga,Mizoram,141363,India,Home
4192,3106,"H.No. 58, Chopra Marg",Rajpur Sonarpur,Telangana,305613,India,Office
4193,3106,"H.No. 137, Jhaveri Street",Nandyal,Tamil Nadu,821352,India,Home
4194,3107,"H.No. 111, Balan Circle",Dhanbad,Mizoram,993330,India,Home
4195,3108,"891, Sami",Nanded,Andhra Pradesh,896818,India,Home
4196,3109,"H.No. 33, Venkataraman Path",Mangalore,Nagaland,588058,India,Home
4197,3110,"96
Bansal Circle",Vellore,Nagaland,902446,India,Home
4198,3111,"H.No. 23
Wagle Path",Darbhanga,Mizoram,092702,India,Other
4199,3111,"54, Dua Street",Begusarai,Odisha,147689,India,Home
4200,3112,"39, Nayak Zila",Raurkela Industrial Township,Tripura,681403,India,Home
4201,3113,"45/45
Sama Ganj",Tezpur,Uttarakhand,263345,India,Home
4202,3114,"H.No. 811
Parmer Chowk",Vellore,Uttar Pradesh,446658,India,Home
4203,3115,"08/95
Das Chowk",Karawal Nagar,Arunachal Pradesh,114022,India,Office
4204,3116,"59/606, Verma Path",Nagercoil,Goa,950944,India,Home
4205,3117,"04, Varkey Circle",Deoghar,Sikkim,181745,India,Home
4206,3118,"57/682
Kala Marg",Khora ,Tamil Nadu,089730,India,Home
4207,3119,"59, Shroff Nagar",Panipat,Maharashtra,433409,India,Home
4208,3120,"H.No. 555
Choudhary Nagar",Tiruppur,Gujarat,317274,India,Office
4209,3121,"31/885
Kurian Ganj",Ulhasnagar,Madhya Pradesh,015852,India,Office
4210,3121,"231
Saxena Nagar",Nandyal,Meghalaya,620542,India,Home
4211,3122,"11/866, Ghose Circle",Dehradun,Madhya Pradesh,401881,India,Home
4212,3122,"77/41
Borde Circle",Madhyamgram,Assam,131948,India,Home
4213,3123,"88/276, Madan Ganj",Kavali,Himachal Pradesh,357188,India,Home
4214,3124,"83/547
Shukla Ganj",Thoothukudi,Manipur,472747,India,Home
4215,3125,"H.No. 980, Borah Chowk",Shahjahanpur,Gujarat,781215,India,Home
4216,3125,"H.No. 23
Korpal Chowk",Bidhannagar,Sikkim,414588,India,Home
4217,3126,"H.No. 364
Dora Ganj",Arrah,Odisha,632877,India,Home
4218,3126,"H.No. 48
Barad Road",Ichalkaranji,Chhattisgarh,099798,India,Home
4219,3127,"60
Ravi Zila",Pali,Sikkim,939927,India,Home
4220,3128,"07, Venkataraman",Tezpur,Meghalaya,079833,India,Home
4221,3129,"H.No. 136, Mand Street",Guna,Telangana,195264,India,Home
4222,3130,"44
Sabharwal Path",Mangalore,Chhattisgarh,054678,India,Office
4223,3131,"80/59
Lala Path",Baranagar,Goa,028923,India,Home
4224,3132,"714
Mane Street",Ambala,Sikkim,137249,India,Home
4225,3133,"84/09, Saini Marg",Pallavaram,Haryana,375122,India,Office
4226,3134,"21, Batta Path",Yamunanagar,Andhra Pradesh,224703,India,Home
4227,3134,"13/378, Bhargava Nagar",Siwan,Jharkhand,964293,India,Home
4228,3135,"H.No. 50
Gulati Chowk",Chennai,Arunachal Pradesh,244913,India,Office
4229,3135,"61/085, Sunder Path",Parbhani,Bihar,640641,India,Home
4230,3136,"H.No. 182
Garde Street",Gorakhpur,Haryana,950102,India,Home
4231,3137,"321, Deshpande Ganj",Guna,Bihar,273502,India,Home
4232,3138,"H.No. 491, Chander Marg",Guwahati,Punjab,321059,India,Office
4233,3139,"42/81
Koshy Road",Jamshedpur,Tamil Nadu,199798,India,Home
4234,3140,"63, Cherian Nagar",Moradabad,Kerala,316701,India,Home
4235,3141,"H.No. 048
Devan Circle",Vellore,Himachal Pradesh,620098,India,Home
4236,3142,"27/365, Jayaraman Street",Bikaner,Kerala,056567,India,Home
4237,3143,"71, Shetty Street",Gopalpur,Tamil Nadu,130597,India,Home
4238,3143,"H.No. 33, More Street",Varanasi,Manipur,068688,India,Home
4239,3144,"61/92
Deshpande Nagar",Tinsukia,Tamil Nadu,404026,India,Other
4240,3145,"68, Nagarajan Road",Salem,Karnataka,225848,India,Home
4241,3145,"06/04, Grewal Path",Jamalpur,Assam,705649,India,Office
4242,3146,"17/291
Ratta Street",Satara,Uttarakhand,345338,India,Home
4243,3146,"092
Setty Marg",Bhagalpur,Bihar,208520,India,Home
4244,3147,"45
Viswanathan",Maheshtala,Himachal Pradesh,058565,India,Home
4245,3148,"H.No. 974
Pai Ganj",Chandrapur,Jharkhand,920954,India,Home
4246,3149,"H.No. 49
Gopal Zila",Srinagar,Uttarakhand,794944,India,Home
4247,3150,"832, Nayak",Sagar,Chhattisgarh,963049,India,Office
4248,3151,"50/947
Raghavan Circle",Jabalpur,Maharashtra,882810,India,Home
4249,3151,"92/512
Dara Zila",Eluru,Goa,116655,India,Home
4250,3152,"630
Merchant Nagar",Panihati,Karnataka,156407,India,Office
4251,3153,"H.No. 69
Chand Road",Pali,Telangana,359283,India,Home
4252,3153,"577
Chaudhuri Road",Bhilai,Uttar Pradesh,566576,India,Home
4253,3154,"H.No. 633
Parmar Marg",Danapur,Madhya Pradesh,711069,India,Other
4254,3155,"96
Kar",Parbhani,Odisha,234436,India,Home
4255,3156,"51/56, Vyas Street",Mehsana,Punjab,774173,India,Other
4256,3157,"36/010, Yogi Chowk",Morena,Madhya Pradesh,534503,India,Home
4257,3158,"16/54
Zachariah",Singrauli,Bihar,648760,India,Home
4258,3159,"64
Bal Marg",Gandhinagar,Gujarat,428662,India,Home
4259,3159,"19, Chahal Street",Rajahmundry,Maharashtra,566739,India,Home
4260,3160,"07, Tank Street",Ujjain,Uttar Pradesh,657614,India,Home
4261,3161,"66/571
Kumer Marg",Sangli-Miraj & Kupwad,Goa,123494,India,Home
4262,3162,"72/449
Shah Zila",Gopalpur,Nagaland,614810,India,Home
4263,3163,"78/183
Venkataraman Ganj",Pallavaram,Andhra Pradesh,315667,India,Home
4264,3163,"H.No. 33, Walia Nagar",Chandigarh,Punjab,860696,India,Home
4265,3163,"H.No. 98, Patla",Aurangabad,Assam,030897,India,Home
4266,3164,"63/80
Bhakta Road",Agartala,Bihar,166130,India,Other
4267,3165,"548
Hari Path",Hubli–Dharwad,Rajasthan,480880,India,Home
4268,3166,"74/987
Wagle Path",Meerut,Goa,938713,India,Home
4269,3167,"93, Manda Path",Agartala,Karnataka,573019,India,Home
4270,3168,"614
Saxena Path",Sagar,Kerala,636305,India,Office
4271,3169,"816, Sarma Ganj",Berhampur,Assam,333856,India,Home
4272,3170,"95, Baral Chowk",Raipur,Karnataka,343162,India,Home
4273,3171,"562, Khare Zila",Jammu,Haryana,712057,India,Home
4274,3171,"21/38
Agate Marg",Dibrugarh,Goa,287024,India,Home
4275,3172,"45
Dar Ganj",Nandyal,Madhya Pradesh,700960,India,Home
4276,3173,"44
Naidu Ganj",Alwar,Kerala,161563,India,Office
4277,3174,"06, Badal Zila",Latur,Sikkim,312303,India,Home
4278,3174,"26
Mandal Circle",Berhampur,Arunachal Pradesh,690350,India,Home
4279,3175,"42/062, Oza Circle",Panipat,Chhattisgarh,851168,India,Office
4280,3176,"21/14, Purohit Ganj",Jamalpur,Kerala,334667,India,Office
4281,3177,"68/293
Bal Nagar",Dhule,Meghalaya,387746,India,Home
4282,3178,"850
Vasa Circle",Serampore,Sikkim,044554,India,Home
4283,3178,"35/88, Kumar Chowk",Jalandhar,Arunachal Pradesh,380547,India,Office
4284,3179,"89/830
Verma Zila",Dhanbad,Nagaland,753939,India,Other
4285,3179,"76
Balakrishnan Nagar",Bokaro,Meghalaya,983965,India,Office
4286,3179,"89/433
Anand Circle",Bellary,Maharashtra,471678,India,Office
4287,3180,"H.No. 78, Padmanabhan Nagar",Chandrapur,Kerala,925824,India,Home
4288,3181,"H.No. 80, Sem Circle",Khammam,Odisha,189310,India,Office
4289,3181,"76/86
Kurian",Amritsar,Nagaland,165714,India,Home
4290,3182,"78/741, Narain Nagar",Bulandshahr,Gujarat,624630,India,Home
4291,3183,"H.No. 78, Nazareth Marg",Thanjavur,Meghalaya,667360,India,Other
4292,3184,"112, Nagy Road",Gwalior,Kerala,799844,India,Home
4293,3185,"51/99, Varghese Marg",Kozhikode,Meghalaya,289082,India,Home
4294,3186,"10, Sahota Path",Dehradun,Gujarat,980473,India,Office
4295,3187,"22, Gupta Road",Satna,Nagaland,162596,India,Home
4296,3188,"H.No. 851
Loyal Zila",Mango,Manipur,631593,India,Office
4297,3188,"62/78, Choudhry Marg",Kadapa,Telangana,928344,India,Office
4298,3189,"608, Natarajan Ganj",Ichalkaranji,Rajasthan,540858,India,Office
4299,3189,"049
Krishnamurthy Path",Ambala,Meghalaya,756753,India,Home
4300,3189,"88
Muni Zila",Rajpur Sonarpur,Tripura,413373,India,Home
4301,3190,"640, Char Circle",Tirupati,Jharkhand,208427,India,Home
4302,3191,"H.No. 99, Datta Zila",Satna,Meghalaya,448296,India,Home
4303,3192,"052, Sem Circle",Vadodara,Bihar,624652,India,Home
4304,3192,"22/562, Mannan Road",Surendranagar Dudhrej,Maharashtra,920665,India,Home
4305,3193,"H.No. 66
Bhagat Chowk",Gandhidham,Arunachal Pradesh,010955,India,Home
4306,3194,"H.No. 38
Dayal Circle",Bidhannagar,Nagaland,371171,India,Home
4307,3195,"69/117
Buch Circle",Ozhukarai,Uttar Pradesh,589186,India,Home
4308,3196,"937, Loke Circle",Ambala,Rajasthan,195715,India,Home
4309,3197,"100
Kuruvilla Nagar",Coimbatore,Uttar Pradesh,065685,India,Office
4310,3198,"H.No. 370, Saha Circle",Barasat,Maharashtra,910274,India,Home
4311,3199,"783, Sampath Chowk",Patiala,Bihar,701260,India,Home
4312,3200,"29
Rau Street",Giridih,Goa,620134,India,Home
4313,3200,"H.No. 487, Karnik Marg",Siliguri,Tamil Nadu,281180,India,Home
4314,3201,"H.No. 968, Narayan Circle",Bharatpur,Odisha,358263,India,Home
4315,3201,"47/888
Mishra Street",Udupi,Bihar,813391,India,Office
4316,3202,"328
Dugar Circle",Tadipatri,Goa,541387,India,Home
4317,3203,"H.No. 54, Bala Road",Bihar Sharif,Meghalaya,532413,India,Home
4318,3204,"07/02
Dalal Road",Vasai-Virar,Andhra Pradesh,178789,India,Home
4319,3205,"53
Anne Marg",Bally,Uttarakhand,457942,India,Home
4320,3206,"H.No. 37
Sha Ganj",Rourkela,Madhya Pradesh,372444,India,Home
4321,3207,"12/269
Bora Path",New Delhi,Maharashtra,009125,India,Home
4322,3208,"402
Sundaram",Danapur,Odisha,389706,India,Home
4323,3208,"H.No. 137
Ramanathan Road",Proddatur,Uttar Pradesh,637692,India,Home
4324,3209,"10
Kohli Path",Bongaigaon,Andhra Pradesh,479405,India,Home
4325,3210,"51/594, Arya",Ghaziabad,Haryana,627061,India,Home
4326,3211,"50/091, Cheema Chowk",Sambalpur,Manipur,817740,India,Office
4327,3212,"97
Kala Path",Kochi,Kerala,516433,India,Home
4328,3213,"83/67, Baria Nagar",Nizamabad,West Bengal,886828,India,Office
4329,3213,"57/198
Sharaf Circle",Jammu,Arunachal Pradesh,557861,India,Home
4330,3214,"H.No. 84
Hegde Zila",Vadodara,Telangana,220646,India,Home
4331,3215,"H.No. 667, Thaker Street",Erode,Tripura,941028,India,Home
4332,3216,"63/80, Sarin Street",Kavali,West Bengal,803151,India,Home
4333,3217,"658, Sathe Zila",Akola,Odisha,578363,India,Home
4334,3217,"12/30
Kannan Path",Khammam,Chhattisgarh,001181,India,Home
4335,3218,"073, Vora Circle",Solapur,Rajasthan,212436,India,Other
4336,3218,"101
Savant Nagar",Thoothukudi,Goa,500991,India,Other
4337,3219,"71/58, Uppal Nagar",Amravati,Assam,504122,India,Home
4338,3219,"H.No. 112
Shah Circle",Allahabad,Mizoram,670390,India,Office
4339,3220,"807
Chandra",Mahbubnagar,Haryana,191045,India,Home
4340,3221,"H.No. 14, Yogi Marg",Shimla,Karnataka,109583,India,Office
4341,3221,"35/91
Sibal Street",Ambattur,Maharashtra,479905,India,Home
4342,3222,"347, Arya Path",Karawal Nagar,Nagaland,563640,India,Home
4343,3223,"58/81
Prabhu Zila",Hospet,Meghalaya,707757,India,Home
4344,3224,"27
Bhardwaj Zila",Kota,Arunachal Pradesh,203073,India,Office
4345,3225,"868
Tella Street",Pondicherry,Punjab,800786,India,Home
4346,3226,"90, Verma Nagar",Sambalpur,Himachal Pradesh,550748,India,Home
4347,3227,"H.No. 44, Lala Ganj",Bulandshahr,Telangana,662639,India,Home
4348,3228,"H.No. 981
Warrior Ganj",Maheshtala,Himachal Pradesh,155299,India,Office
4349,3228,"77, Chakraborty Chowk",Uluberia,Nagaland,160013,India,Home
4350,3229,"H.No. 378, Bir Chowk",Medininagar,Uttar Pradesh,892930,India,Office
4351,3230,"72, Misra Path",Faridabad,Punjab,625094,India,Home
4352,3231,"66/050
Varughese Marg",South Dumdum,Uttarakhand,528897,India,Home
4353,3231,"84, Sathe Nagar",Firozabad,Bihar,241617,India,Home
4354,3232,"379
Karnik Chowk",Tezpur,West Bengal,533019,India,Home
4355,3233,"H.No. 18, Manda Marg",Jaipur,Himachal Pradesh,502313,India,Home
4356,3234,"44/715
Parmar Marg",Bellary,Uttarakhand,150074,India,Office
4357,3235,"26/82, Bumb Nagar",Visakhapatnam,Chhattisgarh,526207,India,Office
4358,3236,"79/575
Chawla Chowk",Ghaziabad,Uttar Pradesh,250069,India,Home
4359,3236,"658
Lal Chowk",Bhagalpur,Bihar,110817,India,Home
4360,3237,"H.No. 357, Bhargava Zila",Alappuzha,Maharashtra,765881,India,Home
4361,3238,"60, Bir Marg",Solapur,Chhattisgarh,507584,India,Home
4362,3238,"17/82, Lata Marg",Motihari,Gujarat,443402,India,Home
4363,3239,"59/910
Shan Circle",Moradabad,Meghalaya,663579,India,Office
4364,3240,"818, Venkatesh Marg",Nanded,Arunachal Pradesh,738654,India,Home
4365,3240,"01, Deo Zila",Hindupur,Odisha,897224,India,Other
4366,3241,"19
Mukherjee Ganj",Bhalswa Jahangir Pur,Rajasthan,013109,India,Home
4367,3242,"453
Dasgupta Zila",Kumbakonam,Bihar,652271,India,Home
4368,3243,"84, Sampath Marg",Raurkela Industrial Township,West Bengal,584042,India,Other
4369,3243,"03/749, Hari Chowk",Dewas,Kerala,712124,India,Home
4370,3244,"41
Pandey Path",Bhavnagar,Bihar,191396,India,Home
4371,3245,"02/82, Seth",Shivpuri,Telangana,207113,India,Home
4372,3246,"H.No. 336
Venkataraman Marg",Narasaraopet,Jharkhand,783677,India,Home
4373,3247,"H.No. 73
Mann Street",Bidhannagar,Bihar,549684,India,Home
4374,3247,"760
Biswas Road",Tinsukia,Assam,717169,India,Home
4375,3248,"H.No. 42
Guha Circle",Kakinada,Uttarakhand,470042,India,Home
4376,3249,"H.No. 47
Gandhi Zila",Vadodara,Manipur,168080,India,Home
4377,3250,"24/23
Som",Katni,Tamil Nadu,532999,India,Home
4378,3251,"18/75, Behl",Ambala,Mizoram,194824,India,Home
4379,3251,"H.No. 11
Vig Circle",Ahmednagar,Telangana,670061,India,Home
4380,3251,"38/47
Vaidya Ganj",Ludhiana,Tripura,370721,India,Home
4381,3252,"H.No. 822
Bhattacharyya Marg",Kulti,Jharkhand,546498,India,Home
4382,3253,"01/75
More Street",Bangalore,Assam,550493,India,Home
4383,3254,"81
Chander Road",Chittoor,Meghalaya,153387,India,Home
4384,3254,"83/929, Dube Zila",Ambala,Sikkim,187400,India,Home
4385,3255,"H.No. 32
Gala Marg",Rajpur Sonarpur,Goa,760356,India,Home
4386,3256,"944
Mangal Street",Malegaon,West Bengal,264728,India,Home
4387,3257,"33/432, Basu Marg",Bokaro,Chhattisgarh,756175,India,Office
4388,3257,"H.No. 41, Kanda Chowk",Guna,Uttar Pradesh,819242,India,Home
4389,3257,"H.No. 296
Parekh Ganj",Uluberia,Goa,883209,India,Home
4390,3258,"74/98, Bala Nagar",Phagwara,Haryana,778514,India,Home
4391,3259,"H.No. 49
Mander Road",Farrukhabad,Chhattisgarh,372683,India,Home
4392,3260,"348, Jain Ganj",Nagercoil,Kerala,378513,India,Home
4393,3260,"H.No. 165, Comar Ganj",Bidar,Himachal Pradesh,696757,India,Home
4394,3261,"H.No. 71, Chander Chowk",Chandigarh,Rajasthan,333562,India,Home
4395,3262,"H.No. 01
Nayak Ganj",Gorakhpur,Tripura,341137,India,Home
4396,3263,"20/220, Shah Zila",Panvel,Goa,606868,India,Home
4397,3264,"30
Babu Chowk",Anantapuram,Nagaland,399875,India,Home
4398,3264,"19/29
Narula",Chandigarh,Andhra Pradesh,984938,India,Office
4399,3265,"H.No. 09, Dhingra Ganj",Arrah,Gujarat,969486,India,Home
4400,3265,"20/130, Naidu Marg",Panihati,Goa,969118,India,Home
4401,3266,"41
Nori Zila",Kharagpur,Jharkhand,659239,India,Home
4402,3266,"H.No. 97
Dora Circle",Bhimavaram,Andhra Pradesh,800470,India,Office
4403,3267,"260, Wable Nagar",Jhansi,Odisha,349731,India,Home
4404,3268,"H.No. 38, Wadhwa Circle",Salem,Tripura,904428,India,Home
4405,3268,"616, Chada Nagar",Pallavaram,Chhattisgarh,821210,India,Home
4406,3269,"H.No. 10, Batta Marg",Kottayam,Jharkhand,042097,India,Home
4407,3269,"66/310
Mukherjee Nagar",Kollam,Assam,223653,India,Home
4408,3270,"14, Gokhale Chowk",Ahmedabad,Meghalaya,233275,India,Home
4409,3270,"44/48, Chacko Ganj",Baranagar,Telangana,601616,India,Home
4410,3271,"63/073
Gaba Chowk",Satna,Meghalaya,848363,India,Home
4411,3271,"01, Varghese Ganj",Chennai,Chhattisgarh,788223,India,Home
4412,3272,"58/623, Dhar Road",Ambattur,Uttarakhand,226410,India,Office
4413,3273,"H.No. 42, Ahluwalia Ganj",Eluru,Uttarakhand,577606,India,Office
4414,3274,"25/174, Mittal Ganj",Amravati,Andhra Pradesh,398893,India,Home
4415,3275,"169, Lal Marg",Bhiwani,Mizoram,268748,India,Office
4416,3276,"H.No. 176
Contractor Marg",Parbhani,Meghalaya,859766,India,Home
4417,3277,"92
Pillai Marg",South Dumdum,Nagaland,774694,India,Home
4418,3278,"H.No. 45, Raghavan Chowk",Durg,Jharkhand,820013,India,Home
4419,3278,"68/352
Brahmbhatt Circle",Shivpuri,Chhattisgarh,204653,India,Other
4420,3278,"170
Soman Path",Burhanpur,Uttar Pradesh,798300,India,Home
4421,3279,"03/043, Bava Ganj",Madhyamgram,Odisha,012153,India,Office
4422,3280,"884, Nigam Nagar",Sonipat,Andhra Pradesh,271810,India,Home
4423,3281,"198
Mane Path",Tinsukia,Arunachal Pradesh,676462,India,Home
4424,3282,"65/165, Deo Zila",Imphal,West Bengal,737042,India,Home
4425,3283,"H.No. 15, Keer Street",Bahraich,Uttar Pradesh,000985,India,Home
4426,3284,"H.No. 06
Jha",Fatehpur,Madhya Pradesh,381235,India,Home
4427,3285,"33/606
Ahluwalia Street",Kumbakonam,Maharashtra,207073,India,Home
4428,3285,"668
Khurana Nagar",Raebareli,Uttarakhand,607904,India,Home
4429,3286,"60/055
Khalsa",Ballia,Odisha,934499,India,Office
4430,3287,"61/590, Sarna Street",Erode,Rajasthan,255574,India,Home
4431,3288,"45/08, Barad",Yamunanagar,Andhra Pradesh,634091,India,Home
4432,3289,"H.No. 693
Korpal Zila",Kulti,Madhya Pradesh,452804,India,Home
4433,3290,"264, Loke Road",Sasaram,Bihar,494615,India,Home
4434,3290,"86/815, Chopra",Haridwar,Manipur,079491,India,Office
4435,3290,"90/608
Dewan Zila",Gandhidham,West Bengal,602982,India,Office
4436,3291,"H.No. 89, Bhavsar Chowk",Fatehpur,Arunachal Pradesh,759650,India,Home
4437,3292,"02/197, Sehgal",Avadi,Uttar Pradesh,048601,India,Home
4438,3293,"H.No. 61
Mukherjee Street",Bulandshahr,Chhattisgarh,695125,India,Home
4439,3294,"28, Gill Nagar",Moradabad,Uttar Pradesh,228474,India,Office
4440,3295,"78/51
Sami Ganj",Medininagar,Himachal Pradesh,446358,India,Home
4441,3296,"H.No. 272, Chander",Kota,Himachal Pradesh,121290,India,Home
4442,3297,"88/41
Hayre",Gulbarga,Madhya Pradesh,134946,India,Home
4443,3298,"81, Dutta Circle",Warangal,Bihar,852229,India,Home
4444,3299,"H.No. 142, Buch Ganj",Mirzapur,West Bengal,797049,India,Office
4445,3299,"H.No. 206, Murthy Nagar",Ballia,Karnataka,328451,India,Home
4446,3300,"93/87, Uppal Circle",Panihati,Assam,749148,India,Office
4447,3300,"42
Kalla Chowk",Chennai,Odisha,018870,India,Home
4448,3301,"98/329
Magar Street",Vijayawada,Bihar,280168,India,Home
4449,3302,"32, Cheema Circle",Ambarnath,Rajasthan,772188,India,Office
4450,3303,"65, Natt Nagar",Mirzapur,Kerala,400267,India,Office
4451,3303,"17, Shankar Street",Ratlam,Haryana,431611,India,Home
4452,3304,"81/42
Tripathi Zila",Gangtok,Goa,004492,India,Home
4453,3305,"46/89, Rattan Chowk",Vellore,Uttarakhand,118570,India,Other
4454,3306,"H.No. 092, Soman Nagar",Mango,Nagaland,655719,India,Home
4455,3307,"H.No. 72
Basak",Bilaspur,Assam,865176,India,Home
4456,3308,"37/272
Balakrishnan Path",Jhansi,Kerala,121510,India,Office
4457,3308,"99/12, Vyas",Darbhanga,Mizoram,131103,India,Office
4458,3309,"07/71
Chanda Nagar",Howrah,Sikkim,593879,India,Home
4459,3310,"63/84
Krish Path",Bally,West Bengal,819662,India,Home
4460,3311,"00/373, Hegde Marg",Hapur,Meghalaya,815180,India,Home
4461,3312,"83
Sane Ganj",Bulandshahr,Assam,464557,India,Home
4462,3313,"100
Roy Street",Karaikudi,Punjab,427571,India,Office
4463,3314,"91/25
Deep Path",Machilipatnam,Kerala,979447,India,Home
4464,3315,"H.No. 158
Sahni Marg",Gangtok,Uttarakhand,725452,India,Home
4465,3316,"24/023, Verma Nagar",Bhavnagar,Goa,397150,India,Home
4466,3317,"H.No. 239, D’Alia Road",Bikaner,Sikkim,094017,India,Home
4467,3318,"49/192
Jain Circle",Sagar,Odisha,110967,India,Office
4468,3319,"24/911, Kapoor Marg",Berhampore,Rajasthan,762974,India,Home
4469,3320,"93
Shenoy Nagar",Kochi,Tripura,821927,India,Home
4470,3321,"06/846, Goel Road",Shahjahanpur,Jharkhand,763587,India,Home
4471,3322,"H.No. 113, Mani Path",Satara,Nagaland,745644,India,Home
4472,3322,"H.No. 328, Prakash Zila",Solapur,Gujarat,823329,India,Home
4473,3322,"46/084, Sathe Marg",Visakhapatnam,Meghalaya,480187,India,Other
4474,3323,"H.No. 790
Kumar Circle",Imphal,Tamil Nadu,771152,India,Home
4475,3323,"H.No. 07
Sandal Ganj",Mathura,Goa,406322,India,Other
4476,3324,"28, Shan Zila",Vasai-Virar,Uttar Pradesh,307366,India,Other
4477,3325,"67/19, Sankar Chowk",Loni,Assam,266714,India,Home
4478,3326,"82, Patla Marg",Kalyan-Dombivli,Arunachal Pradesh,321271,India,Home
4479,3326,"H.No. 519, Bahl Chowk",Jamnagar,Manipur,167349,India,Home
4480,3326,"42/67, Sachdeva Circle",Sultan Pur Majra,Mizoram,054851,India,Home
4481,3327,"H.No. 612, Vala Marg",Kulti,Meghalaya,144987,India,Home
4482,3327,"H.No. 589
Tailor Street",Ulhasnagar,Sikkim,983399,India,Office
4483,3328,"79/36, Salvi Circle",Kozhikode,Bihar,112610,India,Home
4484,3329,"28/277, Purohit Path",Jhansi,Punjab,767326,India,Home
4485,3330,"667
Kakar Chowk",Chandigarh,Himachal Pradesh,352794,India,Home
4486,3331,"H.No. 07, Ravi Zila",Shivpuri,Madhya Pradesh,478486,India,Home
4487,3332,"56/413, Bajaj Zila",Rewa,Madhya Pradesh,297294,India,Home
4488,3332,"H.No. 356
Ben Nagar",Bhilwara,Uttar Pradesh,681065,India,Home
4489,3332,"03/632
Garg Marg",Fatehpur,Karnataka,543226,India,Office
4490,3333,"784, Gopal Marg",Pimpri-Chinchwad,Madhya Pradesh,759458,India,Home
4491,3334,"02/307
Bassi Zila",Gandhinagar,Jharkhand,067415,India,Home
4492,3334,"95
Mangat Street",Jorhat,Meghalaya,155075,India,Home
4493,3335,"44
Puri",Chapra,Goa,481964,India,Home
4494,3336,"H.No. 04, Rattan Ganj",Ramagundam,Telangana,191600,India,Home
4495,3337,"22/656, Dugar Chowk",Gandhinagar,Chhattisgarh,341781,India,Office
4496,3338,"08/96
Raja Path",Bihar Sharif,Maharashtra,119368,India,Office
4497,3339,"H.No. 74
Garde Zila",Danapur,Meghalaya,704447,India,Home
4498,3339,"69/41, Ben Ganj",Vadodara,Nagaland,862835,India,Home
4499,3340,"71/427
Kamdar Nagar",Hindupur,Assam,125953,India,Office
4500,3341,"241
Samra Street",Sambhal,Tamil Nadu,068566,India,Other
4501,3342,"02/88, Modi Path",Coimbatore,Uttarakhand,120150,India,Home
4502,3343,"15, Kumar Path",Madhyamgram,Tamil Nadu,141045,India,Office
4503,3344,"87/64, Tripathi Marg",Tadipatri,Andhra Pradesh,952605,India,Home
4504,3345,"85/464, Jaggi Zila",Ulhasnagar,Uttarakhand,122314,India,Office
4505,3346,"86/36
Thaman Marg",Akola,Punjab,548599,India,Home
4506,3347,"H.No. 26
Suresh Path",Howrah,Kerala,284432,India,Home
4507,3348,"81/160, Roy",Srikakulam,Sikkim,956136,India,Home
4508,3349,"H.No. 10, Jani Nagar",Rampur,Rajasthan,120969,India,Home
4509,3350,"H.No. 077
Sekhon Path",Mirzapur,Kerala,623947,India,Office
4510,3351,"H.No. 69
Manda Zila",Sirsa,Mizoram,909519,India,Home
4511,3352,"59/90, Puri Path",Thrissur,Uttarakhand,662510,India,Home
4512,3353,"H.No. 530, Sidhu Circle",Mathura,Haryana,246776,India,Home
4513,3354,"87/06
Chakraborty Road",Danapur,Arunachal Pradesh,072996,India,Office
4514,3355,"248
Panchal Path",Mau,West Bengal,034349,India,Home
4515,3355,"10, Kaul Nagar",Kumbakonam,Rajasthan,583349,India,Home
4516,3356,"747
Bhargava Path",Dhule,Madhya Pradesh,399286,India,Home
4517,3356,"93, Buch Road",Bharatpur,Chhattisgarh,641650,India,Home
4518,3357,"H.No. 33
Pai Nagar",Ghaziabad,Tripura,965148,India,Home
4519,3358,"82, Dhaliwal Chowk",Vellore,Tripura,930092,India,Home
4520,3359,"H.No. 11, Som Chowk",Arrah,Kerala,673174,India,Home
4521,3360,"H.No. 152, Dutt Zila",Ghaziabad,Haryana,099707,India,Office
4522,3361,"95/51, Chander Ganj",New Delhi,Rajasthan,886359,India,Other
4523,3362,"H.No. 230
Parekh Chowk",Hospet,Jharkhand,377096,India,Home
4524,3363,"256
Trivedi Ganj",Jabalpur,Maharashtra,312191,India,Home
4525,3364,"H.No. 23
Brar Circle",Bathinda,Uttarakhand,032741,India,Office
4526,3364,"H.No. 64
Dubey Street",Uluberia,Odisha,271920,India,Office
4527,3365,"H.No. 41
Memon Zila",Ujjain,Punjab,832845,India,Home
4528,3365,"12/91, Saraf Marg",Agartala,Tamil Nadu,098936,India,Home
4529,3366,"H.No. 172
Pillai Zila",Katihar,West Bengal,744000,India,Office
4530,3366,"H.No. 31
Datta Street",Erode,Jharkhand,327244,India,Office
4531,3367,"H.No. 389
Modi Ganj",Khandwa,Rajasthan,995232,India,Home
4532,3368,"774
Dugar Street",Mango,Assam,484351,India,Home
4533,3368,"H.No. 46
Ramakrishnan Street",North Dumdum,Karnataka,855588,India,Home
4534,3369,"91/89
Kannan Nagar",Chittoor,Manipur,499585,India,Home
4535,3370,"91/113, Walia Nagar",Ulhasnagar,Telangana,216176,India,Home
4536,3371,"H.No. 19, Jhaveri Chowk",Ludhiana,Chhattisgarh,312652,India,Home
4537,3372,"H.No. 074, Yohannan",Aurangabad,Andhra Pradesh,484043,India,Home
4538,3373,"H.No. 866, Narayanan Marg",Satna,West Bengal,936223,India,Home
4539,3374,"36/46, Palla",Tezpur,Sikkim,659205,India,Home
4540,3374,"88/50
Kala Chowk",Arrah,Manipur,629077,India,Office
4541,3375,"92, Grewal Path",Bikaner,Arunachal Pradesh,627250,India,Other
4542,3375,"H.No. 120
Mane Nagar",Fatehpur,Kerala,227248,India,Home
4543,3376,"93/17
Natt Circle",Dibrugarh,Uttarakhand,340538,India,Home
4544,3377,"67
Arora Chowk",Ongole,Rajasthan,796728,India,Home
4545,3378,"671, Krishna",Uluberia,Uttarakhand,123578,India,Office
4546,3379,"394, Shenoy",Hosur,Haryana,062629,India,Home
4547,3380,"36/441
Yohannan Road",Unnao,Manipur,599418,India,Home
4548,3381,"80, Vora Circle",Dharmavaram,Tripura,207964,India,Office
4549,3382,"81/755
Nayak Street",Ghaziabad,Assam,552500,India,Home
4550,3382,"H.No. 897, Soni Ganj",Dhanbad,Sikkim,787033,India,Home
4551,3383,"H.No. 583, Joshi Marg",Thiruvananthapuram,Tamil Nadu,858674,India,Home
4552,3384,"60/489, Verma Circle",New Delhi,Madhya Pradesh,817506,India,Office
4553,3385,"94/718, Varughese Circle",Pali,Sikkim,131914,India,Home
4554,3385,"67/30, Krishnan Chowk",Motihari,Telangana,386461,India,Home
4555,3386,"78/127, Kurian Chowk",Chittoor,Maharashtra,589882,India,Home
4556,3386,"16/27, Memon Nagar",Anantapuram,Rajasthan,856233,India,Home
4557,3387,"31/67, Batta Street",Noida,Manipur,470941,India,Home
4558,3388,"H.No. 307
Narang Road",Siliguri,Punjab,035920,India,Home
4559,3389,"08
Deep Ganj",Vijayanagaram,Haryana,307837,India,Home
4560,3390,"64/294, Chaudhuri Marg",Nagercoil,Rajasthan,981233,India,Other
4561,3391,"60/308, Goyal",Sambhal,Haryana,140215,India,Home
4562,3391,"H.No. 804, Dyal Nagar",Haridwar,Assam,781289,India,Office
4563,3392,"234, Kunda Path",Ulhasnagar,Tripura,177816,India,Office
4564,3393,"H.No. 427, Patil Marg",Sonipat,Manipur,762141,India,Home
4565,3394,"502
Mander Zila",Gwalior,Andhra Pradesh,114106,India,Home
4566,3394,"H.No. 58
Ahuja Street",Chapra,Himachal Pradesh,244516,India,Home
4567,3395,"46/53, Agate Chowk",Bellary,Telangana,983232,India,Office
4568,3396,"67/709, Prabhakar Circle",Bihar Sharif,Chhattisgarh,170135,India,Home
4569,3397,"21/555, Lalla Street",Mumbai,Tripura,130161,India,Home
4570,3397,"H.No. 11, Bhatti Street",Kharagpur,Bihar,906102,India,Home
4571,3397,"46
Singh",Sasaram,Andhra Pradesh,493163,India,Home
4572,3398,"48/355, Muni Chowk",Hosur,Karnataka,471771,India,Office
4573,3399,"H.No. 64
Puri Circle",Noida,Chhattisgarh,469631,India,Home
4574,3399,"H.No. 89, Salvi",Dharmavaram,Punjab,263430,India,Home
4575,3400,"20, Vala Road",Chandrapur,Andhra Pradesh,521738,India,Home
4576,3400,"H.No. 189, Khare Chowk",South Dumdum,Jharkhand,152589,India,Home
4577,3401,"39
Gupta Nagar",Munger,Odisha,281885,India,Office
4578,3401,"H.No. 734
Butala Ganj",Jamalpur,Kerala,346986,India,Home
4579,3402,"H.No. 89
Bhat Chowk",Ozhukarai,Tamil Nadu,227095,India,Other
4580,3403,"72
Batta Nagar",Muzaffarpur,Maharashtra,896435,India,Home
4581,3403,"20/18, Suresh Chowk",Bidhannagar,Tamil Nadu,294411,India,Home
4582,3404,"091
Tak Street",Raiganj,Gujarat,620627,India,Home
4583,3405,"H.No. 47, Sanghvi Nagar",Bhilwara,Kerala,716239,India,Home
4584,3406,"H.No. 26, Patla Path",Raiganj,Karnataka,681120,India,Home
4585,3407,"H.No. 65, Pal Path",Nashik,Telangana,074393,India,Home
4586,3407,"707
Kala Path",Nagercoil,Punjab,423844,India,Home
4587,3408,"289, Chatterjee Nagar",Rajkot,Arunachal Pradesh,378118,India,Home
4588,3408,"93/83
Oza",Jhansi,Himachal Pradesh,712840,India,Office
4589,3409,"40/58, Shetty Circle",Chandrapur,West Bengal,931873,India,Home
4590,3410,"351, Narasimhan",Tadepalligudem,Maharashtra,334405,India,Office
4591,3411,"98/33, Kade Ganj",Saharsa,Meghalaya,358058,India,Office
4592,3412,"98/95, Thakur",Ichalkaranji,Mizoram,595155,India,Home
4593,3413,"46
Deol Road",Surendranagar Dudhrej,Gujarat,063647,India,Office
4594,3414,"H.No. 87, Memon Nagar",Bettiah,Rajasthan,489192,India,Home
4595,3415,"47/633
Suresh Chowk",Sasaram,Andhra Pradesh,701303,India,Home
4596,3416,"04
Chopra",Kumbakonam,Punjab,057973,India,Home
4597,3417,"H.No. 802, Boase Chowk",Bhusawal,Goa,557841,India,Home
4598,3418,"222, Dada Zila",Guna,Mizoram,918660,India,Home
4599,3419,"H.No. 941
Nagy",Kozhikode,Tripura,168584,India,Home
4600,3419,"36/981
Palla Nagar",Tirupati,Andhra Pradesh,347492,India,Home
4601,3420,"H.No. 810, Kata Chowk",Raichur,Madhya Pradesh,139072,India,Home
4602,3420,"45
Kar Ganj",Mira-Bhayandar,Karnataka,780271,India,Home
4603,3420,"273
Edwin Chowk",Haridwar,Gujarat,171681,India,Home
4604,3421,"35/81, Tripathi Chowk",Bhopal,Tripura,245035,India,Other
4605,3422,"83/542
Dada Zila",Sonipat,Meghalaya,144400,India,Office
4606,3422,"99
Mitter Chowk",Gwalior,Karnataka,279110,India,Home
4607,3423,"H.No. 65
Baria Path",Uluberia,Tripura,020068,India,Home
4608,3424,"H.No. 23
Bedi Street",Bhavnagar,Uttarakhand,422470,India,Office
4609,3425,"848
Bava Path",Kollam,Madhya Pradesh,245089,India,Office
4610,3425,"008, Savant Path",Ulhasnagar,Assam,269446,India,Office
4611,3425,"102
D’Alia",Indore,Odisha,658357,India,Home
4612,3426,"78/620, Gera Circle",Adoni,Odisha,934832,India,Home
4613,3427,"07/42
Thakkar Marg",Jamshedpur,Manipur,017754,India,Home
4614,3428,"H.No. 03
Sahota Zila",Secunderabad,Manipur,664096,India,Home
4615,3429,"H.No. 200, Bail Ganj",Hindupur,Manipur,476595,India,Home
4616,3430,"H.No. 08
Tella Circle",Hyderabad,Gujarat,219304,India,Home
4617,3430,"08/48, Reddy Street",Anantapuram,Maharashtra,087384,India,Home
4618,3431,"215, Kashyap Marg",Davanagere,Punjab,682523,India,Home
4619,3431,"H.No. 47, Kadakia Road",Medininagar,Punjab,575538,India,Home
4620,3432,"H.No. 06, Krishnan Path",Maheshtala,Uttar Pradesh,744329,India,Home
4621,3432,"20/22
Dasgupta Street",Noida,Sikkim,032288,India,Home
4622,3433,"H.No. 260
Pandey Nagar",Ghaziabad,Maharashtra,084106,India,Home
4623,3434,"75
Dewan Ganj",Jamalpur,Madhya Pradesh,773642,India,Home
4624,3435,"85, Dyal Chowk",Kottayam,Telangana,436917,India,Other
4625,3435,"380
Sarin Circle",Amaravati,Assam,981745,India,Office
4626,3435,"27/537
Bajwa Nagar",Bhubaneswar,Arunachal Pradesh,336286,India,Home
4627,3436,"H.No. 169
Swaminathan Street",Dhanbad,Haryana,136490,India,Home
4628,3437,"57, Sampath Zila",Siliguri,Odisha,190101,India,Home
4629,3437,"H.No. 40
Sundaram Path",Baranagar,Mizoram,038171,India,Home
4630,3438,"H.No. 74
Bains",Pudukkottai,Goa,285337,India,Home
4631,3439,"23, Narayanan Nagar",Rewa,Chhattisgarh,726693,India,Home
4632,3440,"58/52, Verma Zila",Ajmer,Kerala,956394,India,Office
4633,3441,"H.No. 22
Jani Road",Bhimavaram,Arunachal Pradesh,426926,India,Other
4634,3441,"H.No. 44, Kade Circle",Chandrapur,Bihar,545896,India,Office
4635,3442,"H.No. 937, Gara Chowk",Panchkula,Karnataka,680734,India,Home
4636,3442,"71/071
Varghese Chowk",Alappuzha,Kerala,026472,India,Home
4637,3443,"146, Dube Road",Saharanpur,Andhra Pradesh,657966,India,Home
4638,3444,"H.No. 81
Mistry Ganj",Sagar,Tamil Nadu,776236,India,Home
4639,3445,"37
Sane Circle",South Dumdum,Andhra Pradesh,597767,India,Home
4640,3445,"H.No. 495
Randhawa Nagar",Karnal,Uttarakhand,911556,India,Home
4641,3446,"927
Dash Circle",Machilipatnam,Chhattisgarh,804677,India,Home
4642,3446,"839, Bhagat Path",Madhyamgram,Nagaland,263141,India,Home
4643,3447,"H.No. 03, Seshadri",Jodhpur,Jharkhand,201190,India,Office
4644,3448,"73
Nagar Marg",Noida,Manipur,761155,India,Home
4645,3449,"73/84
Aggarwal Nagar",Aurangabad,Uttarakhand,521240,India,Home
4646,3450,"67
Radhakrishnan Circle",Srikakulam,Nagaland,645338,India,Home
4647,3451,"33, Bath Zila",Barasat,Manipur,031077,India,Home
4648,3451,"533
Rout",Vijayawada,Himachal Pradesh,127579,India,Home
4649,3452,"720, Hegde",Ujjain,Kerala,209875,India,Home
4650,3453,"H.No. 67
Anne Nagar",Fatehpur,Kerala,012808,India,Office
4651,3454,"H.No. 341
Ramanathan Zila",Siwan,Maharashtra,010830,India,Office
4652,3454,"H.No. 35, Sen Street",Ranchi,Uttar Pradesh,608863,India,Home
4653,3455,"H.No. 962
Muni Circle",Khora ,Himachal Pradesh,746905,India,Home
4654,3456,"23/21
Hora Circle",Ongole,Maharashtra,389335,India,Home
4655,3456,"419
Butala Path",Miryalaguda,Madhya Pradesh,189278,India,Home
4656,3457,"85/68
Rajagopalan Chowk",Panihati,Manipur,688085,India,Home
4657,3458,"52
Raj Zila",Avadi,Mizoram,864801,India,Home
4658,3459,"H.No. 11, Mane Circle",Gandhinagar,Jharkhand,022058,India,Office
4659,3459,"H.No. 95, Virk Chowk",Katihar,Haryana,262738,India,Office
4660,3460,"60, Shah Marg",Sikar,Chhattisgarh,091792,India,Home
4661,3461,"H.No. 198
Nanda Nagar",Allahabad,Uttar Pradesh,993232,India,Home
4662,3462,"73, Oak Marg",Nashik,Assam,311120,India,Home
4663,3462,"22, Ramesh Zila",Jabalpur,Meghalaya,199389,India,Home
4664,3463,"73/340, Nayak",Sambalpur,Karnataka,692326,India,Office
4665,3464,"429
Samra",Rajahmundry,Odisha,742663,India,Home
4666,3464,"91/22, Bala Circle",Udaipur,Uttarakhand,706093,India,Home
4667,3465,"H.No. 17, Kothari Ganj",Gorakhpur,Goa,933818,India,Home
4668,3466,"H.No. 49
Panchal Chowk",Naihati,Goa,858972,India,Office
4669,3466,"H.No. 671
Dhar Ganj",Muzaffarnagar,Manipur,903134,India,Home
4670,3467,"H.No. 43
Anne",Ozhukarai,Sikkim,395833,India,Home
4671,3468,"65/090, Ghosh Zila",Dibrugarh,Jharkhand,645903,India,Other
4672,3468,"H.No. 679, Bir",Anantapuram,Maharashtra,606561,India,Home
4673,3469,"H.No. 747, Sachar Street",Bokaro,Gujarat,068877,India,Home
4674,3470,"53, Sahni Circle",Jamalpur,Punjab,073421,India,Office
4675,3471,"89/316, Tiwari",Kollam,Telangana,995342,India,Home
4676,3471,"H.No. 66, Bajaj Circle",Rajahmundry,Kerala,675652,India,Home
4677,3471,"H.No. 30, Ranganathan Ganj",Bangalore,Uttarakhand,460510,India,Home
4678,3472,"H.No. 995, Batra Nagar",Gulbarga,Madhya Pradesh,627167,India,Home
4679,3472,"059
Nath Ganj",Vijayawada,Kerala,239742,India,Home
4680,3473,"42
Zachariah Path",Amaravati,Tamil Nadu,974651,India,Home
4681,3474,"56
Choudhary Ganj",Ludhiana,Uttar Pradesh,288894,India,Home
4682,3475,"94/17
Sani Street",Raurkela Industrial Township,Chhattisgarh,808231,India,Office
4683,3476,"025
Baral Street",Cuttack,Tripura,426980,India,Home
4684,3476,"25/34
Tandon Marg",Dharmavaram,Odisha,850616,India,Home
4685,3477,"121, Wable Chowk",Raebareli,Rajasthan,666987,India,Home
4686,3478,"233
Mani Circle",Bijapur,Madhya Pradesh,179549,India,Office
4687,3479,"71/170
Kunda Road",Madurai,Kerala,614518,India,Home
4688,3479,"H.No. 321, Choudhary Circle",Bhalswa Jahangir Pur,Uttar Pradesh,491561,India,Home
4689,3480,"H.No. 726, Shukla Nagar",Anand,Sikkim,164064,India,Home
4690,3480,"H.No. 584, Palan Road",Guntur,Mizoram,729428,India,Other
4691,3480,"H.No. 664, Soni",Gopalpur,Mizoram,259574,India,Home
4692,3481,"13/37
Issac Path",Rohtak,Kerala,388187,India,Office
4693,3482,"94, Sarna Marg",Bhiwani,Nagaland,924768,India,Home
4694,3483,"25, Savant Chowk",Srinagar,Gujarat,546367,India,Other
4695,3484,"136
Sant Nagar",Tadepalligudem,Jharkhand,472724,India,Office
4696,3485,"H.No. 76
Warrior",Satara,Assam,948933,India,Home
4697,3486,"39, Sankar",Jabalpur,Jharkhand,715997,India,Home
4698,3486,"19/445
Patla",Vijayawada,Himachal Pradesh,977418,India,Home
4699,3487,"H.No. 264
Nanda Nagar",Mirzapur,Chhattisgarh,227697,India,Home
4700,3487,"05/721, Sankar Circle",Naihati,Uttarakhand,261691,India,Home
4701,3488,"H.No. 99
Mall Ganj",Ujjain,Goa,918055,India,Other
4702,3489,"00
Wadhwa Marg",Patiala,Uttar Pradesh,296205,India,Office
4703,3490,"33/640
Sethi",Siliguri,Tripura,712882,India,Home
4704,3490,"109
Shah Marg",Dindigul,Jharkhand,774881,India,Home
4705,3490,"20/43
Venkataraman Street",Bhavnagar,Manipur,317742,India,Home
4706,3491,"94/37
Singhal Circle",Gopalpur,Chhattisgarh,581406,India,Office
4707,3491,"H.No. 580
Pingle",Moradabad,Maharashtra,705948,India,Home
4708,3491,"H.No. 34
Subramanian Nagar",Bokaro,Nagaland,568893,India,Home
4709,3492,"817, Banik Zila",Asansol,Uttarakhand,940334,India,Home
4710,3493,"59
Kakar Ganj",Mango,Tripura,588454,India,Office
4711,3494,"86/781, Thakur Ganj",Ahmednagar,Tamil Nadu,196764,India,Home
4712,3495,"H.No. 83
Parekh Ganj",Nadiad,Haryana,822706,India,Home
4713,3495,"77
Bali Ganj",Bokaro,Odisha,077023,India,Office
4714,3496,"10/46
Ram Ganj",Ajmer,Telangana,154612,India,Home
4715,3496,"H.No. 91, Gopal Street",Amroha,Gujarat,941949,India,Home
4716,3497,"65/118, Thaman Path",Belgaum,Andhra Pradesh,315218,India,Home
4717,3498,"61/24, Dubey",Gorakhpur,Nagaland,359730,India,Home
4718,3499,"57, Subramanian Street",Saharsa,Arunachal Pradesh,658456,India,Home
4719,3500,"454, Parsa Nagar",Bhiwani,Andhra Pradesh,568154,India,Home
4720,3500,"85/21, Sodhi Chowk",Buxar,Maharashtra,292346,India,Home
4721,3501,"H.No. 844
Borde Marg",Jhansi,Chhattisgarh,430766,India,Home
4722,3501,"40/018
Shetty Road",Kharagpur,Odisha,359607,India,Home
4723,3502,"408, Soman Road",Secunderabad,Tamil Nadu,056224,India,Home
4724,3502,"H.No. 803
Wable Circle",Ramagundam,Rajasthan,710458,India,Other
4725,3502,"09, Banik Marg",Malda,Karnataka,797522,India,Home
4726,3503,"80, Rout Marg",Raiganj,Uttarakhand,818930,India,Office
4727,3503,"36, Magar Circle",Khandwa,Haryana,618913,India,Home
4728,3504,"H.No. 96
Shankar Path",Kirari Suleman Nagar,Chhattisgarh,818414,India,Home
4729,3504,"23
Bansal Circle",Singrauli,Uttarakhand,094618,India,Home
4730,3504,"71
Mallick Marg",Kadapa,Bihar,604991,India,Other
4731,3505,"36/32, Venkataraman Street",Rourkela,Punjab,980134,India,Home
4732,3506,"096
Konda Chowk",Munger,Meghalaya,196537,India,Home
4733,3506,"03
Ghose",Barasat,Punjab,438397,India,Home
4734,3506,"H.No. 530
Handa Circle",Gandhinagar,Tripura,146715,India,Home
4735,3507,"H.No. 888, Gour Circle",Faridabad,Haryana,248913,India,Home
4736,3508,"H.No. 437
Padmanabhan Road",Sultan Pur Majra,Rajasthan,639408,India,Other
4737,3509,"27/58, Verma Road",Unnao,Manipur,947922,India,Home
4738,3510,"01/924
Sheth Marg",Pudukkottai,Karnataka,963371,India,Office
4739,3511,"35/17, Shah Nagar",Erode,Karnataka,817037,India,Office
4740,3512,"H.No. 352
Dua Road",Haldia,Odisha,538455,India,Home
4741,3512,"724
Sarma Road",Panihati,Uttar Pradesh,920148,India,Home
4742,3513,"23/79, Peri Street",Deoghar,Maharashtra,066011,India,Home
4743,3514,"H.No. 58
Pandya Marg",Jodhpur,Kerala,355581,India,Home
4744,3515,"06/605, Sule Marg",Gaya,Rajasthan,360084,India,Home
4745,3516,"00/63, Kaur",Bettiah,Chhattisgarh,691099,India,Home
4746,3517,"87/219
Rajagopal Zila",Chennai,Tamil Nadu,651680,India,Home
4747,3518,"H.No. 72, Narain Zila",Bathinda,Meghalaya,093587,India,Home
4748,3519,"02, Ben Nagar",Khammam,Sikkim,018789,India,Home
4749,3519,"H.No. 529, Lall",Kamarhati,Chhattisgarh,543349,India,Home
4750,3520,"32/124, Amble Ganj",Bathinda,Mizoram,303613,India,Home
4751,3521,"769, Kumer Nagar",Firozabad,Jharkhand,309811,India,Home
4752,3522,"78/087, Rai Marg",Dehri,Jharkhand,334335,India,Office
4753,3523,"43/70
Borah Zila",Davanagere,Gujarat,136375,India,Home
4754,3523,"05, Kannan Nagar",Dindigul,Bihar,637845,India,Office
4755,3524,"36/253
Konda Nagar",Cuttack,Uttar Pradesh,027322,India,Home
4756,3525,"92/72
Shetty Circle",Bikaner,Goa,009751,India,Office
4757,3526,"H.No. 293, Lalla",Ramgarh,Tripura,567895,India,Home
4758,3527,"H.No. 59
Chand Circle",Rajkot,Gujarat,329284,India,Home
4759,3528,"213
Master Circle",Bellary,Chhattisgarh,330004,India,Home
4760,3528,"56/03, Dayal Nagar",Mumbai,Odisha,872020,India,Office
4761,3529,"H.No. 20
Gera Nagar",Raurkela Industrial Township,Madhya Pradesh,186062,India,Office
4762,3529,"14/387, Mitra Road",Kumbakonam,West Bengal,053596,India,Home
4763,3529,"63, Banerjee Nagar",Eluru,Tripura,252739,India,Home
4764,3530,"74
Chakrabarti Circle",Adoni,Bihar,203756,India,Home
4765,3531,"H.No. 431
Balakrishnan Road",Noida,Odisha,842953,India,Home
4766,3531,"71/894, Wason Street",Ahmedabad,Uttar Pradesh,638028,India,Home
4767,3532,"120
Mangat Nagar",Sambhal,Himachal Pradesh,155964,India,Home
4768,3533,"H.No. 321
Sheth Circle",Mathura,Punjab,088884,India,Office
4769,3534,"594, Deshmukh Nagar",Bulandshahr,Odisha,681356,India,Other
4770,3535,"62/244, Gour Marg",Thoothukudi,Kerala,157723,India,Home
4771,3536,"51/727
Minhas Road",Hindupur,Sikkim,705994,India,Home
4772,3537,"17
Murty Ganj",Rewa,Arunachal Pradesh,844706,India,Home
4773,3537,"H.No. 09
Dugar Zila",Ludhiana,Chhattisgarh,007110,India,Home
4774,3538,"H.No. 80
Hayer Street",Raurkela Industrial Township,Sikkim,998008,India,Home
4775,3538,"H.No. 84, Mukhopadhyay Circle",Ozhukarai,Himachal Pradesh,124229,India,Office
4776,3539,"H.No. 691
Golla Ganj",Bhalswa Jahangir Pur,Tamil Nadu,952186,India,Home
4777,3540,"82
Ray Ganj",North Dumdum,Maharashtra,659486,India,Home
4778,3541,"87, Palla Circle",Giridih,Telangana,118972,India,Other
4779,3542,"81/870
Issac Marg",Morena,Rajasthan,472673,India,Home
4780,3543,"81, Saha Ganj",Naihati,Sikkim,640762,India,Home
4781,3544,"28/207, Nagy Road",Bokaro,Telangana,132459,India,Home
4782,3544,"23/141, Gara Road",Etawah,Mizoram,545143,India,Home
4783,3545,"825
Bhalla Nagar",Mahbubnagar,Tripura,051034,India,Office
4784,3546,"H.No. 94, Devan",Ichalkaranji,Odisha,283527,India,Home
4785,3546,"07, Borde Chowk",Ghaziabad,Uttarakhand,642369,India,Home
4786,3546,"03, Muni Street",South Dumdum,Haryana,177921,India,Home
4787,3547,"00, Gaba Path",Satara,West Bengal,090127,India,Home
4788,3548,"20, Yogi",Pune,Goa,094315,India,Home
4789,3549,"H.No. 199, Das Chowk",Nagaon,Uttarakhand,256156,India,Office
4790,3550,"88, Mahajan Marg",Sonipat,Rajasthan,456960,India,Home
4791,3551,"853
Sura Marg",Mahbubnagar,Goa,871136,India,Home
4792,3552,"H.No. 43, Kaul Zila",Kochi,Assam,706454,India,Home
4793,3553,"39/90
Som Road",Surat,Haryana,337991,India,Home
4794,3554,"H.No. 850
Shere Street",Bahraich,Arunachal Pradesh,440930,India,Home
4795,3554,"76
Mannan Zila",Yamunanagar,Odisha,600542,India,Home
4796,3554,"574
Thakur Nagar",Aligarh,Manipur,444138,India,Home
4797,3555,"H.No. 82, Panchal Ganj",Ulhasnagar,Madhya Pradesh,733806,India,Office
4798,3556,"79, Vala",Ichalkaranji,West Bengal,810063,India,Home
4799,3557,"H.No. 595, Shenoy Nagar",Amravati,Himachal Pradesh,486871,India,Other
4800,3558,"07/33
Dhingra Circle",Howrah,Punjab,009114,India,Home
4801,3559,"H.No. 685, Vaidya Nagar",Surendranagar Dudhrej,Punjab,983646,India,Home
4802,3560,"61/096, Kant Nagar",Saharsa,Telangana,238223,India,Home
4803,3561,"755
Deshpande Chowk",Agra,Karnataka,501887,India,Home
4804,3562,"H.No. 696, Sastry Path",Machilipatnam,Meghalaya,887130,India,Home
4805,3563,"39/72
Baral Nagar",Khandwa,Gujarat,956898,India,Home
4806,3564,"H.No. 74
Kibe Circle",Kirari Suleman Nagar,West Bengal,619750,India,Home
4807,3564,"814, Kurian Nagar",Proddatur,Nagaland,153150,India,Home
4808,3565,"H.No. 83, Gupta Path",Hosur,Karnataka,255614,India,Other
4809,3566,"78/437, Bala Marg",Nagaon,Telangana,257981,India,Home
4810,3567,"53/52
Ray Road",Purnia,Arunachal Pradesh,259904,India,Home
4811,3567,"H.No. 939, Upadhyay Path",Danapur,Telangana,324457,India,Home
4812,3568,"425
Pant",Sangli-Miraj & Kupwad,Chhattisgarh,952938,India,Office
4813,3569,"H.No. 062, Raj Circle",Bhavnagar,Bihar,073590,India,Home
4814,3570,"257, Modi Nagar",Guwahati,Uttar Pradesh,822430,India,Office
4815,3570,"H.No. 95, Vig Circle",Anantapur,Manipur,939742,India,Home
4816,3571,"H.No. 855
Deshmukh Nagar",Sangli-Miraj & Kupwad,Tripura,991435,India,Office
4817,3572,"59/56, Dara",Nanded,Andhra Pradesh,036798,India,Office
4818,3573,"36, Bava Ganj",Hapur,Rajasthan,773748,India,Home
4819,3574,"H.No. 844, Talwar Circle",Raurkela Industrial Township,Chhattisgarh,844090,India,Other
4820,3574,"558, Uppal Chowk",North Dumdum,West Bengal,313022,India,Home
4821,3575,"735, Basak Road",Muzaffarpur,Gujarat,016478,India,Office
4822,3576,"06/093
Tata Ganj",Udupi,Nagaland,585102,India,Home
4823,3577,"46/548, Jha Zila",Rourkela,West Bengal,615250,India,Home
4824,3578,"17/79, Sathe Circle",Jaipur,West Bengal,700622,India,Home
4825,3579,"H.No. 177
Brahmbhatt Path",Ichalkaranji,Uttar Pradesh,923936,India,Home
4826,3580,"44/707, Saini Nagar",Faridabad,Telangana,796527,India,Home
4827,3581,"83/11, Nanda Street",Kolhapur,Uttarakhand,898701,India,Home
4828,3581,"444
Bobal Path",Narasaraopet,Maharashtra,370340,India,Home
4829,3581,"78/53
Nadkarni Zila",Kolhapur,Rajasthan,439391,India,Home
4830,3582,"65/459, Zacharia Road",Bulandshahr,Chhattisgarh,952795,India,Home
4831,3582,"H.No. 725
Gupta Nagar",Muzaffarnagar,Uttar Pradesh,206822,India,Other
4832,3583,"H.No. 38, Nayar Road",Miryalaguda,Bihar,497857,India,Home
4833,3583,"326
Chada Marg",Bhagalpur,Nagaland,118620,India,Home
4834,3584,"H.No. 255
Kibe Zila",Phusro,Tripura,294264,India,Office
4835,3585,"07
Kamdar Nagar",Naihati,Madhya Pradesh,155527,India,Office
4836,3585,"169
Parikh Zila",Raichur,Uttarakhand,190454,India,Home
4837,3586,"54, Vora Chowk",Narasaraopet,Chhattisgarh,098866,India,Office
4838,3586,"H.No. 187
Arya Nagar",Agartala,Punjab,061802,India,Home
4839,3587,"155, Shetty Marg",Ratlam,Goa,635924,India,Home
4840,3588,"H.No. 50
Saraf Chowk",Farrukhabad,Manipur,559398,India,Home
4841,3589,"51
Deol Road",Orai,Andhra Pradesh,422120,India,Home
4842,3589,"36, Apte Nagar",Barasat,Karnataka,323291,India,Home
4843,3590,"041
Kala Chowk",Muzaffarnagar,Mizoram,307184,India,Home
4844,3590,"09
Kohli Nagar",Bhubaneswar,Rajasthan,903331,India,Home
4845,3591,"36/05, Divan Chowk",Hospet,Gujarat,156762,India,Other
4846,3591,"65/82, Kaur Marg",Jalandhar,Tamil Nadu,180303,India,Home
4847,3592,"42/63
Amble Road",Durg,Tripura,551569,India,Home
4848,3593,"299, Bhavsar Zila",Guna,Rajasthan,919177,India,Home
4849,3594,"H.No. 982, Sheth Chowk",Sirsa,Odisha,678587,India,Office
4850,3594,"12
Seshadri Zila",Ichalkaranji,Telangana,415657,India,Home
4851,3594,"759
Gour Circle",Katihar,Assam,281801,India,Home
4852,3595,"55/84, Nadig Road",Maheshtala,Karnataka,640714,India,Office
4853,3596,"104, Prabhu Marg",Panchkula,Jharkhand,456454,India,Home
4854,3596,"H.No. 290, Wable Ganj",Bhusawal,Karnataka,294729,India,Home
4855,3597,"33, Bali Chowk",Khora ,Kerala,139122,India,Home
4856,3597,"61, Kumar Path",Sri Ganganagar,Tamil Nadu,187422,India,Home
4857,3598,"H.No. 858, Chahal Ganj",Tirunelveli,Punjab,570340,India,Office
4858,3598,"H.No. 814
Pingle Circle",Berhampur,Madhya Pradesh,748187,India,Office
4859,3598,"H.No. 785, Srinivas Street",Ramagundam,Goa,685192,India,Home
4860,3599,"H.No. 758
Dixit Marg",Anantapuram,Goa,039161,India,Home
4861,3600,"811, Chaudhuri Zila",Visakhapatnam,Jharkhand,478737,India,Home
4862,3600,"05/21
Aggarwal Chowk",Ranchi,Meghalaya,970163,India,Office
4863,3600,"29, Varkey Path",Faridabad,Uttarakhand,719676,India,Home
4864,3601,"41/660
Lata Marg",Jamalpur,Sikkim,442450,India,Home
4865,3602,"98/864
Kapadia Path",Karaikudi,Telangana,512652,India,Home
4866,3602,"67
Chopra Ganj",Arrah,Goa,417832,India,Other
4867,3603,"H.No. 268, Sachar Zila",Nagpur,West Bengal,345856,India,Home
4868,3604,"10
Pillai Road",Dibrugarh,Uttarakhand,634242,India,Home
4869,3605,"H.No. 92, Venkatesh Circle",Hyderabad,Andhra Pradesh,251362,India,Home
4870,3605,"586
Toor Zila",Navi Mumbai,Assam,084874,India,Home
4871,3606,"15, Sibal Road",Tirunelveli,Assam,275733,India,Home
4872,3606,"H.No. 061, Kapoor Zila",Begusarai,Punjab,297480,India,Home
4873,3607,"33/523, Varty Path",Dindigul,Punjab,383846,India,Home
4874,3608,"49, Ramaswamy Zila",Ratlam,Karnataka,613960,India,Home
4875,3608,"51
Mannan Nagar",Agartala,Uttar Pradesh,584658,India,Home
4876,3609,"357, Sem Zila",Motihari,Uttar Pradesh,384994,India,Office
4877,3610,"47/72, Sethi Chowk",Sasaram,Andhra Pradesh,771400,India,Office
4878,3611,"40
Tank Circle",Bhalswa Jahangir Pur,Haryana,188575,India,Home
4879,3612,"H.No. 52, Ramakrishnan Zila",Dehradun,Rajasthan,118082,India,Home
4880,3613,"H.No. 85
Chacko Street",Durgapur,Bihar,946333,India,Home
4881,3614,"79/842, Salvi Chowk",Salem,Manipur,069053,India,Home
4882,3615,"01, Keer",Ambattur,Punjab,514364,India,Office
4883,3616,"969
Pai Nagar",Mau,Goa,909267,India,Home
4884,3617,"584, Merchant Nagar",Vijayanagaram,Uttar Pradesh,830735,India,Home
4885,3618,"00
Sharma Chowk",Allahabad,Rajasthan,685644,India,Home
4886,3619,"H.No. 59, Koshy Ganj",Katihar,Mizoram,954680,India,Home
4887,3620,"209, Sami Chowk",Pali,Kerala,175959,India,Home
4888,3621,"742
Kata Ganj",Bhilai,Uttarakhand,834370,India,Home
4889,3622,"52, Saha Marg",Morena,Kerala,916913,India,Home
4890,3623,"89
Keer Ganj",Karawal Nagar,Madhya Pradesh,163984,India,Home
4891,3624,"H.No. 722, Dalal Path",Anantapur,Meghalaya,815324,India,Home
4892,3624,"06/398
Viswanathan Zila",Hajipur,Karnataka,420609,India,Home
4893,3625,"60/07, Kuruvilla Circle",Sonipat,Tripura,617723,India,Home
4894,3625,"H.No. 751, Khatri Zila",Karaikudi,Tripura,579681,India,Home
4895,3626,"202, Lad Street",Navi Mumbai,Meghalaya,281595,India,Home
4896,3627,"124
Suresh Marg",Bangalore,Tamil Nadu,940437,India,Home
4897,3627,"H.No. 11, Prasad",Rajahmundry,Maharashtra,634051,India,Home
4898,3628,"H.No. 057, Kaul Street",Tiruppur,Goa,918233,India,Home
4899,3629,"71, Devan Marg",Jamalpur,Assam,548144,India,Office
4900,3629,"33/521, Ravi Path",Ajmer,Gujarat,474687,India,Home
4901,3630,"18, Pandya Path",Berhampur,Manipur,359797,India,Home
4902,3631,"78/41, Vala Chowk",Chittoor,Punjab,936939,India,Home
4903,3632,"99/572
Deep Nagar",Tiruppur,Karnataka,104811,India,Home
4904,3633,"81
Walla Ganj",Latur,Assam,863492,India,Home
4905,3633,"H.No. 24, Hegde",Gorakhpur,Arunachal Pradesh,176285,India,Home
4906,3634,"H.No. 301, Mahal Marg",Shimoga,Andhra Pradesh,976211,India,Office
4907,3634,"90, Konda Road",Moradabad,Jharkhand,199120,India,Home
4908,3635,"441
Mutti Circle",Coimbatore,Sikkim,641509,India,Office
4909,3635,"56
Chadha Circle",Berhampur,Himachal Pradesh,153293,India,Home
4910,3636,"H.No. 93, Desai",Sangli-Miraj & Kupwad,Gujarat,963472,India,Home
4911,3637,"471
Kaur",Bidar,Karnataka,773087,India,Home
4912,3638,"40/364, Baria Circle",Dehradun,Sikkim,406467,India,Office
4913,3639,"H.No. 17
Sule Street",Satara,Tripura,291236,India,Home
4914,3640,"56/441
Hayre Road",Ludhiana,Assam,903824,India,Other
4915,3641,"092, Tripathi Street",Tirupati,Gujarat,445663,India,Home
4916,3641,"06/69, Bera Path",Pudukkottai,Himachal Pradesh,664465,India,Home
4917,3642,"H.No. 71, Doshi Chowk",Dhanbad,Andhra Pradesh,883492,India,Office
4918,3643,"H.No. 55
Soman Nagar",Tirunelveli,Uttarakhand,803794,India,Home
4919,3644,"H.No. 001
Narasimhan Nagar",Bettiah,Odisha,790364,India,Home
4920,3645,"H.No. 42
Contractor Street",Ballia,Maharashtra,869797,India,Office
4921,3645,"H.No. 85, Sankaran",Karimnagar,Meghalaya,231526,India,Other
4922,3646,"H.No. 79, Biswas Road",Berhampore,Karnataka,001544,India,Office
4923,3647,"H.No. 12
Prabhu Road",Noida,Meghalaya,800203,India,Home
4924,3648,"70/78, Rajagopalan",Nangloi Jat,Mizoram,225091,India,Home
4925,3648,"57/322
Gour Street",Bhavnagar,Madhya Pradesh,175426,India,Home
4926,3649,"099, Deshpande Zila",Jalgaon,Gujarat,839061,India,Other
4927,3650,"H.No. 67
Sarma Street",Nangloi Jat,Gujarat,239484,India,Home
4928,3651,"71/467
Jha Ganj",Jamnagar,Bihar,701832,India,Home
4929,3652,"H.No. 03
Sarkar Zila",Morena,Uttar Pradesh,341881,India,Other
4930,3653,"76/515
Dhar Nagar",Sasaram,Madhya Pradesh,598219,India,Home
4931,3653,"H.No. 517
Korpal Marg",Hubli–Dharwad,Nagaland,854030,India,Home
4932,3654,"535, Narayan Path",Thiruvananthapuram,Punjab,205600,India,Home
4933,3655,"42/092
Patil Street",Shahjahanpur,Punjab,707106,India,Home
4934,3656,"H.No. 130, Deshpande Ganj",Rajpur Sonarpur,Sikkim,354337,India,Home
4935,3657,"H.No. 36
Rastogi Path",Durgapur,Madhya Pradesh,412163,India,Home
4936,3658,"H.No. 59, Grover Marg",Ambattur,Punjab,248439,India,Home
4937,3659,"09/960
Gupta Chowk",Kolkata,Kerala,507108,India,Home
4938,3660,"53, Walia Path",Rajkot,Tripura,320928,India,Home
4939,3661,"53/424, Narula",Vijayawada,Karnataka,800648,India,Home
4940,3662,"H.No. 577
Kakar",Agartala,Madhya Pradesh,492896,India,Home
4941,3663,"99/96, Apte Circle",Udaipur,Tamil Nadu,699300,India,Home
4942,3664,"H.No. 76
Ganguly Road",Tadipatri,Himachal Pradesh,282818,India,Home
4943,3665,"551, Prashad Street",Hindupur,Assam,827297,India,Home
4944,3665,"H.No. 369, Ramesh Nagar",Surat,Goa,963165,India,Home
4945,3666,"H.No. 240, Anne Road",Bijapur,Bihar,609713,India,Home
4946,3666,"79
Venkatesh Ganj",Bihar Sharif,Andhra Pradesh,704208,India,Home
4947,3667,"47
Sahota Circle",Bharatpur,Tamil Nadu,301226,India,Home
4948,3668,"H.No. 535
Hora Road",Dibrugarh,Meghalaya,509822,India,Office
4949,3669,"25, Kapadia",Bokaro,Himachal Pradesh,840749,India,Home
4950,3670,"34/16, Kibe Street",Pondicherry,Rajasthan,874402,India,Office
4951,3671,"322, Sampath Chowk",Tiruppur,Odisha,191658,India,Home
4952,3672,"43, Prabhu Circle",Rajkot,Chhattisgarh,631805,India,Home
4953,3673,"H.No. 976, Balakrishnan",Gandhinagar,Gujarat,077318,India,Office
4954,3674,"37/75
Kamdar Ganj",Hindupur,Sikkim,095332,India,Home
4955,3675,"33/506
Vora",Avadi,Haryana,890254,India,Home
4956,3676,"12/780
Purohit Marg",Tirupati,Nagaland,678689,India,Home
4957,3676,"85, Choudhary Path",Nangloi Jat,Tripura,118360,India,Home
4958,3677,"705
Morar Path",Alappuzha,Tamil Nadu,154142,India,Office
4959,3677,"86/145, Mody Nagar",Kamarhati,Rajasthan,258140,India,Home
4960,3678,"01/190, Banerjee Path",Aizawl,Telangana,816458,India,Home
4961,3679,"81/063, Parikh Path",Adoni,Meghalaya,634455,India,Other
4962,3679,"H.No. 82
Tak Road",Proddatur,Chhattisgarh,845972,India,Home
4963,3680,"H.No. 501, Rajagopal Zila",Lucknow,Chhattisgarh,849677,India,Home
4964,3680,"19
Batta Street",Adoni,Uttarakhand,637755,India,Home
4965,3681,"79/431
Gulati",Eluru,Manipur,162535,India,Home
4966,3682,"938, Ganesan Marg",Jorhat,Meghalaya,759372,India,Office
4967,3682,"H.No. 13
Narain Zila",Asansol,West Bengal,713894,India,Office
4968,3683,"78/540
Lad Chowk",Shahjahanpur,Punjab,411236,India,Office
4969,3683,"28
Bawa Path",Chapra,Madhya Pradesh,206474,India,Home
4970,3683,"55/037, Arora Path",Alappuzha,Andhra Pradesh,570478,India,Home
4971,3684,"12/372
Singh Circle",Mirzapur,Meghalaya,856429,India,Home
4972,3684,"H.No. 39
Bhat",Anantapuram,Meghalaya,774168,India,Home
4973,3685,"44
Ramesh Circle",Naihati,West Bengal,600804,India,Home
4974,3685,"583
Cherian Path",Nashik,Maharashtra,076034,India,Home
4975,3686,"007
Mand Ganj",Karimnagar,Chhattisgarh,421281,India,Home
4976,3687,"094, Vora Ganj",Jamshedpur,Tripura,875374,India,Home
4977,3688,"600, Sampath Street",Shimoga,Karnataka,189420,India,Office
4978,3689,"488
Thakkar Chowk",Ludhiana,Uttarakhand,825365,India,Home
4979,3690,"205
Yohannan Ganj",Loni,Arunachal Pradesh,025157,India,Home
4980,3691,"19, Mishra Path",Berhampore,Chhattisgarh,904418,India,Other
4981,3691,"07/113
Iyengar Circle",Jabalpur,Himachal Pradesh,354765,India,Home
4982,3692,"85/47
Gokhale Marg",Khandwa,Odisha,486737,India,Home
4983,3692,"21/976, Sridhar Zila",Kollam,Chhattisgarh,417225,India,Office
4984,3693,"H.No. 458
Narasimhan Circle",Amravati,Nagaland,999091,India,Home
4985,3694,"H.No. 026, Baral Ganj",Kota,Punjab,739488,India,Home
4986,3695,"H.No. 03, Bansal",Mumbai,Manipur,187297,India,Home
4987,3696,"450, Thakur Path",Varanasi,Goa,469439,India,Office
4988,3696,"H.No. 22
Swaminathan Path",Guntakal,Telangana,042145,India,Home
4989,3697,"23/32, Kalita Zila",Coimbatore,West Bengal,868226,India,Home
4990,3697,"356
Bhatt Zila",Nellore,Maharashtra,475629,India,Home
4991,3698,"82/35
Kadakia Path",Katihar,West Bengal,446904,India,Home
4992,3699,"H.No. 63, Suresh Road",Chinsurah,Nagaland,177108,India,Home
4993,3700,"65/40
Pathak Marg",Faridabad,Chhattisgarh,564140,India,Home
4994,3701,"14
Bumb Street",Ratlam,Jharkhand,513718,India,Home
4995,3702,"49/799, Dube Street",Allahabad,Tamil Nadu,778585,India,Office
4996,3702,"92/892, Shere Zila",Dharmavaram,Uttarakhand,038347,India,Home
4997,3703,"646
Randhawa Zila",Bathinda,Rajasthan,186050,India,Home
4998,3703,"H.No. 09, Tara Nagar",Coimbatore,West Bengal,407670,India,Home
4999,3704,"H.No. 70, Toor Nagar",Tenali,Gujarat,464622,India,Home
5000,3704,"H.No. 747
Ganesh Marg",Phusro,Nagaland,835930,India,Home
5001,3705,"84, Savant",Mango,Assam,575117,India,Home
5002,3706,"H.No. 40, Mangal Ganj",Jorhat,Uttarakhand,567311,India,Home
5003,3707,"H.No. 766, Gopal Nagar",Pudukkottai,Assam,615409,India,Home
5004,3707,"91
Karnik Nagar",Bihar Sharif,Nagaland,003345,India,Home
5005,3708,"31/74, Dhawan Street",Bhiwani,Kerala,157913,India,Home
5006,3709,"78/953
Dhillon Chowk",Pali,Haryana,824817,India,Home
5007,3710,"71/31, Narang Zila",Khammam,Arunachal Pradesh,342112,India,Office
5008,3710,"82/882, Chandra",Etawah,Jharkhand,054332,India,Home
5009,3711,"595, Handa Road",Bally,Jharkhand,922078,India,Home
5010,3711,"H.No. 508, Madan",Panvel,Tamil Nadu,672336,India,Other
5011,3711,"H.No. 10, Kalla Chowk",Rajkot,Karnataka,435679,India,Home
5012,3712,"H.No. 540
Mitra",Bareilly,Manipur,556378,India,Office
5013,3712,"H.No. 871, Chakraborty Path",Bangalore,Andhra Pradesh,340961,India,Office
5014,3712,"99/262, Ram Ganj",Tinsukia,Tripura,579776,India,Home
5015,3713,"378
Mutti Circle",Bidhannagar,Odisha,475523,India,Home
5016,3713,"350, Gokhale Zila",Rourkela,Odisha,011249,India,Home
5017,3714,"H.No. 15, Dora Circle",Gwalior,West Bengal,151108,India,Home
5018,3714,"98/950, Ray Marg",Ghaziabad,Uttar Pradesh,561400,India,Home
5019,3715,"H.No. 52, Ramanathan Circle",Sambhal,Nagaland,174470,India,Home
5020,3715,"H.No. 95
Dewan Street",Medininagar,Punjab,989763,India,Home
5021,3716,"00, Rana Chowk",Gwalior,Tamil Nadu,587015,India,Office
5022,3717,"50/63, Mishra Path",Bhiwani,Manipur,304456,India,Home
5023,3717,"H.No. 98
Raval Zila",Bhavnagar,Rajasthan,335085,India,Home
5024,3718,"H.No. 274, Chaudhry Circle",Asansol,Maharashtra,205660,India,Home
5025,3718,"99/932
Shere Zila",Rewa,Kerala,382569,India,Office
5026,3719,"876, Sarna Zila",Siwan,Assam,891020,India,Home
5027,3720,"40/289
Kaul",Thoothukudi,Rajasthan,031908,India,Office
5028,3721,"88
Nadig Street",Ajmer,Goa,865207,India,Home
5029,3722,"H.No. 86
Gole Nagar",Vellore,Haryana,811690,India,Home
5030,3722,"732
Prabhakar Circle",Kumbakonam,Tripura,974840,India,Home
5031,3723,"286
Wable Zila",Bahraich,Chhattisgarh,065768,India,Home
5032,3724,"99/672, Gokhale Circle",Vasai-Virar,Uttarakhand,868042,India,Home
5033,3725,"92/59
Rana Circle",Bhatpara,Tamil Nadu,195415,India,Home
5034,3726,"H.No. 762
Rai Marg",Akola,Uttar Pradesh,576555,India,Office
5035,3727,"H.No. 65, Tiwari",Amritsar,Himachal Pradesh,099532,India,Home
5036,3727,"93/15, Batra Ganj",Sasaram,Telangana,548338,India,Home
5037,3727,"71, Chawla",Anantapuram,Goa,186975,India,Home
5038,3728,"71
Patla Chowk",Dewas,West Bengal,975861,India,Home
5039,3728,"93/474, Patla",Nashik,Jharkhand,185006,India,Home
5040,3729,"079, Mohanty Circle",Gandhinagar,Haryana,861565,India,Office
5041,3730,"34/04
Ramaswamy Circle",Hosur,Tamil Nadu,137078,India,Home
5042,3730,"H.No. 330
Mammen Zila",Gorakhpur,Mizoram,606068,India,Home
5043,3731,"17/976, Rastogi Road",Jaipur,Tripura,742050,India,Home
5044,3732,"00/01, Doshi Circle",Kolkata,Tamil Nadu,201199,India,Home
5045,3733,"88, Agrawal Chowk",Ballia,Arunachal Pradesh,232663,India,Other
5046,3734,"H.No. 64
Banik Path",Visakhapatnam,Tamil Nadu,942592,India,Home
5047,3734,"H.No. 213, Narain",Indore,Meghalaya,435932,India,Home
5048,3734,"18
Singhal Ganj",Amravati,Uttar Pradesh,774416,India,Home
5049,3735,"145
Varkey",Hazaribagh,Uttarakhand,716936,India,Home
5050,3735,"56, Garde Circle",Deoghar,West Bengal,415501,India,Home
5051,3736,"H.No. 70
Manda Nagar",Bareilly,Meghalaya,375911,India,Home
5052,3737,"61/31, Varty Circle",Phagwara,Karnataka,701601,India,Home
5053,3738,"H.No. 995
Mishra",Sri Ganganagar,Tamil Nadu,525370,India,Home
5054,3739,"065
Naik",Panipat,Andhra Pradesh,995892,India,Home
5055,3740,"H.No. 549, Gulati Marg",Dibrugarh,Haryana,725188,India,Office
5056,3741,"895, Mittal Ganj",Visakhapatnam,Goa,398649,India,Home
5057,3742,"H.No. 44, Sunder",Sultan Pur Majra,Karnataka,453882,India,Office
5058,3743,"409, Sehgal Zila",Ambala,Tamil Nadu,743826,India,Office
5059,3744,"28/27
Venkataraman Path",Gandhinagar,Mizoram,798105,India,Home
5060,3745,"31/469, Kanda Street",Orai,Madhya Pradesh,458723,India,Home
5061,3746,"628
Thakkar Path",Dharmavaram,Nagaland,145758,India,Office
5062,3747,"868
Balan Circle",Nashik,Tamil Nadu,451152,India,Office
5063,3748,"18
Chad Chowk",Agra,Andhra Pradesh,003527,India,Home
5064,3748,"H.No. 728
Kapadia Marg",Parbhani,Punjab,878360,India,Home
5065,3749,"984, Parmer Path",Dibrugarh,Assam,617270,India,Home
5066,3750,"91/38, Talwar Circle",Raipur,Meghalaya,836069,India,Home
5067,3750,"88
Krishnamurthy Road",Bhimavaram,Jharkhand,173322,India,Home
5068,3750,"24, Balasubramanian Circle",Nanded,Manipur,358569,India,Home
5069,3751,"874, Mann Ganj",Faridabad,Uttar Pradesh,024090,India,Office
5070,3751,"H.No. 834
Bhandari Path",Bidhannagar,Uttar Pradesh,509269,India,Office
5071,3752,"H.No. 26, Sodhi Zila",Gwalior,Kerala,188228,India,Home
5072,3753,"H.No. 021
Sanghvi Ganj",Thrissur,Punjab,323987,India,Home
5073,3754,"45/122
Salvi Chowk",Hospet,Uttarakhand,607644,India,Home
5074,3755,"H.No. 707, Chauhan Chowk",Uluberia,Sikkim,331289,India,Home
5075,3756,"H.No. 186
Palan Nagar",Warangal,Gujarat,126257,India,Home
5076,3756,"94/66
Mody Chowk",Anantapur,Karnataka,575194,India,Home
5077,3757,"H.No. 25, Thaker Road",Imphal,Sikkim,851154,India,Home
5078,3757,"50
Sampath Road",Thrissur,Himachal Pradesh,542288,India,Office
5079,3758,"32/602, Srinivasan",Kishanganj,Andhra Pradesh,796873,India,Home
5080,3758,"H.No. 20, Venkatesh Zila",Tenali,West Bengal,109763,India,Home
5081,3759,"866, Kohli Path",Miryalaguda,Assam,791721,India,Office
5082,3760,"68/82
Parikh Ganj",Jamshedpur,Sikkim,109346,India,Home
5083,3761,"30
Zachariah Circle",Bhilwara,Nagaland,812727,India,Home
5084,3762,"00
Dara Zila",Ambarnath,Maharashtra,311084,India,Office
5085,3762,"H.No. 79
Kapur Ganj",Siliguri,Himachal Pradesh,147669,India,Home
5086,3763,"H.No. 84
Chahal Marg",Srikakulam,Bihar,145297,India,Home
5087,3764,"30, Guha Road",Coimbatore,Gujarat,509310,India,Home
5088,3764,"17/355
Suri",Morena,Meghalaya,216640,India,Home
5089,3764,"25, Oommen",Rohtak,Kerala,797280,India,Other
5090,3765,"25, Pall",Aligarh,Madhya Pradesh,750148,India,Home
5091,3766,"02/703, Malhotra Marg",Nagercoil,Tamil Nadu,610527,India,Home
5092,3767,"754, Nair Ganj",Chittoor,Meghalaya,152607,India,Home
5093,3768,"69/93
Varkey Path",Aurangabad,Meghalaya,791665,India,Home
5094,3768,"H.No. 44, Badal Path",Mangalore,Tamil Nadu,124891,India,Office
5095,3769,"742
Tiwari Path",Karimnagar,Uttar Pradesh,545827,India,Home
5096,3770,"20, Contractor Road",Guna,Uttar Pradesh,942418,India,Home
5097,3771,"H.No. 489
Apte Nagar",Jaipur,Madhya Pradesh,087624,India,Home
5098,3772,"28/33, Balasubramanian Nagar",Nandyal,Gujarat,852892,India,Home
5099,3772,"02
Taneja Marg",Jabalpur,Nagaland,571577,India,Home
5100,3773,"17/536, Saxena Ganj",Hindupur,Arunachal Pradesh,618439,India,Home
5101,3774,"22/98
Johal Ganj",Ballia,Assam,717830,India,Home
5102,3775,"30/564, Bumb Road",Begusarai,Punjab,897482,India,Home
5103,3775,"H.No. 83
Chatterjee Ganj",Tadipatri,Andhra Pradesh,157320,India,Home
5104,3776,"61/622, Singh Circle",Chittoor,Haryana,109820,India,Home
5105,3776,"16/11
Krish Ganj",Malegaon,Nagaland,701589,India,Home
5106,3776,"19
Pall Marg",Bhiwani,Rajasthan,026698,India,Other
5107,3777,"273, Ray",Yamunanagar,Goa,913741,India,Home
5108,3777,"39/17, Radhakrishnan Path",Kakinada,Tripura,082204,India,Home
5109,3778,"30/192
Bala Road",Parbhani,Mizoram,418335,India,Office
5110,3778,"20
Bhatnagar Chowk",Moradabad,Himachal Pradesh,342722,India,Office
5111,3779,"95/80, Bal",Karimnagar,Uttar Pradesh,748986,India,Home
5112,3780,"068, Srivastava Marg",Alappuzha,Himachal Pradesh,894152,India,Other
5113,3780,"H.No. 98, Bhatia Street",Aurangabad,Rajasthan,166515,India,Office
5114,3781,"47, Dutta Chowk",Ichalkaranji,Gujarat,664798,India,Office
5115,3782,"65/033
Bahl Path",Yamunanagar,Mizoram,152765,India,Home
5116,3783,"60/30, Pathak Chowk",Alappuzha,Punjab,963229,India,Home
5117,3783,"45/76, Kumer Ganj",Shahjahanpur,Punjab,123630,India,Home
5118,3783,"H.No. 937
Bhatia Chowk",Jamshedpur,Punjab,801871,India,Home
5119,3784,"99
Loke Ganj",Pimpri-Chinchwad,Karnataka,672427,India,Home
5120,3784,"078
Gokhale Road",Kochi,Tripura,137564,India,Home
5121,3784,"14
Sachar Ganj",Katihar,Odisha,617590,India,Home
5122,3785,"00/251
Garg Circle",Singrauli,Arunachal Pradesh,533441,India,Office
5123,3786,"H.No. 220, Kapur Zila",Madurai,Maharashtra,922893,India,Home
5124,3786,"H.No. 997
Sahota Street",New Delhi,Chhattisgarh,300232,India,Home
5125,3787,"124
Baria Nagar",Durgapur,Chhattisgarh,174860,India,Home
5126,3788,"49, Thakur Circle",Chandrapur,Manipur,902902,India,Office
5127,3789,"99
Bains",Satna,Arunachal Pradesh,026927,India,Home
5128,3790,"97/253, Vora",Unnao,Jharkhand,374012,India,Home
5129,3790,"49/08
Saha Path",Davanagere,Chhattisgarh,659312,India,Home
5130,3791,"38/27
Bawa",Satna,Tripura,573485,India,Home
5131,3792,"H.No. 323
Raj Marg",Erode,Goa,230819,India,Office
5132,3793,"349
Nath Road",Kanpur,Himachal Pradesh,242052,India,Home
5133,3794,"73/889
Seth Nagar",Raipur,Haryana,876395,India,Office
5134,3795,"00/220
Saraf Street",Karaikudi,Nagaland,951270,India,Office
5135,3796,"02
Halder Chowk",Muzaffarpur,Mizoram,000039,India,Home
5136,3797,"H.No. 108, Bedi Nagar",Karaikudi,Goa,038878,India,Home
5137,3797,"H.No. 14, Shroff Zila",Khandwa,Kerala,016242,India,Office
5138,3798,"55/387
Sridhar Nagar",Ratlam,Sikkim,220583,India,Office
5139,3799,"83/715, Subramaniam Circle",Bijapur,Himachal Pradesh,324246,India,Home
5140,3799,"H.No. 472
Kunda",Jamnagar,Goa,900143,India,Home
5141,3800,"H.No. 160, Sathe",Chinsurah,Manipur,430241,India,Home
5142,3801,"H.No. 08, Prabhakar Nagar",Akola,Gujarat,574151,India,Home
5143,3801,"428, Chowdhury Circle",Gwalior,Sikkim,739905,India,Other
5144,3801,"99, Cherian",Thanjavur,Uttarakhand,287684,India,Home
5145,3802,"16/28, Rama Street",Davanagere,West Bengal,243419,India,Home
5146,3803,"39, Karnik Path",Guntakal,Kerala,405546,India,Home
5147,3804,"21/827, Anne Nagar",Kolhapur,Maharashtra,108447,India,Home
5148,3804,"H.No. 779
Vyas Circle",Sangli-Miraj & Kupwad,Mizoram,743339,India,Office
5149,3805,"588
Mohanty Nagar",Nanded,Kerala,558031,India,Home
5150,3805,"953
Hayer Zila",Rajpur Sonarpur,Kerala,148575,India,Home
5151,3806,"43, Goyal Zila",Warangal,Assam,314572,India,Office
5152,3807,"54/258
Ramaswamy Marg",Kochi,Odisha,611608,India,Office
5153,3808,"H.No. 745, Pant Street",Bongaigaon,Madhya Pradesh,508551,India,Home
5154,3809,"H.No. 803, Rattan Nagar",Sri Ganganagar,Jharkhand,105787,India,Home
5155,3810,"713, Chakrabarti Zila",Guntur,Tamil Nadu,100366,India,Office
5156,3811,"H.No. 632
Sodhi Circle",Etawah,Odisha,560695,India,Home
5157,3812,"99/152
Gole Road",Satara,Sikkim,901615,India,Home
5158,3813,"64/431, Gala Marg",Kanpur,Andhra Pradesh,004520,India,Office
5159,3814,"509, Varghese Marg",Jabalpur,Assam,963867,India,Home
5160,3815,"44/41
Chowdhury Street",Karawal Nagar,Tripura,622178,India,Home
5161,3816,"603
Atwal Street",Rajpur Sonarpur,Sikkim,291542,India,Other
5162,3817,"42/83
Chaudry",Ajmer,Bihar,597012,India,Home
5163,3818,"42/360
Nagar Street",Unnao,Haryana,291712,India,Home
5164,3818,"20/955, Agarwal Road",Parbhani,Haryana,886914,India,Home
5165,3819,"066, Ranganathan Path",Jaipur,Telangana,903875,India,Home
5166,3819,"76
Kaur Zila",South Dumdum,Nagaland,334430,India,Home
5167,3820,"14
Sundaram Street",Hyderabad,Kerala,395414,India,Home
5168,3821,"11, Doctor Zila",Siliguri,Karnataka,196232,India,Office
5169,3822,"86/251
Sidhu Ganj",Asansol,Meghalaya,905559,India,Other
5170,3822,"48/31, Kalita Nagar",Tirupati,Maharashtra,307498,India,Home
5171,3823,"H.No. 976, Borde Circle",Bhind,Mizoram,122699,India,Home
5172,3824,"H.No. 906
Modi Street",Ajmer,Andhra Pradesh,203065,India,Home
5173,3824,"H.No. 287
Johal Path",Tumkur,Mizoram,801360,India,Office
5174,3825,"47/42
Malhotra Zila",Naihati,Himachal Pradesh,718980,India,Home
5175,3826,"H.No. 76
Gola",Buxar,Maharashtra,584707,India,Home
5176,3827,"H.No. 769, Patla",Nagercoil,Haryana,443197,India,Home
5177,3827,"H.No. 639
Bedi Path",Mumbai,Arunachal Pradesh,407339,India,Home
5178,3828,"510
Amble",Bhagalpur,Assam,839859,India,Office
5179,3829,"H.No. 69, Ramaswamy Ganj",Pali,Haryana,890091,India,Home
5180,3830,"32, Venkataraman Zila",Amravati,Himachal Pradesh,973486,India,Office
5181,3830,"17, Munshi Chowk",Ambarnath,Tripura,756868,India,Home
5182,3831,"H.No. 77, Bera",Chandigarh,Uttar Pradesh,885978,India,Home
5183,3831,"H.No. 913
Grover",Kochi,Meghalaya,594669,India,Other
5184,3832,"H.No. 479
Issac Chowk",Katni,Punjab,813352,India,Home
5185,3833,"40/054
Kata Path",Tirupati,Chhattisgarh,431665,India,Office
5186,3834,"99/94, Hora Nagar",Bhilwara,Arunachal Pradesh,981687,India,Office
5187,3835,"262, Badami Zila",Kamarhati,Sikkim,894729,India,Home
5188,3836,"H.No. 51, Ghose Path",Giridih,Mizoram,623081,India,Home
5189,3836,"607
Chakrabarti Marg",Bally,Chhattisgarh,441568,India,Office
5190,3837,"07/279, Memon",Pimpri-Chinchwad,Uttar Pradesh,898926,India,Home
5191,3837,"936
Krishnamurthy Chowk",Guna,Rajasthan,560022,India,Home
5192,3838,"70/349
Pal Ganj",Rajpur Sonarpur,Himachal Pradesh,760798,India,Home
5193,3839,"79
Kibe",Suryapet,Tripura,952098,India,Home
5194,3840,"34
Saxena Chowk",Bardhaman,Bihar,463344,India,Office
5195,3841,"01/28, Gokhale Nagar",Avadi,Gujarat,207480,India,Office
5196,3842,"H.No. 59, Gandhi Chowk",Sri Ganganagar,Madhya Pradesh,227192,India,Other
5197,3843,"80/750
Ram Nagar",Kolkata,Mizoram,388806,India,Home
5198,3843,"382
Subramanian Circle",Mango,Chhattisgarh,528815,India,Home
5199,3844,"699, Tiwari Street",Navi Mumbai,Tamil Nadu,023977,India,Office
5200,3845,"H.No. 31, Manne Ganj",Uluberia,Assam,388832,India,Home
5201,3846,"10/575
Brahmbhatt Road",Aurangabad,Tripura,981660,India,Home
5202,3847,"12/814, Chaudhari Chowk",Patiala,Nagaland,011540,India,Office
5203,3848,"596, Bhakta",Jaunpur,Arunachal Pradesh,530962,India,Home
5204,3849,"18
Varughese Marg",Jorhat,Gujarat,177626,India,Office
5205,3850,"49/27, Prabhakar Road",Nandyal,Punjab,696826,India,Home
5206,3851,"69/280, Dani Road",Tadepalligudem,Rajasthan,883033,India,Home
5207,3852,"H.No. 037
Ramaswamy Marg",Visakhapatnam,Goa,503847,India,Office
5208,3853,"H.No. 689, Hari Chowk",Bhind,Haryana,723101,India,Office
5209,3854,"45/97, Chawla Path",Ludhiana,Bihar,073081,India,Home
5210,3854,"481
Bail Zila",Jaipur,Chhattisgarh,257726,India,Home
5211,3855,"58/43, Chowdhury Marg",Mehsana,Gujarat,858243,India,Other
5212,3855,"22/80
Narula Circle",Nadiad,Goa,623916,India,Home
5213,3856,"502, Walla Road",Ratlam,Uttar Pradesh,568708,India,Home
5214,3857,"35, Dhar Chowk",Varanasi,Uttar Pradesh,413728,India,Office
5215,3858,"12/71, Mander Marg",Bhubaneswar,Rajasthan,958006,India,Home
5216,3859,"H.No. 160
Bhagat Street",Gulbarga,Chhattisgarh,258472,India,Home
5217,3860,"74/84, Karan Circle",Aurangabad,Mizoram,225091,India,Office
5218,3861,"H.No. 78, Kale Zila",Shimoga,Goa,415709,India,Office
5219,3862,"104
Agrawal Marg",Jorhat,Odisha,611044,India,Home
5220,3863,"61/494
Merchant Ganj",Sri Ganganagar,Arunachal Pradesh,368194,India,Home
5221,3864,"54
Ganguly Path",Satna,Kerala,295505,India,Home
5222,3865,"411
Venkataraman Nagar",Chandigarh,Karnataka,099229,India,Home
5223,3866,"H.No. 66, Seshadri Street",Ambarnath,Telangana,835459,India,Office
5224,3867,"26
Mital Ganj",Thanjavur,Sikkim,023097,India,Home
5225,3868,"67/82, Ranganathan Circle",Vijayawada,Odisha,859040,India,Office
5226,3868,"094
Mandal Ganj",Hyderabad,Chhattisgarh,013011,India,Office
5227,3869,"633, Yohannan",Kottayam,Jharkhand,668673,India,Home
5228,3869,"81/539
Goswami Zila",Jodhpur,Punjab,436056,India,Home
5229,3870,"H.No. 36, Kumar Road",Nadiad,Tripura,421106,India,Other
5230,3871,"H.No. 990
Joshi Path",Berhampur,Goa,151871,India,Home
5231,3872,"H.No. 04, Sangha Road",Rewa,Haryana,284014,India,Home
5232,3873,"97/905
Kanda Chowk",Guna,Arunachal Pradesh,416318,India,Home
5233,3874,"50, Sachdev Nagar",Kota,Karnataka,900506,India,Home
5234,3875,"48/179
Bhakta Circle",Muzaffarpur,Arunachal Pradesh,937581,India,Home
5235,3876,"01/217, Mane Nagar",Giridih,Karnataka,181341,India,Home
5236,3877,"906, Rama Zila",Tinsukia,Tripura,361067,India,Home
5237,3877,"69, Srivastava Marg",Udaipur,Karnataka,271773,India,Home
5238,3878,"85, Warrior Chowk",Allahabad,Uttar Pradesh,289416,India,Home
5239,3879,"185
Date Path",Vijayanagaram,Manipur,787905,India,Other
5240,3879,"H.No. 166
Chander",Secunderabad,Gujarat,052426,India,Home
5241,3880,"96/976
Sane Circle",Faridabad,Manipur,816041,India,Home
5242,3881,"96, Barman Road",Buxar,Uttarakhand,038341,India,Home
5243,3882,"111, Parekh Path",Ongole,Arunachal Pradesh,830784,India,Home
5244,3883,"24/56, Mann Nagar",Saharanpur,Andhra Pradesh,302239,India,Office
5245,3883,"54/035, Bumb Chowk",Davanagere,Tripura,472781,India,Home
5246,3884,"H.No. 965, Kata Chowk",Guwahati,Karnataka,960660,India,Home
5247,3885,"66/471
Magar Street",Ramagundam,Telangana,834854,India,Home
5248,3885,"H.No. 15
Virk Chowk",Nagpur,Karnataka,269736,India,Office
5249,3886,"30, Sarna Zila",Mysore,Telangana,959278,India,Office
5250,3887,"32/859, Karpe Marg",Ratlam,Bihar,610651,India,Home
5251,3888,"13/822
Sagar Street",Srikakulam,Tripura,658834,India,Home
5252,3889,"H.No. 520
Dhaliwal Road",Ulhasnagar,Madhya Pradesh,913885,India,Home
5253,3890,"H.No. 86, Mane",Pudukkottai,Jharkhand,188299,India,Home
5254,3891,"78/076, Chaudhary Marg",Rohtak,Kerala,618700,India,Home
5255,3892,"651, Goyal Street",Rajkot,Maharashtra,576913,India,Office
5256,3893,"H.No. 72
Parekh Path",Tinsukia,Himachal Pradesh,122898,India,Home
5257,3894,"541
Konda Road",Bareilly,Rajasthan,267363,India,Home
5258,3895,"H.No. 15, Chand Ganj",Firozabad,Rajasthan,080453,India,Other
5259,3896,"H.No. 025, Bath",Sultan Pur Majra,Kerala,769171,India,Home
5260,3896,"H.No. 95, Tripathi Zila",Haridwar,Uttarakhand,728471,India,Home
5261,3897,"19, Doshi",Tirunelveli,Uttar Pradesh,198783,India,Home
5262,3898,"306, Pai Path",Sikar,Assam,552202,India,Home
5263,3899,"96, Suri Zila",Bhopal,Arunachal Pradesh,280855,India,Home
5264,3899,"29, Kota Road",Raipur,Assam,835405,India,Other
5265,3900,"56/406, Om Nagar",Aizawl,Gujarat,900889,India,Home
5266,3901,"H.No. 915
Gokhale Chowk",Anantapur,Andhra Pradesh,362298,India,Home
5267,3902,"505, Upadhyay Ganj",Imphal,West Bengal,123584,India,Home
5268,3902,"094
Viswanathan Zila",Sagar,Himachal Pradesh,204245,India,Home
5269,3903,"97/273
Kibe Zila",Hubli–Dharwad,Bihar,829380,India,Home
5270,3903,"H.No. 38
Shanker Path",Narasaraopet,Arunachal Pradesh,216515,India,Home
5271,3903,"73
Sarna Ganj",Srinagar,Arunachal Pradesh,277876,India,Other
5272,3904,"97/324
Bala Marg",Fatehpur,Tripura,502119,India,Home
5273,3905,"H.No. 05, Kamdar Circle",Saharsa,West Bengal,517024,India,Home
5274,3906,"52/674
Keer Marg",Avadi,Gujarat,228372,India,Other
5275,3907,"027, Grewal Ganj",Ludhiana,Jharkhand,840004,India,Home
5276,3907,"444
Goyal Marg",Panchkula,Telangana,817272,India,Home
5277,3907,"347
Ganesh Chowk",Bilaspur,West Bengal,437628,India,Office
5278,3908,"H.No. 59, Mohanty",Karaikudi,Goa,596559,India,Office
5279,3909,"94
Khanna Zila",Delhi,Mizoram,106235,India,Office
5280,3910,"93, Tiwari Zila",Bilaspur,Telangana,649566,India,Home
5281,3911,"60
Bala Street",Purnia,Rajasthan,451309,India,Home
5282,3912,"H.No. 273
Vig Road",Ongole,Uttar Pradesh,941844,India,Home
5283,3913,"54, Nagarajan",Gandhidham,Arunachal Pradesh,754941,India,Office
5284,3914,"74/49
Om Zila",Malegaon,Chhattisgarh,951858,India,Home
5285,3915,"81
Rai Zila",Nagercoil,Andhra Pradesh,490876,India,Home
5286,3916,"H.No. 74, Balan Circle",Barasat,Telangana,908026,India,Home
5287,3917,"82/249
Khanna Nagar",Mira-Bhayandar,Tripura,497847,India,Office
5288,3918,"281
Nazareth Path",Satna,Madhya Pradesh,499372,India,Home
5289,3919,"20/430
Ravel Zila",Tumkur,Chhattisgarh,375997,India,Home
5290,3920,"84/68, Trivedi Path",Berhampore,Maharashtra,505759,India,Office
5291,3920,"H.No. 39
Butala Street",Rohtak,Arunachal Pradesh,484652,India,Other
5292,3921,"89/358, Pau Nagar",Dhanbad,Manipur,820542,India,Home
5293,3921,"H.No. 244
Dara Street",Karawal Nagar,Tamil Nadu,849627,India,Home
5294,3922,"684
Patla Circle",Mango,Andhra Pradesh,342235,India,Home
5295,3923,"04/405
Choudhry Chowk",Chinsurah,Chhattisgarh,802011,India,Office
5296,3924,"H.No. 12, Uppal Path",Varanasi,Jharkhand,022509,India,Home
5297,3924,"01/198, Nair Circle",Ujjain,Madhya Pradesh,728270,India,Home
5298,3925,"61/259, Sarraf Street",Machilipatnam,Andhra Pradesh,027183,India,Home
5299,3926,"H.No. 008, Palla Road",Tiruvottiyur,Himachal Pradesh,035188,India,Home
5300,3927,"H.No. 57, Mander Marg",Mango,Mizoram,926911,India,Home
5301,3928,"16/466
Kalita Marg",Raebareli,Maharashtra,188297,India,Home
5302,3929,"82
Prabhakar Road",Guna,Uttarakhand,166263,India,Home
5303,3930,"54
Memon Circle",Malegaon,Jharkhand,541683,India,Office
5304,3930,"H.No. 421, Sibal Road",Patiala,Uttar Pradesh,327055,India,Home
5305,3930,"H.No. 02
Merchant Chowk",Malegaon,Himachal Pradesh,205892,India,Office
5306,3931,"79/042, Sarin Marg",Sambalpur,Madhya Pradesh,634852,India,Home
5307,3931,"29/580
Chandran Ganj",Indore,Bihar,279685,India,Home
5308,3932,"65/21
Soni Zila",Suryapet,Uttarakhand,028105,India,Home
5309,3933,"03/06, Das Road",Panchkula,Sikkim,214929,India,Office
5310,3934,"83, Agarwal Road",Jaipur,Manipur,250210,India,Office
5311,3935,"30/60
Magar Circle",Danapur,Rajasthan,913539,India,Home
5312,3935,"H.No. 187
Sibal Street",Akola,Punjab,317561,India,Home
5313,3936,"31, Patil Zila",Narasaraopet,Uttar Pradesh,549178,India,Home
5314,3936,"85/57, Keer Marg",Amravati,Telangana,253164,India,Home
5315,3937,"23/739, Bhagat Ganj",Arrah,Tamil Nadu,412986,India,Home
5316,3938,"37/790, Lad Path",Imphal,Uttar Pradesh,170277,India,Office
5317,3938,"178
Swamy Circle",Panvel,Tripura,826500,India,Home
5318,3939,"H.No. 235, Varghese Road",Raebareli,Maharashtra,539671,India,Other
5319,3940,"395, Ahluwalia Ganj",Madurai,Karnataka,952239,India,Home
5320,3940,"H.No. 591, Parikh Nagar",Tinsukia,Telangana,079722,India,Other
5321,3940,"H.No. 891, Thaman Circle",Bangalore,Mizoram,000388,India,Home
5322,3941,"H.No. 320, Rastogi Ganj",Phusro,Madhya Pradesh,337496,India,Office
5323,3942,"690, Deo Chowk",Nandyal,Punjab,446969,India,Home
5324,3942,"91/023, Khosla Zila",Amaravati,Telangana,446007,India,Home
5325,3943,"49/23, Dutta Path",Belgaum,Meghalaya,049978,India,Other
5326,3944,"H.No. 50, Mishra Zila",Muzaffarnagar,Andhra Pradesh,116705,India,Office
5327,3945,"107, Korpal Path",Davanagere,Kerala,236537,India,Home
5328,3946,"H.No. 84
Char",Jamalpur,Goa,424914,India,Office
5329,3947,"61/89
Ravi Road",Katihar,Karnataka,739893,India,Home
5330,3948,"H.No. 612, Dhar Chowk",Bokaro,Madhya Pradesh,811507,India,Office
5331,3948,"89, Jhaveri Street",Kochi,Meghalaya,146753,India,Home
5332,3949,"H.No. 570, Pant Path",Vadodara,Uttarakhand,430276,India,Home
5333,3950,"99/182
Maharaj Road",Parbhani,Chhattisgarh,242009,India,Home
5334,3950,"H.No. 10
Menon Circle",Khora ,Manipur,764263,India,Home
5335,3951,"31/325, Golla Marg",Malegaon,Rajasthan,414055,India,Home
5336,3952,"29, Sibal Chowk",Pudukkottai,Assam,169349,India,Home
5337,3953,"H.No. 746
Seth Road",Pimpri-Chinchwad,Meghalaya,207570,India,Office
5338,3953,"64/837
Nadkarni Zila",Allahabad,Gujarat,631748,India,Home
5339,3954,"67/431, Dara Street",Jaunpur,Chhattisgarh,967347,India,Home
5340,3955,"178
Bumb Road",Chandrapur,Manipur,609157,India,Home
5341,3956,"H.No. 15
Sanghvi Chowk",Bhilwara,Tripura,823428,India,Home
5342,3957,"H.No. 978, Sami Circle",Jamnagar,Haryana,342213,India,Office
5343,3958,"86/879, Kamdar Chowk",Khammam,Odisha,099394,India,Home
5344,3959,"H.No. 85
Toor",Barasat,Himachal Pradesh,280194,India,Office
5345,3960,"45/17, Bajaj Chowk",Unnao,Assam,489495,India,Office
5346,3960,"H.No. 36, Khare Street",Kanpur,Manipur,826374,India,Home
5347,3961,"85, Sarkar",Haridwar,Kerala,157248,India,Office
5348,3962,"65
Sami Road",Kakinada,Punjab,930700,India,Home
5349,3963,"66
Pathak Nagar",Guntur,Tamil Nadu,124713,India,Home
5350,3964,"H.No. 20, Loyal Marg",Phusro,Assam,706693,India,Home
5351,3965,"H.No. 89
Bajaj Zila",Chandigarh,West Bengal,409155,India,Home
5352,3966,"73, Kalita Circle",Ghaziabad,Tamil Nadu,049835,India,Home
5353,3966,"277
Kala Nagar",Coimbatore,Uttar Pradesh,288752,India,Home
5354,3967,"68
Pall Chowk",Machilipatnam,Himachal Pradesh,797975,India,Office
5355,3968,"H.No. 42, Sharma Zila",Mahbubnagar,Uttarakhand,684959,India,Home
5356,3969,"63/494, Basak Path",Rajpur Sonarpur,West Bengal,549904,India,Home
5357,3970,"11/410
Ahuja Zila",Rourkela,Madhya Pradesh,594713,India,Home
5358,3970,"926
Sandal Marg",Phagwara,Mizoram,837039,India,Home
5359,3970,"31
Narayan Street",Shimla,Arunachal Pradesh,514976,India,Home
5360,3971,"H.No. 00
Walia Street",Shivpuri,Himachal Pradesh,607319,India,Office
5361,3972,"H.No. 478
Dey Circle",Mirzapur,Madhya Pradesh,128240,India,Home
5362,3972,"72/74, Radhakrishnan Nagar",Panchkula,Uttar Pradesh,887044,India,Home
5363,3973,"60/730, Srinivas Street",Katihar,Meghalaya,320500,India,Home
5364,3974,"43/65, Sangha",Unnao,Karnataka,542233,India,Home
5365,3975,"H.No. 694
Mishra Ganj",Guntur,Odisha,932152,India,Other
5366,3975,"61/70
Viswanathan Circle",Agartala,Nagaland,882649,India,Home
5367,3975,"94/125, Sule Road",Bihar Sharif,Maharashtra,303458,India,Home
5368,3976,"H.No. 943
Toor Nagar",Shahjahanpur,Rajasthan,664705,India,Home
5369,3977,"71/996
Kar Zila",Junagadh,Punjab,707130,India,Office
5370,3977,"878, Dutta Path",Guntur,Telangana,406953,India,Home
5371,3978,"17/171
Upadhyay Zila",Asansol,Assam,172361,India,Home
5372,3979,"800, Cheema Nagar",Narasaraopet,Jharkhand,874950,India,Home
5373,3980,"467, Pillai Nagar",Sultan Pur Majra,Gujarat,414022,India,Home
5374,3980,"56/20
Magar",Katni,Assam,288239,India,Home
5375,3981,"772
Borah Zila",Coimbatore,Nagaland,175309,India,Home
5376,3982,"048
Yohannan Marg",Motihari,Chhattisgarh,412925,India,Office
5377,3982,"98, Gokhale Ganj",Rohtak,Tamil Nadu,568631,India,Home
5378,3983,"87
Majumdar Nagar",Jalandhar,Kerala,669553,India,Other
5379,3984,"H.No. 811, Mani Street",Chandrapur,Sikkim,788990,India,Home
5380,3985,"H.No. 773
Khanna Nagar",Belgaum,Goa,102152,India,Home
5381,3986,"H.No. 84, Shankar Zila",Buxar,Haryana,257177,India,Home
5382,3987,"50/64, Sha Zila",Kamarhati,Chhattisgarh,360714,India,Home
5383,3988,"H.No. 378
Mall Road",Bhalswa Jahangir Pur,Rajasthan,763141,India,Home
5384,3989,"19/299, Grewal Ganj",Ambattur,Odisha,780005,India,Home
5385,3989,"71, Prashad Path",Bhagalpur,Madhya Pradesh,688010,India,Home
5386,3990,"482
Batta",Karimnagar,Andhra Pradesh,732663,India,Office
5387,3991,"H.No. 62, Savant Path",Bikaner,West Bengal,709144,India,Office
5388,3992,"88/458, Chander Ganj",Chennai,Jharkhand,091330,India,Home
5389,3992,"26
Din Street",Karnal,Arunachal Pradesh,532824,India,Office
5390,3992,"80/257
Prasad Marg",Madanapalle,Meghalaya,510896,India,Home
5391,3993,"H.No. 17
Naidu Street",Mysore,Nagaland,539453,India,Office
5392,3993,"H.No. 23
Pau Circle",Bhubaneswar,Jharkhand,111055,India,Home
5393,3994,"94/223
Chawla Road",Ulhasnagar,Jharkhand,628989,India,Home
5394,3995,"51, Palla",North Dumdum,Tamil Nadu,560356,India,Home
5395,3996,"H.No. 973
Puri",Rajkot,Meghalaya,570779,India,Home
5396,3997,"12/00
De Ganj",Anand,Rajasthan,637021,India,Home
5397,3998,"87/09
Dora Zila",Erode,Tamil Nadu,173823,India,Home
5398,3999,"97, Kala Zila",Kozhikode,Rajasthan,151332,India,Office
5399,4000,"01/87
Salvi Ganj",Mehsana,Madhya Pradesh,742086,India,Other
5400,4001,"H.No. 219, Doshi Zila",Solapur,Madhya Pradesh,479688,India,Home
5401,4002,"H.No. 89, Deo Ganj",Jodhpur,Manipur,848741,India,Home
5402,4003,"031
Shetty Road",Tirupati,Sikkim,617473,India,Home
5403,4003,"66/947, Varkey Zila",Anantapuram,Himachal Pradesh,647255,India,Home
5404,4004,"65/556, Oak Nagar",Jhansi,Gujarat,516913,India,Home
5405,4005,"83, Gopal Zila",Loni,Karnataka,341359,India,Home
5406,4005,"06, Chadha Chowk",Chandigarh,Karnataka,586217,India,Home
5407,4006,"H.No. 878, Hari Zila",Pudukkottai,Odisha,111827,India,Home
5408,4007,"H.No. 582
Kaur Chowk",Ambarnath,Punjab,598989,India,Office
5409,4008,"08/582, Nadkarni Road",Kanpur,Gujarat,630733,India,Home
5410,4008,"98/57
Bora Path",Belgaum,Telangana,376984,India,Home
5411,4009,"82/410, Deep Road",Amroha,Assam,156339,India,Home
5412,4010,"07/57, Mall Marg",Udupi,Gujarat,293307,India,Home
5413,4011,"328
Konda",Thane,Jharkhand,694406,India,Office
5414,4012,"21, Sankaran Ganj",Kochi,Telangana,928224,India,Home
5415,4012,"825
Sastry Marg",Erode,Punjab,755413,India,Office
5416,4013,"H.No. 815, Biswas Zila",Ludhiana,Arunachal Pradesh,058991,India,Office
5417,4014,"H.No. 43, Devan Road",Ramgarh,Sikkim,156135,India,Home
5418,4015,"63
Babu",Jammu,Uttarakhand,565619,India,Office
5419,4016,"H.No. 294, Ahluwalia",Kalyan-Dombivli,Assam,724197,India,Other
5420,4017,"H.No. 288
Hora Chowk",Begusarai,Assam,454985,India,Home
5421,4018,"757
Seshadri Chowk",Begusarai,Tripura,218673,India,Home
5422,4019,"72/656, Iyer Circle",Gulbarga,West Bengal,045165,India,Home
5423,4020,"15/17
Dhingra Circle",Ahmednagar,Haryana,021421,India,Home
5424,4021,"199
Vig Circle",Muzaffarnagar,Tamil Nadu,224282,India,Other
5425,4021,"H.No. 42, Bhandari",Jamshedpur,Goa,302530,India,Office
5426,4022,"23, Mane Street",Agartala,Himachal Pradesh,051374,India,Office
5427,4023,"H.No. 554
Arora Circle",Secunderabad,Manipur,529449,India,Office
5428,4024,"H.No. 998, Issac Street",Kolhapur,Assam,328233,India,Home
5429,4024,"H.No. 186, Prashad Zila",Tenali,Rajasthan,560980,India,Home
5430,4025,"72/11
Mittal Ganj",Ghaziabad,Jharkhand,227493,India,Home
5431,4026,"03/829, Pillai Path",Eluru,Rajasthan,157370,India,Home
5432,4026,"85/77, Saha Street",Kurnool,Gujarat,606359,India,Home
5433,4027,"70, Kannan Street",Berhampore,Tripura,081053,India,Home
5434,4027,"162
Reddy Street",Mira-Bhayandar,Goa,198644,India,Home
5435,4028,"H.No. 334
Venkataraman Zila",Kozhikode,Punjab,686062,India,Home
5436,4029,"613
Char Circle",Kottayam,Manipur,777110,India,Home
5437,4030,"93/320, Rao Chowk",Bharatpur,West Bengal,316956,India,Office
5438,4031,"59/16, Biswas",Tinsukia,Rajasthan,091003,India,Home
5439,4031,"75
Baria Circle",Morena,Haryana,779979,India,Home
5440,4031,"H.No. 589, Ravi Ganj",Chittoor,Jharkhand,868587,India,Home
5441,4032,"25/744, Kapadia Ganj",Bhatpara,Gujarat,142939,India,Home
5442,4033,"H.No. 968, Grewal Marg",Jalandhar,West Bengal,759648,India,Home
5443,4034,"20/679
Ganesh Chowk",Kishanganj,Jharkhand,818269,India,Home
5444,4035,"49/001
Kar Nagar",Salem,Goa,924463,India,Home
5445,4036,"H.No. 297, Om Ganj",Unnao,Telangana,033921,India,Office
5446,4037,"839, Roy Nagar",Thane,Arunachal Pradesh,156393,India,Office
5447,4038,"H.No. 303
Mohan",Kalyan-Dombivli,Tamil Nadu,330342,India,Office
5448,4038,"99/51, Gade Circle",Rajahmundry,Chhattisgarh,650948,India,Office
5449,4038,"45
Sama Path",Kakinada,Gujarat,545315,India,Home
5450,4039,"H.No. 34
Srinivasan Chowk",Gurgaon,Jharkhand,273329,India,Home
5451,4039,"H.No. 432
Sampath Nagar",Mysore,Chhattisgarh,704379,India,Office
5452,4040,"H.No. 08
Iyengar Road",Surendranagar Dudhrej,Chhattisgarh,174909,India,Home
5453,4041,"27/69
Chaudhary Circle",Gorakhpur,Sikkim,420743,India,Office
5454,4042,"H.No. 17
Swaminathan Chowk",Mira-Bhayandar,Kerala,081658,India,Home
5455,4043,"71/19
Sood Marg",Pallavaram,West Bengal,531627,India,Home
5456,4044,"H.No. 669
Pingle",Guwahati,Karnataka,032892,India,Office
5457,4045,"475
Ray Ganj",Machilipatnam,Nagaland,289461,India,Office
5458,4045,"H.No. 54
Borah Path",Morbi,Tripura,595839,India,Other
5459,4046,"H.No. 570, Patel",Farrukhabad,Madhya Pradesh,956723,India,Home
5460,4047,"55/44, Sabharwal Ganj",Parbhani,Odisha,747908,India,Home
5461,4048,"68/838
Chaudhari Road",Amaravati,Meghalaya,576289,India,Home
5462,4049,"06/33
Chakrabarti Path",Ajmer,Tamil Nadu,477880,India,Home
5463,4049,"67/661, Shan Chowk",Ghaziabad,Rajasthan,231939,India,Home
5464,4049,"001, Mutti Road",Solapur,Uttarakhand,244400,India,Home
5465,4050,"722, Shanker Road",Barasat,Chhattisgarh,305696,India,Home
5466,4051,"H.No. 80, Dhar Circle",Howrah,Andhra Pradesh,799284,India,Home
5467,4052,"955
Raja Path",Malegaon,Chhattisgarh,081759,India,Home
5468,4052,"01/190
Basak Circle",Berhampore,Punjab,905158,India,Home
5469,4053,"88/25
Biswas Circle",Howrah,Tripura,725811,India,Home
5470,4054,"H.No. 689
Barad Path",Etawah,Manipur,132851,India,Home
5471,4054,"H.No. 29
Lanka Chowk",Saharsa,Madhya Pradesh,771902,India,Home
5472,4054,"682, Sekhon Circle",Motihari,Tamil Nadu,079472,India,Home
5473,4055,"H.No. 29, Talwar Zila",Nagercoil,Rajasthan,863927,India,Home
5474,4055,"69/843
Chopra Zila",Baranagar,Rajasthan,986043,India,Home
5475,4056,"89
Naik",Surat,Jharkhand,185356,India,Home
5476,4057,"316
Goel Road",Tadepalligudem,Uttarakhand,346108,India,Office
5477,4058,"H.No. 98
Bajwa Marg",Jorhat,Uttar Pradesh,381240,India,Home
5478,4058,"92
Dewan Marg",Danapur,Haryana,516061,India,Home
5479,4059,"H.No. 351
Palla",Korba,Arunachal Pradesh,974652,India,Home
5480,4060,"34/83
Buch Zila",Uluberia,Andhra Pradesh,453349,India,Home
5481,4060,"92
Arya Road",Kamarhati,Mizoram,986468,India,Home
5482,4061,"08/52
Gandhi Street",Kottayam,Meghalaya,323629,India,Office
5483,4061,"H.No. 99, Narasimhan Path",Jalandhar,Tripura,068400,India,Home
5484,4061,"79, Sibal Road",Chapra,Punjab,201116,India,Office
5485,4062,"20/55, Mand Marg",Hindupur,Tamil Nadu,397097,India,Home
5486,4063,"H.No. 92, Chandra Street",Ozhukarai,Maharashtra,219997,India,Home
5487,4064,"547
Sastry Nagar",Bharatpur,Punjab,472512,India,Home
5488,4064,"086, Nagi Path",Ballia,Odisha,701943,India,Home
5489,4065,"H.No. 84, Chad Chowk",Kakinada,Himachal Pradesh,151361,India,Home
5490,4065,"40/360, Grover Zila",Hajipur,Goa,091760,India,Home
5491,4066,"40/263, Sami Path",Gudivada,Uttar Pradesh,529910,India,Home
5492,4066,"29, Sampath Zila",Ongole,Arunachal Pradesh,238782,India,Home
5493,4067,"H.No. 834
Batta Nagar",Nandyal,Arunachal Pradesh,764003,India,Home
5494,4068,"06, Hans Nagar",Alappuzha,Assam,443374,India,Office
5495,4069,"88
Sankaran",Ongole,West Bengal,470724,India,Home
5496,4070,"599
Swamy",Hajipur,Uttar Pradesh,205506,India,Home
5497,4071,"823
Anand Marg",Naihati,Goa,391998,India,Home
5498,4072,"770
Tandon Street",Motihari,Tripura,823131,India,Home
5499,4073,"91/23
Saran Nagar",Sri Ganganagar,West Bengal,351749,India,Home
5500,4074,"46/846
Cheema Chowk",Sirsa,Bihar,395161,India,Home
5501,4075,"405
Krishnamurthy Ganj",Hospet,Chhattisgarh,133361,India,Home
5502,4076,"456
Walia Road",Shimla,Assam,539573,India,Home
5503,4077,"341, Apte Marg",Kharagpur,Goa,709501,India,Home
5504,4078,"755
Ravel Street",Ambarnath,Himachal Pradesh,570136,India,Other
5505,4079,"493, Mahajan Circle",Surendranagar Dudhrej,Assam,966991,India,Home
5506,4080,"82/50
Ray Road",Rewa,Bihar,132714,India,Home
5507,4081,"H.No. 185
Khosla Marg",Gurgaon,Odisha,661312,India,Home
5508,4082,"988, Kumar Chowk",Nadiad,West Bengal,516123,India,Home
5509,4083,"11
Deshpande",Kurnool,Gujarat,090658,India,Home
5510,4083,"830, Luthra Nagar",Korba,Jharkhand,869559,India,Home
5511,4084,"H.No. 689
Lata Zila",Jamalpur,Nagaland,120308,India,Office
5512,4084,"73/636, Sachdev Path",Dindigul,Madhya Pradesh,542095,India,Home
5513,4085,"750, Mani Road",Pondicherry,Uttar Pradesh,701629,India,Office
5514,4086,"49/16
Virk Path",Gudivada,Assam,416860,India,Home
5515,4087,"573
Uppal Road",Ahmedabad,Gujarat,838924,India,Home
5516,4088,"90/091
Kunda Path",Ujjain,Assam,323074,India,Home
5517,4089,"H.No. 53
Amble Road",Pimpri-Chinchwad,Uttarakhand,490257,India,Home
5518,4089,"59/728, Mittal Nagar",Alappuzha,Manipur,649325,India,Home
5519,4090,"49, Vaidya",Bardhaman,Goa,018972,India,Home
5520,4090,"85/87, Varma",Rewa,Maharashtra,552488,India,Home
5521,4091,"034
Sane Marg",Tiruppur,Andhra Pradesh,000953,India,Home
5522,4092,"H.No. 67
Tara Ganj",Mahbubnagar,Uttar Pradesh,687612,India,Home
5523,4092,"H.No. 14
Pillai Street",Ahmednagar,Maharashtra,286908,India,Home
5524,4093,"57
Sura Circle",Dindigul,Odisha,463428,India,Home
5525,4094,"574
Dugal Marg",Purnia,Maharashtra,273596,India,Home
5526,4095,"H.No. 28
Upadhyay",Faridabad,Assam,696667,India,Home
5527,4096,"H.No. 63, Sarna Nagar",Chapra,Chhattisgarh,797766,India,Home
5528,4096,"H.No. 027, Chandran Ganj",Kirari Suleman Nagar,Chhattisgarh,512558,India,Other
5529,4097,"99
Prakash Street",Shahjahanpur,Himachal Pradesh,211990,India,Home
5530,4098,"H.No. 36
Sarna",Gangtok,Jharkhand,774920,India,Home
5531,4099,"H.No. 318
Subramanian Street",Burhanpur,Odisha,191677,India,Home
5532,4099,"H.No. 866, Malhotra",Madanapalle,Haryana,283927,India,Other
5533,4100,"78/952, Varkey Chowk",Ramgarh,Andhra Pradesh,004512,India,Home
5534,4100,"91/67
Rama Zila",Shahjahanpur,Meghalaya,181107,India,Home
5535,4101,"H.No. 52, Varkey Chowk",Arrah,Tamil Nadu,271053,India,Home
5536,4102,"H.No. 98, Shetty Chowk",Moradabad,Kerala,797808,India,Home
5537,4103,"47/62
Ratti Path",Dehradun,Tripura,346178,India,Home
5538,4104,"71, Dugar Nagar",Tiruppur,Meghalaya,411894,India,Home
5539,4104,"H.No. 71
Iyengar Chowk",Kottayam,Himachal Pradesh,863824,India,Home
5540,4104,"87/16
Panchal Circle",Jabalpur,West Bengal,127731,India,Home
5541,4105,"815
Acharya",Nellore,Madhya Pradesh,291516,India,Home
5542,4106,"45/12, Nigam Circle",Jammu,Tripura,898179,India,Office
5543,4106,"H.No. 598, Dhar Chowk",Dehri,Telangana,430674,India,Office
5544,4107,"71, Keer Street",Kakinada,Tamil Nadu,968878,India,Office
5545,4107,"437
Mukherjee Street",Raebareli,Telangana,523563,India,Home
5546,4108,"H.No. 089
Halder Chowk",Tiruvottiyur,Telangana,130852,India,Home
5547,4109,"19
Karnik Path",Bhagalpur,Arunachal Pradesh,721871,India,Home
5548,4109,"34/578
Varghese Road",Tezpur,Odisha,413531,India,Other
5549,4110,"469, Swaminathan Street",Mango,Tripura,124710,India,Home
5550,4110,"H.No. 383, Kannan Ganj",Jodhpur,Goa,974452,India,Home
5551,4111,"69/662
Doctor Road",Panihati,Meghalaya,637883,India,Home
5552,4112,"066, Chauhan Chowk",Kurnool,Tamil Nadu,868943,India,Other
5553,4112,"36/45, Dora Road",Sambalpur,Rajasthan,481661,India,Home
5554,4113,"87/10
Gaba Circle",Dibrugarh,Rajasthan,924590,India,Home
5555,4113,"21
Padmanabhan Path",Patiala,Chhattisgarh,258885,India,Other
5556,4114,"H.No. 240, Kala Street",Chandrapur,Andhra Pradesh,909873,India,Other
5557,4115,"312, Sachdeva Path",Dharmavaram,Madhya Pradesh,489365,India,Home
5558,4115,"H.No. 57
Buch Nagar",Dehradun,Meghalaya,398745,India,Office
5559,4116,"641
Dewan Road",Ichalkaranji,Sikkim,181012,India,Other
5560,4117,"H.No. 210, Saha Chowk",Gandhinagar,Madhya Pradesh,205109,India,Home
5561,4118,"821, Pant Street",Karaikudi,Kerala,202981,India,Office
5562,4119,"H.No. 28, Korpal Ganj",Hosur,Telangana,578679,India,Home
5563,4120,"30/235
Venkataraman",Mumbai,Arunachal Pradesh,004683,India,Home
5564,4120,"415
Shan Nagar",Secunderabad,Goa,357019,India,Home
5565,4120,"50, Devan",Sambhal,Uttarakhand,152701,India,Home
5566,4121,"74/012, Samra",Erode,Himachal Pradesh,495476,India,Home
5567,4122,"H.No. 922
Setty Road",Dehradun,Bihar,258807,India,Home
5568,4123,"H.No. 292
Acharya Chowk",Dindigul,Tripura,661211,India,Office
5569,4123,"792, Chana Circle",Nagaon,Arunachal Pradesh,298358,India,Home
5570,4123,"H.No. 74
Das Road",Ramagundam,Andhra Pradesh,384288,India,Other
5571,4124,"511, Garg Path",Bangalore,Goa,528592,India,Home
5572,4125,"H.No. 46, Kala Ganj",Mysore,Assam,947011,India,Home
5573,4126,"396
Chada Ganj",Aligarh,Tamil Nadu,762378,India,Home
5574,4126,"H.No. 67
Garg Zila",Ranchi,Assam,743021,India,Home
5575,4126,"H.No. 663, Sarkar Street",Muzaffarpur,Odisha,894832,India,Home
5576,4127,"H.No. 64
Dass Zila",Bidar,Haryana,596832,India,Office
5577,4128,"317, Tandon Chowk",Bhiwani,Telangana,933546,India,Home
5578,4129,"55, Nagarajan Chowk",Motihari,Arunachal Pradesh,686609,India,Home
5579,4130,"85/075
Saini Marg",Jorhat,Madhya Pradesh,338841,India,Home
5580,4131,"17/958, Mahal Nagar",Vijayanagaram,Sikkim,035623,India,Home
5581,4132,"555, Chadha Chowk",Gudivada,Jharkhand,329514,India,Home
5582,4133,"47
Doctor Nagar",Kirari Suleman Nagar,Kerala,190424,India,Home
5583,4134,"62/416
Magar Chowk",Bally,Mizoram,839604,India,Home
5584,4134,"18/211, Dara Circle",Kadapa,Kerala,618799,India,Office
5585,4135,"440
Barad Marg",Tirupati,Meghalaya,229783,India,Home
5586,4136,"99/179, Golla Street",Bhimavaram,Nagaland,855327,India,Other
5587,4137,"77/055
Kade Nagar",Mysore,Nagaland,962476,India,Home
5588,4138,"59/053
Srivastava Road",Bahraich,Himachal Pradesh,510159,India,Home
5589,4139,"H.No. 55
Natt Road",Bhavnagar,Gujarat,179140,India,Home
5590,4140,"64/35, Borde Chowk",Aurangabad,Meghalaya,297272,India,Home
5591,4140,"945, Mani Path",Gangtok,Telangana,261424,India,Home
5592,4141,"39/41
Patla Chowk",Nanded,Gujarat,896126,India,Home
5593,4141,"H.No. 65
Chanda Path",Thrissur,Meghalaya,342382,India,Home
5594,4141,"92/56, Krishnan Path",Nadiad,Uttarakhand,768287,India,Home
5595,4142,"25/943
Korpal Chowk",Tezpur,Rajasthan,815808,India,Home
5596,4143,"94/76
Edwin Marg",Kamarhati,Nagaland,248863,India,Home
5597,4144,"92/216
Karan",Kumbakonam,Kerala,614326,India,Home
5598,4145,"768
Dube Circle",Meerut,Punjab,941229,India,Home
5599,4146,"47/034
Handa Circle",Dharmavaram,Uttar Pradesh,649928,India,Home
5600,4147,"H.No. 744, Lanka",Phagwara,Rajasthan,739211,India,Home
5601,4148,"H.No. 961, Shukla Circle",Ludhiana,Arunachal Pradesh,029271,India,Home
5602,4149,"909, Lalla Road",Pallavaram,Kerala,750461,India,Office
5603,4150,"24/714, Brahmbhatt Zila",Shimla,Gujarat,450676,India,Home
5604,4151,"H.No. 61, Sha Zila",Nadiad,Telangana,939110,India,Home
5605,4152,"97/395, Shankar Street",Alappuzha,Meghalaya,130450,India,Home
5606,4152,"44
Lanka Street",Loni,Haryana,390071,India,Home
5607,4153,"59, Bhalla Zila",Vasai-Virar,Mizoram,554969,India,Home
5608,4154,"H.No. 71
Sodhi Nagar",New Delhi,Tripura,955107,India,Home
5609,4155,"H.No. 45, Amble Chowk",Kumbakonam,Sikkim,921476,India,Other
5610,4156,"898, Grover",Akola,Nagaland,310846,India,Office
5611,4157,"59, Sahni Street",Jehanabad,Odisha,878885,India,Home
5612,4158,"18/89, Rajagopal Marg",Jalgaon,Manipur,850814,India,Home
5613,4159,"580
Aurora Circle",Morena,Odisha,633928,India,Home
5614,4160,"81/18, Garg Marg",Dhule,Nagaland,118038,India,Home
5615,4161,"H.No. 03
Rama Nagar",Machilipatnam,Rajasthan,575184,India,Home
5616,4161,"814, Bajaj",Sambhal,Madhya Pradesh,322581,India,Home
5617,4162,"H.No. 223
Tailor Chowk",Nagercoil,Arunachal Pradesh,495222,India,Office
5618,4163,"98/679
Dutta Road",Hyderabad,Kerala,927751,India,Home
5619,4163,"H.No. 937, Doshi Ganj",Rourkela,Odisha,402268,India,Home
5620,4164,"14/63, Narayan Path",Tenali,Rajasthan,654079,India,Office
5621,4165,"705, Choudhary Chowk",Ahmednagar,Uttarakhand,723566,India,Home
5622,4166,"57/832, Raghavan Zila",Ichalkaranji,Kerala,552013,India,Home
5623,4167,"057, Sidhu Ganj",Gangtok,Uttarakhand,020712,India,Home
5624,4168,"71
Chakrabarti",Navi Mumbai,Maharashtra,608282,India,Home
5625,4169,"92/726, Sharma Path",Bharatpur,Goa,276733,India,Home
5626,4170,"293, Mann Nagar",Mysore,Sikkim,160886,India,Home
5627,4171,"H.No. 649, Goda Road",Ajmer,Manipur,832524,India,Home
5628,4172,"53/17
Sane Street",Jodhpur,Kerala,671920,India,Home
5629,4173,"484, Comar Road",Rajkot,Rajasthan,443961,India,Office
5630,4174,"83, Murthy Zila",Mathura,Himachal Pradesh,726995,India,Home
5631,4175,"13/20, Virk Path",Kakinada,Tripura,485804,India,Home
5632,4175,"76/423, Reddy Ganj",Phusro,Andhra Pradesh,472008,India,Home
5633,4175,"12/57, Taneja Ganj",Jamshedpur,Arunachal Pradesh,673380,India,Home
5634,4176,"52
Sabharwal Path",Surat,Karnataka,343535,India,Home
5635,4177,"H.No. 02
Sule Marg",Ratlam,Haryana,557404,India,Home
5636,4178,"92/71
Basu Zila",Ongole,Odisha,879804,India,Home
5637,4179,"86/567, Patla Ganj",Dewas,Sikkim,012539,India,Office
5638,4180,"H.No. 32, Parekh Zila",Thiruvananthapuram,Uttarakhand,040245,India,Home
5639,4181,"19, Maharaj Road",Mira-Bhayandar,Mizoram,153389,India,Home
5640,4182,"H.No. 105
Dass Street",Gandhidham,Sikkim,349587,India,Office
5641,4182,"74
Kalla Road",Dhule,Goa,503246,India,Office
5642,4182,"81
Kar Chowk",Cuttack,Uttarakhand,571141,India,Home
5643,4183,"477
Varma Chowk",Saharanpur,Madhya Pradesh,979843,India,Home
5644,4183,"017
Chowdhury Zila",Bardhaman,Goa,081837,India,Office
5645,4184,"03, Ratta Road",Amravati,Manipur,236739,India,Home
5646,4185,"699
Das Marg",Suryapet,Manipur,017453,India,Home
5647,4186,"219, More Chowk",Jamnagar,Mizoram,316430,India,Home
5648,4186,"H.No. 90, Bora Zila",Pune,Goa,050253,India,Home
5649,4187,"044, Sarma Marg",Ozhukarai,Punjab,665455,India,Home
5650,4187,"H.No. 808, Nori Path",Bilaspur,Mizoram,348718,India,Home
5651,4188,"950, Bal Marg",Nashik,Punjab,527619,India,Home
5652,4189,"427, Kala Road",Vijayawada,Telangana,243504,India,Home
5653,4189,"H.No. 85, Ranganathan Ganj",Gwalior,Nagaland,924934,India,Home
5654,4189,"725
Sawhney Chowk",Surat,Maharashtra,855619,India,Home
5655,4190,"06/34, Oommen Street",Mahbubnagar,Meghalaya,262576,India,Home
5656,4191,"978, Mallick Street",Jamalpur,Chhattisgarh,553724,India,Home
5657,4192,"H.No. 092, Sachdev",Bhatpara,Nagaland,707718,India,Home
5658,4193,"H.No. 85, Gala Circle",Jaunpur,Odisha,562559,India,Home
5659,4194,"54, Lala Ganj",Surendranagar Dudhrej,Arunachal Pradesh,389391,India,Home
5660,4195,"811, Choudhary Nagar",Chandigarh,Haryana,520635,India,Home
5661,4195,"434
Balay Road",Jorhat,Odisha,217720,India,Home
5662,4196,"H.No. 47
Dey Street",Raebareli,Rajasthan,391172,India,Other
5663,4196,"37/51, Warrior",Sasaram,Tripura,048595,India,Home
5664,4197,"97/87, Prashad Street",Narasaraopet,West Bengal,971687,India,Home
5665,4197,"H.No. 41
Varty Zila",Panchkula,Madhya Pradesh,974949,India,Other
5666,4198,"91/617
Acharya Zila",Bahraich,Maharashtra,090157,India,Office
5667,4199,"04/523, Chaudhry Zila",Bardhaman,Sikkim,757467,India,Home
5668,4200,"54
Bhat Street",Burhanpur,Madhya Pradesh,507073,India,Home
5669,4200,"14/42, Bal Zila",Mumbai,Odisha,167443,India,Home
5670,4201,"19/353
Naidu Circle",Sagar,Andhra Pradesh,858893,India,Home
5671,4202,"35/246, Magar Street",Thane,Goa,770253,India,Home
5672,4202,"69/779, Badal Zila",Mira-Bhayandar,West Bengal,896958,India,Home
5673,4203,"51/749, Lata Zila",Ambarnath,Odisha,534605,India,Home
5674,4203,"H.No. 952, Sabharwal Ganj",Patiala,Meghalaya,534245,India,Office
5675,4204,"536, Padmanabhan Circle",Agartala,Uttar Pradesh,311459,India,Home
5676,4205,"20/77, Wable Nagar",Ghaziabad,Kerala,063516,India,Home
5677,4205,"84/14, Kulkarni Path",Faridabad,Telangana,860655,India,Home
5678,4206,"812, Wable Zila",Howrah,Meghalaya,673904,India,Home
5679,4207,"82, Kanda Road",Rewa,Uttarakhand,606302,India,Office
5680,4208,"36/68
Mane Street",Kharagpur,Tripura,834661,India,Home
5681,4208,"49, Karan Path",Sambhal,Manipur,644331,India,Home
5682,4209,"H.No. 47, Rai Path",Suryapet,Andhra Pradesh,793762,India,Other
5683,4210,"H.No. 14, Yohannan Zila",Meerut,Tripura,507853,India,Home
5684,4211,"350
Arora Street",Morena,Telangana,382781,India,Home
5685,4212,"96
Purohit Chowk",Vijayawada,Jharkhand,864887,India,Home
5686,4212,"38/129
Prashad Road",Pallavaram,West Bengal,024912,India,Home
5687,4213,"90
Peri Street",Deoghar,Assam,640174,India,Office
5688,4214,"01/30, Sule Street",Thiruvananthapuram,Goa,671467,India,Office
5689,4215,"128, Chad Marg",Ajmer,Bihar,752528,India,Office
5690,4215,"863
Dhar Street",Madurai,Meghalaya,507578,India,Home
5691,4215,"H.No. 79, Madan",Kozhikode,Tripura,428879,India,Home
5692,4216,"H.No. 532
Varkey Marg",Vijayanagaram,Manipur,168618,India,Home
5693,4216,"47/622, Chadha Street",Malda,Sikkim,195266,India,Office
5694,4217,"306
Sethi Chowk",Udupi,West Bengal,447556,India,Home
5695,4217,"H.No. 42, Sundaram Chowk",Kishanganj,Tripura,516877,India,Home
5696,4218,"H.No. 184, Mand Circle",Chinsurah,Jharkhand,356761,India,Home
5697,4219,"H.No. 64, Nadig Nagar",Rajpur Sonarpur,Jharkhand,225386,India,Home
5698,4219,"81/731, Karan Road",Udupi,Uttarakhand,206818,India,Office
5699,4220,"91, Krishna Street",Navi Mumbai,Sikkim,738872,India,Office
5700,4221,"00/243
Kurian Street",Tiruvottiyur,Arunachal Pradesh,911380,India,Home
5701,4221,"81/379, Doctor Chowk",Coimbatore,Manipur,226548,India,Home
5702,4222,"H.No. 010
Bhatnagar Street",Muzaffarnagar,Sikkim,407814,India,Other
5703,4223,"63, Swamy Street",Tezpur,Gujarat,875535,India,Home
5704,4224,"78/79
Sarin",Kozhikode,Haryana,642974,India,Home
5705,4225,"441, Palla Chowk",Kavali,Tamil Nadu,775362,India,Home
5706,4226,"H.No. 273, Bhatnagar Path",Gandhidham,Uttar Pradesh,247567,India,Office
5707,4227,"77/021, Subramaniam Road",Karimnagar,West Bengal,014823,India,Home
5708,4227,"79/931
Luthra Circle",Gandhidham,Karnataka,317067,India,Home
5709,4228,"76, Ramanathan Nagar",Saharsa,Telangana,992863,India,Home
5710,4229,"25/39, Bahl Nagar",Shimoga,Haryana,670404,India,Office
5711,4230,"240, Saran Marg",Jaipur,Tripura,406462,India,Home
5712,4230,"86/63
Apte Circle",Kurnool,Gujarat,375878,India,Home
5713,4231,"76, Sarraf Chowk",Panvel,Haryana,312978,India,Home
5714,4232,"H.No. 29
Lalla Marg",Giridih,Nagaland,113955,India,Home
5715,4233,"405
Brar Road",Udaipur,Karnataka,808178,India,Home
5716,4233,"77/28
Shan Circle",Bhiwani,Andhra Pradesh,110353,India,Home
5717,4234,"39/95
Naik Street",Faridabad,Andhra Pradesh,318009,India,Home
5718,4234,"316
Palan Marg",Bidhannagar,Gujarat,010380,India,Home
5719,4235,"19, Tella Path",Kollam,Andhra Pradesh,924418,India,Home
5720,4236,"482, Ghose Street",Surendranagar Dudhrej,Assam,515152,India,Home
5721,4237,"H.No. 89
Virk Path",Tiruchirappalli,Assam,902138,India,Home
5722,4238,"61/18
Mohan Ganj",Pondicherry,Chhattisgarh,129042,India,Home
5723,4239,"H.No. 827
Raja Road",Phagwara,Mizoram,644337,India,Office
5724,4240,"H.No. 900, Balay",Akola,Punjab,390410,India,Home
5725,4241,"H.No. 633
Mand Zila",Singrauli,Meghalaya,009164,India,Home
5726,4242,"H.No. 915
Parekh Circle",Agra,Mizoram,746319,India,Home
5727,4243,"H.No. 23
Dave Marg",Narasaraopet,Andhra Pradesh,616543,India,Office
5728,4243,"H.No. 12
Kar Marg",Gurgaon,Goa,763459,India,Home
5729,4244,"635
Natarajan Ganj",Rourkela,Manipur,480766,India,Home
5730,4244,"H.No. 965
Pant Road",Ratlam,Himachal Pradesh,951764,India,Office
5731,4245,"H.No. 93, Srinivasan Street",Begusarai,Himachal Pradesh,610059,India,Home
5732,4245,"27/06
Barad",Gorakhpur,Gujarat,972858,India,Home
5733,4245,"082, Rau Nagar",Munger,Andhra Pradesh,883685,India,Office
5734,4246,"60/15
Anand Circle",Sambalpur,Punjab,988186,India,Home
5735,4246,"50
Mistry Road",Gopalpur,Rajasthan,077207,India,Home
5736,4247,"827, Walia Ganj",Adoni,Tripura,377476,India,Home
5737,4248,"H.No. 451, Patil Nagar",Morbi,Nagaland,986005,India,Home
5738,4249,"518
Saran Circle",Etawah,Kerala,778843,India,Home
5739,4249,"09/181
Wadhwa Road",Ozhukarai,Arunachal Pradesh,652879,India,Home
5740,4250,"H.No. 97, Agrawal Ganj",Mango,Meghalaya,088130,India,Home
5741,4251,"54
Bahri Zila",Panihati,Bihar,996213,India,Office
5742,4252,"816, Chad Path",Mira-Bhayandar,Rajasthan,329429,India,Home
5743,4253,"40/64, Jha Path",Bongaigaon,Jharkhand,247994,India,Office
5744,4253,"73/57, Yadav Zila",Kadapa,Kerala,323195,India,Home
5745,4254,"154, Sastry Circle",Kalyan-Dombivli,Mizoram,467409,India,Home
5746,4254,"61/435, Kota Marg",Nagpur,Nagaland,321115,India,Home
5747,4255,"24/86, Chaudhari Zila",Vijayawada,Maharashtra,555788,India,Office
5748,4255,"H.No. 457
Srinivas Road",Hapur,Kerala,857671,India,Home
5749,4256,"447
Sekhon Chowk",Kollam,Assam,975753,India,Home
5750,4256,"45/370, Madan Chowk",Navi Mumbai,Gujarat,439692,India,Other
5751,4257,"H.No. 928
Shroff Street",Agra,Manipur,047570,India,Home
5752,4257,"H.No. 14
Tandon Zila",Anantapur,Andhra Pradesh,159593,India,Home
5753,4258,"57/19, Nagarajan Chowk",Rewa,Himachal Pradesh,785894,India,Home
5754,4259,"976
Chacko Street",Kottayam,Odisha,485420,India,Home
5755,4259,"81/395
Arora Zila",Pallavaram,Manipur,867308,India,Home
5756,4260,"62/623
Gole",Chandigarh,Kerala,340174,India,Home
5757,4261,"H.No. 364
Dave Zila",Agartala,Bihar,081648,India,Home
5758,4262,"73/978
Murthy Marg",Hospet,Odisha,852527,India,Office
5759,4263,"70/465
Chana Chowk",Kamarhati,West Bengal,715787,India,Home
5760,4263,"30/60, Bumb Circle",Pune,Punjab,829635,India,Home
5761,4263,"32/587
Vig Circle",Kanpur,Telangana,212446,India,Office
5762,4264,"H.No. 616
Loyal Marg",Jehanabad,Jharkhand,074139,India,Home
5763,4264,"45/422, Sinha Circle",Bhagalpur,Telangana,762961,India,Office
5764,4265,"71/396, Hari Nagar",Coimbatore,Maharashtra,224165,India,Home
5765,4266,"38
Arora Marg",Junagadh,Assam,621756,India,Home
5766,4267,"92, Kapoor Ganj",Shahjahanpur,Assam,467677,India,Home
5767,4267,"98, Bahri Circle",Ambala,Jharkhand,848515,India,Home
5768,4268,"81/32
Bhatt Street",Anantapuram,Odisha,432990,India,Home
5769,4269,"536, Muni Zila",Korba,Uttarakhand,515895,India,Office
5770,4270,"78, Master Ganj",Tumkur,West Bengal,650463,India,Home
5771,4270,"82/326, Yadav Marg",Motihari,Madhya Pradesh,315271,India,Home
5772,4270,"67
Sant Road",Gulbarga,Uttar Pradesh,356609,India,Home
5773,4271,"H.No. 69
Pingle Chowk",Dhanbad,Arunachal Pradesh,796262,India,Home
5774,4272,"89
Ray Chowk",Gandhinagar,Rajasthan,968981,India,Home
5775,4273,"10/87, Sura Zila",Tinsukia,Chhattisgarh,565886,India,Office
5776,4273,"263, Solanki Road",Panipat,Sikkim,136317,India,Office
5777,4274,"26
Char Nagar",Karimnagar,Uttar Pradesh,841708,India,Other
5778,4275,"H.No. 145
Rout Nagar",Proddatur,Andhra Pradesh,695755,India,Home
5779,4276,"666
Kumar Marg",Khammam,West Bengal,709919,India,Home
5780,4276,"98, Palan Road",Surendranagar Dudhrej,Himachal Pradesh,881804,India,Home
5781,4277,"H.No. 956, Mishra Ganj",Bathinda,Haryana,217841,India,Home
5782,4278,"H.No. 661
Patil Chowk",Maheshtala,West Bengal,364396,India,Home
5783,4279,"H.No. 976, Ben Road",Mahbubnagar,West Bengal,272751,India,Home
5784,4280,"21/454
Verma Chowk",Khandwa,Mizoram,552086,India,Home
5785,4281,"H.No. 766, Luthra",Srinagar,Manipur,001889,India,Home
5786,4282,"57
Ranganathan Circle",Rajkot,Mizoram,816360,India,Home
5787,4283,"H.No. 962, Sami Circle",Dhanbad,Himachal Pradesh,099975,India,Home
5788,4284,"H.No. 618
Char Path",Sasaram,Mizoram,204378,India,Office
5789,4285,"58/141, Yohannan Nagar",Munger,Tripura,257569,India,Home
5790,4286,"82, Lanka Ganj",Bettiah,Sikkim,487340,India,Office
5791,4286,"17
Viswanathan",Malda,Karnataka,946343,India,Home
5792,4287,"H.No. 20, Grewal Circle",Danapur,Arunachal Pradesh,982516,India,Home
5793,4288,"16/72, Puri Chowk",Panipat,Assam,012834,India,Home
5794,4289,"20/73
Bajaj Zila",Shivpuri,West Bengal,890537,India,Home
5795,4290,"98/51
Rana",Jamnagar,Nagaland,454064,India,Home
5796,4290,"68
Singhal",Rajpur Sonarpur,Chhattisgarh,848195,India,Home
5797,4291,"H.No. 015, Rama",Nagercoil,Himachal Pradesh,989320,India,Home
5798,4292,"59, Mutti Path",Muzaffarpur,Madhya Pradesh,264377,India,Other
5799,4293,"H.No. 78, Kashyap",Ranchi,Gujarat,262178,India,Home
5800,4294,"31/44, Sengupta Circle",Bhind,Madhya Pradesh,257260,India,Home
5801,4295,"H.No. 90
Deshmukh",Jalgaon,Tripura,803909,India,Home
5802,4295,"535, Krish Street",Begusarai,Uttarakhand,712449,India,Other
5803,4296,"87
Sant Street",Bulandshahr,Karnataka,052843,India,Home
5804,4297,"H.No. 43, Doctor Road",Gurgaon,Himachal Pradesh,220394,India,Home
5805,4298,"H.No. 33, Wason Zila",Durg,Haryana,826259,India,Home
5806,4299,"H.No. 83
Nath Circle",Hubli–Dharwad,Jharkhand,795767,India,Home
5807,4300,"H.No. 244
Bose Nagar",Tumkur,Gujarat,054880,India,Home
5808,4300,"21, Verma Chowk",Karaikudi,Jharkhand,150568,India,Home
5809,4301,"60/74, Narula Circle",Tezpur,Mizoram,755422,India,Home
5810,4302,"24/72, Walia Nagar",Bhind,Goa,552589,India,Home
5811,4302,"42/59, Goswami Marg",Amroha,Jharkhand,112139,India,Home
5812,4303,"H.No. 167
Sathe Ganj",Mahbubnagar,Meghalaya,220215,India,Home
5813,4304,"H.No. 23
Kaur Circle",Raiganj,Karnataka,374027,India,Home
5814,4305,"20, Dhaliwal",Gandhidham,Karnataka,589552,India,Home
5815,4306,"H.No. 451, Edwin Road",Machilipatnam,Odisha,371099,India,Home
5816,4307,"H.No. 12
Patla Road",Siwan,Nagaland,911129,India,Office
5817,4308,"74/26, Madan",Madurai,Tripura,723466,India,Office
5818,4308,"809, Das Nagar",Salem,Meghalaya,871803,India,Office
5819,4309,"134
Dua Chowk",Aurangabad,Arunachal Pradesh,287171,India,Office
5820,4310,"06
Contractor Chowk",Katihar,West Bengal,532010,India,Office
5821,4311,"35/583
Bajwa Zila",Jalgaon,Assam,889169,India,Home
5822,4312,"H.No. 496
Sachdev Ganj",Lucknow,Nagaland,903118,India,Home
5823,4312,"H.No. 909
Raval Zila",Kharagpur,Maharashtra,085624,India,Home
5824,4313,"H.No. 53
Chahal Circle",Tadepalligudem,Arunachal Pradesh,298565,India,Home
5825,4314,"H.No. 379
Dyal Chowk",North Dumdum,Uttarakhand,581430,India,Home
5826,4314,"459, Dugal",Darbhanga,Tripura,621678,India,Office
5827,4315,"H.No. 57
Ahluwalia Marg",Dibrugarh,Meghalaya,763902,India,Home
5828,4315,"H.No. 08
Chandra Street",Chapra,Kerala,645996,India,Home
5829,4316,"H.No. 887, Wali Zila",Kavali,Mizoram,351960,India,Home
5830,4317,"60/50
Pandya Path",Dewas,Sikkim,912251,India,Home
5831,4318,"53
Barman Circle",Karimnagar,Nagaland,902891,India,Office
5832,4318,"H.No. 11, Shroff Nagar",Dharmavaram,Gujarat,258404,India,Home
5833,4319,"93/373, Rajagopal Street",Miryalaguda,Uttarakhand,828723,India,Office
5834,4320,"56
Pillai Marg",Bettiah,Maharashtra,026369,India,Home
5835,4320,"00/04
Chand Circle",Proddatur,West Bengal,841651,India,Home
5836,4320,"39, Jaggi",Phusro,Manipur,308689,India,Home
5837,4321,"77/70, Grover Road",Bhilai,Odisha,290306,India,Home
5838,4322,"94
Tak Path",Raipur,Jharkhand,187365,India,Home
5839,4323,"H.No. 85, Khare Road",Naihati,Odisha,021348,India,Office
5840,4324,"H.No. 246, Hora Ganj",Bokaro,Mizoram,287353,India,Home
5841,4324,"H.No. 173
Borah Chowk",Tinsukia,Jharkhand,875862,India,Home
5842,4325,"43
Chandran Ganj",Vijayanagaram,Himachal Pradesh,896105,India,Home
5843,4326,"60/743, Walla Ganj",Tadipatri,Andhra Pradesh,504331,India,Home
5844,4327,"99/988
Ahuja Chowk",Machilipatnam,Chhattisgarh,593368,India,Home
5845,4328,"H.No. 116, Sachdev Nagar",Gwalior,Madhya Pradesh,813576,India,Other
5846,4329,"H.No. 197, Garde",Ambala,Haryana,608874,India,Office
5847,4330,"518
Sandhu Chowk",Kadapa,Karnataka,772679,India,Home
5848,4331,"H.No. 355
Barman Circle",Bellary,Gujarat,557597,India,Home
5849,4331,"87/69
Bassi Chowk",South Dumdum,Goa,244589,India,Home
5850,4332,"370, Luthra Street",Ulhasnagar,Himachal Pradesh,879878,India,Home
5851,4333,"28/68
Tak Marg",Rohtak,Odisha,696801,India,Office
5852,4334,"98/851
Bobal Nagar",Deoghar,Tripura,252640,India,Office
5853,4335,"H.No. 795
Deshmukh Circle",Phagwara,Bihar,595214,India,Home
5854,4336,"097
Chaudry Path",Fatehpur,Maharashtra,400720,India,Home
5855,4337,"258, Sekhon Path",Katihar,Goa,971215,India,Home
5856,4338,"55/04
Ramesh Circle",Ramagundam,Tripura,509421,India,Home
5857,4339,"92/177
Sethi Marg",Pallavaram,Assam,593006,India,Home
5858,4339,"77/894, Kumer Road",Chandigarh,Sikkim,030368,India,Home
5859,4340,"391
Natarajan Zila",Kurnool,West Bengal,131348,India,Home
5860,4340,"H.No. 22
Magar Chowk",Khammam,Chhattisgarh,143984,India,Home
5861,4341,"H.No. 048, Anne Circle",Farrukhabad,Himachal Pradesh,192763,India,Home
5862,4342,"86/282
Balakrishnan Path",Durgapur,Himachal Pradesh,452999,India,Office
5863,4343,"H.No. 30, Luthra Nagar",Vellore,Gujarat,984759,India,Home
5864,4344,"H.No. 865
Choudhary Marg",Lucknow,Uttarakhand,544060,India,Home
5865,4345,"H.No. 32, Singhal Path",Jorhat,Uttar Pradesh,971210,India,Home
5866,4346,"83/57
Konda Chowk",Miryalaguda,Gujarat,127083,India,Home
5867,4347,"H.No. 73
Sem Nagar",Vasai-Virar,Arunachal Pradesh,529657,India,Home
5868,4348,"73/34, Sen Zila",Bangalore,Kerala,465784,India,Home
5869,4348,"62
Chauhan Chowk",Rajkot,Chhattisgarh,013265,India,Home
5870,4349,"33, Sengupta",Faridabad,Haryana,523355,India,Home
5871,4349,"92/08
Sheth Marg",Visakhapatnam,Bihar,344365,India,Home
5872,4350,"H.No. 32, Sama Chowk",Tadepalligudem,Karnataka,851423,India,Home
5873,4350,"H.No. 485
Chaudhuri Path",Kota,Uttarakhand,843661,India,Home
5874,4351,"588, Mahal Circle",Kumbakonam,Manipur,029759,India,Home
5875,4352,"H.No. 111, Chauhan Circle",Bhopal,Kerala,858930,India,Home
5876,4352,"H.No. 079, Baria Zila",Kumbakonam,Odisha,874563,India,Home
5877,4352,"37
Khatri Street",Vadodara,Odisha,063386,India,Home
5878,4353,"02, Din Street",Darbhanga,Sikkim,178277,India,Office
5879,4353,"H.No. 501, Kashyap Circle",Raichur,Tamil Nadu,121383,India,Home
5880,4354,"33/93, Mangal Ganj",Asansol,Goa,424001,India,Office
5881,4355,"H.No. 25
Chaudhry",Firozabad,Meghalaya,833367,India,Office
5882,4356,"62, Badami Circle",Vellore,Andhra Pradesh,244084,India,Home
5883,4357,"10
Dhar Nagar",Mau,Telangana,898687,India,Home
5884,4358,"11/64
Bawa",Farrukhabad,Uttar Pradesh,896653,India,Home
5885,4358,"76/307
Sethi Street",Kirari Suleman Nagar,Tripura,731829,India,Home
5886,4359,"133, Raghavan Circle",Sultan Pur Majra,Odisha,746222,India,Other
5887,4360,"H.No. 44, Koshy Marg",Thiruvananthapuram,Tripura,669197,India,Home
5888,4361,"63/30
Mani Street",Satara,Tripura,496794,India,Home
5889,4361,"16
Prabhu Chowk",Chapra,Sikkim,856483,India,Home
5890,4362,"88/90, Bumb Circle",Imphal,Arunachal Pradesh,403356,India,Home
5891,4363,"40, Pandit Circle",Imphal,Assam,957228,India,Home
5892,4364,"05, Saini",Anantapur,Chhattisgarh,716977,India,Home
5893,4364,"76/73, Modi Zila",Bhatpara,Himachal Pradesh,956050,India,Home
5894,4365,"H.No. 651, Sethi Path",Nagpur,Goa,190536,India,Home
5895,4366,"39, Kothari Marg",Chinsurah,Punjab,536256,India,Home
5896,4367,"H.No. 48
Bhagat Zila",Moradabad,Meghalaya,782117,India,Home
5897,4367,"H.No. 39
Saraf",Tenali,Manipur,247507,India,Home
5898,4368,"972, Soni Path",Latur,Chhattisgarh,875428,India,Office
5899,4369,"H.No. 567, Biswas Road",Phusro,Jharkhand,050448,India,Home
5900,4370,"17/30, Ramaswamy Nagar",Karawal Nagar,Nagaland,970415,India,Home
5901,4370,"H.No. 29
Lanka",Siliguri,Assam,966829,India,Home
5902,4371,"30, Krish Chowk",Sultan Pur Majra,Arunachal Pradesh,348567,India,Office
5903,4371,"49/90
Sridhar Nagar",Gudivada,Odisha,757927,India,Home
5904,4372,"85/531, Ramesh Marg",Pimpri-Chinchwad,Jharkhand,448466,India,Home
5905,4373,"17/716, Khalsa Street",South Dumdum,Uttar Pradesh,829813,India,Home
5906,4373,"H.No. 272, Srinivasan Path",Dehradun,Goa,255483,India,Home
5907,4374,"H.No. 22, Kale",Bhubaneswar,Bihar,968514,India,Home
5908,4375,"H.No. 854
Brahmbhatt",Ramagundam,Telangana,680015,India,Office
5909,4376,"143
Shenoy Chowk",Kota,Jharkhand,892044,India,Home
5910,4377,"585
Chand Street",Faridabad,Bihar,992077,India,Home
5911,4377,"H.No. 77, Singh Street",Nellore,Haryana,565732,India,Home
5912,4378,"01
Varghese Street",Tiruvottiyur,Goa,933894,India,Home
5913,4379,"26/970
Gopal Chowk",Hyderabad,Nagaland,333816,India,Home
5914,4380,"50/783
Vyas Circle",Hapur,Kerala,354665,India,Home
5915,4381,"897, Kapur Path",Pudukkottai,Uttar Pradesh,886010,India,Home
5916,4381,"H.No. 69, Ganesan Circle",Bhusawal,Telangana,146898,India,Home
5917,4381,"32/775
Babu Road",Arrah,Kerala,834840,India,Office
5918,4382,"28, Nair",Ichalkaranji,Jharkhand,792897,India,Office
5919,4382,"26/89, Dash Circle",Mysore,Bihar,885339,India,Home
5920,4383,"57/86, Badami Path",Mira-Bhayandar,Karnataka,308000,India,Home
5921,4384,"810, Mahajan Chowk",Akola,Maharashtra,091031,India,Office
5922,4385,"07/29, Mitter",Bidhannagar,Himachal Pradesh,226964,India,Home
5923,4385,"63, Ramachandran Circle",Chandigarh,Mizoram,345554,India,Home
5924,4386,"H.No. 607
Bhagat Circle",Bijapur,Andhra Pradesh,129899,India,Home
5925,4387,"01/17
Dhawan Marg",Thanjavur,Mizoram,314503,India,Home
5926,4387,"H.No. 523, Gara Path",Thiruvananthapuram,Tripura,208127,India,Office
5927,4387,"93/91
Ben",Jalandhar,Assam,840172,India,Office
5928,4388,"H.No. 46, Sur Chowk",Ujjain,Tripura,890826,India,Home
5929,4388,"H.No. 42, Gole Ganj",Gudivada,Maharashtra,491981,India,Home
5930,4389,"H.No. 015
Comar",Sultan Pur Majra,Andhra Pradesh,443478,India,Home
5931,4390,"H.No. 738, D’Alia",Mirzapur,Kerala,564202,India,Office
5932,4391,"H.No. 64
Virk Street",Amaravati,Uttarakhand,252924,India,Home
5933,4391,"09/042, Wali Path",Muzaffarpur,Goa,378077,India,Home
5934,4392,"441, Rastogi Road",Maheshtala,Goa,884593,India,Home
5935,4392,"H.No. 06, Sura",Bettiah,Tamil Nadu,257249,India,Home
5936,4392,"H.No. 98, Sahni Chowk",Jaipur,Tripura,696469,India,Home
5937,4393,"H.No. 644, Keer Street",Bangalore,Assam,155105,India,Home
5938,4394,"75, Varma Chowk",Gwalior,Rajasthan,358766,India,Office
5939,4395,"90, Chada",Srikakulam,Maharashtra,236253,India,Home
5940,4396,"63/07
Dar Nagar",Amravati,Sikkim,889780,India,Home
5941,4397,"231, Mohan Marg",Deoghar,Madhya Pradesh,917058,India,Office
5942,4397,"071, Sahota Road",Gorakhpur,Arunachal Pradesh,872441,India,Office
5943,4398,"13/973, Kakar Nagar",Ghaziabad,Kerala,968146,India,Office
5944,4399,"H.No. 764, Divan Ganj",Tiruppur,Bihar,243822,India,Home
5945,4400,"42/951
Khosla Path",Bareilly,Arunachal Pradesh,409752,India,Home
5946,4401,"H.No. 665
Kalita Road",Navi Mumbai,Haryana,963774,India,Home
5947,4402,"19/422, Parmar Circle",Akola,Arunachal Pradesh,330062,India,Office
5948,4403,"H.No. 504, Dewan Chowk",Unnao,Gujarat,573465,India,Home
5949,4404,"67/499, Varughese Circle",Sonipat,Telangana,991773,India,Home
5950,4405,"60
Gandhi Marg",Kavali,Gujarat,724574,India,Home
5951,4405,"H.No. 539
Randhawa Marg",Hajipur,Tripura,048994,India,Office
5952,4406,"18/514, Sandal",Jammu,Madhya Pradesh,561891,India,Home
5953,4407,"H.No. 93, Raja Zila",Arrah,Karnataka,310938,India,Home
5954,4408,"56/37, Solanki",Silchar,Tripura,898801,India,Office
5955,4409,"231
Dayal Road",Navi Mumbai,Sikkim,534044,India,Other
5956,4409,"40/721
Dasgupta Zila",Imphal,Odisha,679561,India,Home
5957,4410,"935, Bassi Ganj",Ballia,Gujarat,339597,India,Home
5958,4411,"78
Sule",Kharagpur,Bihar,765149,India,Home
5959,4412,"H.No. 10, Rout Nagar",Surat,Uttarakhand,181366,India,Home
5960,4413,"H.No. 666, Amble Zila",Thane,Assam,745188,India,Home
5961,4414,"H.No. 77, Bobal Ganj",Aligarh,Assam,600308,India,Home
5962,4414,"73/70
Contractor Marg",Alwar,Karnataka,519513,India,Office
5963,4415,"266, Basak Path",Bhilai,Meghalaya,569490,India,Office
5964,4415,"H.No. 78
Maharaj Circle",Kochi,Himachal Pradesh,512004,India,Office
5965,4415,"15/828
Kant Road",Ozhukarai,Maharashtra,869744,India,Home
5966,4416,"H.No. 278, Chatterjee",Jaunpur,Telangana,561851,India,Home
5967,4417,"H.No. 540, Trivedi Road",Bijapur,Kerala,682541,India,Office
5968,4417,"21/460, Soman Chowk",Kishanganj,Uttarakhand,393957,India,Home
5969,4418,"65
Oak Nagar",Panchkula,Madhya Pradesh,445313,India,Other
5970,4418,"82
Sane Ganj",Shimla,Telangana,237405,India,Home
5971,4419,"17, Srivastava Path",Sangli-Miraj & Kupwad,Chhattisgarh,613814,India,Home
5972,4419,"H.No. 028, Kibe Chowk",Kolkata,Gujarat,275629,India,Office
5973,4420,"242
Kapadia",Haldia,Manipur,520826,India,Home
5974,4421,"59, Cherian Circle",Bellary,Assam,601240,India,Home
5975,4421,"03, Anand Marg",Nandyal,Mizoram,575849,India,Home
5976,4422,"H.No. 52
Biswas Circle",Ballia,Gujarat,993896,India,Office
5977,4423,"H.No. 52, Chander Ganj",New Delhi,West Bengal,862685,India,Home
5978,4424,"850, Luthra Road",Dhanbad,Bihar,163290,India,Office
5979,4424,"H.No. 421, Yadav",Hindupur,Madhya Pradesh,733125,India,Home
5980,4425,"61/420
Date Marg",Bilaspur,Tripura,249988,India,Home
5981,4426,"42/171, Nagi Zila",Saharanpur,Gujarat,284152,India,Other
5982,4426,"65
Golla Path",Kulti,Tripura,425475,India,Home
5983,4427,"62
Goel Road",Aligarh,Mizoram,528828,India,Home
5984,4428,"02, Deo Marg",Satna,Nagaland,224316,India,Office
5985,4429,"083
Varty Circle",Haldia,Assam,862265,India,Home
5986,4429,"40/66, Kurian",Khammam,Arunachal Pradesh,562975,India,Home
5987,4430,"33/84
Saran Zila",Raipur,Punjab,155388,India,Home
5988,4431,"97
Khare Path",Madhyamgram,Gujarat,592766,India,Office
5989,4432,"H.No. 317, Dara Marg",Orai,Telangana,504870,India,Home
5990,4432,"840
Arora Zila",Bhind,Telangana,454056,India,Office
5991,4433,"018, Jhaveri Chowk",Siwan,Uttarakhand,658090,India,Office
5992,4434,"38/053
Saini Road",Bhopal,Tripura,240307,India,Home
5993,4434,"30/885, Goyal Road",Tirupati,Tripura,763895,India,Office
5994,4435,"H.No. 897
Ranganathan Ganj",Jalna,Meghalaya,460110,India,Office
5995,4436,"990
Sami Zila",Raichur,Mizoram,514600,India,Home
5996,4437,"H.No. 30, Patel Nagar",Thane,Haryana,499195,India,Home
5997,4438,"H.No. 177
Parmer Road",Nellore,Karnataka,492530,India,Office
5998,4439,"13/55
Gole Zila",Bally,Andhra Pradesh,893875,India,Home
5999,4440,"86/80
Ravi Marg",Bally,Gujarat,673875,India,Office
6000,4441,"787, Ramachandran Ganj",Bareilly,Nagaland,817745,India,Home
6001,4441,"48/91
Saini Zila",Vasai-Virar,Meghalaya,474221,India,Home
6002,4442,"H.No. 31, Agarwal Path",Ranchi,Meghalaya,020234,India,Other
6003,4442,"H.No. 09, Butala Marg",Surat,Haryana,289818,India,Office
6004,4443,"840, Sheth Nagar",Vijayanagaram,West Bengal,132419,India,Home
6005,4443,"H.No. 022, Chatterjee Path",Rajahmundry,Gujarat,534210,India,Home
6006,4444,"H.No. 89
Bobal Zila",Bhilai,Arunachal Pradesh,052703,India,Home
6007,4445,"H.No. 18
Mohan Road",Dewas,Gujarat,755405,India,Home
6008,4446,"58/644
Dhawan Path",Baranagar,Madhya Pradesh,072313,India,Home
6009,4447,"H.No. 916
Varma Street",Panipat,Nagaland,575314,India,Home
6010,4448,"10/26, Kaur Street",Dhule,Chhattisgarh,193002,India,Home
6011,4449,"90, Memon Marg",Dhule,West Bengal,800817,India,Home
6012,4450,"H.No. 11
Barman Chowk",Sangli-Miraj & Kupwad,Telangana,089466,India,Home
6013,4451,"981
Shenoy",Sri Ganganagar,Mizoram,341765,India,Office
6014,4452,"602, Buch",Jaipur,Kerala,271981,India,Home
6015,4453,"84/46, Deshmukh Path",Dehri,Nagaland,652343,India,Home
6016,4454,"H.No. 06, Datta Ganj",Ulhasnagar,Odisha,691035,India,Office
6017,4455,"H.No. 15, Menon Road",Udupi,Tamil Nadu,818501,India,Home
6018,4455,"H.No. 838, Garg",Jabalpur,Maharashtra,470165,India,Other
6019,4456,"H.No. 838
Deo Road",Gurgaon,Uttar Pradesh,176197,India,Home
6020,4457,"H.No. 141, Chandran Zila",Udupi,Jharkhand,567985,India,Home
6021,4458,"H.No. 90
Ramakrishnan Chowk",Siwan,Jharkhand,421163,India,Home
6022,4459,"H.No. 01, Rastogi Marg",Thrissur,Bihar,933736,India,Home
6023,4460,"98, Lala Road",Serampore,Nagaland,448531,India,Home
6024,4460,"H.No. 17, Chhabra Path",Jalna,Tripura,046400,India,Office
6025,4461,"49/133, Bedi Chowk",Kirari Suleman Nagar,West Bengal,621631,India,Home
6026,4462,"76
Pandey Zila",Tumkur,West Bengal,551364,India,Home
6027,4463,"01/694, Dey Path",Gandhidham,Rajasthan,434701,India,Office
6028,4464,"27/91
Gaba Nagar",Tadepalligudem,West Bengal,428906,India,Home
6029,4464,"04/63
Mander Marg",Ghaziabad,Himachal Pradesh,979697,India,Office
6030,4465,"15/760
Sura Marg",Surat,Tripura,280024,India,Home
6031,4466,"H.No. 810, Toor Nagar",Bharatpur,Tamil Nadu,343659,India,Home
6032,4467,"02
Dasgupta Circle",Udaipur,Sikkim,659567,India,Office
6033,4468,"H.No. 468
Sengupta Path",Gangtok,Jharkhand,288250,India,Home
6034,4469,"678, Dubey Nagar",Kirari Suleman Nagar,Gujarat,587977,India,Office
6035,4470,"89/87, Nigam Street",Ballia,West Bengal,746863,India,Home
6036,4471,"05/537
Thakur Street",Hajipur,Gujarat,134036,India,Home
6037,4472,"37, Buch Chowk",Nashik,Madhya Pradesh,380649,India,Home
6038,4473,"H.No. 288, Tailor Nagar",Jhansi,Nagaland,040479,India,Home
6039,4473,"16/123
Prabhu Marg",Panvel,Punjab,933575,India,Home
6040,4474,"H.No. 45
Edwin Circle",Malda,Himachal Pradesh,377204,India,Home
6041,4475,"34/53, Kar Nagar",Kota,Odisha,687871,India,Office
6042,4475,"50/38, Loyal Path",Thiruvananthapuram,Maharashtra,581932,India,Home
6043,4476,"66/72, Sandal Zila",Satara,Sikkim,857884,India,Office
6044,4476,"H.No. 75, Pandit Circle",Motihari,Arunachal Pradesh,105726,India,Office
6045,4477,"846
Nair Zila",Pondicherry,Jharkhand,910510,India,Home
6046,4478,"H.No. 68
Radhakrishnan Circle",Sambalpur,Mizoram,265599,India,Home
6047,4479,"129, Koshy",Raurkela Industrial Township,Goa,005166,India,Home
6048,4480,"343
Maharaj Zila",Sonipat,Telangana,499816,India,Office
6049,4481,"84/624
Dani Ganj",Kollam,Karnataka,034114,India,Office
6050,4482,"595
Chaudry Road",Orai,Andhra Pradesh,930553,India,Home
6051,4482,"H.No. 094
Setty Marg",Hajipur,Andhra Pradesh,114575,India,Home
6052,4483,"951, Sha Path",Haldia,Andhra Pradesh,780831,India,Office
6053,4483,"H.No. 65, Aggarwal Ganj",Jamnagar,Telangana,995521,India,Home
6054,4484,"23
Kuruvilla Zila",Naihati,Kerala,968413,India,Office
6055,4485,"88/75, Aurora Marg",Katni,Punjab,028352,India,Home
6056,4486,"75
Sankaran Marg",Thrissur,Rajasthan,584171,India,Home
6057,4487,"96
Nagi Circle",Khora ,Telangana,765152,India,Home
6058,4488,"508, Ramesh Ganj",Bhopal,Maharashtra,844964,India,Home
6059,4488,"H.No. 358, Ganesh",Chennai,Andhra Pradesh,982192,India,Home
6060,4489,"450, Raj Chowk",Jalna,Nagaland,449981,India,Office
6061,4490,"51/77
Korpal Road",Faridabad,Chhattisgarh,970206,India,Home
6062,4491,"H.No. 83, Kapoor Street",Anand,Maharashtra,415213,India,Home
6063,4491,"41
Comar Chowk",Avadi,Mizoram,907138,India,Home
6064,4492,"H.No. 68
Patel Road",Hubli–Dharwad,Maharashtra,484388,India,Home
6065,4493,"30/449, Bir Circle",Hazaribagh,Bihar,386739,India,Home
6066,4493,"60/08
Acharya Marg",Loni,Arunachal Pradesh,990332,India,Home
6067,4494,"125
Sidhu Zila",Khandwa,Punjab,671390,India,Home
6068,4494,"08/542
Basak Road",Siliguri,Tripura,731542,India,Home
6069,4495,"588, Behl Chowk",North Dumdum,Manipur,244520,India,Office
6070,4495,"H.No. 81, Pradhan Circle",Jorhat,Arunachal Pradesh,009851,India,Home
6071,4496,"50/52
Konda",Rohtak,Bihar,737208,India,Home
6072,4497,"574, Munshi Marg",Nizamabad,Mizoram,634468,India,Home
6073,4498,"340, Bajaj Chowk",Bulandshahr,Rajasthan,260188,India,Home
6074,4499,"814, Arya Path",Ahmedabad,Manipur,481494,India,Home
6075,4500,"H.No. 116
Sachdev Road",Guntakal,West Bengal,897096,India,Home
6076,4501,"65/45
Bhagat",Jaipur,Rajasthan,735015,India,Home
6077,4502,"H.No. 84, Bhatti Street",Kishanganj,Odisha,839090,India,Home
6078,4502,"17, Date Nagar",Belgaum,Telangana,133278,India,Home
6079,4502,"11/91, Vaidya Road",Madhyamgram,Meghalaya,567194,India,Office
6080,4503,"H.No. 68
Buch Street",Bulandshahr,Punjab,884038,India,Home
6081,4504,"H.No. 35
Radhakrishnan",Jamnagar,Gujarat,467953,India,Home
6082,4505,"79, Natarajan Street",Tumkur,Arunachal Pradesh,793760,India,Home
6083,4506,"85/52, Vaidya",Thane,Chhattisgarh,614122,India,Home
6084,4507,"04/84
Parsa",Raipur,Andhra Pradesh,596728,India,Other
6085,4508,"41/85
Shere Marg",Thrissur,Goa,623926,India,Home
6086,4509,"72/444
Trivedi Ganj",Mango,Manipur,421495,India,Home
6087,4510,"H.No. 79, Shukla Road",Ichalkaranji,Jharkhand,507958,India,Home
6088,4511,"266
Palla Street",Miryalaguda,Meghalaya,694442,India,Other
6089,4511,"87/96
Narula Ganj",Hazaribagh,Jharkhand,113845,India,Home
6090,4512,"30/299, Bala",Nagpur,Gujarat,209562,India,Office
6091,4513,"H.No. 575
Contractor Street",Tezpur,Meghalaya,210664,India,Home
6092,4514,"63
Randhawa Chowk",Bhind,Madhya Pradesh,694202,India,Home
6093,4515,"25/885, Kashyap Street",Amravati,Madhya Pradesh,979847,India,Home
6094,4516,"H.No. 180
Rege Chowk",Berhampur,Andhra Pradesh,035614,India,Home
6095,4517,"92/361
Sandal Zila",Shivpuri,Uttar Pradesh,773133,India,Home
6096,4517,"11/702
Desai Chowk",Thoothukudi,Telangana,973286,India,Home
6097,4518,"H.No. 775
Gour Nagar",Dibrugarh,Gujarat,206155,India,Home
6098,4519,"37/75, Doctor Street",Karnal,Madhya Pradesh,515192,India,Home
6099,4520,"54/106
Parekh Chowk",Kadapa,Tripura,462580,India,Home
6100,4521,"H.No. 911
Ratti Zila",South Dumdum,Tripura,259542,India,Office
6101,4522,"H.No. 434
Desai Road",Cuttack,Andhra Pradesh,714890,India,Home
6102,4522,"H.No. 94, Patla Chowk",Bihar Sharif,Haryana,066660,India,Home
6103,4523,"H.No. 23
Desai Marg",Katihar,Goa,050258,India,Home
6104,4524,"894, Hayer Marg",Thanjavur,Haryana,894098,India,Home
6105,4524,"81
Warrior",Bally,Tamil Nadu,466593,India,Office
6106,4525,"385
Chaudhry Chowk",Bhilai,Rajasthan,270119,India,Home
6107,4525,"35/737, Kata Ganj",Uluberia,Tripura,192271,India,Home
6108,4525,"70/310
Jaggi Path",Kochi,Tripura,982053,India,Home
6109,4526,"75, Bose Ganj",Dehri,Himachal Pradesh,943315,India,Office
6110,4527,"H.No. 664, Mangal Road",Hyderabad,Rajasthan,421787,India,Home
6111,4528,"H.No. 057, Garg Path",Mehsana,Kerala,649289,India,Home
6112,4529,"81
Sant Nagar",Bangalore,Andhra Pradesh,218265,India,Home
6113,4529,"53/821, Chokshi Circle",Tinsukia,Nagaland,429432,India,Home
6114,4529,"H.No. 74, Kari",Rohtak,Odisha,109758,India,Home
6115,4530,"76/987
Randhawa",Karaikudi,Manipur,999354,India,Home
6116,4530,"62, Kakar",Madhyamgram,Rajasthan,077230,India,Home
6117,4531,"94
Sandal Zila",Vadodara,Haryana,591573,India,Home
6118,4532,"H.No. 30, Randhawa Path",Kharagpur,Andhra Pradesh,050351,India,Home
6119,4533,"60/40, Chokshi Nagar",Dehradun,Rajasthan,832800,India,Office
6120,4534,"H.No. 56
Ganesh Road",Imphal,Tripura,972396,India,Home
6121,4535,"422, Sarkar Street",Silchar,Manipur,366053,India,Home
6122,4536,"H.No. 52
Badal Road",Jalna,Telangana,323715,India,Home
6123,4537,"H.No. 79, Karpe Path",Naihati,Rajasthan,928151,India,Home
6124,4538,"H.No. 73
Pau Marg",Hubli–Dharwad,Odisha,366520,India,Home
6125,4539,"H.No. 46, Dhar Zila",Secunderabad,Rajasthan,391322,India,Home
6126,4540,"56/001
Chowdhury Nagar",Mau,Jharkhand,836437,India,Office
6127,4541,"26/23
Rout Street",Proddatur,Telangana,863591,India,Home
6128,4541,"H.No. 70, Handa Road",Ulhasnagar,Himachal Pradesh,214099,India,Office
6129,4542,"49/214, Sarma Zila",Lucknow,Tamil Nadu,915402,India,Home
6130,4543,"H.No. 80, Krishnamurthy Marg",Hyderabad,Jharkhand,332002,India,Home
6131,4543,"39/70
Sharma Nagar",Agartala,Odisha,381013,India,Home
6132,4544,"H.No. 150
Mukherjee Marg",Raichur,Madhya Pradesh,139611,India,Home
6133,4545,"64, Kara Chowk",Patna,Rajasthan,618406,India,Home
6134,4545,"H.No. 85, Saran Road",Dhanbad,Mizoram,184650,India,Home
6135,4545,"077, Ravi Street",Ozhukarai,Maharashtra,933147,India,Home
6136,4546,"46/38
Karpe Circle",Bongaigaon,Maharashtra,018844,India,Home
6137,4547,"02/528
Kant Road",Saharanpur,Tripura,431303,India,Home
6138,4548,"947
Issac Street",Hyderabad,Tripura,728252,India,Home
6139,4549,"H.No. 23
Chand Ganj",Dhule,Goa,734217,India,Home
6140,4550,"97/970
Loke",Dehradun,Uttarakhand,059798,India,Office
6141,4551,"55/427
Aggarwal Ganj",Hazaribagh,Bihar,308183,India,Office
6142,4552,"15/95, Gokhale Chowk",Amroha,Uttar Pradesh,879876,India,Home
6143,4552,"H.No. 91, Seth Street",Durgapur,Mizoram,463585,India,Home
6144,4553,"109, Narula Circle",Munger,Karnataka,680178,India,Home
6145,4554,"26/88, Verma",Gwalior,Kerala,196578,India,Home
6146,4555,"91, Dora Chowk",Bhiwandi,Himachal Pradesh,415354,India,Home
6147,4556,"702, Varkey Marg",Pimpri-Chinchwad,Uttarakhand,582093,India,Home
6148,4557,"44
Wable Zila",Baranagar,Maharashtra,071415,India,Home
6149,4558,"46/572, Chatterjee Zila",Siliguri,Mizoram,359790,India,Office
6150,4559,"H.No. 65, Boase Zila",Khora ,Punjab,077840,India,Office
6151,4560,"H.No. 059, Kohli Path",Mirzapur,Tamil Nadu,858042,India,Office
6152,4561,"26
Sagar",Kishanganj,Chhattisgarh,947469,India,Home
6153,4562,"H.No. 97, Dave Marg",Haridwar,Rajasthan,840352,India,Office
6154,4562,"120
Arora Road",Jamalpur,Jharkhand,371003,India,Home
6155,4563,"H.No. 39, Dora Zila",Bhilwara,Arunachal Pradesh,637631,India,Home
6156,4564,"69/04
Butala Path",Nanded,Punjab,113718,India,Other
6157,4564,"H.No. 83, Vaidya Nagar",New Delhi,Meghalaya,126770,India,Home
6158,4565,"41/42
Gola Circle",Deoghar,Nagaland,144682,India,Home
6159,4565,"H.No. 01, Arora Circle",Pudukkottai,Himachal Pradesh,065953,India,Home
6160,4566,"95
Raju Chowk",Madurai,West Bengal,960131,India,Home
6161,4566,"107, Kar Nagar",Ichalkaranji,Manipur,712246,India,Office
6162,4567,"48/41, Memon Circle",Kamarhati,Karnataka,285014,India,Home
6163,4568,"97/73
Jani Path",Kottayam,Maharashtra,696170,India,Home
6164,4569,"75, Brahmbhatt",Jaipur,Manipur,483516,India,Home
6165,4570,"H.No. 103
Sidhu Chowk",Gurgaon,Kerala,959467,India,Home
6166,4571,"52/21, Sethi",Rewa,Uttar Pradesh,580719,India,Home
6167,4572,"45, Bhagat Chowk",Bhatpara,Himachal Pradesh,295668,India,Home
6168,4573,"H.No. 11, Mitter",Jalgaon,Karnataka,877612,India,Home
6169,4574,"85/314
Aggarwal Nagar",Bokaro,Haryana,673605,India,Office
6170,4574,"13, Mander Marg",Naihati,Punjab,364997,India,Other
6171,4575,"H.No. 246
Gala Zila",Sri Ganganagar,Punjab,692318,India,Office
6172,4575,"H.No. 425, Barad Marg",Karimnagar,Bihar,733918,India,Home
6173,4576,"86/061
Badal Path",Loni,Kerala,874390,India,Home
6174,4576,"20/891, Bhandari Road",Alwar,Madhya Pradesh,424941,India,Home
6175,4577,"54, Basak Ganj",Bhubaneswar,Jharkhand,747157,India,Home
6176,4577,"96/47
Kalla Street",Katni,Assam,761470,India,Home
6177,4578,"94, Kumar Nagar",Madurai,Bihar,724789,India,Home
6178,4579,"H.No. 65, Mahal Ganj",Jodhpur,Uttarakhand,400120,India,Home
6179,4580,"89/55, Vohra Road",Jaunpur,Goa,731293,India,Home
6180,4581,"H.No. 472
Bora Zila",Nizamabad,Kerala,026714,India,Home
6181,4581,"20, Rajan",Rajkot,Manipur,489714,India,Home
6182,4582,"66/00, Varkey",Hospet,Nagaland,001330,India,Office
6183,4582,"H.No. 90, Parmar Street",Naihati,Assam,819390,India,Home
6184,4582,"54/056, Rege Street",Gudivada,Kerala,975398,India,Home
6185,4583,"H.No. 76
Andra",Tiruchirappalli,Karnataka,319590,India,Home
6186,4583,"H.No. 79, Ray Nagar",Sangli-Miraj & Kupwad,Himachal Pradesh,392942,India,Home
6187,4584,"765
Dani Zila",Visakhapatnam,Goa,073106,India,Home
6188,4585,"677
Shanker Marg",Mathura,Odisha,710434,India,Home
6189,4586,"H.No. 628, Krishnamurthy Marg",Mahbubnagar,Goa,176114,India,Home
6190,4587,"88/244
Chaudhuri Circle",Raebareli,Himachal Pradesh,643969,India,Home
6191,4587,"H.No. 91
Comar Path",Nadiad,Assam,148971,India,Home
6192,4588,"H.No. 14
Gole Marg",Surat,Telangana,371893,India,Home
6193,4589,"66, Deol Path",Ambala,Kerala,074401,India,Home
6194,4590,"36/644
Arora Marg",Panipat,Rajasthan,664502,India,Home
6195,4591,"H.No. 893
Dash Ganj",Bahraich,West Bengal,352488,India,Office
6196,4591,"19, Karan Marg",Avadi,Chhattisgarh,851686,India,Office
6197,4591,"H.No. 243, Bera",Raichur,Punjab,324831,India,Office
6198,4592,"H.No. 94, Ramanathan Street",Raurkela Industrial Township,Meghalaya,998726,India,Home
6199,4592,"18, Bail Chowk",Tiruvottiyur,Chhattisgarh,132909,India,Home
6200,4592,"H.No. 373
Mammen Circle",Hazaribagh,Gujarat,358497,India,Home
6201,4593,"77/913, Parekh Road",Gangtok,Jharkhand,261676,India,Office
6202,4593,"H.No. 68
Mody Chowk",Jamalpur,Kerala,678634,India,Office
6203,4594,"H.No. 82, Banik",Dhanbad,Telangana,683227,India,Home
6204,4595,"59/471, Parmar Road",Mathura,Rajasthan,010998,India,Home
6205,4595,"64/799
Sha Nagar",Nandyal,Andhra Pradesh,434875,India,Home
6206,4596,"H.No. 298, Sabharwal Nagar",Sonipat,Odisha,421685,India,Home
6207,4596,"35, Taneja Chowk",Chennai,Mizoram,918836,India,Home
6208,4597,"45, Kapur Marg",Madurai,Madhya Pradesh,199588,India,Home
6209,4597,"H.No. 27, Bhavsar Circle",Jorhat,Haryana,007537,India,Home
6210,4598,"H.No. 22, Rattan Chowk",Latur,Maharashtra,644332,India,Home
6211,4599,"85/57
Dave Road",Asansol,Meghalaya,730236,India,Other
6212,4600,"165, Varkey Nagar",Serampore,Kerala,739920,India,Home
6213,4601,"H.No. 771
Shan Circle",Hindupur,Himachal Pradesh,231811,India,Office
6214,4602,"H.No. 731
Chaudhry",Etawah,Tripura,832670,India,Home
6215,4602,"H.No. 69
Sen Circle",Rajpur Sonarpur,West Bengal,865472,India,Home
6216,4603,"030, Narayanan Circle",Motihari,Nagaland,056768,India,Home
6217,4603,"034, Gill Chowk",Sambalpur,Assam,278081,India,Office
6218,4604,"88/70, Mohanty Ganj",Bijapur,Mizoram,773834,India,Office
6219,4605,"653
Ravel Path",Sikar,Sikkim,890505,India,Office
6220,4606,"86, Sur Marg",Arrah,Maharashtra,060093,India,Home
6221,4607,"740, Saraf Nagar",Srikakulam,Chhattisgarh,948403,India,Home
6222,4607,"383, Sibal Chowk",Rourkela,Nagaland,285177,India,Home
6223,4608,"56
Yogi Path",Alappuzha,Odisha,816546,India,Home
6224,4609,"80, Gala Path",Khammam,Manipur,170649,India,Home
6225,4610,"761
Palla Marg",Sambalpur,Chhattisgarh,664265,India,Home
6226,4611,"76/21, Ramaswamy Street",Mathura,Karnataka,570591,India,Office
6227,4611,"76/63
Golla Road",Panihati,Chhattisgarh,835627,India,Home
6228,4612,"11, Butala",Kolkata,Telangana,045409,India,Home
6229,4613,"82/301
Johal Zila",Tinsukia,Goa,551287,India,Home
6230,4614,"H.No. 81, Nigam",Salem,Jharkhand,397090,India,Home
6231,4615,"H.No. 52, Setty",Kavali,Madhya Pradesh,017727,India,Home
6232,4616,"832, Soman",Bareilly,Bihar,188336,India,Home
6233,4617,"89/427
Keer Circle",Bidar,West Bengal,537661,India,Home
6234,4618,"H.No. 801
Suri Ganj",Udaipur,Kerala,116714,India,Office
6235,4618,"754, Bedi Zila",Tadepalligudem,Manipur,685420,India,Office
6236,4618,"71
Loyal Street",Shimoga,Haryana,854209,India,Home
6237,4619,"H.No. 978
Trivedi Road",Loni,Odisha,924281,India,Home
6238,4620,"362, Kalita",Guna,Mizoram,778731,India,Home
6239,4620,"H.No. 03, Sood Path",Shahjahanpur,Haryana,039788,India,Office
6240,4621,"040
Mannan Chowk",Hindupur,Mizoram,631836,India,Office
6241,4622,"H.No. 63
Ben Ganj",Jalna,West Bengal,670276,India,Office
6242,4623,"67/048, Hayre Nagar",Jalna,Uttarakhand,069035,India,Home
6243,4624,"41
Sengupta Marg",Faridabad,Punjab,691221,India,Home
6244,4624,"263, Atwal Zila",Kulti,Uttar Pradesh,862966,India,Home
6245,4625,"23/19, Gala Zila",Rewa,Maharashtra,555383,India,Home
6246,4626,"35/799
Tak Circle",Dewas,Uttar Pradesh,893918,India,Office
6247,4627,"147
Murthy",Motihari,Maharashtra,830385,India,Home
6248,4628,"28
Prasad",Durgapur,Bihar,458561,India,Home
6249,4629,"04/81
Anne Circle",Gudivada,Arunachal Pradesh,818140,India,Home
6250,4630,"29/488
Bhatti Ganj",Kolkata,Arunachal Pradesh,057377,India,Home
6251,4631,"987, Mammen Zila",Guntakal,Rajasthan,198432,India,Home
6252,4632,"H.No. 325, Mandal Road",Hosur,Uttarakhand,372776,India,Home
6253,4632,"H.No. 151, Reddy Ganj",Bharatpur,Bihar,067913,India,Office
6254,4633,"43/46, Bobal Ganj",Mango,Madhya Pradesh,240629,India,Home
6255,4634,"89, Menon Path",Gopalpur,Meghalaya,793208,India,Home
6256,4635,"41/88, Malhotra",Adoni,Karnataka,713686,India,Office
6257,4636,"36/812
Bhavsar Circle",Karawal Nagar,Gujarat,052156,India,Home
6258,4636,"83, Dass Zila",Bally,Chhattisgarh,647696,India,Home
6259,4637,"H.No. 301
Nazareth Circle",Hospet,Rajasthan,309559,India,Office
6260,4638,"14
Sant Ganj",Raiganj,Assam,912046,India,Home
6261,4638,"H.No. 46
Singhal Street",Jabalpur,Gujarat,466993,India,Office
6262,4639,"64/905
Murthy Chowk",Delhi,Manipur,486311,India,Home
6263,4640,"H.No. 33, Chander Circle",Jamnagar,Andhra Pradesh,607626,India,Home
6264,4641,"H.No. 640
Ray Ganj",Mumbai,Telangana,972257,India,Home
6265,4642,"121, Seshadri Nagar",Burhanpur,Tripura,272516,India,Home
6266,4643,"96/477, Raval Zila",Bhagalpur,Kerala,346994,India,Home
6267,4644,"H.No. 71, Chadha Circle",Nagaon,Assam,709763,India,Home
6268,4645,"23/73, Jha Street",Bhiwandi,Jharkhand,354432,India,Home
6269,4645,"H.No. 863
Varty Street",Navi Mumbai,Maharashtra,688270,India,Office
6270,4646,"50/213
Bava Marg",Munger,Arunachal Pradesh,174274,India,Home
6271,4647,"99/88
Raj Zila",Farrukhabad,Mizoram,262504,India,Home
6272,4648,"H.No. 855, Pall Marg",Haldia,Bihar,828834,India,Office
6273,4649,"09/06
Pai",Chandrapur,Kerala,335252,India,Home
6274,4650,"H.No. 598
Raj Street",Faridabad,Karnataka,250668,India,Home
6275,4651,"602, Nadig Marg",Eluru,Haryana,373234,India,Home
6276,4651,"00/04, Saini Chowk",Srikakulam,Rajasthan,592680,India,Home
6277,4652,"090
Narain",Thrissur,West Bengal,631454,India,Home
6278,4653,"H.No. 522
Prakash Path",Kota,West Bengal,757761,India,Home
6279,4653,"H.No. 80
Gaba Road",Hyderabad,Andhra Pradesh,621823,India,Home
6280,4654,"63/63
Saxena Circle",Chandigarh,Rajasthan,890449,India,Home
6281,4655,"666
Peri Road",Howrah,Sikkim,691480,India,Other
6282,4656,"H.No. 541
Sundaram Street",Dhule,Jharkhand,056353,India,Office
6283,4656,"62
Raman Ganj",Jamnagar,Mizoram,960713,India,Office
6284,4657,"96
Minhas Marg",Anantapur,Madhya Pradesh,139475,India,Home
6285,4658,"496
Sharaf Chowk",Ambattur,Manipur,527330,India,Other
6286,4658,"27, Dhar Chowk",Chandigarh,Assam,569471,India,Home
6287,4659,"73, Natt Marg",Nandyal,Telangana,314074,India,Home
6288,4660,"H.No. 683, Sarin Street",Varanasi,Goa,230908,India,Office
6289,4660,"H.No. 208
Oza Circle",Ghaziabad,Madhya Pradesh,633536,India,Other
6290,4661,"30/241
Sankaran Circle",Pallavaram,Chhattisgarh,640306,India,Home
6291,4661,"H.No. 09
Char",Bathinda,Uttarakhand,549047,India,Other
6292,4662,"63/905
Palla Marg",Amaravati,Karnataka,635904,India,Home
6293,4662,"H.No. 20, Palla Chowk",Chittoor,Madhya Pradesh,130306,India,Home
6294,4663,"H.No. 956, Swamy Chowk",Tiruchirappalli,Uttar Pradesh,224789,India,Other
6295,4663,"H.No. 692, Bajaj",Dindigul,Jharkhand,812858,India,Home
6296,4663,"43/80, Gour Nagar",Jalandhar,Tamil Nadu,603542,India,Office
6297,4664,"85/958
Bobal Nagar",Cuttack,Madhya Pradesh,473984,India,Home
6298,4664,"H.No. 974
Roy Circle",Rajpur Sonarpur,Bihar,855279,India,Home
6299,4665,"62, Mittal Path",Bhiwandi,Rajasthan,317487,India,Home
6300,4666,"H.No. 18, Sarraf Chowk",Sambalpur,Uttar Pradesh,781806,India,Home
6301,4666,"73/38
Mitra Zila",Ratlam,Sikkim,335115,India,Home
6302,4667,"415
Sehgal Chowk",Ozhukarai,Nagaland,309226,India,Home
6303,4668,"H.No. 82
Thakur Ganj",Agartala,Jharkhand,289557,India,Home
6304,4669,"05/33, Murty Chowk",Rourkela,Chhattisgarh,959356,India,Office
6305,4670,"00
Sant Path",Jalna,Assam,488689,India,Home
6306,4671,"H.No. 71
Saini Road",Pallavaram,Goa,308121,India,Home
6307,4672,"39
Das Chowk",Nadiad,Gujarat,727301,India,Home
6308,4673,"H.No. 850
Baria Chowk",Gwalior,Manipur,751610,India,Home
6309,4673,"79, Trivedi Circle",New Delhi,Haryana,193810,India,Office
6310,4674,"28/36
Sahni Chowk",Kolhapur,Telangana,795970,India,Office
6311,4674,"141, Chad Circle",Berhampur,Uttar Pradesh,901740,India,Home
6312,4675,"72/23, Ghose Road",Imphal,Jharkhand,800729,India,Office
6313,4676,"657, Vora",Anantapuram,Maharashtra,649226,India,Office
6314,4677,"H.No. 21, Dua Chowk",Bally,Telangana,148612,India,Office
6315,4677,"H.No. 390
Hari Path",Bikaner,Maharashtra,771353,India,Home
6316,4678,"69/59, Raman Road",Saharanpur,Odisha,405807,India,Home
6317,4679,"56, Butala Zila",Rampur,Arunachal Pradesh,499115,India,Home
6318,4680,"901
Sarna Path",Silchar,West Bengal,350701,India,Home
6319,4680,"50/50, Sama Circle",Vijayawada,Andhra Pradesh,650493,India,Home
6320,4681,"H.No. 04, Ganesan Road",Loni,Karnataka,203626,India,Office
6321,4682,"365
Manne Marg",Chinsurah,Odisha,207542,India,Home
6322,4683,"H.No. 23
Kohli Road",Parbhani,Assam,688072,India,Home
6323,4683,"00
Kanda Chowk",Pune,Rajasthan,805105,India,Office
6324,4684,"19/314, Aurora Path",Gorakhpur,Assam,822825,India,Home
6325,4684,"70
Barad Street",Bhiwandi,Punjab,605285,India,Home
6326,4685,"558
Kibe Zila",Nadiad,Maharashtra,880097,India,Home
6327,4686,"H.No. 59, Nair Path",Bareilly,Chhattisgarh,155631,India,Home
6328,4687,"40/456
Lala Circle",Sirsa,Karnataka,269142,India,Home
6329,4688,"92/710, Subramaniam Marg",Amroha,Karnataka,831108,India,Home
6330,4689,"348, Kota",Kakinada,Madhya Pradesh,511865,India,Home
6331,4689,"60, Batta Circle",Ghaziabad,Jharkhand,613030,India,Other
6332,4690,"H.No. 62, Chada Street",Sonipat,Andhra Pradesh,472095,India,Home
6333,4691,"01
Chana Street",Korba,Arunachal Pradesh,715195,India,Office
6334,4692,"725, Joshi Zila",Deoghar,Maharashtra,997546,India,Home
6335,4693,"38/573, Dayal Zila",Sultan Pur Majra,Gujarat,405339,India,Home
6336,4694,"26/592, Ratti Marg",Jaipur,Uttarakhand,730016,India,Office
6337,4694,"81/77, Doshi Street",Chandigarh,Andhra Pradesh,283111,India,Home
6338,4695,"974, Dube Chowk",Raebareli,Tamil Nadu,694713,India,Home
6339,4696,"20, Cherian Marg",Bokaro,Mizoram,496061,India,Home
6340,4697,"48/312
Balay Ganj",Danapur,Assam,587811,India,Other
6341,4698,"527, Sandhu Nagar",Kolhapur,Chhattisgarh,061424,India,Office
6342,4699,"64/14
Vaidya Path",Kamarhati,Assam,842873,India,Home
6343,4700,"077, Shukla Ganj",Kakinada,Jharkhand,474640,India,Home
6344,4701,"055, Buch Road",Raipur,Goa,283594,India,Home
6345,4701,"H.No. 060
Mand Zila",New Delhi,Haryana,769123,India,Home
6346,4702,"79/100
Hayre Ganj",Sikar,Manipur,906207,India,Home
6347,4703,"86/79, Chada Path",Panihati,Tamil Nadu,658557,India,Home
6348,4704,"H.No. 44
Dara Circle",Kalyan-Dombivli,Sikkim,172156,India,Other
6349,4704,"962
Patel Chowk",Kollam,Arunachal Pradesh,064871,India,Home
6350,4705,"704, Johal",Darbhanga,Bihar,774494,India,Home
6351,4706,"H.No. 361, Baria Marg",Ratlam,Odisha,100012,India,Home
6352,4707,"70/256, Balay Street",Jorhat,Uttarakhand,562043,India,Home
6353,4707,"H.No. 054
Kanda Zila",Pali,Karnataka,120501,India,Home
6354,4708,"327, Karan Zila",Lucknow,Punjab,466129,India,Home
6355,4708,"115
Soman Marg",Chittoor,Tamil Nadu,626782,India,Home
6356,4709,"H.No. 56, Manda Chowk",Khammam,Arunachal Pradesh,615861,India,Home
6357,4710,"H.No. 347
Tank Zila",Tiruchirappalli,Sikkim,798867,India,Home
6358,4711,"H.No. 95
Srinivas",Mango,Nagaland,265911,India,Office
6359,4712,"96/39
Biswas Zila",Kavali,Goa,888340,India,Home
6360,4713,"58/626, Wali Ganj",Hazaribagh,Uttar Pradesh,927321,India,Home
6361,4714,"87/377, Ghose Road",Tirupati,Uttar Pradesh,564807,India,Home
6362,4714,"H.No. 627
Kanda",Naihati,Manipur,438873,India,Home
6363,4715,"H.No. 62, Mane Street",Parbhani,Himachal Pradesh,872231,India,Home
6364,4716,"H.No. 400, Bhattacharyya Path",Srikakulam,Himachal Pradesh,935049,India,Home
6365,4717,"640
Pandey Ganj",Bahraich,Arunachal Pradesh,203613,India,Home
6366,4718,"639
Keer Circle",Gaya,Jharkhand,200895,India,Home
6367,4719,"H.No. 352
Dass Marg",Danapur,Odisha,085000,India,Home
6368,4720,"97/657, Minhas",Faridabad,Uttar Pradesh,031971,India,Home
6369,4721,"H.No. 708, Dhaliwal Chowk",Muzaffarpur,Mizoram,547684,India,Home
6370,4722,"75
Rama Nagar",Parbhani,Himachal Pradesh,094442,India,Other
6371,4723,"H.No. 07
Sama Marg",Bihar Sharif,Jharkhand,061920,India,Home
6372,4724,"H.No. 222
Khalsa Nagar",Bhiwani,Manipur,842918,India,Office
6373,4724,"12
Kibe Street",Ambala,Chhattisgarh,514065,India,Home
6374,4725,"H.No. 02, Golla",Kharagpur,Meghalaya,167850,India,Home
6375,4726,"744
Biswas Ganj",Bharatpur,Himachal Pradesh,397280,India,Home
6376,4727,"87/052, Kumar Circle",Muzaffarpur,Sikkim,158707,India,Other
6377,4728,"48/139, Gade Circle",Chennai,Telangana,044159,India,Office
6378,4729,"50/98, Virk Zila",Parbhani,Odisha,964533,India,Other
6379,4730,"H.No. 597
Karpe Road",Jhansi,Jharkhand,411825,India,Office
6380,4731,"H.No. 86, Bala Road",Rourkela,Odisha,830220,India,Home
6381,4731,"72/87
Kar Road",Jhansi,Tamil Nadu,862131,India,Home
6382,4732,"H.No. 807
Saxena Zila",Phusro,Nagaland,598541,India,Home
6383,4732,"234
Nath Street",Davanagere,Mizoram,175565,India,Home
6384,4732,"39, Ganguly Road",Saharanpur,Telangana,619434,India,Office
6385,4733,"058
Shah Road",Panvel,Karnataka,124478,India,Home
6386,4733,"005
Shetty Nagar",Anantapur,Gujarat,324449,India,Home
6387,4734,"57/97, Rajan Circle",Guntur,Nagaland,003422,India,Home
6388,4735,"H.No. 62, Ratti Road",Bhalswa Jahangir Pur,Karnataka,666303,India,Home
6389,4736,"21, Sandal Zila",Avadi,Telangana,216961,India,Home
6390,4736,"00
Mistry Nagar",Deoghar,Telangana,936666,India,Office
6391,4737,"608
Nazareth",Jamalpur,Mizoram,710355,India,Home
6392,4738,"H.No. 37
Srinivasan Chowk",Baranagar,Bihar,404715,India,Home
6393,4738,"12/13, Thakur Path",Bhopal,Uttar Pradesh,320804,India,Home
6394,4739,"99/00
Thaker",Anantapur,Maharashtra,334598,India,Home
6395,4739,"H.No. 717
Garg Path",Amroha,Telangana,938950,India,Home
6396,4740,"H.No. 052, Oak",Bally,Goa,245861,India,Office
6397,4741,"H.No. 76, Murthy Zila",Chennai,Andhra Pradesh,288014,India,Home
6398,4742,"H.No. 18, Mandal Street",Maheshtala,West Bengal,677224,India,Home
6399,4743,"906, Mutti",Kozhikode,Goa,101251,India,Home
6400,4744,"33/70, Bhargava Chowk",Bhagalpur,Arunachal Pradesh,242793,India,Home
6401,4745,"63, Mall Street",Ambala,Andhra Pradesh,478415,India,Home
6402,4745,"588, Thaker Street",Davanagere,Assam,438701,India,Home
6403,4745,"93
Mangal Zila",Jalgaon,Manipur,919293,India,Home
6404,4746,"29, Mital Chowk",Hindupur,Haryana,506294,India,Home
6405,4747,"04/763, Anand Ganj",Srinagar,Goa,514498,India,Home
6406,4748,"778
Prakash Circle",Madurai,Andhra Pradesh,273978,India,Home
6407,4748,"H.No. 51
Sunder Marg",Surat,Kerala,809701,India,Home
6408,4749,"15/080, Edwin Marg",Tirunelveli,Odisha,412782,India,Home
6409,4750,"342, Gandhi Ganj",Tiruppur,Arunachal Pradesh,012682,India,Home
6410,4750,"342, Seth Ganj",Rajahmundry,Tripura,223982,India,Home
6411,4751,"H.No. 066
Majumdar Street",Aurangabad,Meghalaya,422793,India,Home
6412,4752,"62/907
Dua Path",Gandhidham,Meghalaya,888714,India,Home
6413,4753,"65/393, Sheth Road",Meerut,Gujarat,884044,India,Home
6414,4754,"H.No. 65
Muni",Pali,Telangana,920894,India,Home
6415,4755,"12
Bains Zila",Thanjavur,Meghalaya,882661,India,Office
6416,4756,"H.No. 136
Palan Ganj",Ludhiana,Andhra Pradesh,652297,India,Home
6417,4756,"07/53, Madan Path",Panchkula,Assam,821338,India,Home
6418,4756,"H.No. 663
Varghese Zila",Gangtok,Nagaland,413457,India,Home
6419,4757,"17/75, Manne Ganj",Muzaffarnagar,Meghalaya,799455,India,Other
6420,4758,"H.No. 952, Saha Chowk",New Delhi,Nagaland,056347,India,Home
6421,4759,"38/288
Nath Street",Siwan,Kerala,555041,India,Home
6422,4760,"79/04
Ben Circle",Thane,Tripura,792449,India,Home
6423,4761,"23/18, Amble Street",Ghaziabad,Arunachal Pradesh,684089,India,Home
6424,4762,"H.No. 943
Tak Road",Unnao,Punjab,978268,India,Other
6425,4763,"458
Bora Ganj",Visakhapatnam,Odisha,714727,India,Other
6426,4764,"939, Lata Path",Pondicherry,Gujarat,622967,India,Home
6427,4765,"H.No. 06
Srinivas Ganj",Akola,Tamil Nadu,549041,India,Office
6428,4766,"H.No. 86
Iyengar Street",Thiruvananthapuram,Punjab,774341,India,Home
6429,4767,"71
Anne Chowk",Junagadh,Jharkhand,273529,India,Home
6430,4767,"H.No. 334, Rajan Ganj",Yamunanagar,Jharkhand,944500,India,Home
6431,4768,"H.No. 177
Shanker Marg",Kolhapur,Arunachal Pradesh,349941,India,Home
6432,4768,"H.No. 29, Dyal",Jalna,Jharkhand,841086,India,Home
6433,4768,"403
Nath Nagar",Purnia,Kerala,874768,India,Home
6434,4769,"H.No. 932
Saran",Gaya,Manipur,112982,India,Home
6435,4769,"04/16, Jani",Haridwar,Telangana,086329,India,Home
6436,4770,"75
Lata Circle",Amravati,Uttarakhand,436271,India,Office
6437,4771,"H.No. 722
Khurana Street",Barasat,Mizoram,782885,India,Home
6438,4772,"83, Cherian Circle",Amaravati,Tamil Nadu,234021,India,Home
6439,4773,"H.No. 66
Chaudhuri Chowk",Bally,West Bengal,986248,India,Office
6440,4774,"22/94, Deo Ganj",Surendranagar Dudhrej,Tripura,152357,India,Office
6441,4774,"H.No. 81, Bhat Circle",Vadodara,Kerala,058279,India,Home
6442,4774,"H.No. 04, Sachdev Zila",Karnal,Madhya Pradesh,804004,India,Home
6443,4775,"H.No. 25
Rout Street",Alwar,Madhya Pradesh,679268,India,Office
6444,4776,"458, Sant Nagar",New Delhi,Andhra Pradesh,675503,India,Home
6445,4777,"47
Comar Circle",Muzaffarpur,Punjab,074628,India,Home
6446,4777,"11/05
Saha Nagar",Ambarnath,Mizoram,766316,India,Office
6447,4778,"98/640, Kothari Path",Bidar,Manipur,415106,India,Home
6448,4779,"520, Bhatia Marg",Sultan Pur Majra,Punjab,412148,India,Home
6449,4780,"H.No. 457
Nair",Ranchi,Kerala,073771,India,Home
6450,4781,"82/42, Nagar Nagar",Bokaro,Kerala,220619,India,Home
6451,4781,"17/371
Kumer Road",Raipur,Jharkhand,209210,India,Home
6452,4782,"83/486, Pradhan Ganj",Mango,Uttarakhand,543729,India,Home
6453,4782,"H.No. 12
Gill Path",Jodhpur,Telangana,697366,India,Home
6454,4782,"H.No. 08
Basak Nagar",Thiruvananthapuram,Mizoram,526841,India,Home
6455,4783,"05/390
Agarwal Nagar",Kishanganj,Tripura,813695,India,Home
6456,4784,"H.No. 65
Randhawa Marg",Mathura,Gujarat,802543,India,Home
6457,4784,"167
Thaker Marg",Satara,Bihar,646062,India,Home
6458,4784,"10/482
Bera Circle",Sirsa,Telangana,546966,India,Office
6459,4785,"48, Srinivasan",Kolkata,Bihar,319956,India,Home
6460,4786,"697
Oommen",Tiruppur,Tamil Nadu,064962,India,Home
6461,4787,"76/58, Rastogi Circle",Motihari,Bihar,511339,India,Home
6462,4788,"27
Lanka Nagar",Nadiad,Nagaland,061573,India,Office
6463,4788,"561
Barman",Asansol,Rajasthan,600651,India,Home
6464,4789,"80, Chandra Ganj",Hubli–Dharwad,Uttarakhand,759261,India,Office
6465,4790,"40, Barman Road",Ballia,Nagaland,063315,India,Home
6466,4790,"79, Sahni Street",Gulbarga,Andhra Pradesh,121138,India,Home
6467,4791,"H.No. 270
Kaur Circle",Bhubaneswar,Tamil Nadu,348713,India,Home
6468,4791,"08/397
Shan Path",Bhagalpur,Tamil Nadu,955225,India,Office
6469,4792,"50
Shetty Nagar",Alwar,Punjab,422347,India,Home
6470,4792,"05/74, Sehgal Zila",Belgaum,Assam,440987,India,Home
6471,4793,"H.No. 826
Upadhyay Zila",Naihati,Chhattisgarh,981488,India,Home
6472,4793,"H.No. 069
Ramakrishnan Path",Anantapur,Uttarakhand,465892,India,Home
6473,4794,"63/17
Shroff Chowk",Nagaon,Assam,061212,India,Home
6474,4795,"34/23
Sarin Zila",Kalyan-Dombivli,Arunachal Pradesh,874994,India,Office
6475,4795,"110
Ahluwalia Street",Rewa,Madhya Pradesh,074198,India,Other
6476,4795,"77/31, Subramaniam Circle",Siwan,Uttarakhand,113278,India,Home
6477,4796,"82/106
Reddy Street",Warangal,Madhya Pradesh,408926,India,Home
6478,4797,"624, Tank",Farrukhabad,Odisha,806953,India,Office
6479,4798,"033, Nigam Zila",Kochi,Haryana,850379,India,Home
6480,4799,"H.No. 354
Cherian",Mehsana,Karnataka,404445,India,Home
6481,4799,"60, Roy Nagar",Berhampore,Uttarakhand,306655,India,Home
6482,4799,"126
Guha Zila",Gwalior,Madhya Pradesh,032487,India,Home
6483,4800,"H.No. 70, Bansal Nagar",Coimbatore,Bihar,917418,India,Other
6484,4800,"61/48
Jani Chowk",Anantapuram,Sikkim,010475,India,Office
6485,4801,"H.No. 31
Keer Road",Vijayawada,West Bengal,110658,India,Home
6486,4802,"52/77, Gour Street",Mau,Mizoram,512244,India,Home
6487,4803,"87/09
Mand Ganj",Bidhannagar,Jharkhand,846909,India,Office
6488,4804,"63/662, Patla Nagar",Pune,Uttarakhand,278771,India,Home
6489,4805,"781, Dada Marg",Kota,Madhya Pradesh,399017,India,Home
6490,4806,"H.No. 66
Shah Path",Vadodara,Andhra Pradesh,120813,India,Home
6491,4806,"24/125, Sandal Road",Bareilly,Telangana,348536,India,Home
6492,4807,"09/87, Sandhu Chowk",Tumkur,Odisha,719471,India,Office
6493,4807,"H.No. 09, Sodhi Ganj",Agra,Punjab,116537,India,Home
6494,4808,"H.No. 46
Mitra Street",Tenali,Bihar,328396,India,Home
6495,4808,"57
Yohannan Street",Rohtak,Andhra Pradesh,149918,India,Home
6496,4809,"21, Dube Path",Loni,Sikkim,314104,India,Home
6497,4810,"71/56
Dhar Zila",Chennai,West Bengal,671555,India,Home
6498,4811,"H.No. 04
Sathe Marg",Bharatpur,Uttarakhand,056057,India,Office
6499,4811,"647, Kibe Road",Pudukkottai,Chhattisgarh,767146,India,Home
6500,4812,"511, Dugar Circle",Tirunelveli,Himachal Pradesh,581952,India,Home
6501,4813,"11
Borra Ganj",Bhilai,Telangana,678823,India,Office
6502,4814,"H.No. 13
Issac Path",Berhampore,Kerala,351994,India,Home
6503,4814,"809, Sheth Chowk",Rajkot,Sikkim,538852,India,Home
6504,4815,"66/47, Trivedi Nagar",New Delhi,Maharashtra,943395,India,Home
6505,4816,"64/223
Mitra Zila",Amaravati,West Bengal,817225,India,Home
6506,4816,"972, Thaker Chowk",Phagwara,Maharashtra,364956,India,Home
6507,4817,"57, Kuruvilla Circle",Gwalior,Gujarat,622063,India,Home
6508,4818,"06, Bansal Marg",Bhalswa Jahangir Pur,Karnataka,542533,India,Office
6509,4819,"80/53
Chadha Nagar",Khora ,Karnataka,872307,India,Home
6510,4820,"H.No. 59
Iyengar Circle",Etawah,Bihar,206387,India,Office
6511,4821,"81, Grover Path",Hajipur,Bihar,977525,India,Home
6512,4822,"H.No. 64
Parmer Zila",Nizamabad,Nagaland,866316,India,Home
6513,4823,"95/93
Kashyap Path",Bhilai,Uttar Pradesh,387487,India,Home
6514,4824,"44, Ratta Path",Ajmer,West Bengal,053316,India,Home
6515,4824,"H.No. 079
Prabhakar Marg",Ramagundam,Odisha,651901,India,Home
6516,4825,"H.No. 99
Varty Ganj",Surendranagar Dudhrej,Odisha,857084,India,Home
6517,4826,"H.No. 797
Bhandari Chowk",Sagar,West Bengal,527695,India,Home
6518,4827,"410
Manda Chowk",Rajahmundry,Arunachal Pradesh,208140,India,Home
6519,4828,"41/86, Grover Road",Kollam,Kerala,053962,India,Home
6520,4829,"97/54
Gandhi Circle",Kadapa,Uttarakhand,126342,India,Home
6521,4830,"24
Sood Ganj",Jalna,Andhra Pradesh,866318,India,Home
6522,4831,"01/54, Balan Road",Dewas,Andhra Pradesh,525030,India,Home
6523,4832,"64/641, Kothari Chowk",Kollam,Karnataka,994567,India,Home
6524,4832,"68/111, Mann Nagar",Nizamabad,Karnataka,749064,India,Other
6525,4833,"511
Anne Road",Ghaziabad,Arunachal Pradesh,853931,India,Home
6526,4834,"89/557, Sibal Zila",Patiala,Maharashtra,532327,India,Home
6527,4835,"791, Apte Circle",Tiruvottiyur,Uttarakhand,226652,India,Office
6528,4836,"48, Krish Zila",Bhatpara,Uttarakhand,430496,India,Home
6529,4837,"44
Guha Zila",Akola,Telangana,710842,India,Home
6530,4837,"58
Dubey",Ambala,West Bengal,590619,India,Home
6531,4838,"22/14, Ranganathan Street",Kadapa,Himachal Pradesh,641731,India,Home
6532,4839,"H.No. 088
Yohannan Chowk",Farrukhabad,Madhya Pradesh,884524,India,Home
6533,4839,"H.No. 52, Kari Road",Sasaram,Andhra Pradesh,708387,India,Office
6534,4840,"H.No. 040
Nath Circle",Bokaro,Bihar,575146,India,Home
6535,4841,"H.No. 60
Raval Chowk",Thiruvananthapuram,Bihar,576110,India,Home
6536,4842,"514, Ravel Road",Hosur,Jharkhand,326971,India,Office
6537,4842,"93/285
Ravi Circle",Bokaro,Meghalaya,570163,India,Home
6538,4843,"665
Buch Zila",Cuttack,Meghalaya,731987,India,Home
6539,4844,"H.No. 621
Deol Path",Sambalpur,Tripura,855695,India,Office
6540,4844,"H.No. 71
Parsa Chowk",Silchar,Assam,220798,India,Office
6541,4845,"30, Doshi Chowk",Agra,Manipur,534202,India,Office
6542,4845,"496
Suresh Nagar",Kadapa,Uttar Pradesh,194121,India,Home
6543,4846,"155, Gupta Ganj",Burhanpur,Bihar,390830,India,Home
6544,4847,"377, Rout",Shimoga,Uttar Pradesh,912092,India,Home
6545,4848,"71/703, Manda Path",Karawal Nagar,Assam,196407,India,Home
6546,4849,"H.No. 150
Mohan Nagar",Loni,Kerala,869141,India,Home
6547,4850,"704, Chawla Ganj",Bhimavaram,Nagaland,032311,India,Home
6548,4851,"38/78, Chakraborty Circle",Aurangabad,Kerala,563597,India,Other
6549,4851,"31/23, Tripathi Marg",Karawal Nagar,Rajasthan,698864,India,Home
6550,4852,"14/949
Mammen Chowk",Jehanabad,Telangana,376017,India,Home
6551,4853,"433
Yogi Chowk",Agartala,Nagaland,729312,India,Home
6552,4854,"68/35, Dhaliwal Zila",Rohtak,West Bengal,563443,India,Home
6553,4855,"169, Bhasin Nagar",Bhimavaram,Gujarat,906828,India,Home
6554,4856,"H.No. 076
Natarajan Street",Mangalore,Bihar,926142,India,Home
6555,4857,"H.No. 948
Tak Marg",Eluru,Telangana,633319,India,Home
6556,4858,"382, Rai Road",Bhopal,Punjab,732820,India,Home
6557,4859,"H.No. 50, Tara Marg",Rourkela,Andhra Pradesh,860321,India,Home
6558,4859,"H.No. 65
Mandal Road",Guntakal,Arunachal Pradesh,522720,India,Office
6559,4860,"814
Dora Zila",Alwar,Kerala,664457,India,Home
6560,4861,"008
Prakash Nagar",Kottayam,Arunachal Pradesh,589542,India,Home
6561,4862,"315
Verma Circle",Mira-Bhayandar,Chhattisgarh,284973,India,Home
6562,4863,"61
Balasubramanian Marg",Patna,Manipur,509854,India,Office
6563,4864,"H.No. 79, Ravi Path",Jehanabad,West Bengal,721789,India,Home
6564,4865,"H.No. 266
Ravel Chowk",Alwar,Haryana,380533,India,Home
6565,4866,"265
Grover Circle",Alappuzha,Mizoram,508850,India,Home
6566,4867,"999, Sundaram Nagar",Erode,Kerala,807273,India,Home
6567,4868,"67/42
Banik Circle",Nagaon,Mizoram,915030,India,Home
6568,4869,"37/128, Tailor Ganj",Varanasi,Andhra Pradesh,736379,India,Office
6569,4870,"H.No. 89, Krishna Road",Rampur,Haryana,259849,India,Office
6570,4871,"19/228
Dhar",Patna,Goa,494060,India,Home
6571,4871,"83
Basu Chowk",Tadipatri,Gujarat,876712,India,Office
6572,4872,"739, Dugar Street",Bhagalpur,Rajasthan,750570,India,Home
6573,4873,"60, Bansal Chowk",Tadepalligudem,Mizoram,781216,India,Office
6574,4874,"H.No. 90, Gade Zila",Naihati,Arunachal Pradesh,399156,India,Home
6575,4875,"H.No. 34, Chaudhry Chowk",Dhule,Karnataka,395927,India,Home
6576,4876,"81
Doshi Marg",Bhatpara,Maharashtra,715714,India,Other
6577,4877,"92, Tandon Road",Bhubaneswar,Chhattisgarh,517359,India,Office
6578,4878,"24
Hans Road",Munger,Rajasthan,131085,India,Home
6579,4879,"04
Chada",Tenali,Kerala,941777,India,Home
6580,4880,"23/16
Warrior Path",Gopalpur,Manipur,260168,India,Other
6581,4881,"H.No. 74, Sabharwal Ganj",Eluru,Nagaland,546354,India,Home
6582,4881,"H.No. 30, Halder Path",New Delhi,Meghalaya,253929,India,Home
6583,4882,"46/968, Brahmbhatt Path",Sambhal,Tripura,390869,India,Home
6584,4882,"38/374
Dugar Nagar",Khammam,Goa,003532,India,Home
6585,4882,"H.No. 57
Tella Marg",Bhagalpur,Karnataka,660773,India,Home
6586,4883,"73
Vala Chowk",Tinsukia,Tamil Nadu,719713,India,Home
6587,4884,"H.No. 923, Sabharwal Street",Bhalswa Jahangir Pur,Goa,767232,India,Home
6588,4884,"907, Sankaran Path",Miryalaguda,Uttarakhand,955774,India,Home
6589,4885,"69
Chaudhuri Marg",Kota,Maharashtra,109830,India,Home
6590,4886,"H.No. 50, Morar Nagar",Katihar,Meghalaya,893616,India,Office
6591,4886,"270, Goel Nagar",Tiruchirappalli,Maharashtra,953432,India,Home
6592,4887,"H.No. 646
Balakrishnan Nagar",Uluberia,Uttar Pradesh,166072,India,Home
6593,4888,"H.No. 83
Varma Nagar",Junagadh,Maharashtra,165076,India,Home
6594,4889,"73
Panchal Circle",Arrah,Assam,145224,India,Home
6595,4890,"H.No. 91, Bains Nagar",Rajpur Sonarpur,Odisha,400444,India,Home
6596,4891,"17/69, Oza Ganj",Begusarai,Tripura,700658,India,Office
6597,4892,"89/233
Dhar Chowk",Machilipatnam,Gujarat,769697,India,Office
6598,4892,"00/64, Mukhopadhyay Ganj",Kadapa,Chhattisgarh,963916,India,Home
6599,4893,"88/87, Nagar Nagar",Morena,Madhya Pradesh,735486,India,Other
6600,4894,"14/25
Morar Path",Anantapur,Rajasthan,599285,India,Home
6601,4894,"876, Srinivas Path",Miryalaguda,Chhattisgarh,083415,India,Office
6602,4894,"39/36
Bawa Marg",Arrah,Sikkim,782915,India,Office
6603,4895,"H.No. 716
Shah Street",Ramagundam,Meghalaya,290578,India,Office
6604,4896,"84/295
Mander Street",Berhampore,Goa,961912,India,Office
6605,4897,"05/08, Kapoor Ganj",Pune,Jharkhand,585386,India,Home
6606,4898,"H.No. 11, Bhardwaj",Raichur,Uttar Pradesh,756388,India,Home
6607,4899,"85
Chahal Ganj",Sri Ganganagar,Kerala,429277,India,Home
6608,4899,"681, Brar Ganj",Latur,Jharkhand,042493,India,Home
6609,4900,"84
Krishnamurthy Circle",Kalyan-Dombivli,Andhra Pradesh,032296,India,Home
6610,4901,"H.No. 456, Dugal Marg",Udaipur,Uttarakhand,516465,India,Home
6611,4901,"01/938, Kunda Road",Farrukhabad,Manipur,515256,India,Other
6612,4902,"885
Parmer Street",Ranchi,Goa,673804,India,Office
6613,4903,"77
Korpal Circle",Guwahati,Mizoram,844039,India,Office
6614,4903,"H.No. 034, Ben",Mangalore,Uttar Pradesh,590618,India,Home
6615,4903,"235
Bava Ganj",Korba,Maharashtra,983289,India,Home
6616,4904,"61, Rajagopalan Street",Bhubaneswar,Rajasthan,493283,India,Home
6617,4905,"H.No. 57, Menon Road",Thanjavur,Rajasthan,935835,India,Home
6618,4906,"H.No. 032
Shere Marg",Ghaziabad,Maharashtra,113014,India,Office
6619,4907,"H.No. 41
Mohanty Nagar",Bettiah,Punjab,637661,India,Home
6620,4908,"H.No. 89
Ramakrishnan Nagar",Amaravati,Haryana,930131,India,Home
6621,4909,"H.No. 71, Mitter Marg",Phusro,Assam,686748,India,Office
6622,4910,"58
Dhillon Marg",Loni,Meghalaya,406570,India,Home
6623,4911,"458, Dube Path",Shimla,Tripura,305976,India,Home
6624,4912,"01/55, Kadakia Zila",Durg,Bihar,315033,India,Home
6625,4912,"77/474
Solanki Marg",Kadapa,Punjab,000320,India,Other
6626,4913,"31
Shukla Chowk",Mira-Bhayandar,Uttar Pradesh,804424,India,Home
6627,4914,"60, Garg Chowk",Sonipat,Gujarat,575683,India,Office
6628,4915,"22/77
Iyer Circle",Loni,Himachal Pradesh,333624,India,Home
6629,4916,"H.No. 019, Jha Nagar",Vellore,Sikkim,473322,India,Home
6630,4917,"63/399, Kara Path",Vasai-Virar,Andhra Pradesh,455501,India,Home
6631,4918,"H.No. 30
Kamdar Chowk",Ludhiana,Goa,900773,India,Home
6632,4919,"65/550
Mohan Road",Udaipur,Goa,369995,India,Home
6633,4919,"53/802
Chawla",Lucknow,Chhattisgarh,213264,India,Home
6634,4920,"H.No. 166, Varkey Street",Mango,Odisha,081555,India,Home
6635,4920,"86, Kothari Zila",Bettiah,Karnataka,001769,India,Office
6636,4921,"H.No. 990, Dugar Chowk",Bongaigaon,Andhra Pradesh,852594,India,Home
6637,4922,"089
Mody Marg",Chapra,Madhya Pradesh,434134,India,Home
6638,4923,"H.No. 54, Pant",Belgaum,Nagaland,167223,India,Home
6639,4924,"H.No. 287
Patel",Jhansi,Maharashtra,759953,India,Home
6640,4925,"H.No. 66, Ratti Circle",Eluru,Tamil Nadu,361736,India,Home
6641,4925,"H.No. 40
Nagy Ganj",Kottayam,Manipur,291293,India,Home
6642,4926,"H.No. 31, Kashyap Zila",Tiruchirappalli,Chhattisgarh,550017,India,Home
6643,4927,"566, Bose Road",Bilaspur,Chhattisgarh,880640,India,Home
6644,4927,"58/06
Loke",Dewas,Rajasthan,979582,India,Office
6645,4928,"471, Magar Zila",Cuttack,Rajasthan,720807,India,Home
6646,4928,"35/53
Brar Circle",Tenali,Maharashtra,128164,India,Office
6647,4929,"209, Jayaraman Marg",Tinsukia,Uttarakhand,921295,India,Home
6648,4929,"03, Bala",Dehradun,Bihar,257419,India,Office
6649,4930,"915, Loke Ganj",Guwahati,Punjab,987875,India,Home
6650,4931,"35, Gola Marg",Malegaon,Madhya Pradesh,002703,India,Home
6651,4932,"44/251, Choudhary Nagar",Varanasi,Uttarakhand,053709,India,Home
6652,4933,"17/292
Varty Circle",Durgapur,Chhattisgarh,746122,India,Home
6653,4934,"07, Bora Ganj",Amritsar,Meghalaya,762837,India,Home
6654,4935,"56
Kannan Marg",Tenali,Haryana,335472,India,Home
6655,4936,"H.No. 189
Patel Zila",Bangalore,Nagaland,688615,India,Home
6656,4937,"H.No. 35
Khalsa Zila",Aurangabad,Goa,766798,India,Office
6657,4938,"42/75
Master Circle",Singrauli,Rajasthan,344962,India,Home
6658,4939,"87, Butala Marg",Chennai,Kerala,081091,India,Home
6659,4940,"H.No. 34, Sahota Street",Tirupati,Gujarat,218851,India,Office
6660,4941,"H.No. 642, Apte Nagar",Mahbubnagar,Andhra Pradesh,869728,India,Home
6661,4941,"95/78, Bail Zila",Mumbai,Haryana,304847,India,Home
6662,4942,"73/97
Ravel Zila",Shivpuri,Punjab,974223,India,Home
6663,4943,"H.No. 291
Kar Ganj",Gaya,Uttar Pradesh,929149,India,Other
6664,4944,"33
Barman Zila",Lucknow,Andhra Pradesh,215948,India,Home
6665,4944,"H.No. 86, Cherian",Burhanpur,Haryana,865160,India,Office
6666,4945,"69/12
Behl",Ozhukarai,Tamil Nadu,821135,India,Home
6667,4945,"61/365, Aurora Chowk",Ballia,Jharkhand,929847,India,Office
6668,4946,"H.No. 01, Kara Marg",Panihati,Uttar Pradesh,159072,India,Other
6669,4947,"71
Deshpande Marg",Kharagpur,Chhattisgarh,657816,India,Office
6670,4947,"45
Bains Circle",Ambala,Rajasthan,402101,India,Home
6671,4948,"702, Raman Marg",Khora ,Uttarakhand,572652,India,Home
6672,4949,"36/524, Mishra Ganj",Thoothukudi,Maharashtra,006586,India,Home
6673,4949,"H.No. 84, Om Ganj",Aizawl,Punjab,882436,India,Home
6674,4950,"H.No. 80
Ramachandran Nagar",Sangli-Miraj & Kupwad,Goa,712102,India,Home
6675,4951,"74/321, Oommen Nagar",Srikakulam,Tamil Nadu,171645,India,Home
6676,4952,"H.No. 11
Nayar Street",Sultan Pur Majra,Gujarat,175022,India,Office
6677,4953,"31/16
Om",Kulti,Kerala,922090,India,Home
6678,4954,"400, Gala Chowk",Guntur,Bihar,854270,India,Home
6679,4955,"H.No. 945, Setty Path",Khandwa,Gujarat,433168,India,Home
6680,4955,"H.No. 778, Gala Path",Thoothukudi,Haryana,061341,India,Home
6681,4956,"71/339, Lad Chowk",Patna,Goa,453115,India,Home
6682,4957,"H.No. 97
Saran Circle",Ichalkaranji,Gujarat,326145,India,Home
6683,4958,"H.No. 925
Aggarwal Road",Barasat,Kerala,291958,India,Home
6684,4959,"H.No. 952
Kadakia Marg",Udaipur,Manipur,225853,India,Office
6685,4960,"502
Wagle",Sonipat,Karnataka,087476,India,Home
6686,4961,"868
Lad Ganj",Kozhikode,Himachal Pradesh,611434,India,Office
6687,4961,"33/50, Vohra Marg",Parbhani,Jharkhand,687174,India,Home
6688,4962,"55/29, Ahuja Circle",Mysore,Meghalaya,532170,India,Home
6689,4962,"H.No. 778, Mani Marg",Tirupati,Telangana,588949,India,Home
6690,4963,"H.No. 475, Nagi Circle",Allahabad,Uttar Pradesh,099264,India,Home
6691,4964,"90, Prabhu Street",Ozhukarai,Tripura,516129,India,Office
6692,4964,"H.No. 01
Pingle Chowk",Tezpur,Mizoram,437024,India,Home
6693,4965,"H.No. 528, Patla Ganj",Latur,Gujarat,037417,India,Home
6694,4965,"14, Sharma Chowk",Tadipatri,Madhya Pradesh,201581,India,Home
6695,4965,"87/047, Halder",Jaipur,Tamil Nadu,242636,India,Home
6696,4966,"618, Sharma Road",Hyderabad,Madhya Pradesh,712183,India,Home
6697,4967,"38/412
Kannan Chowk",Indore,Maharashtra,815180,India,Home
6698,4968,"63/77
Ganguly Nagar",Nashik,Andhra Pradesh,100580,India,Home
6699,4968,"26, Munshi Marg",Miryalaguda,Arunachal Pradesh,285038,India,Home
6700,4969,"671
Ramachandran Chowk",Bhagalpur,Uttarakhand,738352,India,Office
6701,4970,"H.No. 18, Lad Nagar",Aligarh,Mizoram,031011,India,Office
6702,4971,"47, Murthy Nagar",Howrah,Sikkim,670621,India,Home
6703,4972,"H.No. 46
Sood Road",Silchar,Bihar,743866,India,Home
6704,4972,"H.No. 02, Mammen Circle",Chandigarh,Nagaland,853812,India,Home
6705,4973,"831
Madan Zila",Delhi,Arunachal Pradesh,782941,India,Home
6706,4974,"53
Lal Nagar",Malda,Tamil Nadu,155039,India,Home
6707,4975,"80/116
Din Circle",Panvel,Manipur,064922,India,Home
6708,4975,"35, Ramaswamy Path",Agra,Chhattisgarh,949451,India,Home
6709,4976,"19/894, More Circle",Kalyan-Dombivli,Tamil Nadu,173021,India,Home
6710,4976,"01
Kumer Ganj",Machilipatnam,Karnataka,576210,India,Home
6711,4977,"068
Arya Zila",Giridih,Uttarakhand,138734,India,Home
6712,4977,"H.No. 71, Bail Zila",Berhampur,Jharkhand,704729,India,Home
6713,4978,"388, Kalita Zila",Amroha,Chhattisgarh,876322,India,Home
6714,4979,"H.No. 814, Basu Road",Lucknow,Maharashtra,827214,India,Home
6715,4980,"34
Gill Marg",Fatehpur,Assam,254633,India,Office
6716,4980,"27, Bhatti Ganj",Tiruvottiyur,Maharashtra,614695,India,Home
6717,4980,"H.No. 426
Bhatia Marg",Berhampur,Gujarat,033009,India,Home
6718,4981,"61/57, Mann Road",Firozabad,Chhattisgarh,184629,India,Home
6719,4982,"H.No. 107, Gokhale Street",Bhiwandi,Telangana,648878,India,Office
6720,4983,"732, Golla Nagar",Bhagalpur,Karnataka,965402,India,Office
6721,4984,"65/60
Majumdar Chowk",Gurgaon,Nagaland,134698,India,Office
6722,4985,"H.No. 985
Hayre Path",Navi Mumbai,Sikkim,500956,India,Home
6723,4985,"H.No. 88, Borde Nagar",Panipat,Gujarat,938713,India,Office
6724,4986,"H.No. 39
Om Zila",Alappuzha,Meghalaya,359464,India,Other
6725,4987,"52
Dutt Marg",Jammu,Gujarat,960204,India,Home
6726,4988,"H.No. 58, Ben Ganj",Ghaziabad,West Bengal,646312,India,Home
6727,4989,"28/331, Bawa Nagar",Giridih,Chhattisgarh,124909,India,Home
6728,4989,"18/900, Bhavsar Nagar",Bikaner,Kerala,112904,India,Home
6729,4989,"27/003
Tripathi Zila",Srinagar,Gujarat,505303,India,Home
6730,4990,"58
Patla Path",Nagpur,Tripura,436041,India,Home
6731,4991,"H.No. 374, Sangha Nagar",Nashik,Jharkhand,126649,India,Home
6732,4992,"44/37
D’Alia Marg",Amaravati,Tripura,594452,India,Home
6733,4993,"14/88
Joshi Zila",Bareilly,Kerala,919291,India,Home
6734,4993,"84, Choudhary Chowk",Pallavaram,Bihar,007985,India,Office
6735,4994,"21/80, Khare Road",Ballia,Goa,176934,India,Home
6736,4994,"H.No. 752, Balay Ganj",Uluberia,Sikkim,602486,India,Home
6737,4995,"35
Hayre Chowk",Gurgaon,Chhattisgarh,216824,India,Home
6738,4996,"75/33, Mallick Street",Bhimavaram,Haryana,235033,India,Office
6739,4997,"56, Chakraborty Road",Yamunanagar,Chhattisgarh,092707,India,Home
6740,4997,"91/00
Shetty Circle",Madanapalle,Tripura,429990,India,Office
6741,4997,"967
Kapur Chowk",Rajahmundry,Rajasthan,511268,India,Home
6742,4998,"174, Basu Ganj",Morbi,Assam,065174,India,Home
6743,4998,"09/97
Chad Road",Anantapuram,Telangana,730559,India,Home
6744,4999,"H.No. 942, Bhalla Marg",Vasai-Virar,Nagaland,299578,India,Home
6745,5000,"90/01
Sethi Marg",Gandhidham,Gujarat,623812,India,Office
6746,5001,"78/401
Thakkar Marg",Asansol,Sikkim,485613,India,Home
6747,5002,"26
Sathe Street",Sagar,Jharkhand,621982,India,Home
6748,5002,"H.No. 217, Nayar Circle",Navi Mumbai,Chhattisgarh,025324,India,Office
6749,5003,"H.No. 599
Kumer Zila",Bhopal,Odisha,650648,India,Office
6750,5004,"796, Kant Zila",Pallavaram,Mizoram,618329,India,Home
6751,5004,"H.No. 116
Sami Circle",Pudukkottai,Mizoram,949516,India,Home
6752,5005,"H.No. 05, Ganesh Nagar",Unnao,Manipur,866345,India,Home
6753,5006,"H.No. 047, Kannan Nagar",Aurangabad,Jharkhand,644433,India,Home
6754,5007,"42/46
Bhardwaj Chowk",Satara,Andhra Pradesh,373712,India,Home
6755,5007,"98
Chaudhari Zila",Chandrapur,Meghalaya,853182,India,Other
6756,5008,"67/017
Chaudhary Circle",Secunderabad,Rajasthan,321812,India,Home
6757,5009,"H.No. 15
Shah Nagar",Alappuzha,Meghalaya,769120,India,Office
6758,5009,"583, Dyal Road",Aurangabad,Mizoram,696195,India,Home
6759,5009,"H.No. 45, Sastry Circle",Guna,Bihar,622767,India,Home
6760,5010,"90, Kurian Path",Rajpur Sonarpur,Gujarat,794623,India,Home
6761,5011,"63/690, Agarwal Path",Muzaffarnagar,Assam,412047,India,Home
6762,5012,"39
Golla Path",Sambhal,Uttar Pradesh,321603,India,Home
6763,5012,"07/36, Chaudhary Path",Bhagalpur,Gujarat,744975,India,Home
6764,5013,"H.No. 482, Tella Zila",Tezpur,Manipur,143735,India,Home
6765,5014,"H.No. 00
Deol Zila",Haldia,Haryana,001929,India,Home
6766,5014,"28/82, Baral Nagar",Ozhukarai,Andhra Pradesh,691875,India,Home
6767,5015,"26
Kale Zila",Jalgaon,Bihar,828081,India,Home
6768,5015,"173
Aggarwal Nagar",Malda,Assam,462538,India,Home
6769,5016,"H.No. 36
Narula Marg",Howrah,Himachal Pradesh,026803,India,Office
6770,5017,"H.No. 769, Basu Path",Karaikudi,Manipur,339517,India,Home
6771,5018,"14/312, Deshpande Street",Madanapalle,Nagaland,642582,India,Home
6772,5019,"448
Halder Marg",Nandyal,Tamil Nadu,565100,India,Home
6773,5019,"03/56, Dixit Chowk",Bathinda,Goa,093835,India,Home
6774,5020,"56, Seshadri Zila",Panihati,Odisha,967277,India,Home
6775,5021,"H.No. 12, Ratti Path",Bilaspur,West Bengal,819935,India,Other
6776,5022,"563
Andra Chowk",Guna,Chhattisgarh,123819,India,Home
6777,5023,"633
Panchal Marg",Saharsa,Tripura,777336,India,Office
6778,5024,"425, Yogi Street",Khandwa,Telangana,647532,India,Home
6779,5024,"57/382
Bahri Road",Gudivada,Tamil Nadu,652899,India,Home
6780,5025,"50/592
Randhawa Nagar",Shahjahanpur,Meghalaya,679104,India,Home
6781,5026,"55/79, Srinivasan Circle",Jalgaon,Uttar Pradesh,628230,India,Home
6782,5026,"35/598, Sekhon Circle",Bilaspur,Tripura,192364,India,Office
6783,5027,"60
Pillay Road",Thanjavur,Haryana,843578,India,Home
6784,5028,"15
Choudhury Road",Narasaraopet,Meghalaya,541345,India,Home
6785,5029,"H.No. 453, Murty Ganj",Bidar,Tamil Nadu,726256,India,Home
6786,5030,"58, Rama Path",Ozhukarai,Madhya Pradesh,810857,India,Home
6787,5030,"H.No. 459, Vaidya Circle",Panipat,Assam,176443,India,Home
6788,5031,"07/65, Deo Circle",Baranagar,Telangana,749854,India,Home
6789,5032,"H.No. 678
Kurian Zila",Raebareli,Uttarakhand,945992,India,Home
6790,5033,"59/10
Chacko Marg",Ambattur,Uttar Pradesh,336671,India,Home
6791,5033,"81/07, Bora",Nagaon,Himachal Pradesh,417946,India,Home
6792,5034,"256
Gandhi Marg",Malegaon,Sikkim,053051,India,Home
6793,5035,"708, Gour Chowk",Barasat,Madhya Pradesh,223088,India,Home
6794,5036,"H.No. 589
Narula Street",Fatehpur,Assam,339597,India,Office
6795,5037,"357
Rajagopalan",Amaravati,Gujarat,491707,India,Home
6796,5037,"H.No. 74
Kanda Nagar",Delhi,Goa,201197,India,Office
6797,5038,"562, Raghavan Ganj",Ranchi,Maharashtra,863605,India,Office
6798,5039,"H.No. 70
Sachdev Chowk",Dhanbad,Haryana,005111,India,Home
6799,5040,"76, Jain Zila",Malda,Chhattisgarh,835865,India,Home
6800,5041,"12/84
Narang Circle",Patna,Karnataka,353067,India,Home
6801,5042,"841
Bajwa Zila",Kollam,Sikkim,294641,India,Home
6802,5043,"13, Halder",Thrissur,Arunachal Pradesh,825929,India,Other
6803,5044,"12/28, Sanghvi Zila",Katihar,Goa,329419,India,Home
6804,5045,"00
Narayanan Chowk",Nagaon,Tripura,577504,India,Home
6805,5046,"H.No. 905, Tank Nagar",Bhiwandi,Goa,922396,India,Home
6806,5047,"72/93
Kota Marg",Nangloi Jat,Mizoram,808888,India,Home
6807,5047,"39/005, Dugar Street",Anand,Odisha,412563,India,Home
6808,5048,"H.No. 76
Sant Street",Jabalpur,Mizoram,070873,India,Home
6809,5048,"H.No. 161
Kunda Chowk",Latur,Kerala,700878,India,Office
6810,5048,"240, Sule",Gurgaon,Goa,475480,India,Home
6811,5049,"914, Taneja Marg",Vellore,Andhra Pradesh,016072,India,Office
6812,5050,"897, Nigam Nagar",Thane,Rajasthan,149001,India,Home
6813,5050,"H.No. 091
Sahota Street",Sikar,Assam,828310,India,Office
6814,5050,"H.No. 939, Borah Circle",New Delhi,Karnataka,412315,India,Home
6815,5051,"07
Kaur Ganj",Aurangabad,Rajasthan,872913,India,Home
6816,5052,"03/163, Mander Nagar",Orai,Maharashtra,093645,India,Home
6817,5053,"93
Lal Road",Bahraich,Mizoram,861893,India,Office
6818,5054,"29/31, Upadhyay",Purnia,Rajasthan,035994,India,Office
6819,5055,"12/361, Ramesh Marg",Kurnool,Haryana,979058,India,Home
6820,5056,"H.No. 565
Chaudhuri Ganj",Kurnool,Jharkhand,577501,India,Home
6821,5056,"41/699
Barad Ganj",Kumbakonam,Tamil Nadu,232127,India,Home
6822,5057,"09/244
Tata Circle",Karawal Nagar,Goa,770155,India,Home
6823,5058,"H.No. 537, Chaudhary Marg",Patna,Telangana,677208,India,Home
6824,5059,"64/92, Chatterjee Chowk",Madhyamgram,Chhattisgarh,913609,India,Office
6825,5059,"39/349
Kala Street",Singrauli,Meghalaya,673316,India,Home
6826,5060,"H.No. 988
Ramesh Road",Raipur,Uttarakhand,392628,India,Home
6827,5060,"83/789, Grover Path",Parbhani,Punjab,545252,India,Office
6828,5061,"H.No. 616
Kibe Marg",Udaipur,Uttar Pradesh,951745,India,Other
6829,5062,"48/13, Sant Street",Panihati,Gujarat,416837,India,Home
6830,5062,"54, Patla",Pallavaram,Uttar Pradesh,132031,India,Office
6831,5063,"103, Sethi Ganj",Ahmednagar,Tripura,191343,India,Office
6832,5063,"91, Kalla Chowk",Bhimavaram,Nagaland,255011,India,Home
6833,5063,"877
Keer Marg",Bathinda,Gujarat,776013,India,Home
6834,5064,"84, Cherian Ganj",Panipat,Punjab,604679,India,Home
6835,5064,"367, Prabhakar Nagar",Erode,Tamil Nadu,051513,India,Home
6836,5065,"07/28
Pandey Street",Jodhpur,Jharkhand,906153,India,Home
6837,5066,"99/613, Chaudhari Ganj",Bokaro,Karnataka,397190,India,Home
6838,5066,"23/334, Lall Circle",Surat,Arunachal Pradesh,030086,India,Other
6839,5067,"64/99, Gara",Tadepalligudem,Chhattisgarh,289818,India,Home
6840,5068,"60/918
Loyal",Mangalore,Andhra Pradesh,925652,India,Office
6841,5069,"30/56, Natarajan Chowk",Rampur,Tamil Nadu,267890,India,Office
6842,5069,"H.No. 22
Sarma Nagar",Kishanganj,Nagaland,819033,India,Other
6843,5070,"18, Halder Nagar",Aligarh,Maharashtra,546533,India,Office
6844,5071,"03, Jhaveri Chowk",Kanpur,Goa,117353,India,Home
6845,5072,"71
More Street",Patna,Tamil Nadu,554595,India,Office
6846,5073,"H.No. 18, Basu Zila",Dindigul,Himachal Pradesh,870983,India,Other
6847,5074,"32/19
Bahl Circle",Medininagar,Haryana,380338,India,Office
6848,5075,"13, Suresh Street",Dhule,Tamil Nadu,225304,India,Home
6849,5076,"H.No. 089, Mani Zila",Danapur,Tamil Nadu,308606,India,Home
6850,5076,"27/725
Mall",South Dumdum,Assam,127022,India,Home
6851,5077,"72/865
Bala Path",Bidhannagar,Tamil Nadu,716858,India,Office
6852,5078,"48/91, Dhaliwal Chowk",Shimoga,West Bengal,518814,India,Home
6853,5079,"13/328, Chahal Street",Nandyal,Assam,730555,India,Home
6854,5080,"H.No. 398
Swamy Zila",Gopalpur,Uttar Pradesh,421397,India,Home
6855,5081,"458
Vig Circle",Warangal,West Bengal,073433,India,Home
6856,5082,"22, Banerjee Street",Srikakulam,Arunachal Pradesh,672544,India,Home
6857,5083,"92, Warrior Street",Rajpur Sonarpur,Kerala,458624,India,Home
6858,5084,"H.No. 74
Saran Nagar",Erode,Mizoram,277564,India,Office
6859,5084,"H.No. 68, Balasubramanian Street",Sangli-Miraj & Kupwad,Kerala,043468,India,Home
6860,5084,"H.No. 68
Bail Marg",Bihar Sharif,Chhattisgarh,499861,India,Home
6861,5085,"37/088, Lad Nagar",Darbhanga,Tripura,067363,India,Home
6862,5085,"42/036, Sekhon Marg",Bilaspur,Mizoram,016576,India,Office
6863,5085,"57/77, Bobal Ganj",Anantapuram,Bihar,427165,India,Home
6864,5086,"H.No. 932
Krishna Circle",Kollam,Nagaland,785968,India,Home
6865,5087,"H.No. 748, Tandon Street",Begusarai,Tripura,014982,India,Home
6866,5087,"250, Wable Chowk",Vellore,Kerala,851663,India,Office
6867,5088,"25/543
Mandal",Morbi,Tripura,528730,India,Home
6868,5088,"H.No. 68, Bhavsar Street",Ichalkaranji,Rajasthan,209317,India,Home
6869,5089,"80/22, Taneja Street",Buxar,Chhattisgarh,923003,India,Home
6870,5089,"10/26, Mane Path",Amritsar,Jharkhand,761647,India,Home
6871,5089,"53/93, Kunda Circle",Gandhinagar,Jharkhand,088791,India,Home
6872,5090,"H.No. 20
Pau Chowk",Khammam,Madhya Pradesh,638031,India,Home
6873,5090,"21, Bhakta Ganj",Katni,Goa,906347,India,Office
6874,5091,"H.No. 363, Dugar Path",Fatehpur,Uttar Pradesh,426493,India,Home
6875,5091,"71/329, Nigam Chowk",Berhampur,Karnataka,361050,India,Home
6876,5091,"40/684
Johal Road",Hubli–Dharwad,Arunachal Pradesh,838585,India,Office
6877,5092,"990, Pandit Marg",Varanasi,Assam,958928,India,Home
6878,5093,"09
Prashad Path",Nagercoil,Odisha,499566,India,Home
6879,5094,"724
Zachariah Ganj",Pondicherry,Sikkim,376650,India,Home
6880,5095,"34/34
Issac Circle",Parbhani,Telangana,037125,India,Other
6881,5095,"54/313
Mallick Chowk",Allahabad,Chhattisgarh,810884,India,Home
6882,5096,"32/13, Buch Street",Tiruchirappalli,Odisha,075278,India,Office
6883,5097,"884
Tiwari Chowk",Sonipat,Mizoram,859421,India,Home
6884,5098,"26/082
Kade Zila",Narasaraopet,Assam,923107,India,Home
6885,5099,"69
Rai Path",Mango,Tamil Nadu,823273,India,Office
6886,5100,"79/741, Sarna Ganj",Solapur,Rajasthan,706756,India,Home
6887,5100,"H.No. 90, Uppal Road",Bongaigaon,Jharkhand,211294,India,Office
6888,5101,"540
Sarkar Nagar",Chandigarh,Rajasthan,488190,India,Home
6889,5102,"H.No. 760
Pant Road",Raurkela Industrial Township,Arunachal Pradesh,638573,India,Home
6890,5102,"68/47, Chauhan Nagar",Secunderabad,Arunachal Pradesh,378385,India,Home
6891,5103,"35, Dyal Ganj",Raebareli,Uttarakhand,899317,India,Office
6892,5104,"H.No. 901, Borah",Barasat,Uttarakhand,800369,India,Home
6893,5104,"H.No. 54, Sangha Street",Sangli-Miraj & Kupwad,Maharashtra,615181,India,Home
6894,5104,"104, Krishna Ganj",Bally,Madhya Pradesh,913163,India,Office
6895,5105,"886, Mand Zila",Bhimavaram,Chhattisgarh,898545,India,Home
6896,5106,"H.No. 99
Loke Circle",New Delhi,Nagaland,254440,India,Home
6897,5106,"91/97
Palla Chowk",Ratlam,Madhya Pradesh,794204,India,Home
6898,5107,"09/59, Mannan Road",Farrukhabad,Uttarakhand,565551,India,Home
6899,5107,"H.No. 718
Kari Street",Jammu,Sikkim,078152,India,Office
6900,5108,"87
Ganguly Nagar",Nadiad,Rajasthan,402772,India,Home
6901,5108,"H.No. 89, Dhar Nagar",Bhatpara,Bihar,989240,India,Home
6902,5109,"86
Kakar Path",Noida,West Bengal,458954,India,Office
6903,5109,"16
Wali Nagar",Machilipatnam,Uttar Pradesh,724221,India,Home
6904,5110,"H.No. 550, Batta",Maheshtala,Tripura,750491,India,Home
6905,5110,"42/60
Acharya Road",Secunderabad,Haryana,659896,India,Home
6906,5111,"32/249
Biswas Nagar",Adoni,Gujarat,354704,India,Home
6907,5112,"06/39, Trivedi Street",New Delhi,Nagaland,664621,India,Home
6908,5112,"99/44, Bhagat Path",Proddatur,Himachal Pradesh,296591,India,Office
6909,5113,"12
Mistry Zila",Ghaziabad,Andhra Pradesh,830668,India,Home
6910,5113,"23/812
Shere Chowk",Jorhat,Jharkhand,088241,India,Office
6911,5114,"H.No. 369
Toor",Gudivada,Andhra Pradesh,546437,India,Office
6912,5115,"16/74, Mohan Chowk",Mehsana,Madhya Pradesh,514612,India,Other
6913,5116,"H.No. 65
Amble Circle",Motihari,Chhattisgarh,613526,India,Home
6914,5117,"591
Mann Path",Thiruvananthapuram,Odisha,480877,India,Home
6915,5118,"06/918, Kar Road",Sonipat,Uttar Pradesh,792968,India,Home
6916,5118,"29
Viswanathan Zila",Rampur,Gujarat,662772,India,Office
6917,5118,"H.No. 09
Din Ganj",Noida,Jharkhand,681322,India,Home
6918,5119,"H.No. 188
Dhar Ganj",Mau,Chhattisgarh,562840,India,Home
6919,5119,"47
Merchant Road",Tiruvottiyur,Punjab,930069,India,Home
6920,5120,"87/13
Contractor Circle",Salem,Mizoram,492336,India,Home
6921,5121,"H.No. 08
Prabhakar Zila",Chandrapur,Bihar,016725,India,Office
6922,5121,"39, Bora Ganj",Raebareli,Karnataka,562387,India,Office
6923,5122,"70/336, Dugar",Shimoga,Tamil Nadu,728650,India,Home
6924,5123,"88/505, Prabhakar Ganj",Ambarnath,Goa,536228,India,Office
6925,5123,"37/51, Chatterjee Road",Ratlam,Telangana,254290,India,Home
6926,5124,"H.No. 33
Dass Circle",Ratlam,Rajasthan,231939,India,Home
6927,5124,"01/504, Deshpande Zila",Sonipat,Andhra Pradesh,849821,India,Home
6928,5125,"51/29
Goel Road",Vellore,Maharashtra,986264,India,Home
6929,5126,"H.No. 92, Gara Circle",Ozhukarai,Karnataka,934882,India,Home
6930,5127,"H.No. 846
Bhakta Chowk",Ulhasnagar,Manipur,974401,India,Home
6931,5128,"16/106, Sant Nagar",Tiruvottiyur,Nagaland,069422,India,Home
6932,5128,"13/41, Naik Nagar",Indore,Mizoram,236245,India,Office
6933,5129,"61, Rana Nagar",Ludhiana,West Bengal,280088,India,Office
6934,5129,"93/44, Grewal Chowk",Davanagere,Gujarat,364386,India,Other
6935,5130,"H.No. 322, Rout Path",Hazaribagh,Tamil Nadu,684371,India,Home
6936,5131,"H.No. 06
Date Zila",Karnal,Bihar,551775,India,Office
6937,5132,"H.No. 25
Narayanan Zila",Serampore,Rajasthan,182228,India,Home
6938,5132,"H.No. 733, Tank Marg",Ambattur,Gujarat,222462,India,Office
6939,5133,"H.No. 811
Bhandari Nagar",Navi Mumbai,Tamil Nadu,917079,India,Home
6940,5134,"36/870
Vora Street",Madhyamgram,Meghalaya,675056,India,Home
6941,5135,"H.No. 39
De Path",Ramagundam,Karnataka,363532,India,Home
6942,5136,"845
Dada Chowk",Yamunanagar,West Bengal,703954,India,Home
6943,5136,"492, Sandal Ganj",Chapra,Andhra Pradesh,112729,India,Home
6944,5137,"41/46, Sen Street",Varanasi,Goa,430663,India,Home
6945,5137,"78, Soman Zila",Tiruppur,Sikkim,451891,India,Home
6946,5138,"67/96
Chahal Chowk",Cuttack,West Bengal,629289,India,Home
6947,5138,"710, Agarwal Marg",Madanapalle,Rajasthan,925839,India,Other
6948,5139,"07/32, Balan Nagar",Jodhpur,Himachal Pradesh,660612,India,Office
6949,5139,"05/687
Bal Marg",Nandyal,Jharkhand,306546,India,Home
6950,5140,"96/097, Oommen",Mirzapur,Kerala,142785,India,Home
6951,5141,"590, Srinivas Nagar",Ranchi,Punjab,284173,India,Home
6952,5141,"805
Dhar Ganj",Nellore,Mizoram,046075,India,Home
6953,5141,"H.No. 968
Choudhary Marg",Vijayanagaram,Tamil Nadu,043913,India,Home
6954,5142,"H.No. 67, Nanda Marg",Kirari Suleman Nagar,Odisha,899545,India,Home
6955,5143,"79/25
Chana Ganj",Aurangabad,Sikkim,247887,India,Office
6956,5144,"58/67
Jani Street",Dehri,Assam,411151,India,Home
6957,5144,"H.No. 635
Thaman Nagar",Proddatur,Telangana,878689,India,Home
6958,5144,"555
Bail Chowk",Khora ,Tripura,393093,India,Home
6959,5145,"60
Zachariah Chowk",Bhiwani,Nagaland,940368,India,Home
6960,5146,"H.No. 69, Rege Zila",Amroha,Haryana,831209,India,Home
6961,5147,"14
Deep Path",Ambattur,Chhattisgarh,194112,India,Office
6962,5148,"34, Kade Circle",Anantapur,Uttar Pradesh,706243,India,Home
6963,5149,"53, Kibe Ganj",Sangli-Miraj & Kupwad,Punjab,514621,India,Home
6964,5150,"36/21, Palla Marg",Imphal,Rajasthan,390334,India,Home
6965,5150,"45, Mahal Street",Indore,Karnataka,357379,India,Home
6966,5151,"707
Nayar",Pondicherry,Goa,098238,India,Other
6967,5151,"73, Loyal Path",Chittoor,Meghalaya,760188,India,Home
6968,5152,"78/265
Prakash Zila",Raurkela Industrial Township,Mizoram,509397,India,Other
6969,5152,"H.No. 477, Sanghvi Marg",Tiruvottiyur,Uttarakhand,277221,India,Office
6970,5153,"H.No. 43
Sodhi Circle",Pallavaram,Karnataka,625471,India,Home
6971,5154,"93/28, Chaudhary",Dharmavaram,Kerala,924719,India,Office
6972,5154,"H.No. 417
Verma Marg",Aligarh,Karnataka,700069,India,Home
6973,5155,"26/855
Uppal Nagar",Aizawl,Assam,167222,India,Other
6974,5156,"65, Viswanathan Road",Anand,Madhya Pradesh,658159,India,Office
6975,5157,"84
Dugar",Jaipur,Uttar Pradesh,622547,India,Home
6976,5157,"59, Kaur Circle",Bikaner,Uttarakhand,789066,India,Home
6977,5157,"H.No. 95, Dhingra Circle",Bardhaman,Gujarat,866934,India,Home
6978,5158,"42, Swaminathan Chowk",Raichur,West Bengal,986278,India,Office
6979,5158,"915
Biswas Circle",Shimla,Jharkhand,737442,India,Home
6980,5158,"H.No. 13
Bali Zila",Ahmedabad,West Bengal,007163,India,Home
6981,5159,"113, Saha Path",Berhampore,Meghalaya,133204,India,Office
6982,5160,"70/39, Prashad Marg",Muzaffarpur,Chhattisgarh,620525,India,Home
6983,5161,"296
Buch Path",Patiala,West Bengal,280615,India,Home
6984,5161,"86, Comar Marg",Deoghar,Kerala,029406,India,Home
6985,5162,"89/824, Loyal Nagar",Serampore,Tamil Nadu,497463,India,Home
6986,5162,"75/35
Shankar Ganj",Tezpur,Karnataka,525608,India,Home
6987,5162,"07
Choudhary Zila",Singrauli,Gujarat,661815,India,Home
6988,5163,"H.No. 94, Dhillon Chowk",Hubli–Dharwad,Goa,855300,India,Home
6989,5164,"83/63, Ramesh Chowk",Patna,Karnataka,551609,India,Other
6990,5165,"H.No. 794, Kadakia",Nellore,Goa,159554,India,Home
6991,5166,"H.No. 758
Sarraf Road",Aurangabad,Odisha,881109,India,Home
6992,5167,"90/433, Bhasin Chowk",Srinagar,Uttarakhand,872821,India,Office
6993,5168,"H.No. 77
Khalsa",Singrauli,Manipur,117961,India,Home
6994,5169,"76/671
Sinha Path",Kadapa,Manipur,820178,India,Home
6995,5170,"58, Narain Chowk",Satara,Odisha,190227,India,Office
6996,5171,"H.No. 67, Verma Road",Raipur,Nagaland,136362,India,Home
6997,5171,"796, Jain",Jalandhar,Meghalaya,355563,India,Home
6998,5172,"34/79
Krishna Road",Jammu,Gujarat,670261,India,Office
6999,5172,"61, Kapur Nagar",South Dumdum,Gujarat,190729,India,Other
7000,5173,"H.No. 103
Varkey Ganj",Motihari,Andhra Pradesh,736101,India,Home
7001,5174,"H.No. 962, Rege Street",Begusarai,Assam,985186,India,Home
7002,5175,"67
Nath Road",Thrissur,Himachal Pradesh,982732,India,Home
7003,5176,"76, Kanda Circle",Machilipatnam,Nagaland,219461,India,Office
7004,5176,"H.No. 650, Gola Circle",Berhampore,Goa,967745,India,Home
7005,5177,"H.No. 89
Sachar",Kulti,Uttar Pradesh,563483,India,Home
7006,5178,"52/33
Sethi Marg",Amroha,Uttarakhand,503357,India,Home
7007,5179,"72, Purohit Marg",Katni,West Bengal,622056,India,Home
7008,5180,"H.No. 99, Banerjee Circle",Kumbakonam,Kerala,303931,India,Home
7009,5181,"H.No. 264, Chopra Ganj",Madanapalle,Sikkim,825222,India,Home
7010,5181,"18/400, Parsa Street",Patna,Meghalaya,346481,India,Home
7011,5181,"84/256
Saxena Ganj",Noida,Nagaland,528509,India,Home
7012,5182,"H.No. 68
Mutti Marg",Tinsukia,Punjab,247232,India,Home
7013,5182,"87/76, Kaur",Singrauli,Mizoram,132551,India,Home
7014,5183,"H.No. 915
Kalla",Munger,Jharkhand,780850,India,Home
7015,5183,"00/89
Biswas Road",Shimla,Goa,196938,India,Home
7016,5184,"02/102, Chakrabarti Path",Kadapa,Goa,791858,India,Home
7017,5185,"78
Gole Road",Kozhikode,Assam,982507,India,Home
7018,5186,"208
Munshi Zila",Chittoor,Gujarat,013357,India,Home
7019,5186,"65/365
Batta Street",Sambalpur,Odisha,504580,India,Office
7020,5187,"09
Zachariah Street",Nashik,Karnataka,559512,India,Home
7021,5188,"869, Dube Circle",Gulbarga,Kerala,200315,India,Home
7022,5189,"80, Oommen Zila",Gwalior,Madhya Pradesh,131848,India,Home
7023,5190,"282, Mane Zila",Shivpuri,Meghalaya,084684,India,Home
7024,5191,"H.No. 16, Kala Circle",Surat,West Bengal,656423,India,Home
7025,5191,"H.No. 54, Kumer Path",Medininagar,Assam,545422,India,Home
7026,5192,"618
Dhar Ganj",Suryapet,Odisha,599851,India,Home
7027,5193,"H.No. 771, Mall Zila",Sultan Pur Majra,Chhattisgarh,579372,India,Home
7028,5193,"77/35, Parsa",Guna,Himachal Pradesh,646696,India,Home
7029,5193,"H.No. 740, Rai",Bhusawal,Goa,346297,India,Office
7030,5194,"H.No. 14, Bal Ganj",Mehsana,Telangana,886009,India,Home
7031,5195,"16/17, Sane Circle",Vadodara,Maharashtra,954416,India,Other
7032,5196,"812, Bhagat",Kolhapur,Telangana,408017,India,Home
7033,5197,"38/36
Dubey Zila",Muzaffarnagar,Chhattisgarh,480730,India,Other
7034,5198,"37
Shanker Road",Jammu,Himachal Pradesh,576054,India,Home
7035,5199,"H.No. 503, Koshy Path",Jhansi,Tripura,841949,India,Home
7036,5200,"37
Bhandari Circle",Ichalkaranji,Uttar Pradesh,159865,India,Home
7037,5200,"179
Zachariah",Salem,Jharkhand,621228,India,Office
7038,5201,"51
Chandran Marg",Bulandshahr,Arunachal Pradesh,930636,India,Home
7039,5201,"048, Bhattacharyya Street",Durgapur,Haryana,899189,India,Home
7040,5201,"77/579, Raja Nagar",Nellore,Telangana,099152,India,Home
7041,5202,"H.No. 95, Lalla Marg",Vadodara,Uttarakhand,385532,India,Home
7042,5203,"864, Choudhry Road",Navi Mumbai,Nagaland,946695,India,Office
7043,5203,"41/84, Rajagopalan Ganj",Nadiad,Tripura,380932,India,Home
7044,5204,"H.No. 35
Jani Nagar",Jaipur,Andhra Pradesh,083004,India,Office
7045,5205,"89/56, Nath Street",Bilaspur,Tripura,553190,India,Office
7046,5205,"H.No. 99
Butala Circle",Shahjahanpur,West Bengal,448590,India,Home
7047,5206,"27, Palla Road",Alappuzha,Odisha,084111,India,Office
7048,5207,"H.No. 07
Balan Road",Malegaon,Chhattisgarh,725913,India,Home
7049,5208,"H.No. 037, Goda Path",Pondicherry,Karnataka,753262,India,Other
7050,5209,"71/275, Khanna Zila",Pudukkottai,Kerala,163596,India,Office
7051,5209,"56/15
Bassi Zila",Jabalpur,Arunachal Pradesh,284879,India,Home
7052,5210,"H.No. 748, Sood Ganj",Yamunanagar,Nagaland,032471,India,Home
7053,5211,"565
Sama Circle",Kadapa,Uttarakhand,235167,India,Home
7054,5212,"25/77, Mody Ganj",Imphal,Mizoram,619723,India,Home
7055,5212,"H.No. 833
Grewal Path",Jehanabad,Nagaland,691749,India,Home
7056,5213,"H.No. 652
Saran Chowk",Jamnagar,Himachal Pradesh,203921,India,Office
7057,5213,"H.No. 614, Chada Circle",Chittoor,Madhya Pradesh,527630,India,Office
7058,5213,"H.No. 00
Banerjee Road",Guwahati,Maharashtra,581797,India,Office
7059,5214,"941, Bahl Road",Guwahati,Uttar Pradesh,314241,India,Home
7060,5215,"H.No. 389, Sawhney Chowk",Moradabad,Goa,500754,India,Home
7061,5216,"31, Dua Street",Hapur,Rajasthan,119726,India,Home
7062,5217,"H.No. 727, Atwal Street",Ambarnath,Rajasthan,194973,India,Home
7063,5218,"620
Sani Street",Kollam,Uttarakhand,725283,India,Home
7064,5218,"87/045, Hayre Nagar",Jalna,Tripura,347633,India,Home
7065,5219,"59
Johal Road",Korba,Assam,965038,India,Office
7066,5220,"05/270, Bassi Nagar",Madhyamgram,Madhya Pradesh,369488,India,Office
7067,5220,"H.No. 95, Chhabra Zila",Kanpur,Madhya Pradesh,105930,India,Office
7068,5221,"30/16
Vaidya Street",Sirsa,Meghalaya,483075,India,Office
7069,5221,"48/59
Kamdar Street",Mathura,Nagaland,042515,India,Home
7070,5222,"H.No. 978
Deep Chowk",Kakinada,Karnataka,409265,India,Home
7071,5223,"H.No. 920, Patel Road",Tiruchirappalli,Karnataka,033900,India,Home
7072,5224,"45
Sood Marg",Nagercoil,Jharkhand,403037,India,Home
7073,5225,"66, Sengupta Ganj",Srikakulam,Odisha,320689,India,Home
7074,5226,"90
Manne Circle",Satna,Nagaland,737459,India,Home
7075,5227,"021, Dar Nagar",Madanapalle,Assam,875749,India,Home
7076,5228,"200, Lall Circle",Jalandhar,Madhya Pradesh,457466,India,Home
7077,5228,"915
Mammen Path",Guntur,Telangana,467375,India,Home
7078,5229,"98
Tandon Road",Nagpur,Mizoram,462165,India,Home
7079,5230,"H.No. 083
Bhatt Zila",South Dumdum,Meghalaya,231755,India,Home
7080,5231,"482, Ratti Chowk",Raebareli,West Bengal,170709,India,Home
7081,5232,"976
Anand Road",Orai,Chhattisgarh,667134,India,Office
7082,5232,"50/26, Bose Road",Gaya,Uttarakhand,896968,India,Office
7083,5232,"H.No. 592
Sachdev Nagar",Gulbarga,Gujarat,180811,India,Home
7084,5233,"80
Saraf",Saharsa,Madhya Pradesh,393223,India,Home
7085,5234,"72/79
Uppal Nagar",Nizamabad,Sikkim,080429,India,Home
7086,5234,"H.No. 203
Krish Road",South Dumdum,Haryana,056821,India,Home
7087,5235,"H.No. 231, Keer Nagar",Orai,Rajasthan,919364,India,Home
7088,5235,"364, Dayal Nagar",Allahabad,Mizoram,579100,India,Home
7089,5236,"23, Date Zila",Kumbakonam,Uttar Pradesh,362487,India,Home
7090,5236,"56/12
Savant Circle",Ballia,Punjab,760663,India,Home
7091,5237,"H.No. 42
Chaudhuri Nagar",Bhalswa Jahangir Pur,Uttarakhand,899214,India,Home
7092,5238,"H.No. 191
Vaidya",Aurangabad,Bihar,423153,India,Home
7093,5238,"10, Loyal Circle",Kozhikode,Haryana,201487,India,Office
7094,5238,"H.No. 44, Dhar Marg",Tadepalligudem,Manipur,015171,India,Office
7095,5239,"35/628
Pal Street",Mirzapur,Uttarakhand,083563,India,Home
7096,5239,"14/516, Yohannan Road",Vijayanagaram,Manipur,684799,India,Home
7097,5240,"25, Manne Zila",Ghaziabad,Gujarat,918488,India,Home
7098,5241,"H.No. 21, Bajaj Zila",Visakhapatnam,Chhattisgarh,619563,India,Home
7099,5241,"64/549, Badami Path",Ramagundam,Gujarat,481864,India,Office
7100,5242,"16/251
Lala Nagar",Kozhikode,Chhattisgarh,741440,India,Home
7101,5242,"110, Chokshi Circle",Jamshedpur,Odisha,152000,India,Home
7102,5243,"96/568, Lala Path",Dehri,Gujarat,478971,India,Home
7103,5244,"76, Golla Chowk",Amritsar,Tamil Nadu,678853,India,Home
7104,5245,"83
Borde Marg",Hajipur,Mizoram,622076,India,Home
7105,5245,"77/454, Bala Street",Belgaum,Haryana,587846,India,Home
7106,5246,"69/13
Balay Road",Ulhasnagar,Jharkhand,090211,India,Home
7107,5246,"00, Sethi Path",Miryalaguda,Uttarakhand,027409,India,Home
7108,5247,"H.No. 872
More Nagar",Munger,Tamil Nadu,908882,India,Office
7109,5247,"H.No. 660
Sangha",Sambhal,West Bengal,826803,India,Other
7110,5248,"94/174
Patla Path",Buxar,Gujarat,589143,India,Office
7111,5248,"41, Sehgal Path",Bettiah,Bihar,264787,India,Home
7112,5248,"76/32
Lad",Bally,Meghalaya,938827,India,Office
7113,5249,"101
Kar Street",Rajpur Sonarpur,Tripura,424955,India,Home
7114,5250,"94, Lall Marg",Bongaigaon,Haryana,971311,India,Home
7115,5251,"13/58
Chada Circle",Bulandshahr,Kerala,847071,India,Home
7116,5251,"55/54, Sheth Nagar",Maheshtala,West Bengal,867918,India,Home
7117,5252,"63/41, Doctor Marg",Nadiad,Goa,679911,India,Home
7118,5252,"18
Zachariah",Tiruchirappalli,Assam,410433,India,Home
7119,5253,"08, Gola Marg",Erode,Sikkim,887090,India,Home
7120,5253,"08/163, Bandi Marg",Ambarnath,Goa,938350,India,Home
7121,5254,"821, Wagle Path",Gulbarga,Sikkim,101321,India,Home
7122,5255,"H.No. 73
Solanki Street",Chittoor,Arunachal Pradesh,145822,India,Home
7123,5256,"703, Bala",Allahabad,Tamil Nadu,710159,India,Office
7124,5256,"H.No. 91
Narain",Howrah,Tamil Nadu,721408,India,Home
7125,5257,"59/46, Ramakrishnan Nagar",Bhiwandi,Odisha,375521,India,Home
7126,5258,"H.No. 02
Seth Chowk",Maheshtala,Madhya Pradesh,198495,India,Home
7127,5259,"413, Sarin Nagar",Thrissur,Madhya Pradesh,939630,India,Home
7128,5260,"H.No. 61
Pradhan Path",Thrissur,Meghalaya,277025,India,Home
7129,5261,"15/28, Shankar",Vasai-Virar,Mizoram,746127,India,Office
7130,5262,"H.No. 503
Bhandari Marg",Munger,West Bengal,230176,India,Home
7131,5263,"H.No. 128
Sharaf Nagar",Nanded,Assam,122764,India,Office
7132,5264,"H.No. 12, Din Road",Mango,Tamil Nadu,904131,India,Home
7133,5265,"461, Mani Chowk",Pudukkottai,Telangana,716035,India,Home
7134,5265,"66/15
Rao Road",Dehradun,Mizoram,141292,India,Home
7135,5266,"H.No. 65
Chaudhuri Chowk",Udupi,Uttarakhand,879013,India,Home
7136,5267,"50/678, Majumdar Marg",Nellore,Tripura,913567,India,Home
7137,5268,"14
Shroff Street",Korba,Arunachal Pradesh,157426,India,Office
7138,5268,"34/45
Ram Ganj",Bhopal,Karnataka,381015,India,Other
7139,5269,"H.No. 634
Natt Zila",Bathinda,Bihar,342296,India,Home
7140,5270,"892
Sama Zila",Jabalpur,West Bengal,050741,India,Other
7141,5271,"H.No. 723
Nigam Circle",Dehradun,Nagaland,582930,India,Home
7142,5272,"20/710
Dara Ganj",Jamnagar,Bihar,653903,India,Office
7143,5273,"H.No. 95, Ravi",Mathura,Tripura,457055,India,Office
7144,5274,"51/675, Bava Nagar",Raichur,Maharashtra,664873,India,Home
7145,5274,"32/492
Vasa Ganj",Secunderabad,Andhra Pradesh,004636,India,Home
7146,5275,"H.No. 457
Ranganathan Circle",Kozhikode,Uttarakhand,677150,India,Home
7147,5276,"H.No. 626
Datta",Nanded,Tamil Nadu,539831,India,Home
7148,5277,"H.No. 077
Kala Marg",Ujjain,Andhra Pradesh,262857,India,Office
7149,5277,"56, Madan Circle",Narasaraopet,Madhya Pradesh,512180,India,Home
7150,5278,"H.No. 05, Sami Zila",Anantapuram,Haryana,719593,India,Home
7151,5279,"19/04, Sabharwal Marg",Jamnagar,Telangana,902314,India,Office
7152,5280,"H.No. 775
Prakash Marg",Bhopal,Chhattisgarh,162832,India,Other
7153,5281,"H.No. 235, Parikh Circle",Nashik,West Bengal,197975,India,Home
7154,5281,"58, Tripathi Nagar",Mahbubnagar,Sikkim,358824,India,Home
7155,5282,"16/729
Bir Circle",Tadipatri,Himachal Pradesh,535722,India,Home
7156,5283,"42
Raman Ganj",Bharatpur,Uttar Pradesh,552041,India,Home
7157,5284,"75/76
Choudhry Nagar",Bangalore,Mizoram,281946,India,Home
7158,5285,"40/21
Bora Marg",Noida,Uttarakhand,091256,India,Home
7159,5286,"596
Brar Ganj",Haridwar,Bihar,741483,India,Office
7160,5287,"H.No. 78, Parmar Zila",Erode,Arunachal Pradesh,449003,India,Home
7161,5288,"H.No. 794, Puri Road",Tadepalligudem,Kerala,147781,India,Home
7162,5289,"90
Kothari Street",Bangalore,Kerala,179583,India,Other
7163,5290,"077, Mangat Chowk",Madurai,Sikkim,570265,India,Home
7164,5291,"17/486, Vasa Ganj",Loni,Karnataka,980679,India,Home
7165,5292,"H.No. 81, Saini",Katihar,Jharkhand,923912,India,Home
7166,5293,"563, Sinha Nagar",Karimnagar,Punjab,906380,India,Home
7167,5293,"17/339
Dada Zila",Kamarhati,Goa,823688,India,Home
7168,5294,"H.No. 288, Vora Street",Ajmer,Andhra Pradesh,408344,India,Home
7169,5295,"H.No. 48
Yohannan Marg",Begusarai,Haryana,926713,India,Home
7170,5296,"81/48
Mahal Road",Kakinada,Himachal Pradesh,238936,India,Office
7171,5296,"H.No. 036
Bail",Gulbarga,Madhya Pradesh,505725,India,Home
7172,5297,"84, Setty Road",Aurangabad,Himachal Pradesh,825706,India,Home
7173,5298,"32
Bakshi Nagar",Malda,Jharkhand,209147,India,Home
7174,5299,"15/89, Dey Ganj",Ghaziabad,Goa,717244,India,Office
7175,5300,"323, Gara Path",Chapra,Assam,005330,India,Home
7176,5300,"H.No. 56, Bhalla Ganj",Maheshtala,Mizoram,099290,India,Home
7177,5301,"H.No. 596, Wason Chowk",Bhiwani,Chhattisgarh,291877,India,Home
7178,5302,"H.No. 22, Kalita Nagar",Kumbakonam,Tripura,329517,India,Home
7179,5302,"76/775, Pillai",Madhyamgram,Andhra Pradesh,832156,India,Home
7180,5303,"373, Bhatti",Machilipatnam,Maharashtra,690726,India,Other
7181,5304,"H.No. 068, Naik Zila",Chandrapur,Sikkim,445237,India,Office
7182,5305,"H.No. 68
Chhabra Ganj",Kochi,Chhattisgarh,165653,India,Home
7183,5306,"44/092
Apte Ganj",Ambattur,Goa,089300,India,Home
7184,5307,"H.No. 424
Shan Road",Navi Mumbai,Manipur,045865,India,Home
7185,5308,"H.No. 46, Dhar Nagar",Bhopal,Odisha,048213,India,Other
7186,5308,"H.No. 70, Mandal Circle",Alwar,Nagaland,491887,India,Office
7187,5308,"74/749
Saran Street",Bhubaneswar,Rajasthan,290898,India,Home
7188,5309,"H.No. 571
Kant Circle",Gulbarga,Jharkhand,105888,India,Office
7189,5310,"87/24, Badami Circle",Sri Ganganagar,Uttar Pradesh,676840,India,Home
7190,5311,"01/26, Aurora Marg",Dibrugarh,Gujarat,409325,India,Home
7191,5311,"H.No. 50, Bhandari Street",Ambarnath,Jharkhand,431070,India,Home
7192,5312,"H.No. 12, Toor Chowk",Chapra,West Bengal,281090,India,Office
7193,5313,"032
Kakar Chowk",Junagadh,Haryana,436299,India,Office
7194,5314,"948, Chatterjee Zila",Sangli-Miraj & Kupwad,Odisha,640720,India,Home
7195,5315,"H.No. 585
Kala Ganj",Ratlam,Jharkhand,944688,India,Home
7196,5315,"010, Vohra Nagar",Meerut,Mizoram,899036,India,Home
7197,5316,"70/361, Dube Marg",Berhampur,Karnataka,662939,India,Home
7198,5317,"H.No. 08
Dave Nagar",Danapur,West Bengal,254568,India,Home
7199,5318,"99
Subramaniam Zila",Madhyamgram,Tamil Nadu,272419,India,Home
7200,5319,"H.No. 62
Nori Street",Bhalswa Jahangir Pur,Uttarakhand,421426,India,Home
7201,5320,"48
Chauhan Chowk",Indore,Karnataka,730858,India,Home
7202,5320,"H.No. 30, Peri Path",Hazaribagh,Madhya Pradesh,825436,India,Home
7203,5321,"75/10
Pillay Chowk",Guntur,Madhya Pradesh,268420,India,Home
7204,5321,"136, Nazareth Nagar",Pudukkottai,Manipur,702372,India,Office
7205,5322,"432
Bajwa Street",Bhind,Maharashtra,944572,India,Home
7206,5323,"18, Som Marg",Kumbakonam,Punjab,725998,India,Home
7207,5324,"86/01
Som Chowk",Bharatpur,Maharashtra,217146,India,Home
7208,5325,"H.No. 18
Bajaj Circle",Ludhiana,Karnataka,891462,India,Office
7209,5326,"89/417, Palla",Uluberia,Mizoram,186369,India,Home
7210,5326,"66, Issac",Bhubaneswar,Tripura,327145,India,Home
7211,5327,"18/73, Nair Street",Agartala,Karnataka,606076,India,Home
7212,5328,"90/379
Varughese Zila",Avadi,Punjab,070454,India,Home
7213,5329,"H.No. 354, Soni",Phusro,Tamil Nadu,538496,India,Home
7214,5330,"555, Gola",Srinagar,Tamil Nadu,632878,India,Home
7215,5331,"H.No. 625, Kashyap",Bellary,Kerala,832323,India,Home
7216,5332,"16/61
Sibal Nagar",Yamunanagar,Jharkhand,399206,India,Home
7217,5333,"H.No. 048, Nagy Marg",Jorhat,Goa,787755,India,Home
7218,5334,"18, Aurora Zila",Dindigul,Karnataka,843234,India,Office
7219,5335,"72/75
Nanda Path",Bidhannagar,Uttarakhand,709161,India,Home
7220,5336,"H.No. 846
Minhas Nagar",Tenali,Meghalaya,809483,India,Office
7221,5337,"H.No. 339, Barman Path",Naihati,Jharkhand,183241,India,Office
7222,5338,"24/640, Kapur Marg",Pudukkottai,Mizoram,419025,India,Office
7223,5339,"H.No. 902, Mallick Road",Maheshtala,Madhya Pradesh,672687,India,Home
7224,5340,"078
Dave Ganj",Panvel,Gujarat,611617,India,Home
7225,5340,"871, Dara",Guna,Manipur,326876,India,Office
7226,5341,"73, Rao Nagar",Jammu,Madhya Pradesh,792860,India,Home
7227,5342,"73
Sundaram Street",Bokaro,Mizoram,095097,India,Home
7228,5342,"90/58
Singh Nagar",Surendranagar Dudhrej,Tripura,915883,India,Office
7229,5343,"H.No. 24
Malhotra Path",Kirari Suleman Nagar,Tamil Nadu,521082,India,Office
7230,5344,"14/38, Gill Nagar",Katihar,Punjab,719191,India,Home
7231,5345,"H.No. 912
Sarma Marg",New Delhi,Odisha,322708,India,Office
7232,5346,"H.No. 82
Bumb Chowk",Patiala,Maharashtra,695194,India,Office
7233,5347,"99/64, Das Circle",Ratlam,Punjab,781465,India,Office
7234,5348,"750
Bahri Chowk",Ongole,Tamil Nadu,819759,India,Home
7235,5349,"30/465, Tiwari Circle",Bellary,Odisha,124870,India,Home
7236,5350,"20/688
Merchant Zila",Ghaziabad,West Bengal,312647,India,Office
7237,5351,"68/80, Chawla Circle",Alappuzha,Telangana,807900,India,Home
7238,5352,"48
Cherian Path",Solapur,Manipur,167683,India,Home
7239,5353,"690
Patla Ganj",Aurangabad,Arunachal Pradesh,415203,India,Home
7240,5354,"26/57, Ratti Zila",Solapur,Gujarat,440488,India,Other
7241,5355,"H.No. 69
Chaudhari Marg",Pondicherry,Odisha,237677,India,Office
7242,5356,"05, Venkataraman Chowk",Sri Ganganagar,Karnataka,054837,India,Home
7243,5356,"90
Mitra Marg",Haridwar,Himachal Pradesh,590440,India,Home
7244,5356,"692, Natarajan Zila",Alappuzha,Arunachal Pradesh,441622,India,Home
7245,5357,"468, Karpe Road",Chandrapur,Meghalaya,160480,India,Home
7246,5357,"35
Tella Circle",Bilaspur,Kerala,812461,India,Home
7247,5358,"09
Deep Circle",Mira-Bhayandar,Odisha,892903,India,Home
7248,5359,"81/35, Chandran Path",Rajahmundry,Tripura,988032,India,Home
7249,5360,"H.No. 28
Mistry Marg",Rohtak,West Bengal,766142,India,Office
7250,5360,"57/93
Sharaf Road",Gangtok,Manipur,124179,India,Home
7251,5361,"450
Dewan",Mathura,Arunachal Pradesh,952285,India,Office
7252,5362,"24/715, Talwar Street",Sambalpur,Tamil Nadu,687098,India,Office
7253,5362,"H.No. 50, Hayre Circle",Chittoor,Goa,769536,India,Home
7254,5362,"289, Sibal Circle",Bokaro,Uttarakhand,970367,India,Office
7255,5363,"88/135
Panchal Street",Karawal Nagar,Maharashtra,955900,India,Office
7256,5363,"984
Srinivasan",Sagar,Meghalaya,340529,India,Home
7257,5363,"H.No. 914
Wason Path",Bidhannagar,Andhra Pradesh,068086,India,Home
7258,5364,"62, Kashyap Zila",Berhampur,Arunachal Pradesh,169521,India,Home
7259,5365,"05
Warrior Marg",Berhampur,Karnataka,690901,India,Other
7260,5366,"97/54
Mall Circle",Moradabad,Odisha,756338,India,Home
7261,5366,"33/23
Ravel Path",Faridabad,Manipur,072645,India,Other
7262,5367,"921
Devan Street",Howrah,Madhya Pradesh,379627,India,Home
7263,5368,"H.No. 64, Suresh Circle",Jaunpur,Rajasthan,358658,India,Home
7264,5368,"630, De Marg",Malda,Manipur,838812,India,Home
7265,5369,"23
Bumb Zila",Serampore,Maharashtra,022679,India,Home
7266,5369,"99/179
Rajan Zila",Sambhal,Punjab,871125,India,Office
7267,5370,"38
Dayal Marg",Shivpuri,Jharkhand,576593,India,Home
7268,5371,"183
Dhawan Path",Adoni,Assam,161266,India,Home
7269,5371,"23/92, Pandya Road",Machilipatnam,Jharkhand,292067,India,Home
7270,5372,"57/35, Misra",Ratlam,Haryana,555106,India,Office
7271,5373,"H.No. 638, Mangat",Adoni,Uttar Pradesh,130249,India,Office
7272,5374,"26, Grewal Zila",Ujjain,Meghalaya,326261,India,Home
7273,5375,"H.No. 569, Saxena Nagar",Dewas,Manipur,722454,India,Home
7274,5376,"63
Zachariah Nagar",Orai,Haryana,132142,India,Home
7275,5377,"453, Pau Chowk",Jalgaon,Tamil Nadu,903244,India,Office
7276,5377,"322, Narang Road",Karawal Nagar,Nagaland,379370,India,Home
7277,5378,"829
Palla Circle",Ichalkaranji,Rajasthan,721113,India,Home
7278,5379,"H.No. 815, Dua Road",Adoni,Tripura,001968,India,Other
7279,5380,"87
Sathe Ganj",Haldia,Uttarakhand,681437,India,Home
7280,5381,"H.No. 74
Dasgupta Nagar",Nashik,Kerala,543263,India,Home
7281,5382,"H.No. 926
Rau Ganj",Mathura,Madhya Pradesh,776303,India,Home
7282,5382,"18, Kala Road",Jalgaon,Manipur,070860,India,Home
7283,5383,"H.No. 29
Rau Chowk",Kakinada,Himachal Pradesh,117386,India,Home
7284,5384,"55/631, Nadig Path",Indore,Jharkhand,861076,India,Office
7285,5385,"809
Bawa Path",Miryalaguda,Tripura,711290,India,Office
7286,5385,"147
Bir",Berhampur,Odisha,257751,India,Home
7287,5386,"24/44, Kaur Street",Anantapur,Himachal Pradesh,266575,India,Office
7288,5387,"H.No. 172
More Nagar",Kolkata,Haryana,205594,India,Home
7289,5387,"H.No. 410, Singhal Marg",Kamarhati,Gujarat,031006,India,Home
7290,5388,"321
Karnik Zila",Shahjahanpur,Andhra Pradesh,244149,India,Office
7291,5389,"17, Grewal",New Delhi,Rajasthan,992535,India,Home
7292,5389,"19, Babu Street",Gurgaon,Kerala,107528,India,Home
7293,5390,"16/261, Subramaniam Zila",Muzaffarnagar,Chhattisgarh,331688,India,Home
7294,5391,"H.No. 163
Shroff Street",Ambarnath,Jharkhand,765160,India,Office
7295,5392,"H.No. 00, Rattan Circle",Farrukhabad,Jharkhand,256532,India,Home
7296,5392,"843, Loyal Path",Buxar,Manipur,344178,India,Home
7297,5393,"H.No. 719, Boase Street",Bidhannagar,Bihar,918238,India,Home
7298,5394,"04/201
Bera",Vijayanagaram,Tripura,473940,India,Office
7299,5394,"H.No. 648
Vala Zila",Panipat,Haryana,577238,India,Office
7300,5395,"132
Boase",Sambhal,Madhya Pradesh,759377,India,Home
7301,5396,"H.No. 73
Patil Nagar",Ajmer,Assam,477167,India,Office
7302,5396,"33, Mital Street",Shivpuri,Chhattisgarh,058683,India,Home
7303,5397,"26/01, Palla Path",Visakhapatnam,Assam,538531,India,Home
7304,5398,"H.No. 86, Swamy Road",Tadipatri,Madhya Pradesh,417219,India,Home
7305,5398,"H.No. 87, Golla",Kanpur,Nagaland,872641,India,Office
7306,5399,"H.No. 974
Sarin Ganj",Bidhannagar,Uttar Pradesh,213714,India,Home
7307,5399,"19/32
Shanker Street",Bhimavaram,Jharkhand,661215,India,Home
7308,5400,"10/85
Chacko Zila",Bhusawal,Rajasthan,496711,India,Home
7309,5400,"H.No. 400
Nagarajan Road",Guna,Uttar Pradesh,574367,India,Home
7310,5401,"H.No. 28, Dixit Ganj",Anantapuram,Tamil Nadu,692266,India,Home
7311,5402,"H.No. 091
Chauhan Road",Sambhal,Goa,632019,India,Home
7312,5402,"H.No. 909, Narasimhan Road",Unnao,Madhya Pradesh,929667,India,Office
7313,5402,"H.No. 96, Sastry Ganj",Anand,Jharkhand,749412,India,Home
7314,5403,"H.No. 730
Buch Chowk",Karaikudi,Tamil Nadu,356330,India,Home
7315,5404,"H.No. 265, Chander Nagar",Tadipatri,West Bengal,558959,India,Home
7316,5405,"553
Sethi Circle",Bareilly,Jharkhand,700828,India,Home
7317,5406,"900
Jayaraman Nagar",Haldia,Himachal Pradesh,468212,India,Home
7318,5406,"97, Munshi Marg",Thane,Bihar,700934,India,Home
7319,5406,"74/652
Dutt Ganj",Siwan,Tripura,256133,India,Home
7320,5407,"657, Brahmbhatt Marg",Panipat,West Bengal,587151,India,Office
7321,5408,"23/41, Samra Circle",Amroha,Himachal Pradesh,459056,India,Home
7322,5409,"H.No. 650
Sarna Path",Bihar Sharif,Haryana,483225,India,Home
7323,5410,"H.No. 38
Ahluwalia Nagar",Tadipatri,Jharkhand,667040,India,Home
7324,5411,"71/886
Vasa Marg",Haldia,Kerala,172520,India,Other
7325,5412,"661, Chaudhry",Asansol,West Bengal,698826,India,Home
7326,5413,"023
Dave Chowk",Chittoor,West Bengal,273364,India,Home
7327,5414,"235
Kapur Ganj",Hosur,Uttar Pradesh,883495,India,Other
7328,5415,"76/03, Chokshi Street",Dibrugarh,Punjab,242395,India,Home
7329,5416,"96/69, Nadig",Hajipur,Tamil Nadu,324336,India,Home
7330,5417,"16
Kala Chowk",Patiala,Goa,331784,India,Home
7331,5418,"82/604, Oza Circle",Korba,Bihar,038899,India,Office
7332,5419,"H.No. 59
Sethi",Raiganj,Punjab,062036,India,Home
7333,5419,"00
Sheth",Jaunpur,Haryana,644848,India,Home
7334,5420,"89/995
Verma Circle",Pimpri-Chinchwad,Haryana,906454,India,Home
7335,5420,"09
Kumar Marg",Morena,Himachal Pradesh,156600,India,Office
7336,5420,"75/373
Hayer Circle",Howrah,Tamil Nadu,786481,India,Home
7337,5421,"37, Rege Circle",Suryapet,Madhya Pradesh,005796,India,Home
7338,5422,"34/41
Majumdar Zila",Noida,Meghalaya,669916,India,Home
7339,5422,"243
Subramaniam",Nanded,Uttar Pradesh,978311,India,Office
7340,5423,"H.No. 02, Verma Ganj",Kottayam,Jharkhand,675334,India,Office
7341,5424,"H.No. 40, Dara Zila",Kishanganj,Karnataka,796914,India,Home
7342,5424,"04
Gopal",Gandhinagar,Assam,880413,India,Home
7343,5425,"80, Lal Zila",Mirzapur,Karnataka,095445,India,Home
7344,5426,"95/25
Walia",Ramagundam,Telangana,449839,India,Home
7345,5426,"29/374, Roy Marg",Jamalpur,Telangana,503259,India,Home
7346,5427,"H.No. 405
Palla Chowk",Satara,Punjab,513128,India,Home
7347,5428,"H.No. 511, Kade Path",Maheshtala,Madhya Pradesh,384675,India,Office
7348,5429,"H.No. 19
Lala Street",Raichur,Punjab,151812,India,Home
7349,5430,"22/909, Tandon Path",Allahabad,Goa,719756,India,Home
7350,5431,"33/77, Ghosh Ganj",Farrukhabad,Manipur,297128,India,Home
7351,5431,"H.No. 555
Dube Road",Bikaner,Telangana,297027,India,Other
7352,5432,"H.No. 91
Karpe Ganj",Tenali,Uttar Pradesh,453874,India,Home
7353,5433,"H.No. 558
Goyal",Panipat,Arunachal Pradesh,642718,India,Home
7354,5434,"H.No. 14
Kothari Path",Jammu,Haryana,860204,India,Home
7355,5435,"25/134, Shroff Path",Alwar,Nagaland,199194,India,Office
7356,5435,"H.No. 014, Atwal Path",Gwalior,Madhya Pradesh,507291,India,Other
7357,5436,"H.No. 614
Manne Road",Ulhasnagar,Andhra Pradesh,775441,India,Office
7358,5437,"93/58, Dube Path",Hospet,Himachal Pradesh,647199,India,Home
7359,5438,"H.No. 281, Natarajan Circle",Tiruchirappalli,Madhya Pradesh,103010,India,Home
7360,5438,"997, Kanda Nagar",Vasai-Virar,Kerala,795364,India,Home
7361,5439,"H.No. 379, Choudhary Zila",Pali,Odisha,150840,India,Home
7362,5440,"69
Chokshi Chowk",Bettiah,Haryana,464380,India,Home
7363,5440,"72, Bhat Ganj",Bhind,Punjab,546060,India,Home
7364,5440,"H.No. 48, Sengupta Street",South Dumdum,Andhra Pradesh,697878,India,Home
7365,5441,"99/00
Ratti Circle",Haldia,Meghalaya,280754,India,Home
7366,5441,"H.No. 142, Roy",Surendranagar Dudhrej,Rajasthan,834138,India,Home
7367,5442,"914, Peri Nagar",Nagercoil,Maharashtra,259401,India,Home
7368,5443,"H.No. 38, Dhar Circle",Bhavnagar,Gujarat,118577,India,Home
7369,5444,"51/24
Sule Zila",Bellary,Gujarat,104192,India,Home
7370,5445,"H.No. 50, Kumar Marg",South Dumdum,Haryana,168702,India,Home
7371,5446,"H.No. 675, Dave Nagar",Kanpur,Tripura,460762,India,Other
7372,5447,"274
Devan",Gandhinagar,Bihar,853933,India,Home
7373,5448,"H.No. 320, De Nagar",Uluberia,Nagaland,076938,India,Home
7374,5449,"36/029, Sampath Zila",Khandwa,Bihar,762472,India,Office
7375,5450,"58/190
Chadha Circle",Durg,Mizoram,003108,India,Other
7376,5451,"73, Ram Zila",Pune,Odisha,556340,India,Other
7377,5452,"H.No. 340, Lata",Aizawl,Telangana,731978,India,Home
7378,5453,"53/39
Sankaran Path",Berhampur,Manipur,175763,India,Home
7379,5454,"211
Chander Path",Visakhapatnam,Tripura,746649,India,Office
7380,5455,"56/28
Pradhan Chowk",Firozabad,Haryana,286619,India,Home
7381,5455,"10/299, Swamy Path",Siliguri,Punjab,553360,India,Home
7382,5456,"698
Tata Path",Ichalkaranji,Haryana,238545,India,Home
7383,5457,"H.No. 81, Chopra Circle",Malda,Telangana,216009,India,Home
7384,5458,"00/377, Bajaj Ganj",Jabalpur,Assam,125383,India,Home
7385,5459,"H.No. 69
Sant Path",Shahjahanpur,Meghalaya,582204,India,Home
7386,5460,"H.No. 36, Kapoor Road",Saharanpur,Jharkhand,909305,India,Office
7387,5460,"73/479, Tella Zila",Akola,Chhattisgarh,849370,India,Office
7388,5461,"74/420
Maharaj Circle",Ramagundam,Himachal Pradesh,371037,India,Other
7389,5462,"71/282
Sinha Zila",Mirzapur,Gujarat,581166,India,Home
7390,5463,"92
Bawa Chowk",Ludhiana,Madhya Pradesh,395951,India,Home
7391,5464,"36/623, Madan Chowk",Chandrapur,Arunachal Pradesh,945757,India,Home
7392,5465,"H.No. 87, Badami Chowk",Gandhinagar,Odisha,517412,India,Home
7393,5465,"31/82
Khare Street",Bhilai,Uttar Pradesh,835318,India,Office
7394,5466,"H.No. 77
Bora Path",Jalna,Manipur,824843,India,Office
7395,5466,"07/23
Tailor Zila",Hyderabad,Himachal Pradesh,128094,India,Home
7396,5466,"34/20
Bhatti Path",Bidhannagar,Mizoram,263730,India,Home
7397,5467,"553, Tailor Ganj",Jammu,Assam,702984,India,Home
7398,5468,"H.No. 09, Deshmukh Zila",Bareilly,Bihar,373992,India,Home
7399,5469,"H.No. 601, Bains Road",Kamarhati,Arunachal Pradesh,457623,India,Other
7400,5470,"260, Bhatt",Mathura,Bihar,809450,India,Home
7401,5471,"H.No. 48, Singh Street",Junagadh,Rajasthan,553741,India,Office
7402,5472,"011, Nadkarni Ganj",Ajmer,Manipur,595769,India,Home
7403,5473,"540
Rau Ganj",Sagar,Arunachal Pradesh,230271,India,Home
7404,5474,"100
Deshmukh Circle",Bally,Kerala,259129,India,Office
7405,5475,"38/445
Magar Zila",Vasai-Virar,Nagaland,616971,India,Home
7406,5476,"H.No. 44, Kapoor Ganj",Kottayam,Karnataka,582627,India,Home
7407,5477,"H.No. 88, Ray Street",Mysore,Mizoram,021770,India,Other
7408,5477,"H.No. 544, Mangal Path",Silchar,Jharkhand,125814,India,Home
7409,5478,"H.No. 42
Bawa Street",Anantapuram,Andhra Pradesh,011349,India,Office
7410,5479,"22
Palla Road",Suryapet,Telangana,810540,India,Home
7411,5479,"89
Hans Road",Orai,Gujarat,853870,India,Home
7412,5480,"50, Srivastava Chowk",Unnao,Odisha,881091,India,Home
7413,5480,"62, Khosla Marg",Danapur,Punjab,001091,India,Home
7414,5481,"H.No. 936
Narain Circle",Mathura,Himachal Pradesh,734929,India,Home
7415,5482,"H.No. 64
Magar Ganj",Tadepalligudem,Tamil Nadu,804810,India,Home
7416,5482,"H.No. 65, Radhakrishnan Road",Vijayanagaram,Himachal Pradesh,996645,India,Home
7417,5483,"43/671
Taneja Nagar",Bangalore,Bihar,701812,India,Home
7418,5484,"H.No. 46, Nath Marg",Mangalore,Gujarat,197276,India,Home
7419,5484,"78
Choudhary Road",Kulti,Bihar,611933,India,Home
7420,5484,"46/37
Baria Nagar",Firozabad,Tamil Nadu,419808,India,Office
7421,5485,"H.No. 64, Ganguly Ganj",Vasai-Virar,Odisha,133091,India,Other
7422,5486,"77, Puri Road",Panihati,Uttar Pradesh,756113,India,Home
7423,5487,"40/626, Mittal Chowk",Mango,Himachal Pradesh,546815,India,Home
7424,5487,"69
Gaba Marg",Anand,Madhya Pradesh,630496,India,Home
7425,5488,"18/032
Pant Nagar",Nashik,Madhya Pradesh,908587,India,Home
7426,5488,"H.No. 480
Varty Nagar",Ludhiana,Chhattisgarh,887646,India,Office
7427,5489,"H.No. 329, Kakar Circle",Muzaffarnagar,Maharashtra,679007,India,Office
7428,5490,"H.No. 775, Bala Circle",Vasai-Virar,Nagaland,429038,India,Home
7429,5491,"95, Iyer Zila",Narasaraopet,Tamil Nadu,176931,India,Home
7430,5492,"H.No. 310, Ganguly Nagar",Bhalswa Jahangir Pur,Punjab,570176,India,Office
7431,5493,"H.No. 976, Hora Zila",Aurangabad,Arunachal Pradesh,017429,India,Home
7432,5494,"62/981, Naidu Road",Kalyan-Dombivli,Karnataka,254490,India,Home
7433,5494,"01/58
Lala Circle",Vasai-Virar,Himachal Pradesh,809912,India,Home
7434,5495,"H.No. 375
Natarajan Road",Uluberia,Nagaland,801555,India,Home
7435,5496,"14/903
Swaminathan Road",Fatehpur,Manipur,463772,India,Home
7436,5496,"45, Sibal Zila",Katni,Haryana,493153,India,Home
7437,5497,"H.No. 412, Keer Ganj",Chittoor,Sikkim,836428,India,Home
7438,5498,"H.No. 15
Bhalla Ganj",Nellore,Gujarat,731809,India,Home
7439,5499,"32/813, Mitter Circle",Bellary,Nagaland,642511,India,Other
7440,5500,"90/875
Shenoy Chowk",Madhyamgram,Jharkhand,620609,India,Office
7441,5501,"H.No. 009, Pandya",Kolkata,Odisha,153227,India,Home
7442,5502,"03/484
Wali Chowk",Ahmedabad,Himachal Pradesh,245712,India,Home
7443,5503,"72
Amble Circle",Tirunelveli,Arunachal Pradesh,901546,India,Home
7444,5504,"80/797
Lala Circle",Karimnagar,Karnataka,961168,India,Home
7445,5505,"80
Amble Road",Fatehpur,Goa,589741,India,Office
7446,5506,"45/375
Iyer Chowk",Bhavnagar,Madhya Pradesh,109958,India,Home
7447,5507,"30/539, Chakrabarti Circle",Hospet,Bihar,599271,India,Home
7448,5508,"H.No. 79, Mann Ganj",Sangli-Miraj & Kupwad,Tamil Nadu,665942,India,Home
7449,5508,"361, Varkey Chowk",Hubli–Dharwad,Himachal Pradesh,944664,India,Home
7450,5509,"H.No. 37
Sunder Nagar",Rourkela,Chhattisgarh,850932,India,Home
7451,5510,"56, Bala Chowk",Mehsana,Haryana,614998,India,Home
7452,5511,"917, Basu",Phagwara,Arunachal Pradesh,767270,India,Office
7453,5512,"198
Chander Chowk",Amritsar,Arunachal Pradesh,014505,India,Office
7454,5513,"49/922, Deep Circle",Gopalpur,Assam,584153,India,Home
7455,5513,"74/705, Bajaj",Haridwar,Jharkhand,750465,India,Home
7456,5513,"51
De Road",Hyderabad,Chhattisgarh,299075,India,Office
7457,5514,"H.No. 626
Shankar Path",Madurai,Chhattisgarh,907002,India,Home
7458,5515,"H.No. 82
Ganguly Ganj",Danapur,Karnataka,601903,India,Home
7459,5516,"717, Sanghvi Marg",Alwar,Uttarakhand,634230,India,Home
7460,5517,"11/94
Lad Path",Anand,Nagaland,873612,India,Office
7461,5517,"H.No. 263
Wadhwa",Davanagere,Kerala,493677,India,Home
7462,5518,"39
Nath Circle",Mira-Bhayandar,Maharashtra,605614,India,Office
7463,5519,"92/34, Bhatti Zila",Amaravati,Tripura,299284,India,Home
7464,5520,"H.No. 08, Sahota Chowk",Madanapalle,Manipur,910338,India,Home
7465,5521,"07/98, Dash Road",Vijayawada,Andhra Pradesh,451991,India,Office
7466,5522,"931
Shanker Marg",Erode,West Bengal,798877,India,Home
7467,5523,"18/24, Banerjee",Bidhannagar,Madhya Pradesh,336330,India,Home
7468,5524,"96/57, Mitra Street",Madhyamgram,Himachal Pradesh,885016,India,Office
7469,5525,"61/481, Deshmukh Path",Kulti,West Bengal,225175,India,Home
7470,5526,"42/21, Aggarwal Path",Mehsana,Himachal Pradesh,550098,India,Home
7471,5526,"H.No. 918
Barad Circle",Satara,Tripura,057779,India,Home
7472,5527,"H.No. 54, Rastogi",Bhubaneswar,Karnataka,989270,India,Home
7473,5527,"87/43
Hari Ganj",Vijayanagaram,Karnataka,948847,India,Home
7474,5528,"H.No. 54
Kibe Zila",Burhanpur,Uttarakhand,494352,India,Home
7475,5529,"056, Chaudhary Zila",Belgaum,Meghalaya,773820,India,Home
7476,5530,"64/076, Padmanabhan Path",Ahmednagar,Punjab,872000,India,Home
7477,5531,"341, Jha Road",Kollam,Kerala,557551,India,Home
7478,5532,"20/338
Karan Ganj",Khora ,Andhra Pradesh,609367,India,Home
7479,5533,"84/576
Mody",Satara,Nagaland,765111,India,Home
7480,5533,"H.No. 181
Tripathi Street",Coimbatore,Madhya Pradesh,555481,India,Home
7481,5534,"44/322, Bains Street",Bidhannagar,Sikkim,462969,India,Office
7482,5535,"H.No. 72, Nath Zila",Bettiah,Himachal Pradesh,145100,India,Home
7483,5535,"35/200
Ramachandran Nagar",Davanagere,Haryana,000790,India,Home
7484,5536,"198, Bhatia Path",Serampore,Chhattisgarh,561874,India,Home
7485,5537,"51/95, Tata Road",Kharagpur,Mizoram,733750,India,Home
7486,5538,"10/428
Jayaraman Circle",Tirunelveli,Goa,477203,India,Home
7487,5539,"H.No. 82, Bhatnagar Circle",Deoghar,Uttar Pradesh,769722,India,Home
7488,5540,"60/193
Kumar Nagar",Surendranagar Dudhrej,Tamil Nadu,945225,India,Home
7489,5541,"14, Roy Chowk",Dehradun,Nagaland,888301,India,Home
7490,5542,"H.No. 33
Sheth Road",Satna,Chhattisgarh,345292,India,Home
7491,5543,"63/21
Varghese Zila",Coimbatore,Uttar Pradesh,393983,India,Home
7492,5544,"784
Kota Path",Bihar Sharif,Mizoram,448345,India,Home
7493,5544,"H.No. 940
Varughese Ganj",Noida,Arunachal Pradesh,210269,India,Office
7494,5545,"H.No. 06
Prabhu Chowk",Ludhiana,Karnataka,685344,India,Home
7495,5546,"H.No. 67, Wadhwa Road",Bhatpara,Goa,596256,India,Office
7496,5546,"H.No. 76, Rama Circle",Rohtak,Odisha,677539,India,Home
7497,5547,"30/03, Malhotra Road",Gopalpur,Meghalaya,142464,India,Office
7498,5547,"40/005
Chaudhuri Marg",Aligarh,Mizoram,648707,India,Home
7499,5548,"88, Reddy",Bettiah,Kerala,232962,India,Home
7500,5549,"H.No. 09, Arora Zila",Silchar,Goa,885065,India,Office
7501,5550,"43/10, Balay Marg",Siwan,Madhya Pradesh,572347,India,Home
7502,5551,"H.No. 69
Agrawal Nagar",Panchkula,Nagaland,991136,India,Home
7503,5552,"26
Iyengar Nagar",Thrissur,Bihar,361237,India,Home
7504,5553,"74/61
Tandon Circle",Rourkela,Rajasthan,979584,India,Home
7505,5554,"38/236, Ravel Path",Anantapur,West Bengal,300536,India,Home
7506,5554,"45/129
Sengupta Chowk",Jalna,Mizoram,037597,India,Home
7507,5555,"H.No. 34
Dhingra Zila",Nellore,Goa,403722,India,Office
7508,5555,"46/715, Oak Marg",Hapur,Rajasthan,469328,India,Home
7509,5556,"13/68, Karan Ganj",Satna,Chhattisgarh,847540,India,Office
7510,5557,"26, Seth Ganj",Tirunelveli,Uttarakhand,311374,India,Office
7511,5558,"66/24
Dhaliwal Ganj",Farrukhabad,Tamil Nadu,967761,India,Home
7512,5559,"H.No. 503
Prakash Zila",Kota,West Bengal,245671,India,Home
7513,5560,"81, Bhandari Path",Aligarh,Manipur,709160,India,Home
7514,5561,"44/746
Bahl Zila",Bettiah,Rajasthan,810269,India,Home
7515,5562,"66/992, Pai",New Delhi,Odisha,002844,India,Home
7516,5563,"H.No. 320, Sidhu Road",Kollam,Tripura,439363,India,Home
7517,5563,"H.No. 76
Dhar",Jaipur,Tripura,042561,India,Home
7518,5563,"H.No. 471, Sami Chowk",Bhopal,Gujarat,944540,India,Home
7519,5564,"723, Sha",Jorhat,Chhattisgarh,801942,India,Home
7520,5564,"26/38
Prabhu Zila",Durgapur,Uttar Pradesh,049776,India,Home
7521,5564,"01/36, Kurian Circle",Dindigul,Sikkim,106922,India,Home
7522,5565,"41
Chakraborty",Jehanabad,West Bengal,878137,India,Home
7523,5566,"09, Karpe Chowk",Uluberia,Bihar,496078,India,Home
7524,5567,"18, Naik Path",Orai,Tripura,141274,India,Home
7525,5568,"H.No. 71, Warrior Road",Jaipur,Karnataka,445667,India,Other
7526,5568,"41/97, Atwal Chowk",Coimbatore,Chhattisgarh,271067,India,Office
7527,5569,"H.No. 787
Din Zila",Nagaon,Andhra Pradesh,007914,India,Home
7528,5570,"67
Trivedi Marg",Mirzapur,Tripura,811595,India,Office
7529,5570,"72
Bath Zila",Kota,Odisha,206509,India,Office
7530,5570,"H.No. 288
Randhawa Road",Thane,Karnataka,315068,India,Office
7531,5571,"64/917
Johal Chowk",Junagadh,Haryana,627432,India,Home
7532,5572,"20/145, Samra Ganj",Naihati,West Bengal,254364,India,Home
7533,5572,"48/912
Seshadri Road",Latur,Arunachal Pradesh,092644,India,Office
7534,5573,"01
Acharya Zila",Bhusawal,Tripura,720207,India,Home
7535,5574,"59/149
Shan Circle",Belgaum,Uttar Pradesh,916520,India,Home
7536,5575,"90/490, Sankaran Chowk",Morbi,Andhra Pradesh,264705,India,Home
7537,5576,"06/64
Baria Nagar",Salem,Telangana,423645,India,Home
7538,5577,"25
Deshpande Road",Tenali,Kerala,630441,India,Home
7539,5578,"28
Mohanty Road",Bellary,Uttar Pradesh,256103,India,Home
7540,5579,"16/28
Saxena Circle",Vadodara,Sikkim,506298,India,Home
7541,5580,"92/329
Pradhan Chowk",Bhavnagar,Odisha,069743,India,Home
7542,5580,"H.No. 96
Swamy Chowk",Gwalior,Karnataka,832408,India,Other
7543,5581,"H.No. 813, Naik Zila",Ambarnath,Bihar,742881,India,Home
7544,5581,"06/393, Garg",Chandigarh,Goa,760234,India,Home
7545,5582,"15/759, Palan Road",Guwahati,Haryana,360607,India,Home
7546,5583,"13/131
Iyer Road",Bhiwani,Gujarat,563372,India,Other
7547,5584,"92/667
Ahuja Path",Gwalior,Karnataka,030076,India,Home
7548,5585,"000
Hari Chowk",Panchkula,Goa,420309,India,Other
7549,5585,"12/474
Gour Zila",Naihati,Tamil Nadu,365426,India,Home
7550,5586,"H.No. 08
Sibal Ganj",Mango,Maharashtra,609247,India,Office
7551,5587,"H.No. 100
Golla Road",Mumbai,Chhattisgarh,585365,India,Home
7552,5588,"H.No. 35
Dutta",Secunderabad,Haryana,642234,India,Home
7553,5588,"74/397, Dalal Zila",Madurai,Bihar,339314,India,Home
7554,5589,"H.No. 39, Kale Circle",Thiruvananthapuram,Tripura,263015,India,Home
7555,5590,"94
Apte Nagar",Phusro,Telangana,903713,India,Office
7556,5591,"68, Mohan Ganj",Bhavnagar,Tamil Nadu,611136,India,Home
7557,5592,"38/06
Batra Zila",Arrah,Tripura,256498,India,Home
7558,5592,"74
Varkey Circle",Shimoga,Himachal Pradesh,131705,India,Home
7559,5593,"664
Sur Path",Yamunanagar,Telangana,305030,India,Home
7560,5594,"H.No. 000
Arora Zila",Imphal,Gujarat,581396,India,Home
7561,5595,"31/776, Khurana Ganj",Allahabad,Rajasthan,146838,India,Other
7562,5596,"02/54, Kale Road",Yamunanagar,Goa,739223,India,Home
7563,5596,"51, Shanker Chowk",Durg,Tripura,170384,India,Home
7564,5597,"81/747
Bhatt",Ratlam,Goa,203193,India,Home
7565,5597,"13/581
Wali Circle",Bhiwandi,Manipur,471794,India,Home
7566,5598,"H.No. 591
Varghese Road",Kurnool,Kerala,522327,India,Home
7567,5598,"532
Dhawan Road",Latur,Uttar Pradesh,069068,India,Home
7568,5598,"H.No. 085
Bail Nagar",Kanpur,Bihar,202841,India,Home
7569,5599,"H.No. 28
Chakraborty Zila",Durgapur,Maharashtra,767264,India,Home
7570,5599,"H.No. 883
Murthy Marg",Korba,Haryana,144118,India,Home
7571,5600,"59
Balasubramanian Ganj",Uluberia,Goa,384438,India,Home
7572,5601,"348
Loyal Zila",Machilipatnam,Tripura,645078,India,Home
7573,5601,"H.No. 09
Swamy Chowk",Surendranagar Dudhrej,Manipur,714227,India,Office
7574,5602,"H.No. 49, Brar Zila",Nadiad,Goa,081365,India,Home
7575,5602,"75
Kadakia Chowk",Baranagar,Arunachal Pradesh,705141,India,Home
7576,5602,"H.No. 613
Mukhopadhyay Street",Pali,Punjab,700242,India,Home
7577,5603,"H.No. 98
Minhas",Begusarai,Rajasthan,063158,India,Office
7578,5603,"853
Kohli Street",Gwalior,Odisha,644677,India,Home
7579,5604,"82/92
Baral Road",Satna,West Bengal,212028,India,Office
7580,5604,"338
Iyengar Nagar",Bilaspur,Sikkim,254662,India,Office
7581,5604,"83/16
Dutt Marg",Rampur,Kerala,048857,India,Home
7582,5605,"40/88
Kata Road",Bhiwandi,West Bengal,099295,India,Office
7583,5605,"79
Dugal Street",Visakhapatnam,Odisha,866005,India,Other
7584,5606,"H.No. 757
Goyal Marg",Buxar,Maharashtra,128692,India,Home
7585,5607,"207, Dhingra Road",Anantapur,Meghalaya,898276,India,Home
7586,5608,"07
Barman Road",Dehri,Assam,406385,India,Office
7587,5609,"452
Cherian Road",Salem,Tripura,770591,India,Home
7588,5609,"61/856, Arya Street",Jorhat,Maharashtra,145167,India,Office
7589,5610,"26, Prashad Path",Khandwa,Gujarat,023231,India,Home
7590,5611,"235
Walla Road",Jabalpur,Himachal Pradesh,091447,India,Home
7591,5611,"805
Mallick Chowk",Solapur,Uttar Pradesh,328348,India,Office
7592,5612,"H.No. 093
Borde Marg",Dehri,Goa,185654,India,Office
7593,5613,"426
Prabhakar Street",Mumbai,Telangana,462824,India,Home
7594,5614,"68
Borde Ganj",Navi Mumbai,Assam,693142,India,Office
7595,5615,"34
Chandra",Mau,West Bengal,421329,India,Home
7596,5616,"679
Mangat Ganj",Jamalpur,Assam,593100,India,Office
7597,5617,"983, Ravi",Tenali,Karnataka,813382,India,Home
7598,5617,"44/924, Gola Road",Giridih,Assam,636375,India,Home
7599,5618,"612
Kohli Zila",Jalgaon,Rajasthan,178643,India,Home
7600,5618,"H.No. 77
Shukla Street",Siliguri,Tamil Nadu,873637,India,Home
7601,5619,"30/137, Patla Marg",Saharanpur,Uttarakhand,534236,India,Home
7602,5620,"H.No. 60
Buch Zila",Guntur,Haryana,021351,India,Home
7603,5620,"H.No. 85, Ben",Sirsa,Uttar Pradesh,676708,India,Home
7604,5620,"42/06
Bhat Circle",Anand,Chhattisgarh,105303,India,Office
7605,5621,"53, Hari",Vijayawada,Tripura,169138,India,Home
7606,5622,"208
Vig Circle",Bharatpur,Meghalaya,706705,India,Home
7607,5622,"H.No. 686, Sen Street",Mehsana,Karnataka,090641,India,Home
7608,5623,"67/975, Bhardwaj Road",Nellore,Assam,096794,India,Home
7609,5624,"36/82
Keer Road",Jhansi,Bihar,213092,India,Home
7610,5624,"66
Chandra Ganj",Alwar,Himachal Pradesh,860730,India,Home
7611,5625,"H.No. 639, D’Alia Path",Orai,Punjab,184833,India,Home
7612,5625,"93, Swamy Nagar",Varanasi,Arunachal Pradesh,653356,India,Home
7613,5625,"243
Jhaveri Circle",Rampur,Arunachal Pradesh,116091,India,Home
7614,5626,"H.No. 30
Ratti",Firozabad,Gujarat,753057,India,Home
7615,5627,"98
Bali Path",Bhopal,Manipur,590074,India,Home
7616,5628,"H.No. 236, Rai Marg",Amaravati,Chhattisgarh,582063,India,Home
7617,5629,"17
Tripathi Zila",Anand,Odisha,652990,India,Home
7618,5630,"678
Bhandari Street",Gwalior,Manipur,698786,India,Home
7619,5631,"70, Doctor Chowk",Kochi,Gujarat,445376,India,Home
7620,5632,"75, Samra Path",Malegaon,West Bengal,375277,India,Home
7621,5633,"H.No. 88
Ahuja Chowk",Ichalkaranji,Tripura,913202,India,Home
7622,5633,"55, Sem Circle",Berhampore,Madhya Pradesh,172198,India,Home
7623,5634,"H.No. 983, Sarin",Chandigarh,Maharashtra,768898,India,Home
7624,5635,"37/576, Chopra Zila",Jodhpur,Sikkim,597815,India,Home
7625,5636,"25/53, Rege Road",Chinsurah,Odisha,005402,India,Home
7626,5636,"045
Mall Chowk",Baranagar,Rajasthan,636172,India,Home
7627,5636,"17
Kurian Circle",Darbhanga,Punjab,944477,India,Home
7628,5637,"H.No. 33, Mahajan Path",Hazaribagh,Jharkhand,239028,India,Office
7629,5638,"85/26
Konda Chowk",Jehanabad,Nagaland,942989,India,Home
7630,5639,"H.No. 340
Gulati Ganj",Pudukkottai,Meghalaya,984275,India,Home
7631,5640,"18
Puri Road",Agra,Goa,598346,India,Office
7632,5640,"H.No. 88
Chahal Path",Phusro,Haryana,272860,India,Home
7633,5641,"73, Nagi Nagar",Haldia,Tamil Nadu,999891,India,Home
7634,5641,"H.No. 905
Dara Circle",Nellore,Haryana,974301,India,Other
7635,5642,"H.No. 31, Bhatnagar Circle",Allahabad,Tamil Nadu,908837,India,Home
7636,5643,"70/26
Pal Ganj",Nangloi Jat,Tripura,775013,India,Office
7637,5643,"772
Sankaran Road",Nashik,Sikkim,363614,India,Home
7638,5644,"25, Krishnan Street",Katihar,Uttar Pradesh,416995,India,Home
7639,5645,"H.No. 35, Kapadia Ganj",Durg,Meghalaya,138417,India,Office
7640,5646,"H.No. 11
Majumdar Circle",Nagaon,Uttar Pradesh,738248,India,Office
7641,5646,"53
Bala Street",Hyderabad,Manipur,978147,India,Home
7642,5647,"85/077, Morar Ganj",Bhavnagar,Sikkim,062737,India,Home
7643,5648,"85, Bail Road",Nizamabad,Jharkhand,553731,India,Home
7644,5649,"228, Lad",Sangli-Miraj & Kupwad,Punjab,653547,India,Home
7645,5649,"84/70
Devan Circle",Pallavaram,Meghalaya,227158,India,Home
7646,5650,"11/277, Bajwa Zila",Allahabad,Odisha,714628,India,Home
7647,5651,"11/879, Cheema Marg",Kolkata,Nagaland,010264,India,Office
7648,5652,"15/65, Uppal Nagar",Howrah,Manipur,748545,India,Home
7649,5653,"H.No. 707, Kadakia Path",Pudukkottai,Jharkhand,827765,India,Home
7650,5654,"H.No. 18
Bali Ganj",Khora ,Haryana,512799,India,Home
7651,5655,"54/46
Patla Street",Chinsurah,Uttarakhand,565582,India,Home
7652,5655,"052
Ramesh Nagar",Latur,Haryana,338862,India,Home
7653,5656,"H.No. 155, Chander Marg",Kurnool,Jharkhand,447033,India,Office
7654,5657,"052
Deshmukh Street",Jalgaon,Haryana,813505,India,Office
7655,5657,"82/632
Dave Circle",Jaunpur,Andhra Pradesh,720007,India,Office
7656,5658,"11, Modi Nagar",Nandyal,Andhra Pradesh,952122,India,Home
7657,5659,"H.No. 92, Malhotra Zila",Anantapur,Uttarakhand,826629,India,Home
7658,5660,"03
Kaul Zila",Suryapet,West Bengal,392409,India,Home
7659,5660,"14/316
Bir Road",Jalna,Himachal Pradesh,496341,India,Home
7660,5661,"86/67
Krish Marg",Gopalpur,Kerala,808574,India,Office
7661,5661,"24/768, Bir Chowk",Phagwara,Sikkim,590762,India,Home
7662,5662,"36
Sodhi Chowk",Jaunpur,West Bengal,292649,India,Home
7663,5663,"30/85
Prashad Nagar",Jamnagar,Rajasthan,901191,India,Home
7664,5663,"37/439, Dutta",Anand,Haryana,210878,India,Home
7665,5664,"H.No. 448
Prasad Path",Tenali,Uttarakhand,338746,India,Home
7666,5665,"93/031, Venkatesh Path",Mira-Bhayandar,Karnataka,142938,India,Home
7667,5666,"H.No. 159, Mallick Street",Vadodara,Tripura,598072,India,Home
7668,5667,"47/894
Bakshi Zila",Kumbakonam,West Bengal,971306,India,Home
7669,5668,"79
Dani Circle",Gurgaon,Meghalaya,998822,India,Home
7670,5669,"16/087
Ram Chowk",Sonipat,Sikkim,866299,India,Home
7671,5670,"15/82, Dhar Marg",Bellary,Punjab,594109,India,Office
7672,5671,"37/77, Naidu Path",Gangtok,Punjab,968330,India,Home
7673,5672,"532, Rajagopal",Ghaziabad,Odisha,753373,India,Office
7674,5672,"H.No. 827, Magar Marg",Gaya,Meghalaya,815759,India,Office
7675,5673,"H.No. 985, Bhakta Street",Kumbakonam,Punjab,232961,India,Home
7676,5674,"H.No. 10, Bora Ganj",Berhampore,Uttarakhand,861890,India,Home
7677,5675,"87/719
Murthy Circle",Bhusawal,Assam,455059,India,Other
7678,5676,"H.No. 01
Sankaran Chowk",Kumbakonam,Mizoram,969979,India,Home
7679,5677,"68/728, Wali Chowk",Agartala,Madhya Pradesh,307189,India,Office
7680,5678,"H.No. 567
Lalla Marg",Jaunpur,Uttarakhand,961513,India,Home
7681,5679,"H.No. 94, Suri Marg",Machilipatnam,Sikkim,552875,India,Home
7682,5680,"87/874, Gulati Chowk",Burhanpur,Himachal Pradesh,534713,India,Home
7683,5681,"91/511
Mohanty Street",Kamarhati,Kerala,147042,India,Home
7684,5681,"93/17
Bhatia Circle",Moradabad,Haryana,815910,India,Home
7685,5682,"84
Warrior Road",Kochi,Manipur,720292,India,Home
7686,5682,"59/602
Patel Road",Berhampur,Rajasthan,207812,India,Home
7687,5683,"43/357
Nair Nagar",Karaikudi,Punjab,579231,India,Home
7688,5684,"29, Shankar Nagar",Serampore,Uttar Pradesh,006418,India,Home
7689,5684,"90/332
Gole Nagar",Chittoor,Mizoram,301421,India,Office
7690,5685,"73, Walia Road",Tadipatri,Karnataka,098071,India,Office
7691,5685,"410
Batta Path",Mango,Rajasthan,410750,India,Home
7692,5686,"H.No. 686, Seth Nagar",Jalgaon,Manipur,620090,India,Home
7693,5687,"668, Goyal Nagar",Bilaspur,Rajasthan,449187,India,Home
7694,5688,"756
Kakar Zila",Firozabad,Telangana,376688,India,Home
7695,5689,"911
Dani Street",Jalna,Manipur,520474,India,Home
7696,5689,"H.No. 324
Sangha Street",Parbhani,Telangana,696476,India,Home
7697,5690,"26, Butala Road",Rajkot,Goa,676535,India,Office
7698,5691,"99/02, Mammen Path",Parbhani,Gujarat,894207,India,Home
7699,5692,"H.No. 497
Iyer Circle",Asansol,Madhya Pradesh,455363,India,Home
7700,5692,"24/25, Bawa Circle",Ozhukarai,Chhattisgarh,114339,India,Home
7701,5692,"552
Banerjee",Lucknow,Madhya Pradesh,258273,India,Office
7702,5693,"H.No. 095
Bobal Path",Howrah,Punjab,318208,India,Home
7703,5693,"805, Raju Road",Alwar,Chhattisgarh,695756,India,Home
7704,5694,"59
Mahal Marg",Kalyan-Dombivli,Assam,387376,India,Home
7705,5695,"97, Vala Path",Kurnool,Tamil Nadu,279409,India,Office
7706,5696,"09/083
Gara Marg",Arrah,Jharkhand,453972,India,Home
7707,5696,"99
Warrior Path",New Delhi,Sikkim,261946,India,Home
7708,5697,"14/63
Basak Chowk",Muzaffarnagar,West Bengal,506182,India,Home
7709,5697,"08/92, Doshi Road",Kumbakonam,Manipur,173712,India,Home
7710,5698,"39/18, Venkatesh Nagar",Darbhanga,Madhya Pradesh,990505,India,Home
7711,5698,"66/427, Mahal Chowk",Aurangabad,Uttarakhand,229957,India,Home
7712,5699,"H.No. 601, Bhatia Circle",Bareilly,Bihar,354823,India,Office
7713,5700,"30/196
Dhawan Road",Srikakulam,Mizoram,942775,India,Home
7714,5700,"754
Sarkar Nagar",Parbhani,Maharashtra,454565,India,Office
7715,5701,"H.No. 68, Upadhyay Street",Ozhukarai,Mizoram,334412,India,Home
7716,5702,"79
Chaudhary Zila",Gandhidham,Tamil Nadu,864025,India,Office
7717,5703,"06
Agrawal Path",Phusro,Sikkim,941814,India,Home
7718,5704,"731
Gour Circle",Jammu,Mizoram,454211,India,Home
7719,5705,"H.No. 46
Chatterjee Circle",Akola,Madhya Pradesh,391265,India,Home
7720,5705,"52/53
Dugar Zila",Delhi,Bihar,171487,India,Home
7721,5706,"27/61, Kaur Circle",Nangloi Jat,Karnataka,422312,India,Home
7722,5707,"75, Saxena Marg",Moradabad,Madhya Pradesh,791401,India,Office
7723,5708,"84, Barad Zila",Rewa,Manipur,563135,India,Home
7724,5708,"13/23, Kurian Marg",Dhanbad,Uttarakhand,240649,India,Home
7725,5709,"47
Karan Chowk",Kochi,Manipur,251811,India,Home
7726,5710,"68/991
Ramakrishnan Circle",Dewas,Haryana,387216,India,Home
7727,5710,"15
Agarwal Nagar",Hubli–Dharwad,Assam,193839,India,Home
7728,5711,"42/389
Sinha Marg",Bardhaman,Chhattisgarh,470967,India,Home
7729,5711,"H.No. 886
Bala Circle",Amritsar,Uttarakhand,737996,India,Home
7730,5712,"12/45
Ravi",Dehri,Maharashtra,879563,India,Home
7731,5712,"39/90, Wadhwa Path",Guntur,Assam,492242,India,Home
7732,5713,"H.No. 944, Gara Zila",Surendranagar Dudhrej,Goa,620425,India,Home
7733,5714,"74/446, Sami Ganj",Bilaspur,Telangana,526788,India,Home
7734,5715,"H.No. 38
Kata Ganj",Bokaro,Goa,320417,India,Home
7735,5716,"H.No. 524, Agate",Rajpur Sonarpur,Sikkim,799828,India,Home
7736,5717,"45/78
Loke Chowk",Dharmavaram,Telangana,148137,India,Home
7737,5718,"32/90, Srinivasan Nagar",Vasai-Virar,Gujarat,870313,India,Home
7738,5719,"73, Konda Road",Guwahati,Nagaland,448741,India,Office
7739,5720,"52/083
Butala Path",Mira-Bhayandar,Goa,880848,India,Home
7740,5720,"H.No. 560
Venkatesh Marg",Bhilwara,Tripura,348923,India,Home
7741,5721,"58/666, Lad Road",Bhilai,Jharkhand,819589,India,Office
7742,5722,"76
Saini Marg",Raipur,Haryana,772682,India,Home
7743,5723,"37/240, Narang Marg",Srikakulam,Madhya Pradesh,276919,India,Home
7744,5724,"995, Goel Road",Guntakal,Mizoram,797854,India,Office
7745,5725,"50/922
Bandi Ganj",Latur,Maharashtra,414492,India,Home
7746,5725,"H.No. 435, Karpe Chowk",Thanjavur,Haryana,392286,India,Office
7747,5726,"85/85, Lata Ganj",Sasaram,Tripura,135296,India,Home
7748,5727,"H.No. 14
Sheth Marg",Moradabad,Bihar,568615,India,Home
7749,5728,"H.No. 41, Khosla Road",Cuttack,Punjab,567684,India,Office
7750,5729,"714, Tank Zila",Panchkula,Gujarat,862338,India,Home
7751,5730,"H.No. 406
Babu Zila",Mahbubnagar,Telangana,177769,India,Office
7752,5730,"44
Gulati Chowk",Nagpur,Tripura,356606,India,Home
7753,5731,"H.No. 415
Sangha Ganj",Kavali,Andhra Pradesh,907915,India,Office
7754,5732,"518
Sarna",Jalna,Punjab,779299,India,Home
7755,5732,"H.No. 313
Butala Chowk",Tezpur,Uttarakhand,075624,India,Home
7756,5733,"50, Manne Street",Visakhapatnam,Chhattisgarh,858279,India,Home
7757,5734,"H.No. 65, Muni Marg",Bhatpara,Goa,653363,India,Home
7758,5735,"57/85, Chaudry Road",Kadapa,Mizoram,030533,India,Home
7759,5736,"91/21, Master Nagar",Hyderabad,Haryana,489005,India,Home
7760,5737,"25/612
Singh Nagar",Nellore,Goa,740657,India,Other
7761,5738,"16
Kalita Chowk",Akola,Manipur,548411,India,Other
7762,5738,"02/332, Pillai",Panchkula,Nagaland,911551,India,Home
7763,5739,"H.No. 09, Char",Bhilai,Kerala,795173,India,Office
7764,5740,"27/25
Kamdar Chowk",Ludhiana,Arunachal Pradesh,503490,India,Home
7765,5740,"09/95, Sastry Marg",Khandwa,Chhattisgarh,171931,India,Other
7766,5741,"H.No. 664
Ramachandran Nagar",Chandigarh,Sikkim,367972,India,Home
7767,5742,"43/511
Dash Ganj",Khandwa,Chhattisgarh,404373,India,Home
7768,5743,"83, Goswami Chowk",Meerut,Jharkhand,721014,India,Home
7769,5744,"00/89, Rajagopal Nagar",Mumbai,Maharashtra,708841,India,Home
7770,5744,"61/059, Dhar Nagar",Jalgaon,Himachal Pradesh,195158,India,Home
7771,5744,"46/79, Nagar Marg",Alappuzha,Gujarat,895252,India,Home
7772,5745,"97
Brahmbhatt Street",Singrauli,Sikkim,436247,India,Home
7773,5746,"H.No. 50, Dar Road",Noida,Goa,423355,India,Office
7774,5747,"76/87, Pillay Ganj",Patiala,Karnataka,553545,India,Office
7775,5748,"10
Menon Road",Jehanabad,Nagaland,922555,India,Home
7776,5749,"908, Raj",Madanapalle,Tamil Nadu,125816,India,Office
7777,5750,"H.No. 54, Sheth Path",Sikar,Karnataka,886797,India,Home
7778,5750,"59/34
Gokhale",Srikakulam,Manipur,490434,India,Home
7779,5751,"H.No. 02, Yohannan Street",Gangtok,Maharashtra,186367,India,Home
7780,5751,"79, Palla Ganj",Tinsukia,Odisha,070900,India,Home
7781,5752,"12/41
Viswanathan Street",Gopalpur,West Bengal,783169,India,Home
7782,5753,"22/30
Nazareth Chowk",Junagadh,Karnataka,280642,India,Home
7783,5754,"H.No. 33, Dora Marg",Kota,Himachal Pradesh,069883,India,Home
7784,5755,"007
Raghavan Circle",Bokaro,West Bengal,321435,India,Home
7785,5756,"H.No. 19
Deshmukh Circle",Rajkot,Sikkim,726325,India,Office
7786,5757,"250, Gola Chowk",Srinagar,Mizoram,984699,India,Home
7787,5758,"39/82
Bassi Circle",Ozhukarai,Maharashtra,623762,India,Home
7788,5759,"H.No. 58
Tank Zila",Jamnagar,Himachal Pradesh,165863,India,Office
7789,5759,"H.No. 78
Gole Ganj",Tirunelveli,Himachal Pradesh,443014,India,Home
7790,5760,"76/36, Sharaf Road",Aizawl,Haryana,574459,India,Other
7791,5761,"336, Bumb Road",Medininagar,Gujarat,030501,India,Home
7792,5762,"11, Wason Street",Bareilly,Madhya Pradesh,816864,India,Home
7793,5762,"081
Date Chowk",Rourkela,Gujarat,568742,India,Home
7794,5762,"812, Gulati Circle",Ambala,Himachal Pradesh,569425,India,Home
7795,5763,"649, Borde Chowk",Amroha,Assam,217181,India,Home
7796,5763,"094
Bir Zila",Sirsa,Nagaland,218035,India,Home
7797,5764,"H.No. 682, Srinivasan Path",Kamarhati,Gujarat,588966,India,Home
7798,5765,"H.No. 901, Kumar Zila",Shivpuri,Jharkhand,999637,India,Home
7799,5766,"02/493
Zacharia Street",Kadapa,Punjab,857443,India,Home
7800,5767,"H.No. 91, Raghavan Path",Anand,Manipur,575504,India,Home
7801,5768,"H.No. 045
Mitter Street",Berhampore,Mizoram,819285,India,Home
7802,5769,"H.No. 53
Sem Road",Phusro,Chhattisgarh,799542,India,Home
7803,5770,"594, Panchal",Kirari Suleman Nagar,Tripura,325509,India,Home
7804,5770,"H.No. 32
Gandhi Road",Tezpur,Jharkhand,096257,India,Home
7805,5771,"35/241
Chahal Ganj",Bhimavaram,West Bengal,667469,India,Home
7806,5772,"66/37, Deol Ganj",Jamnagar,Kerala,202342,India,Home
7807,5773,"H.No. 22
Chaudhari",Cuttack,Jharkhand,014722,India,Office
7808,5774,"493, Mukhopadhyay Nagar",Hindupur,Tamil Nadu,815049,India,Office
7809,5775,"81/346
Nayak Zila",Asansol,West Bengal,872398,India,Home
7810,5776,"94
Bala Street",Vellore,Haryana,599100,India,Home
7811,5777,"H.No. 38
Rana Zila",Uluberia,Uttar Pradesh,897778,India,Home
7812,5777,"H.No. 10
Shan Nagar",Sultan Pur Majra,Bihar,470341,India,Home
7813,5778,"479
Kalla",Vijayanagaram,Bihar,775594,India,Home
7814,5778,"33/90
Char",Korba,Haryana,875357,India,Home
7815,5779,"267, Gour Circle",Bhilwara,Gujarat,706747,India,Office
7816,5780,"95, Saini Marg",Jalandhar,Meghalaya,850774,India,Home
7817,5781,"H.No. 567, Prabhu Ganj",Chinsurah,Andhra Pradesh,300746,India,Home
7818,5782,"26/40, Chokshi Marg",Bikaner,West Bengal,214665,India,Home
7819,5783,"82/22, Samra Street",Raurkela Industrial Township,Rajasthan,696049,India,Home
7820,5784,"254
Shetty Zila",Giridih,Tripura,084323,India,Office
7821,5785,"H.No. 23
Oak Zila",Aligarh,Punjab,106842,India,Home
7822,5786,"H.No. 81
Dani Chowk",Bidhannagar,Punjab,530430,India,Office
7823,5787,"H.No. 11, Narang",Medininagar,Karnataka,652674,India,Home
7824,5788,"03
Dani Road",Bhiwani,Tamil Nadu,201707,India,Home
7825,5789,"01/724
Baria Zila",Sasaram,Kerala,307134,India,Office
7826,5789,"25/80
Mukherjee Zila",Erode,Tamil Nadu,772059,India,Home
7827,5790,"02/07, Chander Marg",Gandhinagar,Bihar,765463,India,Home
7828,5791,"H.No. 48, Malhotra Ganj",Nagpur,Assam,548908,India,Other
7829,5792,"H.No. 57, Bhargava Circle",Maheshtala,Gujarat,280465,India,Home
7830,5793,"H.No. 09
Bhatia Road",Tirunelveli,Goa,462886,India,Home
7831,5793,"H.No. 26, Padmanabhan Chowk",Bijapur,Tripura,860137,India,Home
7832,5794,"870
Chand Zila",Moradabad,Odisha,719691,India,Office
7833,5794,"H.No. 843
Mann Marg",Pondicherry,Andhra Pradesh,329818,India,Other
7834,5795,"H.No. 17
Dash Ganj",Surendranagar Dudhrej,Jharkhand,981004,India,Office
7835,5796,"H.No. 09, Kale Chowk",Faridabad,Assam,488424,India,Office
7836,5797,"01/30
Guha Ganj",Imphal,Telangana,412074,India,Home
7837,5798,"H.No. 328, Dyal Road",Chandrapur,Chhattisgarh,095296,India,Home
7838,5799,"H.No. 692, Nagy Chowk",Rampur,Nagaland,340485,India,Home
7839,5799,"55/025
Biswas Chowk",Tenali,Telangana,146214,India,Home
7840,5800,"H.No. 69
Bhattacharyya Marg",Chapra,Telangana,404928,India,Home
7841,5800,"79/500
Edwin Marg",Panipat,Kerala,531218,India,Office
7842,5801,"H.No. 996, Issac Road",Nandyal,Nagaland,281690,India,Home
7843,5802,"H.No. 45
Gara",Nagaon,Mizoram,846744,India,Home
7844,5803,"84/10
Ramaswamy Chowk",Ranchi,Mizoram,806666,India,Home
7845,5804,"066, Pant Path",Kavali,Tripura,652753,India,Office
7846,5805,"35, Acharya Path",Pali,Tripura,936100,India,Office
7847,5805,"12, Andra Path",Burhanpur,Tamil Nadu,728757,India,Home
7848,5805,"H.No. 83
Mukhopadhyay Nagar",Jammu,Punjab,415142,India,Home
7849,5806,"21
Bava",Tumkur,Jharkhand,617442,India,Office
7850,5806,"61, Chada Ganj",Sonipat,Arunachal Pradesh,800600,India,Home
7851,5807,"H.No. 026
Krishna",Sambalpur,Assam,225570,India,Home
7852,5807,"H.No. 09
Ahuja Road",Dehri,Punjab,479264,India,Home
7853,5808,"83/830
Kapadia Ganj",Tiruchirappalli,Rajasthan,519175,India,Home
7854,5809,"H.No. 31
De Marg",Saharsa,Goa,824308,India,Home
7855,5809,"39, Mander Street",Dewas,Odisha,399349,India,Home
7856,5810,"H.No. 88, Bahl Chowk",Bardhaman,Andhra Pradesh,387809,India,Office
7857,5811,"H.No. 317
Sunder Road",Aizawl,Mizoram,996007,India,Home
7858,5811,"46/17, Dubey Ganj",Tadipatri,Nagaland,966491,India,Office
7859,5812,"04, Konda Road",Hapur,Maharashtra,470288,India,Home
7860,5813,"H.No. 80
Chaudhary Nagar",Tirupati,Tamil Nadu,622381,India,Office
7861,5813,"96, Babu Path",Nagaon,Arunachal Pradesh,985894,India,Home
7862,5814,"09/35
Ramakrishnan",Sangli-Miraj & Kupwad,Nagaland,406782,India,Home
7863,5815,"37/352
Karnik Chowk",Kollam,Haryana,725560,India,Home
7864,5816,"H.No. 208, Pall Nagar",Hajipur,Arunachal Pradesh,853471,India,Home
7865,5817,"H.No. 44
Bose Road",Dibrugarh,Kerala,406188,India,Office
7866,5818,"H.No. 71, Vora Chowk",Amravati,Kerala,344254,India,Home
7867,5818,"04, Soni Ganj",Kozhikode,Uttarakhand,717219,India,Home
7868,5819,"H.No. 590, Sawhney Marg",Jehanabad,Sikkim,566734,India,Home
7869,5820,"00/47, Mannan Chowk",Tenali,Sikkim,767817,India,Home
7870,5821,"49
Seth",Bahraich,Sikkim,681436,India,Office
7871,5822,"633
Khalsa Ganj",Solapur,Nagaland,091448,India,Home
7872,5823,"H.No. 98
Comar Chowk",Danapur,Tripura,000275,India,Home
7873,5824,"H.No. 873
Warrior Nagar",Uluberia,Rajasthan,652865,India,Home
7874,5824,"H.No. 84, Munshi Zila",Amritsar,Tripura,172013,India,Home
7875,5825,"080
Chandran Chowk",Kota,Haryana,946926,India,Home
7876,5826,"012
Deshpande Nagar",Raurkela Industrial Township,Andhra Pradesh,505599,India,Other
7877,5827,"73/74
Agrawal Street",Malda,Tamil Nadu,512761,India,Home
7878,5827,"63/51, Choudhry Marg",Faridabad,Kerala,684296,India,Home
7879,5828,"35/55, Nath Path",Dindigul,Kerala,969772,India,Home
7880,5828,"641, Brahmbhatt Circle",Agartala,Uttarakhand,002539,India,Office
7881,5829,"68/959
Bawa Marg",Jhansi,Nagaland,722428,India,Home
7882,5830,"H.No. 708
Dash Nagar",Rohtak,Mizoram,615072,India,Home
7883,5831,"97/74
Mane Nagar",Giridih,Telangana,847031,India,Home
7884,5831,"13/09, Mahal Zila",Madurai,Himachal Pradesh,091286,India,Home
7885,5832,"76/14, Karnik Path",Ghaziabad,Arunachal Pradesh,504246,India,Home
7886,5833,"88, Ravel Street",Agra,Goa,976366,India,Home
7887,5834,"374
Vasa Chowk",Nellore,Chhattisgarh,267015,India,Home
7888,5835,"013, Natt Marg",Panvel,Mizoram,591596,India,Home
7889,5836,"H.No. 895, Sheth Chowk",Rajpur Sonarpur,Uttar Pradesh,055207,India,Home
7890,5837,"005, Kala Road",New Delhi,Uttar Pradesh,523263,India,Home
7891,5838,"44
Handa Ganj",Unnao,Bihar,195141,India,Office
7892,5838,"12/43
Deo Zila",Khammam,Telangana,756793,India,Home
7893,5839,"70/666
Gera Zila",Aurangabad,Sikkim,994338,India,Home
7894,5840,"H.No. 59
Nanda",Kirari Suleman Nagar,Punjab,514946,India,Home
7895,5841,"H.No. 046, Mohan Chowk",Bhind,Meghalaya,919338,India,Home
7896,5842,"H.No. 834, Wali Circle",Suryapet,Madhya Pradesh,388815,India,Home
7897,5843,"785, Nagy Circle",Muzaffarpur,Tripura,543105,India,Office
7898,5844,"62
Din Road",Surendranagar Dudhrej,Himachal Pradesh,762081,India,Home
7899,5845,"H.No. 578, Mohan Path",Tirunelveli,Chhattisgarh,250134,India,Office
7900,5846,"32
Raghavan Street",Cuttack,Arunachal Pradesh,138779,India,Office
7901,5846,"H.No. 305
Bajwa Zila",Agra,Odisha,977254,India,Home
7902,5847,"998, Khosla Street",Sambalpur,Goa,414591,India,Home
7903,5848,"748, Subramanian",Cuttack,Uttarakhand,361696,India,Home
7904,5849,"890
Sankar Marg",Guwahati,Haryana,998786,India,Home
7905,5850,"79/221, Balasubramanian Ganj",Chittoor,Goa,739434,India,Home
7906,5851,"H.No. 206, Nagar Street",Akola,Mizoram,182271,India,Office
7907,5852,"05/54, Dara Road",Bhubaneswar,Gujarat,983742,India,Home
7908,5852,"15/33
Korpal Path",Thrissur,Gujarat,996608,India,Home
7909,5853,"H.No. 66
Natt Street",Bhiwani,Assam,215839,India,Office
7910,5854,"H.No. 59, Dubey",Dibrugarh,Punjab,831602,India,Other
7911,5855,"48/741
Bhattacharyya Zila",Unnao,Odisha,524326,India,Home
7912,5856,"H.No. 34
Sarna Marg",Bhopal,West Bengal,342872,India,Home
7913,5857,"H.No. 226, Chaudhary Zila",Shahjahanpur,Mizoram,769990,India,Home
7914,5858,"747, Koshy",Bilaspur,Gujarat,234862,India,Home
7915,5859,"34
Manne Chowk",Kadapa,Kerala,636068,India,Home
7916,5859,"20/53, Din Street",Raurkela Industrial Township,Uttar Pradesh,760796,India,Home
7917,5860,"73/34
Gandhi",Rajahmundry,Mizoram,199428,India,Home
7918,5861,"H.No. 268
Oommen Marg",Pallavaram,Arunachal Pradesh,741961,India,Home
7919,5862,"04/503
Setty Circle",Sagar,Manipur,488920,India,Home
7920,5863,"H.No. 253
Menon Street",Bidhannagar,Jharkhand,615845,India,Home
7921,5863,"H.No. 63
Bumb Chowk",Siliguri,Madhya Pradesh,887067,India,Office
7922,5864,"03, Kata",Haldia,Tamil Nadu,274768,India,Home
7923,5864,"41
Bajaj Zila",Ludhiana,Nagaland,138333,India,Home
7924,5865,"82
Bandi Path",Allahabad,Gujarat,725784,India,Office
7925,5865,"02/63, Aurora Circle",Bhilai,Sikkim,370807,India,Home
7926,5865,"00/14, Maharaj Street",Tiruchirappalli,Maharashtra,408919,India,Home
7927,5866,"H.No. 59
Tiwari Zila",Bhind,Rajasthan,482147,India,Home
7928,5867,"84/123
Badal Circle",South Dumdum,Telangana,205091,India,Home
7929,5868,"236
Puri Zila",Khandwa,Himachal Pradesh,515369,India,Home
7930,5868,"115, Baral Street",Jaunpur,Jharkhand,044309,India,Home
7931,5869,"84
Borra Path",Parbhani,Chhattisgarh,842758,India,Home
7932,5870,"49/117, Nadkarni Zila",Loni,Mizoram,466366,India,Other
7933,5871,"853, Basak Road",Vijayawada,Nagaland,376350,India,Home
7934,5872,"717, Gala Circle",Raiganj,Jharkhand,331453,India,Office
7935,5873,"15/808, Memon Zila",Akola,Arunachal Pradesh,969784,India,Home
7936,5874,"09, Ramaswamy Nagar",Kolkata,Assam,357750,India,Office
7937,5875,"49, Sabharwal Ganj",Ramgarh,Telangana,685234,India,Home
7938,5876,"00/873, Deo Zila",Bhind,Chhattisgarh,168350,India,Home
7939,5876,"97/16, Chahal Chowk",Bardhaman,Jharkhand,505617,India,Home
7940,5877,"H.No. 64, Rau Nagar",Dibrugarh,Tamil Nadu,700626,India,Home
7941,5878,"H.No. 60, Kota Zila",Tezpur,Telangana,467887,India,Office
7942,5878,"242
Gola Road",Korba,Himachal Pradesh,697811,India,Home
7943,5878,"H.No. 08
Rastogi Zila",Jaunpur,Uttar Pradesh,133245,India,Home
7944,5879,"53/32, Gala Zila",Kavali,West Bengal,385255,India,Office
7945,5880,"H.No. 607, Kumar Marg",Jodhpur,Manipur,323685,India,Other
7946,5881,"51/649, Agate Street",Faridabad,Himachal Pradesh,210447,India,Other
7947,5881,"83/858
Narang Nagar",Adoni,Uttarakhand,342710,India,Home
7948,5882,"H.No. 908
Sarma",Berhampore,Assam,562754,India,Office
7949,5883,"H.No. 31, Kothari Marg",Khammam,Himachal Pradesh,436511,India,Home
7950,5883,"870, Parekh Zila",Akola,Himachal Pradesh,406779,India,Home
7951,5884,"54/38, Bora Zila",Bhopal,Meghalaya,209141,India,Home
7952,5885,"H.No. 23
Prashad Marg",Pune,Rajasthan,763398,India,Home
7953,5885,"34/07
Raj Path",Raipur,West Bengal,137843,India,Home
7954,5886,"00, Mallick Ganj",Jehanabad,Goa,149291,India,Office
7955,5886,"H.No. 29
Sankaran Circle",Gwalior,Telangana,028870,India,Home
7956,5887,"736, Roy Ganj",Ulhasnagar,Tamil Nadu,946960,India,Home
7957,5887,"140, Madan",Agra,Haryana,841923,India,Home
7958,5888,"856
Bandi Ganj",Bathinda,Uttar Pradesh,503777,India,Home
7959,5888,"H.No. 85
Kari Nagar",Gandhinagar,Maharashtra,538442,India,Other
7960,5889,"21/543
Natt Circle",Meerut,Jharkhand,887117,India,Home
7961,5889,"339, Brahmbhatt Street",Thrissur,Meghalaya,307427,India,Home
7962,5889,"28/809, Wali Marg",Mehsana,Kerala,839263,India,Office
7963,5890,"H.No. 03, Rana Circle",Amroha,Madhya Pradesh,939803,India,Office
7964,5891,"85/20
Shenoy Path",Junagadh,Himachal Pradesh,715027,India,Office
7965,5892,"224, Batta Ganj",Raurkela Industrial Township,Nagaland,085858,India,Other
7966,5893,"H.No. 39, Sinha Road",Proddatur,Himachal Pradesh,849936,India,Home
7967,5894,"62, Pradhan Marg",Panchkula,Maharashtra,939723,India,Home
7968,5895,"709, Virk Road",Dewas,Tamil Nadu,414911,India,Home
7969,5896,"97/68
Basu Ganj",Delhi,Himachal Pradesh,583192,India,Home
7970,5897,"30, Mall Street",Kumbakonam,Nagaland,930942,India,Home
7971,5898,"65/931, Korpal Path",Patna,Andhra Pradesh,197765,India,Office
7972,5899,"19, Luthra Chowk",Nanded,Uttarakhand,292175,India,Home
7973,5900,"901, Yogi Ganj",Coimbatore,Chhattisgarh,537326,India,Home
7974,5900,"73, Khatri Road",Thiruvananthapuram,Karnataka,443775,India,Office
7975,5901,"H.No. 37
Randhawa Nagar",Aizawl,Kerala,961144,India,Home
7976,5902,"H.No. 060
Bansal Nagar",Cuttack,Kerala,664603,India,Office
7977,5903,"77/05, Mangat Marg",Durgapur,Punjab,782498,India,Home
7978,5904,"34/881
Murthy Marg",Bettiah,Arunachal Pradesh,734513,India,Home
7979,5904,"562, Bassi Marg",Raichur,Punjab,994409,India,Other
7980,5905,"794
Master Marg",Shahjahanpur,Sikkim,005068,India,Home
7981,5906,"16, Palla Ganj",Warangal,Uttar Pradesh,777757,India,Home
7982,5906,"36/018
Deshpande Chowk",Saharanpur,Odisha,135799,India,Home
7983,5907,"H.No. 00
Keer Marg",Bharatpur,Kerala,850389,India,Home
7984,5908,"H.No. 99
Gopal Zila",Chandigarh,Arunachal Pradesh,548857,India,Home
7985,5909,"271
Pall Circle",Loni,Madhya Pradesh,957141,India,Home
7986,5910,"94
Koshy Path",Ambattur,Bihar,302215,India,Home
7987,5910,"51, Pingle Ganj",Avadi,Madhya Pradesh,209520,India,Home
7988,5911,"17/84
Krishna Street",Adoni,Maharashtra,558471,India,Home
7989,5912,"613, Chana",Karimnagar,Kerala,630657,India,Office
7990,5912,"261, Thakkar",Sikar,Manipur,866932,India,Home
7991,5912,"28/07
Garg Street",Tadipatri,Nagaland,248944,India,Other
7992,5913,"H.No. 35, Sami Ganj",Chandrapur,Rajasthan,567395,India,Home
7993,5914,"74/64, Bhatt Road",Jammu,Tripura,973691,India,Other
7994,5915,"75/574, Bir Street",Korba,Rajasthan,806864,India,Home
7995,5916,"563, Srinivas Nagar",Maheshtala,Uttarakhand,476525,India,Home
7996,5916,"63/06, Butala Ganj",Berhampur,Rajasthan,101997,India,Home
7997,5917,"79/157, Wali Road",Pondicherry,Sikkim,632805,India,Office
7998,5918,"H.No. 72, Issac Street",Bhiwandi,Tripura,289943,India,Home
7999,5919,"96, Thakur Street",Surendranagar Dudhrej,Tamil Nadu,277232,India,Other
8000,5920,"167, Suri Circle",Sambhal,Punjab,210745,India,Office
8001,5921,"H.No. 439
Dasgupta Path",Durg,Maharashtra,729099,India,Home
8002,5922,"01/658, Raj Street",Kanpur,Karnataka,628307,India,Other
8003,5923,"847, Viswanathan Path",Ranchi,Maharashtra,825282,India,Home
8004,5924,"H.No. 28, Dara Street",Gorakhpur,Uttar Pradesh,104423,India,Home
8005,5925,"31/48
Banik Road",Thoothukudi,Uttar Pradesh,344672,India,Home
8006,5925,"24/898, Agarwal Chowk",Mehsana,Uttar Pradesh,438597,India,Home
8007,5926,"H.No. 86, Walla",Ramagundam,Sikkim,204319,India,Home
8008,5927,"93/75, Venkatesh Circle",Karimnagar,Chhattisgarh,736180,India,Home
8009,5928,"42/990, Sur Ganj",Kamarhati,Uttarakhand,103113,India,Home
8010,5929,"H.No. 26
Garg Path",North Dumdum,Arunachal Pradesh,273941,India,Home
8011,5930,"73/02
Ganesan Zila",Amaravati,Chhattisgarh,575552,India,Home
8012,5930,"H.No. 97, Khanna Circle",Satna,Kerala,863767,India,Home
8013,5931,"41/13
Kapur",Hazaribagh,Bihar,802207,India,Home
8014,5931,"32/00
Khosla Path",Guwahati,Jharkhand,228911,India,Home
8015,5932,"207, Bhalla",Guna,Gujarat,736462,India,Home
8016,5933,"76/932
Doctor Street",Gandhidham,Himachal Pradesh,224652,India,Office
8017,5934,"13/24
Swaminathan Marg",Hosur,Madhya Pradesh,549838,India,Other
8018,5935,"70/02
Devan Path",Bahraich,Karnataka,313354,India,Home
8019,5936,"15, Khosla Street",Bidar,West Bengal,936814,India,Home
8020,5937,"H.No. 91
Hans Street",Latur,Haryana,796122,India,Home
8021,5938,"51/345
Minhas Ganj",Sagar,Mizoram,261550,India,Home
8022,5939,"12
Mahal Circle",Morbi,Haryana,157162,India,Home
8023,5940,"99, Kata Circle",Khandwa,Uttar Pradesh,843170,India,Home
8024,5941,"H.No. 66, Desai Path",Udaipur,Odisha,179273,India,Home
8025,5941,"H.No. 239
Jaggi Zila",Ichalkaranji,Haryana,122918,India,Home
8026,5942,"H.No. 68
Sastry Ganj",Jamshedpur,Karnataka,777183,India,Home
8027,5942,"40, Mammen Chowk",Jorhat,West Bengal,270126,India,Home
8028,5943,"13, Ramesh Ganj",Raurkela Industrial Township,Arunachal Pradesh,516043,India,Office
8029,5944,"532
Jhaveri Circle",Serampore,Manipur,236923,India,Home
8030,5945,"91/67
Vala Street",Jaunpur,Telangana,629272,India,Home
8031,5945,"H.No. 131, Modi Road",Agartala,Telangana,634814,India,Home
8032,5946,"H.No. 134, Kar Circle",Ghaziabad,Himachal Pradesh,191289,India,Home
8033,5947,"96/481, Agate Street",Mumbai,Uttar Pradesh,389320,India,Home
8034,5948,"H.No. 875
Kanda Street",Bhiwandi,Uttarakhand,082901,India,Office
8035,5949,"H.No. 66, Memon Path",Giridih,Meghalaya,993851,India,Home
8036,5950,"861
Cherian Path",Ajmer,Tamil Nadu,510558,India,Home
8037,5951,"78/33
Dyal Path",Agartala,Madhya Pradesh,752199,India,Home
8038,5952,"841
Dara Ganj",Dindigul,Goa,678701,India,Home
8039,5953,"88, Prabhu",Thane,Telangana,814636,India,Other
8040,5954,"H.No. 89
Bandi Path",Ulhasnagar,Jharkhand,633893,India,Home
8041,5955,"334
Kakar Road",Farrukhabad,Sikkim,893844,India,Home
8042,5955,"35/656, Oak Street",Rajpur Sonarpur,Himachal Pradesh,006824,India,Home
8043,5956,"H.No. 91, Oommen Street",Dhanbad,Meghalaya,627524,India,Office
8044,5957,"00/797
Chaudry",Solapur,Kerala,421519,India,Home
8045,5957,"446
Raman Street",Panchkula,Meghalaya,843509,India,Home
8046,5957,"611, Aurora Zila",Saharsa,Andhra Pradesh,793289,India,Other
8047,5958,"36/830, Aggarwal Marg",Raebareli,Jharkhand,668562,India,Office
8048,5959,"08/209, Pal Circle",Malda,Odisha,689960,India,Home
8049,5960,"H.No. 67
Grover Street",Barasat,Tripura,899524,India,Office
8050,5960,"H.No. 115, Aurora Zila",Dhule,Madhya Pradesh,154007,India,Home
8051,5960,"H.No. 131
Mishra Street",Giridih,Uttarakhand,538375,India,Home
8052,5961,"76/02, Mani Street",Uluberia,Mizoram,215284,India,Home
8053,5961,"H.No. 56
Raja",Tiruchirappalli,Uttar Pradesh,016339,India,Home
8054,5962,"H.No. 98, Gulati Marg",Bathinda,Mizoram,269174,India,Home
8055,5962,"H.No. 745, Bansal Nagar",Aurangabad,Telangana,904828,India,Home
8056,5963,"70/442
Shankar Zila",Bongaigaon,Telangana,184506,India,Office
8057,5964,"H.No. 30, Bhatia Nagar",Visakhapatnam,Bihar,522441,India,Home
8058,5965,"551
Karnik Path",Ambarnath,Meghalaya,365676,India,Home
8059,5966,"60
Patel Nagar",Munger,Mizoram,184680,India,Home
8060,5966,"46
Brar Road",Vijayawada,Meghalaya,262074,India,Home
8061,5967,"23/042, Shanker Road",Buxar,Assam,119870,India,Other
8062,5967,"82/102
Barman Zila",Aizawl,Mizoram,898217,India,Home
8063,5968,"37/744, Bhatia Ganj",Raichur,Chhattisgarh,292265,India,Home
8064,5969,"81/166
Doctor",Bettiah,Meghalaya,213826,India,Office
8065,5969,"H.No. 535
Dewan Path",Jhansi,Uttar Pradesh,255814,India,Home
8066,5970,"H.No. 852
Desai Road",Gurgaon,Punjab,830537,India,Home
8067,5970,"934, Madan Zila",Hapur,West Bengal,051292,India,Home
8068,5971,"19/08, Sarraf Zila",Vadodara,Tamil Nadu,160488,India,Home
8069,5971,"47/695
Deshmukh Chowk",Ajmer,Meghalaya,910188,India,Home
8070,5972,"16/268
Dugar Road",Pune,Meghalaya,508498,India,Home
8071,5973,"17
Sarna Zila",Mumbai,Meghalaya,817207,India,Home
8072,5973,"12/00, Ganguly Zila",Jalgaon,Nagaland,874703,India,Office
8073,5974,"H.No. 00, Taneja Street",Khora ,Chhattisgarh,997346,India,Office
8074,5974,"18/39, Kadakia Chowk",Sambhal,Gujarat,315441,India,Home
8075,5975,"H.No. 696, Rao Marg",Sangli-Miraj & Kupwad,Himachal Pradesh,510992,India,Home
8076,5976,"202, Nagy Path",Dibrugarh,Madhya Pradesh,032449,India,Home
8077,5977,"26
Shetty Circle",Bhatpara,Arunachal Pradesh,762755,India,Home
8078,5978,"H.No. 85
Dugar",Nangloi Jat,Tripura,842880,India,Home
8079,5979,"89/572, Kata Zila",Saharanpur,Chhattisgarh,959141,India,Home
8080,5979,"633
Shukla Chowk",Nellore,West Bengal,343704,India,Home
8081,5980,"801, Loyal Nagar",Rewa,Odisha,211588,India,Home
8082,5981,"H.No. 890
Sant",Morena,Madhya Pradesh,636251,India,Home
8083,5981,"00
Kulkarni Marg",Amaravati,Goa,322062,India,Home
8084,5981,"42/07
Pandya Marg",Gangtok,Andhra Pradesh,901934,India,Home
8085,5982,"H.No. 76, Puri Chowk",Bokaro,Sikkim,394470,India,Office
8086,5982,"H.No. 83
Babu Circle",Kulti,Maharashtra,289014,India,Home
8087,5982,"H.No. 74
Dugar Ganj",Dehradun,Assam,083037,India,Office
8088,5983,"H.No. 564, Kata Ganj",Hajipur,Himachal Pradesh,221629,India,Home
8089,5984,"04/102, Buch Ganj",Nagercoil,Maharashtra,873053,India,Other
8090,5985,"90/327, Kuruvilla",Gulbarga,Rajasthan,733365,India,Home
8091,5985,"981, Ganesh Circle",Motihari,Andhra Pradesh,410020,India,Home
8092,5986,"584
Sha Circle",Jaipur,Karnataka,247082,India,Home
8093,5987,"86
Chakrabarti Street",Pimpri-Chinchwad,Haryana,917635,India,Home
8094,5987,"H.No. 89
Suri Road",Chittoor,Jharkhand,457112,India,Home
8095,5987,"H.No. 877
Dugar Nagar",Danapur,Kerala,336479,India,Home
8096,5988,"17, Peri Zila",Kolkata,Telangana,805731,India,Home
8097,5989,"50/18, Maharaj Street",Guwahati,Tripura,197424,India,Home
8098,5989,"20/570
Kannan Street",North Dumdum,Maharashtra,010385,India,Home
8099,5989,"37/89, Sanghvi Zila",Serampore,Rajasthan,644347,India,Home
8100,5990,"41/56
Kothari Chowk",Jalna,Goa,733253,India,Home
8101,5991,"H.No. 372, Varughese Road",Amravati,Himachal Pradesh,946926,India,Home
8102,5992,"26/289
Kapur Road",Howrah,Haryana,824343,India,Home
8103,5992,"16/52
Vig Street",Chapra,Tripura,723996,India,Home
8104,5993,"446
Barad Nagar",Ranchi,Jharkhand,899964,India,Home
8105,5993,"H.No. 981
Bali Chowk",Bahraich,Himachal Pradesh,150621,India,Home
8106,5994,"H.No. 175
Purohit Zila",Rajahmundry,Tripura,734225,India,Home
8107,5995,"42, Shankar Nagar",Chinsurah,Uttarakhand,856697,India,Home
8108,5995,"83/630
Bains Nagar",Gudivada,Assam,805969,India,Home
8109,5996,"62/11
Din Chowk",Jalandhar,Karnataka,643554,India,Office
8110,5997,"40
Biswas Zila",Rajpur Sonarpur,Uttar Pradesh,823451,India,Home
8111,5998,"H.No. 31, Panchal Zila",Indore,Bihar,805910,India,Home
8112,5999,"H.No. 237
Munshi Circle",Barasat,Gujarat,526119,India,Office
8113,5999,"H.No. 388, Bahri",Jamnagar,Tripura,977599,India,Office
8114,5999,"30/301, Divan Circle",Mangalore,Punjab,446418,India,Home
8115,6000,"78
Golla Ganj",Durg,Tamil Nadu,147042,India,Office
8116,6001,"H.No. 78, Biswas Circle",Ranchi,Goa,216201,India,Office
8117,6001,"67/53
Krishnamurthy Road",Karimnagar,Madhya Pradesh,953172,India,Other
8118,6002,"14, Oommen Marg",Bettiah,Odisha,039283,India,Home
8119,6003,"14/04
Bora Circle",Dhule,Uttarakhand,003857,India,Office
8120,6004,"75/27
Kapadia Marg",Miryalaguda,Maharashtra,803276,India,Home
8121,6004,"H.No. 44
Parmer Chowk",Kumbakonam,Bihar,303791,India,Home
8122,6005,"43/911
Vala Path",Motihari,Meghalaya,116134,India,Home
8123,6006,"03
Shankar Zila",Kamarhati,Manipur,022124,India,Office
8124,6007,"H.No. 64, Merchant Marg",Tiruppur,Haryana,995537,India,Home
8125,6008,"H.No. 021, Pant Road",Panvel,Madhya Pradesh,635204,India,Office
8126,6009,"330
More Marg",Ajmer,Andhra Pradesh,548437,India,Office
8127,6009,"79/288
Sangha Circle",Thrissur,Jharkhand,575941,India,Home
8128,6010,"95/613
Bassi",Indore,Manipur,480281,India,Office
8129,6010,"H.No. 51, Jayaraman Nagar",Asansol,Meghalaya,222404,India,Other
8130,6010,"147
Misra Path",Rewa,Meghalaya,117602,India,Home
8131,6011,"06, Arya Nagar",Baranagar,Goa,841854,India,Home
8132,6012,"16/47
Bhardwaj Zila",Vasai-Virar,Chhattisgarh,241784,India,Home
8133,6013,"H.No. 439
Borah Road",Bokaro,Odisha,673244,India,Office
8134,6013,"850
Naidu",Vellore,Assam,908467,India,Home
8135,6013,"844, Chadha Marg",Chinsurah,Arunachal Pradesh,262069,India,Home
8136,6014,"H.No. 246
Mangat Circle",Dhule,Tripura,058173,India,Office
8137,6015,"236, Thakur Nagar",Bareilly,Uttar Pradesh,901208,India,Home
8138,6016,"H.No. 16
Verma Chowk",Davanagere,Tamil Nadu,219820,India,Home
8139,6016,"69/396, Andra Chowk",Patna,West Bengal,563790,India,Home
8140,6017,"968
Tara Chowk",Kochi,Manipur,146207,India,Office
8141,6018,"45, Kohli Marg",Loni,Tamil Nadu,964635,India,Home
8142,6018,"79/093
Kala Ganj",Aurangabad,Andhra Pradesh,436965,India,Other
8143,6019,"H.No. 00
Sidhu Marg",Coimbatore,Tripura,966485,India,Home
8144,6020,"H.No. 67, Kata Ganj",Moradabad,Punjab,699459,India,Home
8145,6020,"62/529
Baria Street",Miryalaguda,Haryana,272072,India,Office
8146,6021,"95, Mitra Chowk",Khammam,Karnataka,248302,India,Home
8147,6022,"353, Wadhwa Marg",Nagaon,Sikkim,342445,India,Home
8148,6023,"H.No. 274
Ramesh Circle",Tadepalligudem,Bihar,136641,India,Home
8149,6024,"600, Das Ganj",Bardhaman,Mizoram,145481,India,Other
8150,6025,"45
Saxena Zila",Pudukkottai,Tripura,857087,India,Home
8151,6025,"57, Dhar",Pimpri-Chinchwad,Gujarat,844909,India,Home
8152,6026,"08
Bera Path",Pali,Telangana,663346,India,Other
8153,6026,"93/545, Hayer Street",Katni,Karnataka,759784,India,Office
8154,6027,"697
Varty Ganj",Bulandshahr,Nagaland,768925,India,Office
8155,6028,"925
Shanker Chowk",Baranagar,Assam,946542,India,Home
8156,6029,"30
Choudhary Road",Alwar,Odisha,735668,India,Home
8157,6030,"80, Swaminathan Ganj",Uluberia,Karnataka,380416,India,Other
8158,6031,"10/148
Mander Road",Tezpur,Odisha,189683,India,Home
8159,6031,"21/914, Nayar Marg",Burhanpur,Tamil Nadu,471796,India,Home
8160,6032,"05, Bhatt Nagar",Saharanpur,Gujarat,597366,India,Office
8161,6033,"55/567
Banik Zila",Sultan Pur Majra,Haryana,480424,India,Home
8162,6034,"34, Mallick Ganj",Hospet,Uttar Pradesh,463818,India,Home
8163,6034,"025, Kulkarni Path",Shimoga,Rajasthan,503248,India,Office
8164,6035,"20/39, Krish Chowk",Bilaspur,Andhra Pradesh,543527,India,Home
8165,6036,"96/50, Goda Ganj",Baranagar,Telangana,516309,India,Home
8166,6036,"38/78, Hegde Road",Bhavnagar,Gujarat,942210,India,Home
8167,6036,"82/938, Bhargava Chowk",Baranagar,Bihar,213063,India,Home
8168,6037,"H.No. 20, Mani Path",Agra,Kerala,848790,India,Home
8169,6038,"82, Bhasin Street",Burhanpur,Punjab,399698,India,Home
8170,6039,"08/45, Dhar Marg",Guwahati,Uttar Pradesh,461215,India,Home
8171,6040,"098
Manne Road",Kanpur,Himachal Pradesh,315609,India,Home
8172,6041,"31/825, Chakraborty Path",Agra,Gujarat,998519,India,Other
8173,6042,"21/821, Babu Marg",Madanapalle,Odisha,803245,India,Home
8174,6043,"98, Din Circle",Ambarnath,Punjab,237732,India,Office
8175,6043,"H.No. 13
Purohit Path",Nellore,Arunachal Pradesh,352731,India,Home
8176,6044,"86/19
Mane Nagar",Cuttack,Haryana,567781,India,Home
8177,6044,"44
Halder Chowk",Vijayanagaram,Madhya Pradesh,572099,India,Home
8178,6045,"H.No. 94
Mandal Nagar",Guntur,Madhya Pradesh,611137,India,Home
8179,6046,"23/90
Lala Ganj",North Dumdum,Himachal Pradesh,089283,India,Home
8180,6046,"32, Bains Circle",Panvel,Karnataka,519717,India,Home
8181,6047,"39/551
Sani Chowk",Sambalpur,Rajasthan,947726,India,Home
8182,6047,"H.No. 32
Mital Circle",Nangloi Jat,Chhattisgarh,968083,India,Home
8183,6048,"H.No. 90
Ramachandran Circle",Jhansi,Maharashtra,561420,India,Home
8184,6048,"340
Ranganathan Circle",Amaravati,Haryana,983505,India,Home
8185,6049,"H.No. 00
Handa Ganj",Ludhiana,Rajasthan,739496,India,Office
8186,6049,"H.No. 71
Rana Street",Muzaffarnagar,Arunachal Pradesh,503343,India,Home
8187,6050,"H.No. 39, Sankaran Path",Tadepalligudem,Kerala,345262,India,Home
8188,6051,"10/631, Chad Chowk",Uluberia,Jharkhand,626447,India,Home
8189,6052,"74/75
Tak Marg",Alappuzha,Odisha,890043,India,Office
8190,6053,"74/973, Chaudhary Chowk",Howrah,Gujarat,319778,India,Home
8191,6053,"H.No. 46
Rastogi Road",Kamarhati,Manipur,756461,India,Office
8192,6054,"04/660
Nori Road",Bhubaneswar,Himachal Pradesh,549610,India,Home
8193,6055,"69/776, Desai Circle",Siwan,Odisha,532928,India,Home
8194,6056,"H.No. 371
Mistry Ganj",Erode,Gujarat,649316,India,Office
8195,6057,"07, Nadig Road",Sonipat,Rajasthan,155240,India,Home
8196,6058,"93/11
Sagar Chowk",Imphal,Uttar Pradesh,505228,India,Home
8197,6059,"H.No. 74, Maharaj Road",Madurai,Gujarat,051344,India,Home
8198,6060,"42/47, Mital Street",Raiganj,Andhra Pradesh,171359,India,Home
8199,6061,"68/61
Aggarwal Road",Barasat,Odisha,054349,India,Office
8200,6062,"H.No. 035
Yogi Path",Cuttack,Karnataka,292626,India,Home
8201,6063,"49, Vala Chowk",Srikakulam,Maharashtra,906766,India,Home
8202,6064,"02, Rao Street",Gandhinagar,Meghalaya,833815,India,Home
8203,6064,"H.No. 234
Deep Road",Shahjahanpur,Arunachal Pradesh,828295,India,Home
8204,6065,"30/750, Agrawal Road",Kollam,Sikkim,186314,India,Home
8205,6066,"H.No. 589
Sankar Street",Patna,Sikkim,002373,India,Other
8206,6067,"80
Vohra Street",Tiruchirappalli,Goa,246398,India,Home
8207,6067,"73/78
Karpe Street",Nagaon,Arunachal Pradesh,618162,India,Other
8208,6068,"H.No. 156, Mishra Chowk",Thane,Karnataka,881146,India,Home
8209,6069,"51, Bir Zila",Pali,West Bengal,140364,India,Office
8210,6070,"24, Arya Chowk",Rewa,Uttar Pradesh,810314,India,Home
8211,6070,"68/65
Sidhu Marg",Ranchi,Himachal Pradesh,258368,India,Home
8212,6071,"H.No. 439, Bobal Street",Motihari,Gujarat,558768,India,Home
8213,6072,"H.No. 338, Divan Ganj",Kollam,Bihar,573323,India,Home
8214,6073,"H.No. 156
Lad Ganj",Shimla,Himachal Pradesh,961402,India,Home
8215,6074,"57/88, Varkey Street",Durg,Telangana,883751,India,Home
8216,6075,"67
Sidhu Chowk",Sagar,Bihar,288958,India,Home
8217,6075,"04/747
De Zila",Bongaigaon,Uttarakhand,445211,India,Home
8218,6076,"578
Khare Nagar",Kalyan-Dombivli,Maharashtra,207584,India,Home
8219,6076,"H.No. 21
Hayre Path",Thoothukudi,Haryana,524996,India,Home
8220,6077,"H.No. 556, Bakshi Zila",Chittoor,Punjab,629466,India,Home
8221,6078,"59/052, Menon Road",Junagadh,Chhattisgarh,738064,India,Home
8222,6078,"H.No. 225
Lata Road",Pimpri-Chinchwad,Madhya Pradesh,463998,India,Home
8223,6078,"29/09, Pillay Nagar",Gudivada,Assam,314365,India,Home
8224,6079,"504, Rajagopal",Phusro,Kerala,866558,India,Home
8225,6080,"37, Kunda Path",Khandwa,Uttar Pradesh,383045,India,Home
8226,6081,"65/331
Buch Zila",Gudivada,Goa,320812,India,Home
8227,6082,"153, Purohit",Kota,Nagaland,451210,India,Other
8228,6083,"41/679, Tella Nagar",Arrah,Kerala,790597,India,Home
8229,6083,"79/123, Batta Zila",Ahmednagar,Telangana,361043,India,Home
8230,6084,"H.No. 667
Parmar Path",Purnia,Haryana,237185,India,Home
8231,6085,"26
Bali Chowk",Jabalpur,Punjab,347632,India,Home
8232,6085,"50/99, Sachdev",Jalgaon,Mizoram,853169,India,Home
8233,6085,"593
Keer Ganj",Tenali,Mizoram,835579,India,Home
8234,6086,"107, Pandey Ganj",Bangalore,Gujarat,417357,India,Home
8235,6086,"H.No. 278, Sarkar Nagar",Berhampur,Sikkim,875772,India,Home
8236,6087,"H.No. 15, Shah Marg",Sambhal,Maharashtra,896017,India,Home
8237,6088,"30, Khanna",Bhopal,Jharkhand,110217,India,Office
8238,6088,"49/79
Minhas Path",Ratlam,Bihar,303352,India,Office
8239,6089,"H.No. 145
Ahuja Path",Thiruvananthapuram,Odisha,824485,India,Home
8240,6090,"H.No. 00
Master Zila",Hosur,Tripura,871570,India,Home
8241,6091,"H.No. 319, Vyas",Meerut,Nagaland,772233,India,Home
8242,6092,"35/732, Saini Road",Phagwara,Karnataka,530480,India,Home
8243,6093,"H.No. 14, Srivastava Marg",Kota,Andhra Pradesh,160935,India,Office
8244,6094,"52/78, Patil Chowk",Alwar,Gujarat,488467,India,Home
8245,6094,"60, Garde Nagar",Vadodara,Punjab,539397,India,Home
8246,6095,"H.No. 25, Grewal Marg",Sangli-Miraj & Kupwad,Manipur,477556,India,Home
8247,6095,"81/461
Amble Chowk",Suryapet,Uttar Pradesh,435115,India,Home
8248,6096,"16/27
Dutta Path",Darbhanga,Goa,845214,India,Home
8249,6097,"72
Jaggi Marg",Silchar,West Bengal,997013,India,Office
8250,6097,"H.No. 16
Sidhu Street",Gorakhpur,Bihar,880340,India,Home
8251,6098,"55/29, Parsa Chowk",Sonipat,Kerala,758837,India,Home
8252,6099,"085
Baral Zila",Kavali,Mizoram,431454,India,Home
8253,6100,"H.No. 50
Shenoy Zila",Asansol,Kerala,938859,India,Home
8254,6101,"H.No. 203
Sandal Chowk",Rewa,Manipur,379634,India,Home
8255,6101,"774
Pandya Street",Haridwar,Maharashtra,666988,India,Office
8256,6102,"80/88, Naidu Road",Secunderabad,Kerala,740076,India,Home
8257,6103,"34/13
Kalita Marg",Amaravati,Tripura,209876,India,Home
8258,6104,"H.No. 825
Choudhry Road",Mysore,Kerala,819142,India,Office
8259,6105,"844
Prasad Circle",Jamalpur,Madhya Pradesh,303722,India,Other
8260,6105,"20/32, Iyengar Street",Jabalpur,Jharkhand,877488,India,Home
8261,6106,"30, Ahuja",Surendranagar Dudhrej,Sikkim,995585,India,Home
8262,6107,"H.No. 210
Sankar Zila",Haridwar,Mizoram,643739,India,Office
8263,6108,"49/45, Wable Marg",Bidhannagar,Rajasthan,439218,India,Home
8264,6109,"H.No. 432
Narayanan Road",Tenali,Mizoram,805435,India,Home
8265,6109,"H.No. 01, Iyer Zila",Chittoor,Rajasthan,825125,India,Home
8266,6109,"28, Khatri Ganj",Mehsana,Nagaland,248715,India,Home
8267,6110,"17, Mital Zila",Buxar,Meghalaya,523805,India,Home
8268,6111,"626
Nanda Path",Buxar,Chhattisgarh,981365,India,Home
8269,6112,"H.No. 84, Vohra Path",Bongaigaon,Odisha,522561,India,Home
8270,6112,"79/724, Upadhyay Marg",Amritsar,Jharkhand,472690,India,Home
8271,6113,"20/137, Edwin Nagar",Hospet,Nagaland,610265,India,Home
8272,6114,"048
Dave Street",Amaravati,Andhra Pradesh,177919,India,Home
8273,6114,"H.No. 395
Bhargava Marg",Jaunpur,Kerala,621088,India,Office
8274,6114,"H.No. 561
Bava Chowk",Bhimavaram,Bihar,347623,India,Home
8275,6115,"94/938
Maharaj",Bathinda,Bihar,843476,India,Other
8276,6116,"887
Muni Zila",Proddatur,Sikkim,266168,India,Office
8277,6116,"H.No. 30
Padmanabhan Nagar",Guntur,Haryana,367537,India,Home
8278,6117,"H.No. 536
Bassi Street",Malda,Gujarat,522168,India,Office
8279,6117,"27/795
Karan Marg",Panipat,Uttar Pradesh,640443,India,Home
8280,6118,"792, Peri Road",Panipat,Odisha,920261,India,Home
8281,6118,"H.No. 81
Borah Path",Ahmednagar,Telangana,542174,India,Other
8282,6118,"00/462
Keer Road",Ballia,Meghalaya,793912,India,Home
8283,6119,"998
Kar Ganj",Vasai-Virar,Karnataka,739787,India,Home
8284,6120,"H.No. 500
Chawla",Satara,Madhya Pradesh,282955,India,Home
8285,6121,"H.No. 216
Bhasin",Madhyamgram,Haryana,197545,India,Home
8286,6122,"77/70
Khosla",Pimpri-Chinchwad,Telangana,071825,India,Office
8287,6123,"H.No. 58, Kurian",Tadipatri,Meghalaya,608256,India,Office
8288,6124,"H.No. 620, Bandi Zila",Singrauli,Madhya Pradesh,799165,India,Home
8289,6125,"H.No. 41, Dara Marg",Ambala,Jharkhand,033788,India,Other
8290,6126,"H.No. 400, Tata Road",Shimoga,Nagaland,202752,India,Home
8291,6127,"78, Dar Nagar",Tezpur,Manipur,588721,India,Home
8292,6128,"H.No. 573, Baria Chowk",Ratlam,Odisha,180893,India,Home
8293,6128,"H.No. 465
Varma Ganj",Ahmednagar,Maharashtra,748917,India,Office
8294,6129,"75, Kalita Path",Avadi,Tamil Nadu,983800,India,Office
8295,6130,"64/002
Swaminathan",Raiganj,Manipur,192976,India,Home
8296,6131,"54, Khanna Marg",Secunderabad,Arunachal Pradesh,842579,India,Home
8297,6132,"H.No. 26
Shroff Nagar",Ambattur,Goa,757692,India,Home
8298,6133,"H.No. 66, Mall Nagar",Thane,Punjab,466368,India,Home
8299,6133,"H.No. 18
Kale Marg",Orai,Meghalaya,013860,India,Office
8300,6134,"94, Jani Road",Gurgaon,Maharashtra,698967,India,Home
8301,6135,"965, Mahal Nagar",Proddatur,Maharashtra,624121,India,Home
8302,6135,"H.No. 04, Lanka Path",Karnal,Himachal Pradesh,714083,India,Home
8303,6135,"43/72
Dasgupta Street",Sambhal,Himachal Pradesh,502414,India,Other
8304,6136,"34
Baria Zila",Gurgaon,Sikkim,805492,India,Home
8305,6137,"62/592, Loyal Zila",Nashik,Arunachal Pradesh,332875,India,Home
8306,6137,"H.No. 896, Natarajan Circle",Solapur,Rajasthan,481935,India,Home
8307,6138,"808
Bhavsar Zila",Saharanpur,Karnataka,532442,India,Office
8308,6139,"25
Desai Marg",Motihari,Meghalaya,108404,India,Other
8309,6140,"H.No. 930, Kalla Road",Siliguri,Tamil Nadu,356536,India,Office
8310,6141,"H.No. 82
Sidhu Ganj",Sonipat,Madhya Pradesh,140178,India,Home
8311,6141,"H.No. 12, Nair Marg",Muzaffarpur,Kerala,474083,India,Office
8312,6142,"11/13, Mani Street",Vasai-Virar,Punjab,949217,India,Home
8313,6143,"H.No. 94
Bajwa Street",Srinagar,Rajasthan,684162,India,Home
8314,6144,"35, Chandran Marg",Mysore,Bihar,794210,India,Office
8315,6144,"H.No. 64, Barman Road",Hubli–Dharwad,Tamil Nadu,676986,India,Home
8316,6145,"H.No. 504, Tella Nagar",Firozabad,Assam,754423,India,Home
8317,6146,"H.No. 143, Mane Street",Pune,Meghalaya,528414,India,Office
8318,6147,"H.No. 30, Hora Chowk",Lucknow,Haryana,579103,India,Office
8319,6147,"H.No. 824
Ratta Ganj",Kochi,West Bengal,130561,India,Home
8320,6148,"23, Chana",Kharagpur,Nagaland,157494,India,Office
8321,6148,"69, Chand Zila",Ambarnath,Uttarakhand,077615,India,Office
8322,6148,"H.No. 93
Arora Ganj",Adoni,Goa,217517,India,Home
8323,6149,"407
Bir Nagar",Sirsa,Maharashtra,954900,India,Home
8324,6150,"H.No. 79
Gade Zila",Ambarnath,Andhra Pradesh,460544,India,Home
8325,6151,"62/58, Narasimhan Nagar",Bahraich,Mizoram,689721,India,Office
8326,6152,"58/02, Kannan Zila",Buxar,West Bengal,048765,India,Home
8327,6152,"H.No. 347, Murty Path",Shivpuri,Rajasthan,303018,India,Home
8328,6153,"761, Saxena Circle",Udupi,West Bengal,664667,India,Other
8329,6153,"801, Minhas Zila",Chandrapur,Bihar,603782,India,Home
8330,6154,"H.No. 60
Kapadia Circle",Panchkula,West Bengal,277628,India,Home
8331,6155,"H.No. 49, Comar Chowk",Gorakhpur,Tamil Nadu,645130,India,Home
8332,6155,"70
Sarin Marg",Dehradun,Karnataka,393037,India,Home
8333,6156,"552
Natt Path",Hapur,Uttarakhand,936926,India,Office
8334,6157,"H.No. 881
Parikh Street",Barasat,West Bengal,383111,India,Home
8335,6158,"15/71, Jhaveri Nagar",Visakhapatnam,Andhra Pradesh,180764,India,Home
8336,6159,"H.No. 08, Naidu Nagar",Mira-Bhayandar,Arunachal Pradesh,907760,India,Home
8337,6160,"50/55, Tripathi Path",Ballia,Assam,223294,India,Home
8338,6160,"66
Shroff Circle",Bhimavaram,Madhya Pradesh,540572,India,Home
8339,6161,"48, Johal Path",Mangalore,Andhra Pradesh,334833,India,Office
8340,6161,"93/17, Bora Chowk",Mango,Tripura,981063,India,Office
8341,6162,"238
Vasa Road",Kolkata,Nagaland,271600,India,Home
8342,6163,"H.No. 487, Jain Road",Kottayam,Haryana,067255,India,Home
8343,6163,"81/481
Baral Nagar",Malegaon,Odisha,580299,India,Home
8344,6164,"H.No. 29, Patil Road",Sangli-Miraj & Kupwad,Tamil Nadu,827624,India,Home
8345,6165,"40/458, Mital Ganj",Vijayanagaram,Telangana,127895,India,Office
8346,6166,"53
Narain Circle",Guntakal,Telangana,280816,India,Home
8347,6167,"H.No. 347, Rege Road",Tadepalligudem,Rajasthan,903505,India,Home
8348,6168,"848
Hans Nagar",Jodhpur,Maharashtra,159759,India,Home
8349,6169,"302, Gole Road",Phusro,Tamil Nadu,099927,India,Home
8350,6170,"87/104
Patel Circle",Howrah,Telangana,466731,India,Home
8351,6170,"12/62, Amble Street",Hapur,Chhattisgarh,532444,India,Office
8352,6171,"08/65, Palla Marg",Gopalpur,Haryana,190690,India,Office
8353,6172,"14, Venkataraman Ganj",Katni,Bihar,847107,India,Other
8354,6173,"H.No. 42, Anne Ganj",Mango,Sikkim,327531,India,Home
8355,6174,"H.No. 715
Sethi Ganj",Farrukhabad,Uttarakhand,427065,India,Office
8356,6175,"H.No. 086
Mannan Path",Guwahati,Kerala,995264,India,Home
8357,6176,"31/661, Mital Chowk",Panipat,Punjab,464712,India,Home
8358,6177,"336, Goda Marg",Hubli–Dharwad,Manipur,809193,India,Office
8359,6178,"H.No. 16, Tak Circle",Jamnagar,Manipur,821883,India,Home
8360,6179,"H.No. 31, Vig Chowk",Bhatpara,Andhra Pradesh,612681,India,Office
8361,6180,"767, Dalal Ganj",Guntakal,Gujarat,495037,India,Office
8362,6180,"H.No. 76
Narasimhan Circle",Kota,Himachal Pradesh,521661,India,Home
8363,6181,"23/268, Ravel Chowk",Saharanpur,Arunachal Pradesh,141316,India,Office
8364,6182,"206
Borra",Kota,Bihar,630407,India,Home
8365,6183,"858
Yadav Ganj",Maheshtala,Gujarat,187504,India,Office
8366,6184,"H.No. 71, Aggarwal Road",Nandyal,Haryana,073041,India,Home
8367,6185,"92
Deep",Durg,Tamil Nadu,167412,India,Home
8368,6185,"H.No. 86, Bal Road",Gudivada,Himachal Pradesh,517432,India,Office
8369,6186,"H.No. 76, Maharaj Ganj",North Dumdum,Manipur,874217,India,Home
8370,6187,"H.No. 056
Saini Circle",Pallavaram,Chhattisgarh,980639,India,Home
8371,6188,"96, Patil Road",Aizawl,Tripura,212389,India,Home
8372,6188,"H.No. 988
Anand Chowk",Durg,Tripura,837119,India,Home
8373,6189,"59/41
Dave Ganj",Mathura,Arunachal Pradesh,361147,India,Office
8374,6189,"59/559
Balay Road",Bhiwandi,Mizoram,070013,India,Home
8375,6190,"607, Mangat Ganj",New Delhi,Bihar,115686,India,Office
8376,6191,"59/09, Parikh Zila",Raebareli,Andhra Pradesh,360777,India,Home
8377,6192,"48/221, Rau Road",Indore,Jharkhand,444084,India,Home
8378,6193,"78
Ravel Street",North Dumdum,Haryana,624073,India,Home
8379,6194,"06
Talwar Path",Motihari,Mizoram,973868,India,Home
8380,6195,"H.No. 54, Gara Circle",Malegaon,Assam,527700,India,Home
8381,6195,"80/01, Dube Marg",Sonipat,Telangana,530354,India,Home
8382,6196,"79/494
Mann Street",Sangli-Miraj & Kupwad,Karnataka,226540,India,Home
8383,6196,"H.No. 849
Oak Street",Satara,Nagaland,623848,India,Office
8384,6197,"H.No. 321, Baral Marg",Hospet,Kerala,813519,India,Home
8385,6198,"93, Shukla Nagar",Dibrugarh,Punjab,570127,India,Home
8386,6199,"81/79, Lad Marg",Kavali,Tripura,085140,India,Home
8387,6200,"H.No. 150
Vala Street",Sri Ganganagar,Tamil Nadu,100178,India,Office
8388,6201,"272
Singhal Circle",Etawah,Sikkim,997747,India,Home
8389,6202,"91, Desai Road",Rourkela,Uttar Pradesh,323923,India,Home
8390,6202,"30
Hayre Circle",Madurai,Himachal Pradesh,900816,India,Home
8391,6202,"86
Magar Nagar",Raurkela Industrial Township,Gujarat,302432,India,Home
8392,6203,"958
Shetty Zila",Kavali,Meghalaya,553833,India,Home
8393,6204,"87/73, Mann Zila",Gaya,Uttar Pradesh,904249,India,Office
8394,6205,"H.No. 30
Soman Chowk",Deoghar,Tamil Nadu,155994,India,Home
8395,6206,"38/59, Bhagat Nagar",Srinagar,Assam,164520,India,Office
8396,6206,"H.No. 90, Sunder Circle",Dhanbad,Goa,109099,India,Home
8397,6207,"22/46, Lanka Ganj",Ranchi,Uttarakhand,609436,India,Home
8398,6208,"25/280, Mahajan",Jammu,Meghalaya,427762,India,Home
8399,6208,"H.No. 767
Mishra Chowk",Junagadh,Mizoram,871487,India,Office
8400,6208,"488, Dixit Road",Bally,Bihar,031345,India,Home
8401,6209,"88/899, Anne",Mango,Uttarakhand,377674,India,Office
8402,6210,"72
Kar Chowk",Jamshedpur,Arunachal Pradesh,184095,India,Home
8403,6210,"H.No. 69, Gill Nagar",Alwar,Mizoram,146521,India,Home
8404,6211,"H.No. 816, Nayak Circle",Thrissur,Chhattisgarh,278691,India,Home
8405,6211,"365
Gandhi Path",Proddatur,Uttar Pradesh,374721,India,Home
8406,6211,"H.No. 653, Bhatia Chowk",Ghaziabad,Nagaland,652645,India,Office
8407,6212,"H.No. 015
Rajan Street",Purnia,Karnataka,498985,India,Home
8408,6213,"348, Nagar",Imphal,Arunachal Pradesh,428860,India,Home
8409,6214,"H.No. 760, Bhatt Street",Moradabad,Haryana,573160,India,Home
8410,6215,"H.No. 08
Kata Nagar",Buxar,Tamil Nadu,870564,India,Home
8411,6216,"62
Sagar Circle",Ahmedabad,Tripura,086453,India,Home
8412,6217,"12/628, Sengupta Circle",Mathura,Madhya Pradesh,299776,India,Home
8413,6217,"84/919
Saini Street",Mangalore,Goa,139712,India,Office
8414,6218,"16/428, Wable Zila",Bhubaneswar,Himachal Pradesh,738483,India,Home
8415,6219,"26/933, Pau Zila",Jalna,Rajasthan,649848,India,Home
8416,6220,"14, Madan Road",Jaipur,Karnataka,477822,India,Home
8417,6221,"H.No. 112, Acharya Chowk",Pudukkottai,Jharkhand,276106,India,Home
8418,6222,"74/81
Ram Path",Panipat,Telangana,374382,India,Home
8419,6223,"95/19
Dhar Chowk",Chittoor,Sikkim,326185,India,Home
8420,6224,"63/445, Rajagopalan Marg",Kadapa,Uttar Pradesh,060907,India,Home
8421,6225,"69/70
Raval Street",Akola,Assam,609071,India,Home
8422,6226,"45/78, Amble",Ranchi,Manipur,067568,India,Home
8423,6227,"36/409
Das Path",Kadapa,Punjab,838324,India,Home
8424,6228,"768
Deep Street",Eluru,Maharashtra,677792,India,Home
8425,6229,"853, Narula Street",Maheshtala,Rajasthan,401070,India,Home
8426,6230,"H.No. 517
Baria Chowk",Aurangabad,Uttarakhand,785087,India,Office
8427,6231,"22/97
Gandhi Zila",Muzaffarpur,Arunachal Pradesh,334807,India,Home
8428,6231,"58
Memon Chowk",Rajkot,Chhattisgarh,047786,India,Home
8429,6232,"69
Gopal Ganj",Nizamabad,Arunachal Pradesh,828304,India,Home
8430,6232,"H.No. 17, Lanka Street",Deoghar,Haryana,278492,India,Home
8431,6233,"H.No. 30, Rajan Marg",Tezpur,Gujarat,215518,India,Home
8432,6234,"29/566, Wable Street",Morbi,Himachal Pradesh,064178,India,Home
8433,6234,"68, Dugar Nagar",Akola,Himachal Pradesh,803861,India,Home
8434,6235,"79/700
Sama Zila",Khandwa,Nagaland,486712,India,Home
8435,6235,"92
Apte Chowk",Ambattur,Punjab,162347,India,Home
8436,6236,"H.No. 013, Koshy Circle",Jalgaon,Jharkhand,098622,India,Office
8437,6237,"16
Murty Chowk",Muzaffarnagar,Madhya Pradesh,856095,India,Home
8438,6237,"73/82, Parekh Street",Bhagalpur,Sikkim,328699,India,Home
8439,6238,"44/01, Sharma Street",Kanpur,Tripura,450236,India,Home
8440,6239,"H.No. 77, Narang Ganj",Khammam,Manipur,539955,India,Home
8441,6240,"12/906, Arora Ganj",Bhatpara,Uttar Pradesh,805692,India,Home
8442,6240,"31/035, Pall Road",Raipur,Chhattisgarh,006511,India,Home
8443,6241,"H.No. 033, Wali Circle",Siwan,Goa,375334,India,Home
8444,6242,"H.No. 321, Deep Marg",Singrauli,Rajasthan,459801,India,Home
8445,6243,"714, Sanghvi Zila",Malda,Tamil Nadu,161827,India,Home
8446,6243,"32
Mohan",Ramgarh,Nagaland,538120,India,Office
8447,6244,"80/806
Bhandari Road",Kolhapur,Tamil Nadu,960310,India,Office
8448,6245,"H.No. 063, Nayar Road",Rohtak,West Bengal,258232,India,Home
8449,6246,"55/624
Bakshi Road",Thoothukudi,Mizoram,478213,India,Home
8450,6246,"H.No. 392
Gera Nagar",Kishanganj,Goa,191600,India,Home
8451,6247,"04
Raj",Gurgaon,Nagaland,151915,India,Home
8452,6248,"H.No. 68, Kalla Circle",Munger,Karnataka,447363,India,Home
8453,6249,"05/37, Shroff Road",Dehri,Punjab,816572,India,Home
8454,6250,"31/149
Sanghvi Ganj",Kottayam,Manipur,946735,India,Home
8455,6251,"H.No. 285
Chaudhuri Circle",Dhule,Meghalaya,418162,India,Home
8456,6252,"H.No. 430
Apte",Tirupati,West Bengal,366126,India,Home
8457,6253,"H.No. 655
Dave Ganj",Mangalore,Assam,934556,India,Home
8458,6254,"67/72
Varkey Ganj",Machilipatnam,Chhattisgarh,452299,India,Home
8459,6254,"H.No. 128
Nagi Path",Deoghar,Madhya Pradesh,927623,India,Home
8460,6255,"79/950, Zacharia Circle",Rajahmundry,Karnataka,680401,India,Home
8461,6256,"79/46, Gera Marg",Phusro,Nagaland,402336,India,Office
8462,6257,"72, Krish Marg",Patiala,Madhya Pradesh,823754,India,Office
8463,6258,"074
Manne Street",Gulbarga,Odisha,778591,India,Home
8464,6258,"413, Mall",Serampore,Bihar,114043,India,Other
8465,6259,"H.No. 051, Karpe Chowk",Siliguri,Andhra Pradesh,237785,India,Home
8466,6260,"95/28
Grewal Marg",Varanasi,Telangana,504004,India,Office
8467,6260,"267, Sura Zila",Kolhapur,Andhra Pradesh,259651,India,Office
8468,6261,"37/937, Kala",Serampore,Bihar,783806,India,Home
8469,6262,"946, Dara Marg",Warangal,Madhya Pradesh,325318,India,Home
8470,6263,"89, Kurian Nagar",Jalgaon,Meghalaya,613220,India,Home
8471,6264,"H.No. 071
Morar Circle",Srinagar,Karnataka,370663,India,Other
8472,6265,"28/71, Pingle Nagar",Gandhinagar,Arunachal Pradesh,104726,India,Home
8473,6265,"413
Dugal Ganj",Bhalswa Jahangir Pur,Arunachal Pradesh,662771,India,Home
8474,6266,"75/43
Tella",Parbhani,Rajasthan,633663,India,Home
8475,6267,"53/07, Sangha",Belgaum,Tamil Nadu,541649,India,Home
8476,6268,"59/88, Randhawa Nagar",Bettiah,Meghalaya,604908,India,Office
8477,6269,"H.No. 533, Sha Nagar",Mehsana,Madhya Pradesh,685501,India,Office
8478,6270,"H.No. 966
Swamy",Khandwa,Goa,638747,India,Home
8479,6270,"40, Som Road",Sasaram,Arunachal Pradesh,431809,India,Home
8480,6271,"237, Khare Road",Bidhannagar,Rajasthan,157326,India,Home
8481,6272,"40, Dugar Marg",Hindupur,Jharkhand,216450,India,Other
8482,6273,"22/70, Luthra Nagar",Karawal Nagar,Telangana,047437,India,Other
8483,6274,"26/895
Bobal Chowk",Giridih,Goa,269030,India,Office
8484,6275,"H.No. 849, Mallick Road",Ulhasnagar,Chhattisgarh,143954,India,Home
8485,6276,"H.No. 56, Srivastava Zila",Mirzapur,Punjab,123394,India,Home
8486,6277,"84/64, Choudhury Ganj",Ludhiana,Bihar,838091,India,Office
8487,6278,"23/743
Dutt Street",Latur,Arunachal Pradesh,247214,India,Office
8488,6279,"H.No. 617
Sodhi Road",Khammam,Gujarat,880882,India,Office
8489,6280,"H.No. 036, Chopra Marg",Singrauli,West Bengal,878379,India,Office
8490,6281,"37/80
Kapoor",Khora ,Tamil Nadu,422050,India,Home
8491,6282,"01
Rege Chowk",Sirsa,Tripura,657024,India,Home
8492,6282,"H.No. 029, Guha Street",Moradabad,Jharkhand,338550,India,Home
8493,6283,"93/57
Sridhar Street",Rewa,Gujarat,716960,India,Home
8494,6284,"H.No. 426, Som Nagar",Bharatpur,Punjab,841639,India,Home
8495,6285,"H.No. 25
Ganesh Nagar",Rampur,Rajasthan,106397,India,Home
8496,6286,"18/50, Wagle Marg",Kolhapur,Uttarakhand,815157,India,Home
8497,6286,"25/548, Walia Zila",Giridih,Gujarat,697678,India,Home
8498,6287,"H.No. 18
Butala Path",Silchar,Sikkim,629405,India,Home
8499,6288,"986, Sawhney Chowk",Siwan,Nagaland,560136,India,Home
8500,6289,"H.No. 161
Desai Marg",Bangalore,Goa,748610,India,Home
8501,6290,"H.No. 047, Shere Zila",Naihati,Mizoram,611503,India,Home
8502,6291,"46/84
Choudhary Ganj",Mumbai,Andhra Pradesh,351106,India,Office
8503,6291,"67
Vohra Path",Kumbakonam,Sikkim,885309,India,Home
8504,6292,"097
Gara Street",Faridabad,Mizoram,205260,India,Office
8505,6292,"83/806
Chawla Zila",Ghaziabad,Gujarat,312588,India,Home
8506,6292,"33/16
Khalsa Marg",Lucknow,Punjab,259244,India,Home
8507,6293,"709
Uppal Marg",Danapur,Rajasthan,227312,India,Home
8508,6293,"91/566
Iyer Street",Pudukkottai,Haryana,906138,India,Home
8509,6294,"36, Bali Path",Anantapur,Goa,182286,India,Home
8510,6295,"84, Naidu Ganj",Danapur,Manipur,263946,India,Home
8511,6296,"79/099, Bhasin Road",Shivpuri,Chhattisgarh,072116,India,Office
8512,6296,"878, Kalla Circle",Kulti,Manipur,019378,India,Home
8513,6297,"03
Ghose Street",Ozhukarai,Maharashtra,127406,India,Office
8514,6298,"H.No. 94, Chana Chowk",Deoghar,Sikkim,753469,India,Home
8515,6298,"41
Mital Zila",Hospet,Tripura,815337,India,Home
8516,6298,"H.No. 04
Kibe Street",Buxar,West Bengal,995989,India,Office
8517,6299,"00/93
Chand Nagar",Bareilly,West Bengal,502521,India,Home
8518,6300,"242, Dalal Nagar",Jehanabad,Manipur,573650,India,Office
8519,6301,"88/984, Karpe Circle",Pimpri-Chinchwad,Gujarat,741347,India,Home
8520,6302,"50/986, Kar Zila",Mehsana,Jharkhand,370240,India,Home
8521,6303,"315
Rao Road",Korba,Tripura,412376,India,Home
8522,6304,"H.No. 29, Raja Ganj",Mau,Uttarakhand,958942,India,Home
8523,6304,"20
Tank",Warangal,Sikkim,582514,India,Home
8524,6304,"H.No. 16, Kapadia Ganj",Jaipur,Assam,605053,India,Home
8525,6305,"36
Sabharwal",Tirunelveli,Meghalaya,758487,India,Home
8526,6306,"H.No. 129
Minhas Chowk",Tirunelveli,Kerala,884404,India,Home
8527,6307,"03, Mahajan Road",Guna,Meghalaya,760279,India,Home
8528,6307,"51/641, Chand Ganj",Solapur,West Bengal,185514,India,Home
8529,6308,"291
Raj Road",Machilipatnam,Chhattisgarh,305578,India,Home
8530,6309,"29, Nagarajan Chowk",Tezpur,Maharashtra,931562,India,Home
8531,6310,"H.No. 97, Tak Path",Amaravati,Punjab,560375,India,Home
8532,6310,"H.No. 20, Pillai Circle",Kumbakonam,Gujarat,266431,India,Home
8533,6311,"98
Kashyap Nagar",Serampore,Nagaland,484358,India,Home
8534,6312,"80/71
Kamdar Street",Bhopal,West Bengal,813334,India,Office
8535,6313,"290, Bahl Marg",Medininagar,Assam,495463,India,Office
8536,6314,"136, Bora Zila",Meerut,Rajasthan,149990,India,Home
8537,6315,"86
Halder Nagar",Maheshtala,Meghalaya,136791,India,Office
8538,6315,"H.No. 832
Manda Zila",Jodhpur,Tamil Nadu,753957,India,Home
8539,6316,"H.No. 87
Narula Path",Kottayam,Goa,982377,India,Home
8540,6317,"H.No. 490, Bhatia Street",Motihari,Chhattisgarh,124216,India,Home
8541,6318,"H.No. 11
Garg Marg",Ranchi,Odisha,674042,India,Home
8542,6319,"H.No. 31
Mandal Ganj",Dharmavaram,Uttar Pradesh,513121,India,Home
8543,6319,"H.No. 082, Tailor Nagar",Bihar Sharif,Arunachal Pradesh,762176,India,Office
8544,6320,"H.No. 747
Mani Circle",Uluberia,Assam,735225,India,Home
8545,6321,"89/135, Guha Zila",Ghaziabad,Andhra Pradesh,516412,India,Home
8546,6322,"334
Zacharia Marg",Dhule,Sikkim,992929,India,Home
8547,6322,"55, Brahmbhatt Chowk",Fatehpur,Telangana,915493,India,Office
8548,6323,"48, Ramaswamy",Allahabad,Rajasthan,264005,India,Home
8549,6324,"950
Bir Ganj",Dharmavaram,Maharashtra,172572,India,Home
8550,6325,"69/497, Oak Marg",Bihar Sharif,Sikkim,347375,India,Home
8551,6325,"83, Dubey Chowk",Karimnagar,Chhattisgarh,118280,India,Home
8552,6326,"H.No. 572, Borah Road",Bhind,Sikkim,641197,India,Home
8553,6327,"H.No. 344
Kakar Circle",Bhubaneswar,Telangana,472090,India,Home
8554,6327,"28/224, Patil Nagar",Bidar,Himachal Pradesh,642037,India,Home
8555,6328,"540, Narang Chowk",Mehsana,Tamil Nadu,756878,India,Other
8556,6329,"99
Kar Zila",Jalandhar,Bihar,824212,India,Home
8557,6330,"75/05, Das",Jabalpur,West Bengal,397929,India,Office
8558,6331,"H.No. 83
Kata Ganj",Bhind,Himachal Pradesh,256148,India,Office
8559,6332,"37, Chokshi Zila",Gopalpur,Tripura,448073,India,Home
8560,6333,"H.No. 048, Rattan Chowk",Karawal Nagar,Arunachal Pradesh,356325,India,Home
8561,6334,"H.No. 11, Sha Circle",Sikar,Kerala,183754,India,Home
8562,6334,"H.No. 743, Contractor Ganj",Visakhapatnam,West Bengal,691891,India,Home
8563,6335,"58/12
Swaminathan",Saharsa,West Bengal,959704,India,Office
8564,6336,"607
Bal Path",Motihari,Arunachal Pradesh,528331,India,Office
8565,6337,"60/909, Ramesh Zila",Bettiah,Telangana,000074,India,Home
8566,6338,"H.No. 46
Kannan Circle",Kumbakonam,Uttarakhand,009657,India,Home
8567,6339,"H.No. 969
Ray Zila",Pali,Himachal Pradesh,436756,India,Home
8568,6339,"09/601
Ganesan Marg",Berhampore,Uttar Pradesh,623735,India,Home
8569,6340,"02/66, Warrior Nagar",Panvel,Tripura,628467,India,Home
8570,6340,"80/299, Sarin",Gurgaon,Chhattisgarh,625772,India,Other
8571,6341,"H.No. 11
Pandit Marg",Sonipat,Arunachal Pradesh,344581,India,Home
8572,6341,"H.No. 31, Shanker Circle",Gangtok,Sikkim,029594,India,Other
8573,6342,"H.No. 66
Goswami Nagar",Ambattur,Sikkim,075576,India,Home
8574,6343,"H.No. 06, Patel Street",Silchar,Karnataka,890045,India,Office
8575,6344,"91/76, Sami Street",Rohtak,Andhra Pradesh,957702,India,Office
8576,6344,"H.No. 04
Deshmukh Chowk",Kirari Suleman Nagar,Chhattisgarh,741062,India,Home
8577,6344,"90
Sama Road",Dhanbad,West Bengal,546775,India,Home
8578,6345,"991, Oommen Nagar",Mathura,Arunachal Pradesh,009691,India,Office
8579,6345,"02/01
Venkatesh Chowk",Nandyal,Kerala,793316,India,Home
8580,6346,"41
Sibal Path",Hindupur,Gujarat,666845,India,Home
8581,6347,"09
D’Alia Street",Belgaum,Rajasthan,692734,India,Home
8582,6348,"29
Dyal Ganj",Chinsurah,Tripura,845554,India,Home
8583,6349,"20/546, Barad Chowk",Jorhat,Manipur,688298,India,Home
8584,6350,"76/440
Chandran Ganj",Vijayanagaram,Gujarat,609363,India,Home
8585,6351,"74/250, Chandra Chowk",Mahbubnagar,Rajasthan,667327,India,Home
8586,6351,"H.No. 59, Dar Nagar",Gopalpur,Punjab,476930,India,Other
8587,6352,"00/73
Gokhale",Khora ,Sikkim,270087,India,Home
8588,6353,"H.No. 726
Madan Zila",Bhusawal,Odisha,525979,India,Home
8589,6354,"H.No. 43
Mani Chowk",Katni,Manipur,312048,India,Home
8590,6354,"87
Mall Path",Kulti,Haryana,378441,India,Home
8591,6355,"11, Bera Ganj",Nangloi Jat,Karnataka,218943,India,Office
8592,6356,"70/24
Bandi Marg",Thrissur,Kerala,452949,India,Home
8593,6357,"H.No. 93
Balakrishnan Nagar",Silchar,Haryana,292776,India,Office
8594,6358,"H.No. 026, Mahajan Nagar",Eluru,Uttarakhand,465653,India,Home
8595,6359,"H.No. 087
Goda Road",Anantapuram,Haryana,585716,India,Office
8596,6359,"H.No. 28
Din Circle",Faridabad,Nagaland,393166,India,Home
8597,6360,"H.No. 110, Wadhwa Ganj",Bokaro,Kerala,506801,India,Home
8598,6360,"15/11, Bera Zila",Sultan Pur Majra,Karnataka,626397,India,Office
8599,6361,"458, Nigam Chowk",Nandyal,Madhya Pradesh,718544,India,Home
8600,6361,"H.No. 192, Chahal Chowk",Haridwar,Jharkhand,141771,India,Office
8601,6362,"852
Goda",Ludhiana,Sikkim,610974,India,Home
8602,6362,"19/23, Maharaj Marg",Mumbai,Madhya Pradesh,258810,India,Home
8603,6363,"99
Shah Zila",Pune,Maharashtra,821977,India,Office
8604,6364,"45/08, Joshi",Ramgarh,Uttar Pradesh,529273,India,Home
8605,6365,"359, Tank Circle",Bijapur,Chhattisgarh,810191,India,Home
8606,6366,"77/962
Kale Circle",Farrukhabad,Gujarat,832864,India,Home
8607,6367,"H.No. 483, Kara Marg",Jamshedpur,Manipur,630222,India,Office
8608,6367,"947
Tara Zila",Jorhat,Maharashtra,951414,India,Home
8609,6368,"H.No. 836, Wali Street",Bhubaneswar,Madhya Pradesh,007968,India,Office
8610,6368,"H.No. 536
Master",Arrah,Andhra Pradesh,014561,India,Other
8611,6369,"25/51, Sampath Road",Medininagar,Nagaland,890060,India,Home
8612,6369,"H.No. 34
Tripathi Nagar",Hapur,Punjab,750793,India,Office
8613,6370,"84
Butala Circle",Jalna,Telangana,972652,India,Home
8614,6370,"H.No. 39, Goswami",Aizawl,Himachal Pradesh,175083,India,Office
8615,6371,"623, Sehgal Nagar",Dhanbad,Madhya Pradesh,427919,India,Home
8616,6371,"51/558, Vora Street",Imphal,Kerala,720628,India,Home
8617,6372,"38, Dhar Marg",Satara,Goa,728512,India,Home
8618,6372,"H.No. 114
Saxena Marg",Ramagundam,Uttarakhand,342560,India,Home
8619,6372,"52/969, Shankar",Phusro,West Bengal,327310,India,Home
8620,6373,"H.No. 879, Bhargava Road",Tinsukia,Himachal Pradesh,883536,India,Home
8621,6374,"88/76
Dugar Ganj",Imphal,Tamil Nadu,685926,India,Home
8622,6375,"13/09
Patla",Barasat,Odisha,567117,India,Office
8623,6376,"H.No. 528
Dutta Street",Avadi,Assam,817560,India,Home
8624,6377,"94/76, Korpal Marg",Dehradun,Nagaland,062438,India,Home
8625,6378,"968, Oommen Street",Tirunelveli,Rajasthan,654904,India,Home
8626,6378,"H.No. 48
Murty Ganj",Avadi,Telangana,407132,India,Home
8627,6378,"41/17, Gara Marg",Udaipur,Arunachal Pradesh,878075,India,Home
8628,6379,"H.No. 79, Som",Pimpri-Chinchwad,Telangana,200461,India,Office
8629,6380,"76/685
Malhotra Circle",Hapur,Kerala,893131,India,Office
8630,6381,"H.No. 783
Sarma Ganj",Rewa,Maharashtra,154023,India,Home
8631,6382,"38/14, Patel Circle",Nandyal,Andhra Pradesh,284878,India,Home
8632,6383,"58
Ganesan Zila",Coimbatore,Haryana,437715,India,Home
8633,6383,"H.No. 105
Dube",Malda,Rajasthan,291263,India,Home
8634,6384,"23/527
Singhal Marg",Jamshedpur,Chhattisgarh,978329,India,Home
8635,6385,"00
Gokhale",Anantapur,Kerala,672677,India,Other
8636,6386,"85/707, Sethi Road",Fatehpur,Meghalaya,954524,India,Home
8637,6386,"90/65, Mani Circle",Panvel,Bihar,434239,India,Home
8638,6387,"H.No. 53
Lal Street",Jorhat,Meghalaya,960528,India,Office
8639,6388,"H.No. 19, Chaudhry Zila",Junagadh,West Bengal,703653,India,Home
8640,6388,"H.No. 274
Biswas Street",Narasaraopet,West Bengal,525221,India,Office
8641,6389,"20/03, Dixit Marg",Hindupur,Kerala,343650,India,Home
8642,6390,"69, Sehgal Zila",Sasaram,Rajasthan,238561,India,Home
8643,6391,"501, Bhattacharyya Road",Dehri,Punjab,621971,India,Home
8644,6392,"83/829, Dhawan Circle",Gopalpur,Haryana,330700,India,Home
8645,6393,"047
Sidhu Chowk",Bhilai,Maharashtra,102857,India,Home
8646,6393,"86/431, Aggarwal Road",Gurgaon,Haryana,782313,India,Home
8647,6394,"88/639, Sathe Street",Anantapur,Goa,679257,India,Home
8648,6394,"H.No. 91
Koshy Path",Serampore,Telangana,060106,India,Office
8649,6395,"93/546
Handa",Rajahmundry,Rajasthan,197908,India,Office
8650,6395,"73/160, Mittal Circle",Shahjahanpur,Himachal Pradesh,998865,India,Office
8651,6396,"H.No. 44
Om",Parbhani,Andhra Pradesh,977902,India,Home
8652,6397,"23/34, Madan Marg",Hospet,Goa,695701,India,Home
8653,6397,"H.No. 165, Baria Road",Parbhani,Kerala,381637,India,Office
8654,6398,"32/566
Thakur Zila",Kumbakonam,Punjab,207665,India,Home
8655,6398,"H.No. 62
Sarraf Zila",Nagaon,Bihar,927056,India,Home
8656,6399,"97
Ganguly Zila",Vijayanagaram,Himachal Pradesh,851917,India,Office
8657,6400,"79
Anand Marg",Jorhat,Assam,135723,India,Home
8658,6400,"587
Sunder",Shivpuri,Chhattisgarh,768793,India,Office
8659,6401,"10/77, Choudhary Ganj",Alwar,Odisha,066093,India,Office
8660,6401,"40/01
Sehgal Road",Hospet,Gujarat,577633,India,Home
8661,6402,"16/141, Badal",Erode,Meghalaya,602939,India,Home
8662,6402,"H.No. 33
Narula Street",Gandhidham,Gujarat,365045,India,Home
8663,6403,"05/06, Goda Circle",Ichalkaranji,Maharashtra,915121,India,Home
8664,6404,"H.No. 087, Bhasin Street",Kolhapur,Punjab,331669,India,Home
8665,6404,"05
Chaudhry Road",Ballia,Kerala,835269,India,Other
8666,6405,"355, Lala Path",Jalandhar,Chhattisgarh,030706,India,Other
8667,6406,"93/091
Manda Circle",Jalna,Himachal Pradesh,942153,India,Home
8668,6407,"853, Sarraf Street",Dehri,Maharashtra,591858,India,Home
8669,6408,"43
Bawa Marg",Jodhpur,Bihar,895478,India,Office
8670,6409,"54, Salvi Path",Chapra,Meghalaya,776572,India,Home
8671,6409,"93/956
Sarna Chowk",Barasat,Assam,386712,India,Office
8672,6410,"23
Varughese Road",Haldia,Assam,473814,India,Home
8673,6411,"H.No. 725
Muni",Sambalpur,Chhattisgarh,989085,India,Home
8674,6412,"574
Dubey Circle",Orai,Goa,868228,India,Home
8675,6413,"H.No. 242, Bhasin",Mau,Tamil Nadu,815393,India,Home
8676,6413,"61
Kota Circle",Pudukkottai,Himachal Pradesh,577851,India,Home
8677,6414,"H.No. 139, Mody Circle",Ramagundam,Tamil Nadu,197716,India,Home
8678,6415,"H.No. 642, Dey Zila",Vijayawada,Chhattisgarh,055060,India,Home
8679,6416,"65/612, Behl Chowk",Kottayam,Tripura,155488,India,Home
8680,6417,"93/24, Rastogi Path",Hyderabad,Karnataka,469443,India,Home
8681,6418,"73/566
Raju Zila",Yamunanagar,Maharashtra,082882,India,Home
8682,6419,"H.No. 504, Johal Marg",Ranchi,Uttar Pradesh,886562,India,Home
8683,6420,"70
Dash Circle",Nanded,Tamil Nadu,150732,India,Home
8684,6421,"97/450
Parsa Road",Nadiad,Karnataka,290332,India,Home
8685,6422,"57/58
Saxena Road",Darbhanga,Jharkhand,035295,India,Home
8686,6423,"45
Bakshi Chowk",Tiruppur,Gujarat,182859,India,Office
8687,6424,"68/99
Uppal Path",Morbi,Uttar Pradesh,300986,India,Home
8688,6425,"68/691
Dua Nagar",Bally,Jharkhand,650333,India,Home
8689,6426,"H.No. 14
Iyengar Path",Sambalpur,Meghalaya,442684,India,Office
8690,6427,"786, Buch Circle",Pali,Tripura,906603,India,Office
8691,6427,"75/234, Singh Street",Berhampore,Tamil Nadu,379223,India,Office
8692,6428,"H.No. 12, Pau Circle",Uluberia,Punjab,218927,India,Other
8693,6428,"H.No. 072, Chandra Ganj",Udupi,Jharkhand,909300,India,Home
8694,6429,"909, Sura",Gangtok,Punjab,007493,India,Home
8695,6429,"34/43, Saraf Ganj",Ujjain,Haryana,581170,India,Office
8696,6430,"281, Sem Path",Panvel,Madhya Pradesh,096342,India,Office
8697,6431,"H.No. 612
Soni Marg",South Dumdum,West Bengal,769633,India,Home
8698,6432,"53/40
Rama Marg",Yamunanagar,Himachal Pradesh,817315,India,Home
8699,6432,"520
Srinivasan Circle",Medininagar,Gujarat,029121,India,Home
8700,6432,"79/504, Talwar Chowk",Coimbatore,Andhra Pradesh,965670,India,Home
8701,6433,"957, Mohan Path",Bhavnagar,Bihar,244835,India,Office
8702,6434,"40/444, Ben Circle",Bhagalpur,West Bengal,969413,India,Office
8703,6435,"H.No. 578, Singh Chowk",Sambhal,Assam,997165,India,Office
8704,6436,"31, Munshi Zila",Secunderabad,West Bengal,094680,India,Home
8705,6437,"H.No. 00, Deshpande Road",Jamalpur,Tamil Nadu,200786,India,Home
8706,6437,"H.No. 03
Misra Road",Thiruvananthapuram,Madhya Pradesh,516655,India,Home
8707,6438,"515
Sehgal Path",Sultan Pur Majra,Maharashtra,685405,India,Office
8708,6438,"98/14
Batra Street",Khandwa,Tamil Nadu,118077,India,Home
8709,6438,"H.No. 04, Srivastava Path",Raurkela Industrial Township,Uttarakhand,146000,India,Home
8710,6439,"27, Hegde Zila",Saharsa,Tamil Nadu,741406,India,Home
8711,6440,"H.No. 126, Bhakta Path",Naihati,Manipur,607091,India,Home
8712,6441,"771
Dugal Chowk",Gaya,Tripura,925794,India,Other
8713,6441,"08, Chandran",Bhilai,Nagaland,734132,India,Home
8714,6442,"52/17
Bhargava Nagar",Kamarhati,Mizoram,457107,India,Home
8715,6443,"42
Sarma Ganj",Aurangabad,Madhya Pradesh,667273,India,Home
8716,6443,"63, Babu Street",Sultan Pur Majra,Meghalaya,475841,India,Home
8717,6443,"22, Sandhu Chowk",Nangloi Jat,Rajasthan,065674,India,Home
8718,6444,"H.No. 00
Bhatnagar Chowk",Hapur,Meghalaya,807489,India,Home
8719,6444,"H.No. 023, Badami Marg",Proddatur,Maharashtra,997615,India,Home
8720,6445,"H.No. 35
Deol Marg",Tiruchirappalli,Rajasthan,052104,India,Home
8721,6446,"H.No. 674
Datta Path",Alwar,Goa,572927,India,Home
8722,6447,"20/24
Bail Zila",Silchar,Haryana,244827,India,Office
8723,6448,"10, Divan Path",Kirari Suleman Nagar,Jharkhand,517694,India,Home
8724,6449,"02, Radhakrishnan Zila",Bathinda,Tamil Nadu,734552,India,Home
8725,6449,"33/693
Chandra Road",Fatehpur,Andhra Pradesh,634984,India,Home
8726,6450,"H.No. 638
Mahajan Nagar",Sultan Pur Majra,Sikkim,793695,India,Home
8727,6451,"H.No. 24, Chauhan Zila",Gorakhpur,Madhya Pradesh,529983,India,Office
8728,6452,"506
Sarkar Chowk",Serampore,Arunachal Pradesh,346948,India,Home
8729,6453,"35/26, Viswanathan Chowk",Bangalore,Chhattisgarh,602901,India,Office
8730,6453,"82/90
Tailor Ganj",Khora ,Himachal Pradesh,082151,India,Home
8731,6454,"25, Pall Street",Ramagundam,Rajasthan,733845,India,Home
8732,6455,"05/82
Ganesh",Chandigarh,Telangana,644244,India,Home
8733,6455,"H.No. 91
Hans Nagar",Deoghar,Mizoram,315062,India,Office
8734,6456,"63
Dora Circle",Jamshedpur,Bihar,221786,India,Office
8735,6457,"H.No. 130, Dada Zila",Raebareli,Arunachal Pradesh,220638,India,Home
8736,6457,"37/205
Mishra Marg",Raurkela Industrial Township,Odisha,319610,India,Office
8737,6458,"80
Dey Zila",Naihati,Kerala,605113,India,Home
8738,6459,"177
Bir Nagar",Madhyamgram,Meghalaya,827210,India,Other
8739,6460,"20/89
Sanghvi Circle",Mau,Punjab,171771,India,Home
8740,6461,"64/358, Chaudhary Circle",Kumbakonam,Karnataka,274468,India,Home
8741,6461,"H.No. 590, Jhaveri Chowk",Udupi,Odisha,349651,India,Home
8742,6462,"23/72
Chokshi Chowk",Tirunelveli,Rajasthan,147787,India,Home
8743,6463,"H.No. 037
Bobal Path",Mahbubnagar,Punjab,193807,India,Office
8744,6464,"49, Chaudhari Marg",Kishanganj,Assam,859754,India,Home
8745,6464,"H.No. 80, Doshi",Kishanganj,Maharashtra,565425,India,Office
8746,6465,"68/202, Sankar Zila",Ludhiana,Odisha,657622,India,Home
8747,6465,"147
Sarkar Marg",Hyderabad,Punjab,597583,India,Home
8748,6466,"67/72
Tank",Chennai,Odisha,449171,India,Home
8749,6467,"61/85
Bhargava Road",Sagar,Maharashtra,188323,India,Office
8750,6468,"H.No. 44
Mand Circle",Ratlam,Mizoram,557532,India,Home
8751,6468,"587
Parsa",Srikakulam,Tamil Nadu,045222,India,Office
8752,6468,"79/487
Tella Path",Avadi,Goa,642521,India,Home
8753,6469,"H.No. 41
Luthra Ganj",Loni,Mizoram,943610,India,Home
8754,6469,"758
Kant Chowk",Muzaffarnagar,Nagaland,582619,India,Home
8755,6470,"74/89
Parsa Chowk",Noida,Bihar,338437,India,Home
8756,6470,"H.No. 94
Balay",Dehri,Sikkim,921015,India,Home
8757,6470,"39
Johal Ganj",Akola,Uttarakhand,357688,India,Home
8758,6471,"H.No. 58, Bawa Chowk",Bhind,Meghalaya,076029,India,Home
8759,6471,"27/50
Bahl Street",Raebareli,Uttar Pradesh,069071,India,Home
8760,6472,"54/12
Patel Circle",Alappuzha,Manipur,720226,India,Home
8761,6472,"96/70
Rajagopal Zila",Bally,Gujarat,605024,India,Office
8762,6473,"93
Samra Ganj",Kishanganj,Uttarakhand,945754,India,Home
8763,6474,"04, Samra Nagar",Nangloi Jat,Chhattisgarh,411255,India,Home
8764,6475,"12, Chhabra Ganj",Munger,Tamil Nadu,668352,India,Home
8765,6475,"60/784, Kannan Ganj",Bijapur,Nagaland,568705,India,Home
8766,6476,"H.No. 47
Dara Zila",Katni,Punjab,371304,India,Home
8767,6477,"H.No. 042
Viswanathan Nagar",Cuttack,Punjab,870818,India,Home
8768,6477,"35/13
Sule",Bhilai,Tamil Nadu,177827,India,Home
8769,6477,"382
Varty Zila",Unnao,Madhya Pradesh,633525,India,Home
8770,6478,"H.No. 30
Gola",Hazaribagh,Himachal Pradesh,307483,India,Other
8771,6479,"H.No. 97, Koshy",Panchkula,Tamil Nadu,897023,India,Home
8772,6479,"59
Kanda",Hapur,Tripura,192445,India,Home
8773,6480,"13
Padmanabhan Street",Salem,West Bengal,984160,India,Home
8774,6481,"012
Patla Chowk",Satara,Jharkhand,803874,India,Office
8775,6482,"957, Rattan Nagar",Firozabad,Jharkhand,469131,India,Home
8776,6483,"15/025, Choudhury Street",Ramagundam,Meghalaya,214731,India,Home
8777,6484,"45/70
Lad Path",Kurnool,Maharashtra,305692,India,Home
8778,6485,"H.No. 26, Roy Marg",Hubli–Dharwad,Odisha,280246,India,Home
8779,6486,"585, Prashad Marg",Bijapur,Rajasthan,994442,India,Home
8780,6486,"H.No. 95, Raj Ganj",Khora ,Madhya Pradesh,408515,India,Home
8781,6487,"H.No. 65
Amble Street",Siwan,Himachal Pradesh,888867,India,Home
8782,6488,"38/080, Gara Circle",Bongaigaon,Sikkim,408876,India,Home
8783,6489,"443, Behl Ganj",Gwalior,Punjab,761743,India,Office
8784,6490,"15/77
Majumdar Circle",Anantapur,Gujarat,994576,India,Home
8785,6491,"11/579, Doshi Marg",Thanjavur,Arunachal Pradesh,380390,India,Home
8786,6492,"62/45
Ghosh",Raiganj,West Bengal,134461,India,Home
8787,6492,"H.No. 786
Dutt Chowk",Ongole,Andhra Pradesh,550105,India,Home
8788,6493,"H.No. 104
Bhasin",Gangtok,Tamil Nadu,605729,India,Home
8789,6493,"H.No. 012
Loyal Path",Dibrugarh,Madhya Pradesh,507509,India,Home
8790,6493,"43
Sangha Street",Berhampore,Punjab,375300,India,Home
8791,6494,"H.No. 67
Subramaniam Street",Yamunanagar,Chhattisgarh,125304,India,Home
8792,6495,"02
Grewal Zila",Khammam,Manipur,310002,India,Home
8793,6495,"H.No. 40, Gandhi",Thanjavur,Gujarat,613324,India,Home
8794,6496,"68
Srinivas Zila",Nagpur,Meghalaya,077463,India,Home
8795,6497,"16
Sandal Marg",Naihati,Andhra Pradesh,862283,India,Home
8796,6498,"76/375, Goswami Zila",Karawal Nagar,Madhya Pradesh,658895,India,Home
8797,6499,"011
Ray Marg",Karaikudi,Arunachal Pradesh,395571,India,Office
8798,6500,"H.No. 100, Sarma Zila",Ambala,Haryana,190696,India,Home
8799,6500,"95/49, Dani Ganj",Jabalpur,Tripura,656862,India,Home
8800,6501,"H.No. 35, Deshpande Path",Mirzapur,Goa,693613,India,Home
8801,6502,"14, Chada Ganj",Jaunpur,Uttar Pradesh,954160,India,Home
8802,6502,"041
Shanker Nagar",Tirunelveli,Kerala,541785,India,Home
8803,6503,"14/855
Sandhu Circle",Phusro,West Bengal,913859,India,Office
8804,6504,"H.No. 438, Khare Path",Pudukkottai,Madhya Pradesh,732859,India,Home
8805,6505,"65, Goel Ganj",Tadipatri,Karnataka,032106,India,Home
8806,6506,"H.No. 090, Sunder Zila",Tiruvottiyur,Arunachal Pradesh,597778,India,Other
8807,6506,"H.No. 604, Sarkar Street",Madhyamgram,Madhya Pradesh,719340,India,Home
8808,6507,"923, Deo Road",Rajahmundry,Chhattisgarh,448387,India,Other
8809,6508,"H.No. 645
Bala Chowk",Satara,Mizoram,593087,India,Home
8810,6509,"46, Misra Zila",Siliguri,Himachal Pradesh,746131,India,Home
8811,6510,"H.No. 977, Patel Marg",Bidhannagar,Meghalaya,502821,India,Office
8812,6511,"H.No. 513, Shroff Street",Kottayam,Jharkhand,177240,India,Home
8813,6512,"76
Bhavsar Marg",Dindigul,Madhya Pradesh,576920,India,Office
8814,6513,"458
Tank Nagar",Berhampur,Rajasthan,426527,India,Home
8815,6514,"H.No. 21
Buch Path",Hindupur,Madhya Pradesh,678812,India,Home
8816,6515,"44
Chahal Ganj",Hapur,Haryana,613905,India,Home
8817,6515,"65
Agrawal Marg",Ambala,Madhya Pradesh,052920,India,Home
8818,6516,"43, Talwar Circle",Bhind,Sikkim,715125,India,Home
8819,6517,"05/097, Sharaf Zila",Pudukkottai,Assam,073204,India,Office
8820,6518,"835, Mishra",Guntur,Punjab,904083,India,Home
8821,6519,"98
Talwar Zila",Meerut,Meghalaya,188202,India,Home
8822,6519,"H.No. 34
Tailor Circle",Vellore,Maharashtra,486860,India,Office
8823,6520,"91, Kala Nagar",Ghaziabad,Punjab,993781,India,Home
8824,6520,"69/78
Dube Circle",Mangalore,Assam,446412,India,Home
8825,6521,"544
Rama Ganj",Narasaraopet,Jharkhand,630759,India,Home
8826,6522,"H.No. 709, Sarin Circle",Motihari,Madhya Pradesh,264666,India,Home
8827,6523,"20/46, Pillai Nagar",Madanapalle,Nagaland,392921,India,Office
8828,6524,"H.No. 33, Comar Zila",Amaravati,Sikkim,545605,India,Home
8829,6525,"69/037
Chaudhry Ganj",Bettiah,West Bengal,073467,India,Home
8830,6525,"28/59
Oak Zila",Raurkela Industrial Township,Punjab,318676,India,Home
8831,6526,"522, Basu Path",Haridwar,Odisha,872797,India,Home
8832,6527,"447, Sehgal Path",Phagwara,Punjab,065769,India,Home
8833,6528,"H.No. 725, Seshadri Marg",Jaipur,Gujarat,362857,India,Home
8834,6528,"85, Malhotra Street",Panihati,Nagaland,539561,India,Home
8835,6529,"025, Borde",Mau,Sikkim,201216,India,Other
8836,6530,"67/350
Thakkar Chowk",Shahjahanpur,West Bengal,378972,India,Home
8837,6531,"22/83
Boase Street",Purnia,Maharashtra,294174,India,Office
8838,6531,"830, Mahajan Street",Raebareli,Gujarat,733626,India,Office
8839,6532,"H.No. 85, Lanka Road",Aurangabad,Manipur,949116,India,Office
8840,6533,"H.No. 463, Sridhar Road",Nashik,Arunachal Pradesh,112551,India,Office
8841,6534,"H.No. 499, Sandhu Path",Faridabad,Arunachal Pradesh,070202,India,Home
8842,6535,"52/433, Gala Circle",Rourkela,Andhra Pradesh,241863,India,Home
8843,6536,"12/38, Maharaj",Dindigul,Andhra Pradesh,191580,India,Office
8844,6537,"60/15
Kari",Ongole,Madhya Pradesh,385618,India,Office
8845,6538,"17, Kohli Ganj",Madhyamgram,Telangana,067097,India,Office
8846,6538,"H.No. 12
Hegde Street",Maheshtala,Punjab,607634,India,Home
8847,6539,"55/87
Agarwal Street",Salem,Gujarat,524407,India,Home
8848,6539,"H.No. 68
Date",Bhatpara,Nagaland,155646,India,Other
8849,6540,"H.No. 75, Venkataraman Path",Bathinda,Punjab,978290,India,Office
8850,6541,"H.No. 98
Bhagat Path",Tadepalligudem,Haryana,713061,India,Home
8851,6542,"15/236
Kumar Marg",Bhiwani,Chhattisgarh,840234,India,Home
8852,6543,"332, Goel Road",Bathinda,Himachal Pradesh,125795,India,Home
8853,6544,"35/170, Rastogi Circle",Bilaspur,Jharkhand,304221,India,Office
8854,6544,"69
Tara Chowk",Vadodara,Bihar,113915,India,Home
8855,6545,"150
Bali Nagar",Bilaspur,Chhattisgarh,572515,India,Home
8856,6545,"12, Tak Path",Bhiwani,Mizoram,410017,India,Home
8857,6546,"21/605
Prabhakar Nagar",Bhiwandi,Maharashtra,035228,India,Home
8858,6547,"H.No. 86, Thaker Street",Nashik,Maharashtra,215662,India,Office
8859,6547,"H.No. 702
Khare",Amaravati,Assam,944857,India,Home
8860,6547,"H.No. 77, Suresh Road",Kollam,Uttar Pradesh,696116,India,Home
8861,6548,"01/89
Ganesan Street",Vellore,Manipur,939264,India,Home
8862,6549,"02/36
Kumer Chowk",Vasai-Virar,Uttarakhand,335523,India,Office
8863,6550,"H.No. 013, Dara Marg",Haridwar,Uttar Pradesh,733703,India,Home
8864,6551,"H.No. 50
Yohannan Street",Jamalpur,Odisha,782518,India,Home
8865,6552,"14/064
Koshy Circle",Bhiwani,Nagaland,606662,India,Home
8866,6553,"83/92
Upadhyay Path",Firozabad,Tamil Nadu,483103,India,Office
8867,6554,"953, Krishnan Zila",Alwar,Uttar Pradesh,539738,India,Home
8868,6555,"05
Solanki",Pali,Meghalaya,394747,India,Home
8869,6556,"H.No. 99
Morar Ganj",Mathura,Jharkhand,931413,India,Home
8870,6557,"916
Brahmbhatt Marg",Rajpur Sonarpur,Nagaland,231960,India,Home
8871,6558,"81/93, Savant",Varanasi,Bihar,409303,India,Office
8872,6559,"06, Bala Marg",Kozhikode,Rajasthan,790489,India,Home
8873,6560,"H.No. 303
Sarin Chowk",Morena,Manipur,017503,India,Home
8874,6561,"893
Rattan Zila",Ahmedabad,Maharashtra,375870,India,Home
8875,6562,"H.No. 19
Chakraborty Marg",Srinagar,Tripura,725902,India,Home
8876,6563,"H.No. 35
Bir Circle",Gandhinagar,Assam,789531,India,Office
8877,6564,"H.No. 98
Thakur Road",Phagwara,Jharkhand,375495,India,Home
8878,6564,"51
Natt Chowk",Bardhaman,Sikkim,590911,India,Office
8879,6565,"H.No. 629, Apte Circle",Raipur,Himachal Pradesh,128530,India,Home
8880,6566,"H.No. 17, Shankar Ganj",Giridih,Sikkim,236358,India,Office
8881,6567,"34, Parikh Path",Bijapur,Madhya Pradesh,749223,India,Other
8882,6568,"915, Bajaj Zila",Chittoor,Rajasthan,849213,India,Office
8883,6569,"328
Brar Ganj",Bettiah,Kerala,998925,India,Home
8884,6570,"H.No. 154
Trivedi Path",Jodhpur,Chhattisgarh,365474,India,Other
8885,6571,"H.No. 78
Ramachandran Zila",Pimpri-Chinchwad,Sikkim,436205,India,Home
8886,6571,"H.No. 901, Wable Ganj",Kamarhati,Andhra Pradesh,651247,India,Home
8887,6572,"724
Deshmukh",Rajkot,Bihar,710912,India,Home
8888,6573,"16, Madan Ganj",Junagadh,Madhya Pradesh,761821,India,Home
8889,6573,"59/904
Toor",Tadipatri,Tripura,454163,India,Home
8890,6574,"247, Mane Marg",Thoothukudi,Karnataka,789639,India,Home
8891,6575,"32
Sen Circle",Bhavnagar,Gujarat,196561,India,Home
8892,6575,"H.No. 57, Datta Nagar",Tumkur,Assam,625853,India,Home
8893,6576,"45/68
Vohra Chowk",Raiganj,Manipur,332115,India,Home
8894,6577,"H.No. 440
Kadakia Ganj",Hosur,Gujarat,135928,India,Home
8895,6577,"H.No. 566
Biswas Ganj",Yamunanagar,Andhra Pradesh,095719,India,Office
8896,6578,"57/47, Vasa Nagar",Kanpur,Telangana,146424,India,Home
8897,6579,"00, Bali Path",Hyderabad,Arunachal Pradesh,153148,India,Home
8898,6580,"H.No. 10, Dhaliwal Ganj",Ramgarh,Goa,693575,India,Office
8899,6580,"02
Gour Road",Berhampur,Arunachal Pradesh,247642,India,Home
8900,6581,"33, Kaul",Malegaon,Arunachal Pradesh,337780,India,Home
8901,6582,"H.No. 725
Ahluwalia Marg",Jalandhar,Odisha,761129,India,Home
8902,6582,"955, Sur",Phusro,Assam,035398,India,Office
8903,6583,"51/689, Sule",Sikar,West Bengal,498503,India,Home
8904,6584,"14, Shere Road",Kakinada,Bihar,875286,India,Home
8905,6585,"H.No. 24
Mahajan Ganj",Muzaffarpur,Chhattisgarh,572226,India,Home
8906,6586,"H.No. 17, Soni Circle",Saharsa,Sikkim,095444,India,Home
8907,6587,"H.No. 55
Bala Ganj",Satara,Odisha,775809,India,Home
8908,6588,"19/15, Date Circle",Rohtak,Himachal Pradesh,114048,India,Home
8909,6589,"H.No. 73, Goyal Circle",Anantapur,Manipur,628468,India,Office
8910,6589,"H.No. 55, Date Circle",Gangtok,Goa,005527,India,Home
8911,6589,"01
Ravel Chowk",Ballia,Tamil Nadu,504898,India,Home
8912,6590,"23/94
Radhakrishnan",Kumbakonam,Rajasthan,657064,India,Home
8913,6591,"92/201, Gill Street",Sambalpur,Telangana,366604,India,Other
8914,6592,"90/680
Varghese Road",Raichur,Assam,663309,India,Other
8915,6592,"H.No. 933, Chaudhuri Ganj",Khammam,Uttar Pradesh,568131,India,Office
8916,6593,"H.No. 836
Jain Ganj",Ongole,Punjab,967240,India,Home
8917,6594,"66/564, Kala Ganj",Erode,Arunachal Pradesh,473448,India,Office
8918,6595,"H.No. 98, Shah Chowk",Pudukkottai,Kerala,254878,India,Home
8919,6595,"164, Bandi Road",Berhampore,Sikkim,944750,India,Office
8920,6596,"309, Venkataraman Nagar",Morena,Madhya Pradesh,396884,India,Home
8921,6597,"73/64, Sahni Chowk",Mira-Bhayandar,Chhattisgarh,732058,India,Home
8922,6598,"H.No. 70, Parmer Circle",Kollam,Meghalaya,632449,India,Home
8923,6598,"44/382, Jhaveri Road",Kolkata,Himachal Pradesh,689337,India,Office
8924,6598,"34/501, Tank Street",Delhi,Punjab,701648,India,Office
8925,6599,"01/092, Menon Chowk",Malda,Odisha,513069,India,Office
8926,6599,"50
Madan",Singrauli,Tamil Nadu,021312,India,Office
8927,6600,"H.No. 183
Wagle Circle",Jalgaon,Bihar,872457,India,Home
8928,6601,"H.No. 351, More Chowk",Bardhaman,Arunachal Pradesh,654909,India,Home
8929,6602,"912, Banik Nagar",Arrah,Goa,647629,India,Home
8930,6603,"H.No. 504
Nath Path",Buxar,West Bengal,030882,India,Home
8931,6604,"04/87
Narang Street",Dibrugarh,Goa,675232,India,Home
8932,6605,"54/747
Aurora Road",Adoni,Himachal Pradesh,591478,India,Home
8933,6605,"H.No. 19, Bora",Dibrugarh,Tripura,747165,India,Home
8934,6606,"08/59, Mand Nagar",Guntakal,Uttarakhand,573697,India,Other
8935,6607,"01/86, Swaminathan Nagar",Kakinada,Sikkim,204772,India,Home
8936,6608,"75/79, Dugar Marg",Bihar Sharif,Karnataka,839985,India,Other
8937,6608,"H.No. 19
Jhaveri Zila",Adoni,Chhattisgarh,426860,India,Home
8938,6609,"398
Dada",Shahjahanpur,Tripura,809545,India,Home
8939,6610,"H.No. 65, Mody Circle",Anand,Nagaland,105540,India,Office
8940,6611,"67/459
Bala",Madhyamgram,Arunachal Pradesh,456225,India,Home
8941,6612,"34, Swaminathan",North Dumdum,Karnataka,345180,India,Home
8942,6613,"17
Saha Chowk",Allahabad,Andhra Pradesh,522266,India,Home
8943,6614,"79/86
Doctor Road",Khandwa,Karnataka,456001,India,Home
8944,6615,"H.No. 81
Nadkarni Path",Indore,Arunachal Pradesh,906699,India,Other
8945,6616,"95/782
Parmer",Jhansi,Haryana,916853,India,Office
8946,6617,"08/21, Dar Road",Hazaribagh,Mizoram,883763,India,Home
8947,6618,"23
Kakar Path",Shivpuri,Chhattisgarh,311077,India,Home
8948,6618,"H.No. 391, Bir Nagar",Nizamabad,Sikkim,484602,India,Home
8949,6619,"24/52, Kari Street",Kishanganj,Tripura,900555,India,Home
8950,6620,"37/948
Sarkar",Kolkata,Karnataka,882168,India,Office
8951,6621,"14/65, Bobal Circle",Amritsar,Maharashtra,822297,India,Home
8952,6622,"36, Mannan Chowk",Vellore,Madhya Pradesh,122506,India,Home
8953,6623,"44/57
Kurian Ganj",Baranagar,Goa,367170,India,Home
8954,6624,"36/66, Barad Marg",Ambala,Haryana,147068,India,Home
8955,6625,"03/20, Sengupta Ganj",Davanagere,Karnataka,948246,India,Home
8956,6626,"87
Dayal Street",Mehsana,Himachal Pradesh,835254,India,Home
8957,6627,"58/70, Chandran",Phagwara,Chhattisgarh,128094,India,Home
8958,6628,"H.No. 17
Kota Street",Kamarhati,Sikkim,094452,India,Home
8959,6629,"284
Tailor Circle",Giridih,Nagaland,743824,India,Office
8960,6630,"507
Naik Nagar",Narasaraopet,Uttarakhand,881221,India,Home
8961,6630,"H.No. 27
Saha Ganj",Aurangabad,Odisha,691595,India,Home
8962,6631,"40/85, Seth Street",Ramagundam,Kerala,928636,India,Home
8963,6631,"H.No. 30, Sha Road",Anand,Haryana,486627,India,Home
8964,6632,"78, Bava Marg",Deoghar,Assam,654237,India,Home
8965,6633,"93
Sandhu Chowk",Nizamabad,Rajasthan,823350,India,Office
8966,6633,"424
Karan Circle",Coimbatore,Nagaland,599444,India,Home
8967,6634,"934
Swamy",Karimnagar,Mizoram,014134,India,Home
8968,6635,"H.No. 618, Sabharwal Street",Secunderabad,Sikkim,807510,India,Home
8969,6635,"857
Shah Road",Srikakulam,Karnataka,432526,India,Home
8970,6636,"335, Kant Street",Tirunelveli,Gujarat,675354,India,Home
8971,6636,"033
Anne Zila",Pali,Madhya Pradesh,969576,India,Home
8972,6637,"79/10
Pandit Street",Mumbai,Kerala,325429,India,Home
8973,6638,"594, Pant Path",Jammu,Assam,845732,India,Home
8974,6639,"510
Saraf Circle",Bhiwandi,Uttarakhand,120967,India,Home
8975,6640,"230
Minhas Road",Tinsukia,Odisha,977477,India,Home
8976,6641,"61/31, Tiwari Marg",Motihari,Sikkim,266995,India,Office
8977,6642,"49
Sem",Guntur,Gujarat,537221,India,Office
8978,6642,"H.No. 86
Mandal Ganj",Durg,Goa,586676,India,Home
8979,6643,"74/96
Patla Path",Raebareli,Sikkim,581519,India,Other
8980,6643,"H.No. 324
Prabhu Ganj",Raurkela Industrial Township,Arunachal Pradesh,544963,India,Office
8981,6643,"H.No. 746
Sarma Nagar",Katni,Gujarat,250358,India,Home
8982,6644,"61/941
Buch Nagar",Chittoor,Nagaland,228811,India,Home
8983,6645,"34, Saraf Ganj",Udupi,Haryana,589804,India,Home
8984,6646,"36, Chakrabarti Chowk",Salem,Arunachal Pradesh,158488,India,Office
8985,6646,"79
Grewal Marg",Gangtok,Andhra Pradesh,858786,India,Other
8986,6647,"15/46, Dhar Ganj",Malegaon,Tripura,884760,India,Office
8987,6647,"98/37
Pingle Road",Sagar,Madhya Pradesh,336828,India,Home
8988,6648,"H.No. 100
Golla Path",Chittoor,Jharkhand,418911,India,Home
8989,6649,"23/84
Salvi Nagar",Tiruchirappalli,Sikkim,359617,India,Home
8990,6650,"H.No. 36, Vala Ganj",Buxar,Chhattisgarh,221040,India,Home
8991,6651,"43/20
Sha Marg",Patna,Jharkhand,052970,India,Home
8992,6652,"85
Setty Circle",Jammu,Haryana,677047,India,Home
8993,6653,"83/68, Deol",Madanapalle,West Bengal,304764,India,Home
8994,6653,"H.No. 58
Jain Nagar",Satna,Kerala,373274,India,Home
8995,6654,"H.No. 61
Baral Street",Bhagalpur,Goa,944678,India,Home
8996,6655,"H.No. 028
Bansal Circle",Nellore,Uttarakhand,549164,India,Home
8997,6656,"H.No. 67, Sankaran Ganj",Gwalior,Gujarat,836306,India,Office
8998,6656,"H.No. 15, Bawa Nagar",Bihar Sharif,Assam,505691,India,Home
8999,6657,"13/60, Bir Circle",Yamunanagar,Chhattisgarh,301667,India,Home
9000,6657,"22/53, Prabhakar Nagar",Pondicherry,Chhattisgarh,058404,India,Office
9001,6658,"731
Sarin Chowk",Sambalpur,Uttar Pradesh,481118,India,Home
9002,6659,"058, Dua Nagar",Gudivada,Rajasthan,356035,India,Office
9003,6660,"25/59
Varghese Zila",Korba,Punjab,337716,India,Home
9004,6660,"751
Sibal Ganj",Vijayawada,Arunachal Pradesh,395384,India,Home
9005,6661,"H.No. 20
Balakrishnan Street",Mangalore,Punjab,348250,India,Home
9006,6662,"H.No. 658
Mohan Road",Sambhal,Andhra Pradesh,823733,India,Office
9007,6662,"H.No. 002, Tata Path",Shivpuri,Telangana,249632,India,Home
9008,6663,"36/349, Dewan Path",Kurnool,Uttarakhand,993672,India,Home
9009,6664,"69/57
Palan Street",Udupi,Rajasthan,266924,India,Home
9010,6665,"21/10, Chaudry Ganj",Narasaraopet,Rajasthan,088203,India,Office
9011,6666,"20/81
Kohli Marg",Asansol,Kerala,828108,India,Home
9012,6667,"36
Keer Marg",Hyderabad,Tamil Nadu,827349,India,Home
9013,6668,"11/120, Sur Street",Bathinda,Arunachal Pradesh,432813,India,Office
9014,6669,"80/72, Dayal Chowk",Malda,Gujarat,231676,India,Home
9015,6670,"691, Raval Chowk",Jhansi,Haryana,521243,India,Office
9016,6671,"49/193, Suri Road",Tezpur,Manipur,862387,India,Home
9017,6672,"H.No. 478
Tak Nagar",Kalyan-Dombivli,Odisha,263978,India,Office
9018,6672,"H.No. 660
Bahl",Narasaraopet,West Bengal,119816,India,Home
9019,6673,"H.No. 03, Thakur Road",Gangtok,Bihar,914370,India,Home
9020,6673,"H.No. 842
Swaminathan Marg",Tumkur,Sikkim,410229,India,Office
9021,6674,"H.No. 939
Kakar Chowk",Ramagundam,Tripura,736096,India,Home
9022,6674,"782
Tiwari",Mysore,Rajasthan,807653,India,Home
9023,6675,"H.No. 48
Ratta Zila",Guntakal,Gujarat,931855,India,Home
9024,6675,"114, Sinha Chowk",Jammu,Gujarat,575422,India,Home
9025,6676,"H.No. 28, Zacharia Circle",Nagaon,West Bengal,198333,India,Office
9026,6677,"29/97
Kanda",Karawal Nagar,Tripura,337690,India,Home
9027,6677,"86/604, Nazareth",Saharanpur,Mizoram,404317,India,Home
9028,6678,"20/938, Tripathi Road",Jehanabad,Jharkhand,095673,India,Home
9029,6679,"753
Dani Path",Dindigul,Himachal Pradesh,083164,India,Home
9030,6680,"40/87, Vala Road",Alwar,Punjab,359345,India,Home
9031,6680,"H.No. 15
Boase Zila",Muzaffarnagar,Meghalaya,573320,India,Home
9032,6681,"H.No. 343, Subramaniam Chowk",Fatehpur,Assam,578723,India,Home
9033,6682,"59/876, Kalla Road",Chittoor,Arunachal Pradesh,117027,India,Home
9034,6683,"H.No. 465, Patla Chowk",Kavali,Tamil Nadu,182655,India,Office
9035,6683,"79/46, Gopal Zila",Bhagalpur,Assam,530161,India,Other
9036,6684,"510, Nagarajan Chowk",Suryapet,Madhya Pradesh,458886,India,Home
9037,6684,"839, Chopra Circle",Motihari,Tamil Nadu,248348,India,Home
9038,6685,"03/05
Khosla Nagar",Narasaraopet,Punjab,508505,India,Office
9039,6686,"H.No. 95
Patel Circle",Begusarai,Punjab,811780,India,Office
9040,6687,"H.No. 71
Madan Marg",Singrauli,Maharashtra,301068,India,Home
9041,6687,"21/25, Palla Road",Tezpur,Gujarat,457014,India,Home
9042,6688,"55/492, Bhagat Ganj",Korba,Karnataka,559757,India,Office
9043,6689,"44/72
Srinivas Nagar",Buxar,Meghalaya,662156,India,Home
9044,6690,"154, Savant Path",Hazaribagh,Uttar Pradesh,025402,India,Office
9045,6690,"16/852, Bumb",Gaya,Goa,878230,India,Office
9046,6691,"37, Khalsa Path",Chandrapur,West Bengal,181077,India,Home
9047,6692,"83
Gade Road",Ahmedabad,Uttar Pradesh,654618,India,Office
9048,6693,"63/766, Gupta Chowk",Eluru,Gujarat,166266,India,Home
9049,6693,"515, Sant Nagar",Eluru,Telangana,333871,India,Home
9050,6694,"H.No. 51
Patla Marg",Hospet,Manipur,816233,India,Home
9051,6695,"H.No. 75
Pall Street",Bikaner,Mizoram,963438,India,Home
9052,6696,"H.No. 727, Ratta Path",South Dumdum,Rajasthan,722569,India,Home
9053,6696,"894, Verma Street",Shivpuri,Mizoram,900125,India,Home
9054,6697,"60/792, Gola Marg",Singrauli,Telangana,710201,India,Home
9055,6698,"93/491, Bahri Marg",Bhimavaram,Chhattisgarh,175263,India,Home
9056,6699,"07
Sengupta Ganj",Haridwar,Mizoram,286577,India,Home
9057,6700,"861, Bir Street",Miryalaguda,Tamil Nadu,698640,India,Other
9058,6701,"351, Master Ganj",Chandigarh,Arunachal Pradesh,301998,India,Home
9059,6702,"H.No. 125
Nagar Marg",Nagercoil,Jharkhand,117395,India,Home
9060,6703,"68, Pai Nagar",Kharagpur,Telangana,707126,India,Home
9061,6704,"281, Balakrishnan Path",Secunderabad,Uttar Pradesh,795017,India,Home
9062,6705,"907, Dayal Nagar",Sagar,Manipur,418164,India,Home
9063,6706,"41/621, Dhar",Phusro,Tamil Nadu,146980,India,Home
9064,6707,"H.No. 321, Hans Zila",Meerut,Gujarat,246778,India,Home
9065,6708,"H.No. 19, Chaudhary Zila",Proddatur,Andhra Pradesh,945596,India,Home
9066,6709,"483, Sarkar Road",Bhopal,Sikkim,344196,India,Home
9067,6710,"83/326
Tella Zila",Guntakal,Telangana,525104,India,Home
9068,6711,"068, Toor Street",Kozhikode,Maharashtra,894417,India,Home
9069,6711,"54/64, Kurian Ganj",Proddatur,Kerala,207311,India,Home
9070,6712,"H.No. 88
Chaudhry Nagar",Sri Ganganagar,Odisha,377062,India,Office
9071,6713,"031, Khare Ganj",Nashik,Nagaland,112887,India,Office
9072,6713,"H.No. 71, Sachar Nagar",Ambarnath,Odisha,400093,India,Home
9073,6714,"H.No. 965
Randhawa Ganj",Latur,Jharkhand,283018,India,Home
9074,6715,"50/77
Sabharwal Circle",Udaipur,Tamil Nadu,896914,India,Home
9075,6716,"H.No. 54
Gokhale Nagar",Jalna,Andhra Pradesh,981019,India,Home
9076,6717,"49/210, Singh Ganj",Kanpur,Sikkim,556333,India,Home
9077,6718,"H.No. 801
Yadav Path",Rajkot,Bihar,482020,India,Office
9078,6719,"H.No. 774, Chahal Ganj",Karawal Nagar,Kerala,530898,India,Office
9079,6719,"91/75, Sidhu Ganj",Pali,Gujarat,428758,India,Home
9080,6720,"H.No. 83
Dugar Nagar",Erode,Assam,133410,India,Home
9081,6720,"H.No. 95, Ramachandran Path",Madurai,Madhya Pradesh,732612,India,Home
9082,6721,"766, Sathe Chowk",Warangal,Gujarat,441230,India,Office
9083,6722,"53/18
Kalla Path",Naihati,Maharashtra,996465,India,Home
9084,6723,"62/73
Trivedi Zila",Akola,Uttar Pradesh,233709,India,Home
9085,6724,"H.No. 46
Gola Marg",Tezpur,Kerala,545813,India,Home
9086,6725,"34/485
Kamdar Marg",Sikar,Goa,505733,India,Home
9087,6725,"15, Kibe Path",Malda,Meghalaya,431599,India,Home
9088,6725,"89/574
Bhagat Circle",Pune,Gujarat,210365,India,Home
9089,6726,"05, Kari Circle",Bhind,Maharashtra,931104,India,Home
9090,6726,"14/579, Venkatesh Street",Farrukhabad,Odisha,971267,India,Home
9091,6727,"52, Sawhney Road",Dindigul,Mizoram,327448,India,Other
9092,6728,"10
Dubey Street",Guna,Uttarakhand,421333,India,Office
9093,6728,"H.No. 18
Khatri Chowk",Muzaffarnagar,Andhra Pradesh,202181,India,Home
9094,6729,"18, Tripathi",Nanded,Jharkhand,318212,India,Home
9095,6729,"H.No. 27, Brar Circle",Bellary,Chhattisgarh,358618,India,Office
9096,6730,"66/79, Tripathi",Malegaon,Punjab,328395,India,Home
9097,6731,"35, Gopal Nagar",Tumkur,Karnataka,948832,India,Home
9098,6732,"H.No. 520
Keer Circle",Nanded,Karnataka,534490,India,Home
9099,6733,"40/96, Goel Road",Bhimavaram,Chhattisgarh,783203,India,Home
9100,6734,"715
Vasa Marg",Jalgaon,Gujarat,166800,India,Home
9101,6734,"51, Walia Marg",Arrah,Maharashtra,144973,India,Home
9102,6734,"H.No. 613
Gade Circle",Proddatur,Manipur,873108,India,Home
9103,6735,"68/28, Ray Marg",Phagwara,Uttarakhand,067097,India,Home
9104,6736,"52/10
Babu Zila",Bhind,Uttar Pradesh,914286,India,Home
9105,6737,"42, Vohra Ganj",Amritsar,Manipur,472502,India,Home
9106,6737,"23, Wagle Nagar",Pimpri-Chinchwad,Karnataka,080872,India,Home
9107,6738,"59/355, Mishra Path",Kharagpur,Jharkhand,645700,India,Office
9108,6738,"H.No. 20, Taneja Path",Ujjain,Mizoram,777367,India,Office
9109,6739,"94/06, Mohan Nagar",Satna,Jharkhand,035962,India,Other
9110,6740,"55/039, Palla",Barasat,Bihar,944270,India,Home
9111,6740,"147, Wali Zila",Tezpur,Punjab,953841,India,Home
9112,6741,"16
Dara Path",Kottayam,Andhra Pradesh,682155,India,Home
9113,6742,"767, Savant Street",Gandhinagar,Punjab,000393,India,Home
9114,6743,"32/324, Nanda Ganj",Siliguri,Odisha,722940,India,Home
9115,6744,"48
Rege Circle",Sambalpur,Gujarat,364858,India,Other
9116,6744,"894, Thaman Nagar",Chapra,Haryana,926425,India,Home
9117,6745,"H.No. 914
Solanki Path",Nizamabad,Punjab,147618,India,Home
9118,6745,"H.No. 18, Walla Chowk",Nagpur,Rajasthan,228951,India,Home
9119,6746,"H.No. 040
Wable Road",Mira-Bhayandar,Uttar Pradesh,210637,India,Home
9120,6747,"69, Saraf Street",Mangalore,Assam,638626,India,Office
9121,6748,"95/780, Zacharia Zila",Bhilwara,West Bengal,667407,India,Home
9122,6749,"11/10
Gandhi Chowk",Jhansi,Goa,549450,India,Office
9123,6749,"H.No. 29, Goswami Street",Sasaram,Meghalaya,520890,India,Home
9124,6750,"48, Ranganathan Zila",Nizamabad,Haryana,857664,India,Home
9125,6751,"17/92, Tandon",Davanagere,Tamil Nadu,453793,India,Home
9126,6751,"19, Sura Marg",Khandwa,West Bengal,977750,India,Home
9127,6752,"66
Master",Rajkot,Tripura,550935,India,Home
9128,6753,"H.No. 033
Varghese Nagar",Kozhikode,West Bengal,937287,India,Home
9129,6753,"H.No. 03
Wason Circle",Madurai,Kerala,232838,India,Home
9130,6754,"93/525
Bail Road",Surat,Chhattisgarh,672166,India,Home
9131,6754,"510
Chandran Road",Khammam,Arunachal Pradesh,435677,India,Home
9132,6755,"99/854, Goswami Chowk",Rohtak,Haryana,214032,India,Home
9133,6755,"57/66, Bhargava Zila",Katni,Punjab,711364,India,Home
9134,6756,"95/562, Lad Circle",Kharagpur,Manipur,176274,India,Home
9135,6757,"82/194
Parekh Chowk",Lucknow,Tripura,910018,India,Home
9136,6757,"H.No. 967, Dhar Circle",Mira-Bhayandar,Haryana,911346,India,Home
9137,6757,"H.No. 16, Pingle Circle",Patna,Andhra Pradesh,645362,India,Home
9138,6758,"263, Chokshi Zila",Rampur,Sikkim,303955,India,Home
9139,6759,"64/17, Jayaraman Zila",Chandigarh,Meghalaya,083253,India,Office
9140,6760,"381, Khalsa Street",Kollam,Assam,213940,India,Home
9141,6761,"26/251, Basak Road",Ahmednagar,Arunachal Pradesh,191718,India,Home
9142,6762,"02, Date Zila",Jorhat,Himachal Pradesh,010925,India,Office
9143,6762,"95/05, Balan Nagar",Kishanganj,West Bengal,787426,India,Home
9144,6763,"75, Wali Road",Panvel,Meghalaya,814538,India,Home
9145,6764,"30/91
Dyal Circle",Anand,Odisha,228736,India,Office
9146,6764,"H.No. 229, Golla Street",Faridabad,Meghalaya,016639,India,Home
9147,6765,"95/48, Kar Street",Mumbai,Gujarat,498263,India,Home
9148,6766,"H.No. 38
Chad Zila",Madhyamgram,Maharashtra,525467,India,Home
9149,6766,"H.No. 64
Palan Street",Dehri,Madhya Pradesh,775951,India,Home
9150,6767,"776, Dhar",Nandyal,Odisha,712021,India,Home
9151,6768,"H.No. 930
Ahuja Road",Amritsar,Goa,661792,India,Office
9152,6769,"76/08
Srinivas Zila",Mangalore,Tripura,149276,India,Home
9153,6770,"H.No. 87
Sangha Circle",Yamunanagar,Punjab,326181,India,Home
9154,6771,"293, Mannan",Kurnool,Goa,156838,India,Other
9155,6771,"H.No. 667, Nagarajan Circle",Singrauli,Maharashtra,557158,India,Home
9156,6772,"93/34
Seth",Bardhaman,Punjab,454645,India,Home
9157,6773,"928
Kumer Path",Gwalior,Chhattisgarh,087886,India,Home
9158,6774,"65/862
Mander Street",Motihari,Rajasthan,887567,India,Home
9159,6775,"39
Pant Zila",Bhiwandi,Uttarakhand,642343,India,Home
9160,6776,"H.No. 967, Patil Circle",Avadi,Mizoram,148030,India,Office
9161,6777,"45, Guha Road",Ongole,Haryana,614241,India,Home
9162,6778,"H.No. 013
Kanda Chowk",Rohtak,West Bengal,338054,India,Home
9163,6779,"36/74
Malhotra Circle",Etawah,Arunachal Pradesh,285586,India,Home
9164,6779,"826
Mistry Road",Unnao,Meghalaya,603564,India,Home
9165,6780,"66/571, Sama Street",Siwan,Uttarakhand,045859,India,Home
9166,6781,"07
Mutti Ganj",Suryapet,Telangana,650256,India,Home
9167,6782,"34/993
Sastry Chowk",Panihati,Goa,981377,India,Home
9168,6783,"89
Pandit Road",Dehri,Sikkim,791621,India,Home
9169,6784,"819
Ganesan Marg",Bareilly,Uttar Pradesh,619561,India,Home
9170,6785,"18/945
Iyer Nagar",Darbhanga,Chhattisgarh,338815,India,Home
9171,6786,"22/77, Tank Circle",Bhopal,Karnataka,111405,India,Home
9172,6787,"689, Pandya Zila",Berhampore,West Bengal,420178,India,Home
9173,6787,"03, Sundaram Circle",Thoothukudi,West Bengal,021470,India,Home
9174,6788,"69/791
Nanda Zila",Mathura,Arunachal Pradesh,553208,India,Office
9175,6788,"793, Prakash Street",Udaipur,Madhya Pradesh,001583,India,Home
9176,6789,"046
Verma Ganj",Machilipatnam,Uttar Pradesh,027511,India,Home
9177,6790,"H.No. 49, Khurana Chowk",Moradabad,Maharashtra,670028,India,Office
9178,6791,"03, Maharaj Chowk",Ahmednagar,Gujarat,184352,India,Home
9179,6792,"11
Randhawa Chowk",Maheshtala,Himachal Pradesh,826388,India,Office
9180,6793,"H.No. 52
Shankar Zila",Aligarh,Himachal Pradesh,572433,India,Home
9181,6794,"11/00
Parsa Road",Panihati,Sikkim,086992,India,Other
9182,6795,"H.No. 27, Mittal Ganj",Ludhiana,Manipur,259652,India,Home
9183,6796,"24/45, Pradhan Nagar",Udupi,Jharkhand,002536,India,Home
9184,6797,"H.No. 74
Khurana Road",Tinsukia,Sikkim,545697,India,Office
9185,6798,"H.No. 46, Chawla Circle",Medininagar,Chhattisgarh,370693,India,Home
9186,6798,"02
Basu",Raebareli,Odisha,220576,India,Home
9187,6799,"275
Bahl Ganj",Hapur,Meghalaya,191821,India,Home
9188,6800,"H.No. 01, Barad Street",Pallavaram,Tamil Nadu,834987,India,Home
9189,6801,"H.No. 37, Dhaliwal Circle",Arrah,Odisha,358730,India,Home
9190,6802,"H.No. 606, Dube",Visakhapatnam,Telangana,726303,India,Office
9191,6803,"23/11, Shukla Zila",Hindupur,Sikkim,323317,India,Home
9192,6804,"H.No. 56, Lad Road",Bidhannagar,Mizoram,007152,India,Office
9193,6804,"H.No. 159
Saxena Ganj",Kirari Suleman Nagar,Nagaland,071259,India,Home
9194,6805,"H.No. 213, Om",Morena,Himachal Pradesh,635157,India,Home
9195,6806,"56/36
Sehgal Marg",Bhiwandi,Punjab,521748,India,Other
9196,6807,"15
Bakshi Street",Jamnagar,Telangana,712264,India,Office
9197,6808,"39/350
Chaudhary Street",Sambhal,Tripura,280540,India,Home
9198,6809,"06/751
Comar Path",Lucknow,Uttar Pradesh,957623,India,Office
9199,6810,"H.No. 094, Cherian Chowk",Dibrugarh,Tripura,256730,India,Office
9200,6811,"H.No. 967
Bhatti Street",Pune,Madhya Pradesh,080990,India,Office
9201,6811,"477, Pandit Ganj",Ramgarh,Andhra Pradesh,562993,India,Home
9202,6812,"H.No. 915, Pillai Nagar",Madhyamgram,Uttarakhand,230030,India,Other
9203,6813,"08
Thaman Road",Alwar,Punjab,087450,India,Home
9204,6814,"067
Patil Ganj",Hyderabad,Punjab,944261,India,Home
9205,6815,"130
Basu Ganj",Morbi,Meghalaya,801888,India,Office
9206,6816,"31/86
Bawa Chowk",Warangal,Karnataka,837499,India,Home
9207,6817,"27/55
Lall Ganj",Shimla,Sikkim,258900,India,Home
9208,6818,"182, Bhat",Ongole,Telangana,816190,India,Home
9209,6819,"73/789, Thakkar Road",Miryalaguda,Goa,781051,India,Home
9210,6820,"42/20
Rao Path",Dhanbad,Jharkhand,768839,India,Home
9211,6821,"02/80, Balasubramanian Ganj",Agra,Himachal Pradesh,229392,India,Home
9212,6822,"411
Devan Circle",Bellary,Himachal Pradesh,570061,India,Home
9213,6823,"58/02, Ahuja Marg",Belgaum,Himachal Pradesh,705219,India,Home
9214,6824,"69
Khalsa Circle",Ujjain,Mizoram,117574,India,Home
9215,6824,"604, Rama Street",Saharanpur,Jharkhand,377497,India,Home
9216,6824,"96/781, Palla Zila",Kavali,Tamil Nadu,915535,India,Home
9217,6825,"944, Mammen Road",Gudivada,Maharashtra,804717,India,Other
9218,6825,"439, Kata Nagar",Sasaram,Kerala,829782,India,Home
9219,6826,"91/891, Narang Ganj",Kamarhati,Tripura,464364,India,Home
9220,6827,"H.No. 79, Pal Ganj",Mirzapur,Assam,713816,India,Home
9221,6827,"42/48
Wadhwa Ganj",Secunderabad,Odisha,953033,India,Home
9222,6828,"14, Bhatnagar Chowk",Tirupati,Punjab,213891,India,Home
9223,6828,"97/461
Mody Road",Muzaffarpur,Maharashtra,928908,India,Home
9224,6828,"H.No. 147, Kari Nagar",Ichalkaranji,Karnataka,188633,India,Home
9225,6829,"57/47, Bhatti Street",Bhalswa Jahangir Pur,Sikkim,076088,India,Office
9226,6830,"61/688, Lalla Zila",Aurangabad,Madhya Pradesh,413730,India,Home
9227,6831,"239
Narayanan Ganj",Kolkata,Manipur,623411,India,Home
9228,6832,"949, Peri",Adoni,Goa,116388,India,Home
9229,6833,"H.No. 85, Naidu Circle",Medininagar,Chhattisgarh,327872,India,Office
9230,6834,"841, Jhaveri Chowk",Firozabad,Himachal Pradesh,172201,India,Home
9231,6835,"H.No. 56, Mann Zila",Nadiad,Meghalaya,759860,India,Office
9232,6835,"93/00
Hari Chowk",Kolhapur,Chhattisgarh,740280,India,Office
9233,6836,"24/20
Comar Nagar",Bhiwani,Meghalaya,395751,India,Home
9234,6836,"195
Oza",Ozhukarai,Himachal Pradesh,081606,India,Home
9235,6837,"78/86, Nori Path",Raiganj,Uttarakhand,734312,India,Home
9236,6837,"H.No. 073, Koshy",Guna,Telangana,506767,India,Home
9237,6838,"18
Lad Road",Hindupur,Tripura,656443,India,Office
9238,6838,"H.No. 726, Purohit",Jaipur,Manipur,605210,India,Home
9239,6839,"H.No. 784, Bhagat Chowk",Anand,Nagaland,673981,India,Home
9240,6840,"81
Raj Road",Eluru,Uttar Pradesh,696187,India,Other
9241,6840,"49/43
Kakar Path",Rajkot,Gujarat,638108,India,Home
9242,6840,"H.No. 34
Upadhyay",Hosur,Assam,217600,India,Home
9243,6841,"98, Bera Ganj",Imphal,Madhya Pradesh,023928,India,Other
9244,6842,"14/96, Sahota Chowk",Shivpuri,Uttar Pradesh,553831,India,Home
9245,6842,"548, Rana Road",Dehradun,Telangana,136281,India,Office
9246,6843,"15/931
Kadakia Marg",Tadepalligudem,Mizoram,761159,India,Other
9247,6843,"583
Tiwari Nagar",Madanapalle,Kerala,335049,India,Office
9248,6844,"H.No. 46, Sani Ganj",Dehri,Sikkim,258257,India,Home
9249,6844,"12/863, Sarna Street",Ballia,Rajasthan,850423,India,Home
9250,6845,"65/76
Mandal Street",Khandwa,Tamil Nadu,659093,India,Home
9251,6845,"02/819, Randhawa Nagar",Jhansi,Haryana,838696,India,Office
9252,6846,"49, Acharya Road",Arrah,Uttarakhand,832475,India,Home
9253,6847,"73/87, Agrawal Street",Nellore,Meghalaya,014436,India,Home
9254,6847,"35/641, Puri Road",Bokaro,Uttarakhand,868469,India,Home
9255,6848,"804, Pal Chowk",Kadapa,Himachal Pradesh,788674,India,Home
9256,6849,"66/435
Bandi Path",Medininagar,Meghalaya,835846,India,Home
9257,6850,"H.No. 36
Shetty Zila",Ambattur,Mizoram,249443,India,Home
9258,6850,"521
Walia Path",Naihati,Himachal Pradesh,216759,India,Home
9259,6851,"974, Mani Chowk",Bilaspur,Rajasthan,315808,India,Home
9260,6852,"88/51, Krishna Path",Panchkula,Telangana,902518,India,Office
9261,6853,"H.No. 697, Varty Ganj",Bidar,Odisha,258776,India,Home
9262,6853,"86/014
Chaudhari",Ahmedabad,Goa,907121,India,Home
9263,6854,"10, Kade Chowk",Tirunelveli,Gujarat,976944,India,Home
9264,6855,"78/75, Pai Path",Ambarnath,West Bengal,106760,India,Home
9265,6856,"91/239
Suri Zila",Bhind,Uttarakhand,077646,India,Office
9266,6857,"74
Taneja Nagar",Rohtak,Jharkhand,270876,India,Home
9267,6858,"H.No. 839
Chahal",Agartala,Uttarakhand,303176,India,Home
9268,6858,"02/283, Merchant Circle",Bettiah,Karnataka,343856,India,Home
9269,6859,"99/688, Jayaraman Marg",Bhusawal,Assam,530234,India,Home
9270,6859,"74
Sastry Chowk",Malegaon,Himachal Pradesh,069717,India,Home
9271,6860,"12/37, Dalal Ganj",Amravati,West Bengal,054831,India,Office
9272,6861,"977, Vora Circle",Dindigul,Tamil Nadu,963389,India,Office
9273,6862,"53/83
Khanna Path",Rajkot,Tripura,407610,India,Home
9274,6863,"932
Sawhney Circle",Jaipur,Uttarakhand,343533,India,Home
9275,6864,"056, Rastogi Circle",Pali,Tripura,450811,India,Home
9276,6864,"759
Dave Chowk",Dehri,Assam,033441,India,Office
9277,6865,"H.No. 748
Karan Marg",Bhind,Chhattisgarh,035322,India,Home
9278,6865,"H.No. 23, Kapoor Nagar",Aurangabad,Goa,374524,India,Home
9279,6866,"003, Mann",Ichalkaranji,Telangana,575572,India,Office
9280,6867,"997, Chatterjee Chowk",Panvel,Uttar Pradesh,570072,India,Home
9281,6868,"H.No. 31, Tara Circle",Bhilai,Uttarakhand,367083,India,Office
9282,6869,"94
Maharaj Road",Gwalior,Manipur,104205,India,Home
9283,6870,"33/435, Bhatt Marg",Sri Ganganagar,West Bengal,160629,India,Home
9284,6871,"08/851, Tank",Burhanpur,Gujarat,026219,India,Office
9285,6872,"07
Wali Chowk",Allahabad,Arunachal Pradesh,024429,India,Office
9286,6873,"58/25
Agate Ganj",Madurai,Jharkhand,683034,India,Home
9287,6874,"86/556
Thaker Road",Mirzapur,Odisha,350314,India,Home
9288,6875,"09/833, Chaudry Path",Kanpur,Assam,050467,India,Office
9289,6875,"42, Kaur",Amravati,Rajasthan,016837,India,Home
9290,6876,"00/31, Rama Road",Eluru,Chhattisgarh,093956,India,Home
9291,6877,"H.No. 92
Karnik Road",Amritsar,Himachal Pradesh,119563,India,Home
9292,6878,"26
Bhargava Path",Moradabad,Maharashtra,029378,India,Home
9293,6879,"79/80, Pandya Nagar",Durgapur,Maharashtra,397462,India,Home
9294,6880,"99/52
Bera Ganj",Purnia,Meghalaya,467578,India,Home
9295,6881,"H.No. 89, Sant Ganj",Erode,Bihar,227732,India,Home
9296,6882,"09/67, Mani Street",Panvel,Uttar Pradesh,520781,India,Home
9297,6883,"H.No. 533, Gupta Nagar",Bhusawal,Tamil Nadu,154724,India,Home
9298,6883,"40, Dora",Gurgaon,Rajasthan,877639,India,Office
9299,6883,"982
Rastogi Zila",Ambarnath,Goa,720337,India,Office
9300,6884,"H.No. 410
Srinivasan Nagar",Tirunelveli,Himachal Pradesh,101504,India,Home
9301,6885,"79/665
Bera Chowk",Satara,Nagaland,225128,India,Home
9302,6886,"H.No. 465
Dave Nagar",Thane,Nagaland,643130,India,Office
9303,6887,"H.No. 075
Raju Ganj",Tiruvottiyur,Haryana,909565,India,Home
9304,6888,"H.No. 29, Tata Circle",Khandwa,Himachal Pradesh,476338,India,Home
9305,6889,"55/22
Walia",Ongole,Nagaland,225331,India,Office
9306,6890,"H.No. 24
Dave Street",Faridabad,Punjab,846501,India,Home
9307,6891,"72/725, Wason",Bhimavaram,Madhya Pradesh,294232,India,Other
9308,6892,"65, Ganesan Chowk",Hapur,Himachal Pradesh,260778,India,Home
9309,6892,"25
Ramaswamy Path",Uluberia,Uttar Pradesh,760654,India,Home
9310,6893,"29/74, Lanka Street",Mathura,Rajasthan,004452,India,Home
9311,6894,"69
Prakash Road",Patna,Jharkhand,949855,India,Home
9312,6895,"H.No. 227, Sachdev Marg",Shimoga,Meghalaya,289415,India,Office
9313,6896,"57
Dada",Kadapa,Bihar,780950,India,Office
9314,6897,"85, Sekhon",Khandwa,Punjab,475496,India,Home
9315,6897,"29/888
Badal Circle",Jalgaon,Meghalaya,000259,India,Office
9316,6898,"27
Gera Street",Jodhpur,Arunachal Pradesh,704046,India,Office
9317,6899,"H.No. 457
Hora",Morena,Telangana,717851,India,Office
9318,6899,"H.No. 406
Seth Zila",Chandrapur,Chhattisgarh,487273,India,Home
9319,6899,"25/247
Wali Ganj",Katni,Punjab,384515,India,Home
9320,6900,"99/583, Rajagopal Nagar",Bhalswa Jahangir Pur,Himachal Pradesh,256136,India,Home
9321,6901,"71
Naik Path",Gangtok,Andhra Pradesh,902233,India,Home
9322,6901,"21, Mane",Berhampore,Haryana,421473,India,Other
9323,6902,"463, Golla Zila",Bhilai,Nagaland,395705,India,Home
9324,6903,"71/32, Devi Ganj",Ichalkaranji,Maharashtra,600513,India,Home
9325,6904,"H.No. 56, Shere Chowk",Navi Mumbai,Sikkim,322975,India,Office
9326,6905,"06/255, Behl Circle",Thrissur,Maharashtra,772059,India,Home
9327,6906,"H.No. 142, Manne Path",Ongole,Rajasthan,002715,India,Home
9328,6906,"H.No. 906, Kade",Satna,Bihar,903568,India,Home
9329,6907,"93
Bandi Road",Bikaner,Manipur,998537,India,Home
9330,6908,"H.No. 301
Khatri Road",Bareilly,Rajasthan,970076,India,Home
9331,6909,"H.No. 70, Yohannan Street",Bhilai,Meghalaya,169886,India,Home
9332,6910,"97/09
Sem Nagar",Bareilly,Telangana,577766,India,Home
9333,6911,"06, Mangal Zila",Bhalswa Jahangir Pur,Gujarat,695381,India,Home
9334,6912,"H.No. 00
Mittal",Khandwa,Madhya Pradesh,845316,India,Office
9335,6913,"H.No. 823
Brahmbhatt Nagar",Ozhukarai,Bihar,207829,India,Office
9336,6914,"67/39, Desai Path",Bhiwandi,Kerala,863940,India,Office
9337,6914,"64/27, Karpe Path",Bulandshahr,Assam,508314,India,Home
9338,6915,"431
Munshi Path",Kirari Suleman Nagar,Meghalaya,249981,India,Home
9339,6916,"396, Khosla Ganj",Serampore,Arunachal Pradesh,256726,India,Home
9340,6916,"07, Randhawa Zila",Dhanbad,Sikkim,451287,India,Home
9341,6917,"633
Nadkarni Marg",Thanjavur,Madhya Pradesh,639229,India,Home
9342,6917,"58, Sami Chowk",Raipur,Punjab,599724,India,Office
9343,6917,"H.No. 943, Vala Marg",Thoothukudi,Haryana,813009,India,Home
9344,6918,"88
Sagar Marg",Mehsana,Bihar,722090,India,Home
9345,6919,"01/651, Vasa Nagar",Bettiah,Himachal Pradesh,816982,India,Home
9346,6920,"H.No. 750
Mallick Marg",Kurnool,Odisha,594060,India,Other
9347,6921,"19, Nagarajan Marg",Tiruvottiyur,Meghalaya,792772,India,Office
9348,6921,"92
Sarna Marg",Loni,Manipur,046594,India,Home
9349,6922,"03/96
Arya Road",Muzaffarnagar,Andhra Pradesh,656385,India,Home
9350,6922,"92
Bava Street",Bulandshahr,Telangana,087713,India,Office
9351,6923,"513
Tara Ganj",Ulhasnagar,Andhra Pradesh,226262,India,Home
9352,6924,"82
Mangal Chowk",Bhatpara,Rajasthan,722155,India,Office
9353,6925,"359, Sandhu Zila",Kochi,Sikkim,439216,India,Other
9354,6926,"H.No. 24
Magar Circle",Fatehpur,Tamil Nadu,893128,India,Home
9355,6927,"47/83, Bera Nagar",Rajpur Sonarpur,Uttar Pradesh,248371,India,Office
9356,6928,"H.No. 17
Vohra Nagar",Bokaro,Gujarat,611730,India,Home
9357,6929,"H.No. 05
Keer Street",Meerut,Haryana,730332,India,Home
9358,6929,"14, Borde Circle",Ballia,Tamil Nadu,659043,India,Home
9359,6930,"H.No. 23, Gala Path",Sasaram,Himachal Pradesh,098104,India,Home
9360,6931,"23
Konda Marg",Nangloi Jat,Andhra Pradesh,702887,India,Home
9361,6932,"862, Yohannan",Bardhaman,Goa,563353,India,Home
9362,6933,"12/808, More Path",Allahabad,Manipur,201690,India,Home
9363,6934,"13/058
Nagy Zila",Tadepalligudem,Manipur,618368,India,Home
9364,6935,"03/966, Mohan Ganj",Patiala,Tamil Nadu,632191,India,Home
9365,6936,"H.No. 58, Devan Circle",Dehri,Punjab,455435,India,Home
9366,6937,"82, Tara Marg",Phusro,Goa,178486,India,Home
9367,6938,"54/808, Cherian Ganj",Guntakal,Meghalaya,915388,India,Home
9368,6939,"382, Uppal Circle",Chittoor,Arunachal Pradesh,012553,India,Office
9369,6940,"19/578
Chawla Circle",Ranchi,Uttarakhand,024007,India,Office
9370,6941,"90, Dhaliwal Ganj",Belgaum,Uttarakhand,170027,India,Home
9371,6941,"H.No. 695
Nigam Circle",Farrukhabad,Madhya Pradesh,448085,India,Home
9372,6942,"18/078, Tripathi Path",Ozhukarai,Rajasthan,159718,India,Home
9373,6943,"13/729
Sinha",Pimpri-Chinchwad,Uttar Pradesh,010683,India,Home
9374,6944,"H.No. 03
Saraf Path",Bhatpara,Sikkim,431270,India,Home
9375,6945,"04/804, Sachdeva Path",Bhind,Uttarakhand,994297,India,Home
9376,6946,"H.No. 78
Patel Street",Amritsar,Jharkhand,499875,India,Home
9377,6947,"H.No. 472, Tiwari Zila",Bokaro,Bihar,347251,India,Home
9378,6948,"H.No. 313, Sahni Circle",Ranchi,Uttar Pradesh,346363,India,Home
9379,6949,"39/966
Lalla Nagar",Latur,West Bengal,258591,India,Home
9380,6950,"35/09, Mannan Circle",Allahabad,Maharashtra,971298,India,Home
9381,6951,"00/497, Bath Nagar",Bangalore,Arunachal Pradesh,936565,India,Office
9382,6952,"H.No. 681
Madan Road",Alappuzha,Assam,577538,India,Home
9383,6952,"H.No. 571, Pal Circle",Vijayawada,Odisha,039068,India,Home
9384,6953,"H.No. 24
Gara Path",Alappuzha,West Bengal,646531,India,Home
9385,6954,"H.No. 074
Roy Circle",Delhi,Karnataka,461053,India,Office
9386,6955,"65, Ram Road",Nanded,Manipur,510806,India,Home
9387,6956,"721, Pandya Circle",Dhule,Nagaland,036361,India,Home
9388,6956,"07/305, Swamy Ganj",Bhusawal,Telangana,726038,India,Home
9389,6957,"38, Garg Road",Dhule,Chhattisgarh,735186,India,Office
9390,6958,"34, Contractor Marg",Bhubaneswar,Madhya Pradesh,948280,India,Office
9391,6959,"38, Varughese Nagar",Kottayam,Rajasthan,382887,India,Office
9392,6960,"79/55
Brahmbhatt",Kolkata,Tripura,200371,India,Home
9393,6961,"H.No. 37
Shanker",Loni,Punjab,169104,India,Office
9394,6962,"46/24, Ganguly",Shimla,Manipur,298522,India,Home
9395,6962,"74/54
Issac",Farrukhabad,Karnataka,767874,India,Home
9396,6963,"H.No. 30, Suresh Chowk",Kottayam,Odisha,876671,India,Home
9397,6963,"H.No. 549, Sidhu Road",Bhatpara,Mizoram,559283,India,Office
9398,6964,"44/85
Barman Street",Katihar,Telangana,443162,India,Office
9399,6964,"567, Balay Circle",Sasaram,Tripura,723459,India,Office
9400,6965,"868
Kalita Ganj",Bidhannagar,West Bengal,494502,India,Home
9401,6966,"H.No. 314
Talwar Street",Indore,Himachal Pradesh,005104,India,Home
9402,6966,"12/448
Sawhney Zila",Khandwa,Meghalaya,216783,India,Home
9403,6967,"373, Dara Circle",Patna,Karnataka,771895,India,Home
9404,6968,"H.No. 07
Ramanathan Ganj",Mirzapur,Karnataka,299578,India,Home
9405,6969,"H.No. 187, Rege Road",Alappuzha,Uttar Pradesh,014202,India,Home
9406,6970,"60/622, Balakrishnan Road",Sultan Pur Majra,Haryana,939794,India,Home
9407,6971,"18/76
Reddy Street",Agartala,Nagaland,937915,India,Home
9408,6972,"286, Deol Street",Narasaraopet,Sikkim,171398,India,Office
9409,6972,"77/402
Chand Chowk",Kumbakonam,Rajasthan,391055,India,Home
9410,6972,"94/38
Bakshi Circle",Srikakulam,Bihar,923670,India,Office
9411,6973,"H.No. 112
Sant Zila",Madurai,Uttarakhand,058424,India,Home
9412,6974,"H.No. 15, Natt Street",Junagadh,Karnataka,080979,India,Office
9413,6975,"62
Ghosh Marg",Srikakulam,Uttar Pradesh,392595,India,Home
9414,6976,"77, Suri Marg",Noida,Assam,861094,India,Home
9415,6977,"17/58
Dass Marg",Dewas,Mizoram,000228,India,Home
9416,6977,"20/45, Swamy Chowk",Latur,Tripura,211678,India,Home
9417,6978,"H.No. 579
Sule Street",Bhilwara,Jharkhand,243450,India,Home
9418,6978,"H.No. 956, Boase Circle",Hazaribagh,Telangana,807892,India,Other
9419,6978,"67/203
Shenoy Marg",Chennai,Bihar,550728,India,Home
9420,6979,"H.No. 452
Ramesh Street",Thrissur,Tamil Nadu,189190,India,Home
9421,6980,"254, Rau Road",Bettiah,Madhya Pradesh,932485,India,Office
9422,6981,"45
Wali Marg",Saharanpur,Karnataka,069082,India,Home
9423,6981,"H.No. 53, Choudhury Street",Panchkula,Himachal Pradesh,394742,India,Home
9424,6981,"71
Sandal Chowk",Morbi,Haryana,077423,India,Home
9425,6982,"42/378
Cheema Road",Thrissur,Andhra Pradesh,566937,India,Home
9426,6983,"H.No. 38
Dugar",Tirupati,Goa,485852,India,Home
9427,6983,"64/64, Baral Road",Mumbai,Tamil Nadu,822303,India,Office
9428,6983,"44/320, Kuruvilla Circle",Firozabad,Goa,156594,India,Home
9429,6984,"071
Tripathi Ganj",Kochi,West Bengal,307644,India,Office
9430,6985,"H.No. 072
Cheema Ganj",Madanapalle,Sikkim,949267,India,Office
9431,6986,"97/300, Radhakrishnan Street",Tadepalligudem,Assam,125328,India,Office
9432,6987,"H.No. 12
Vohra Ganj",Phusro,Arunachal Pradesh,390198,India,Other
9433,6988,"875
Mall Street",Sagar,Punjab,878456,India,Home
9434,6989,"558, Dara Nagar",Karaikudi,Andhra Pradesh,327064,India,Office
9435,6990,"94/303
Chad",Surat,Sikkim,024721,India,Home
9436,6991,"H.No. 01
Balan Road",Etawah,Arunachal Pradesh,177473,India,Home
9437,6991,"278
Khare Street",Bhiwani,Punjab,963303,India,Home
9438,6992,"35/10
Bhasin Path",Firozabad,Nagaland,054824,India,Office
9439,6993,"74/18
Sathe Zila",Faridabad,Madhya Pradesh,761032,India,Home
9440,6994,"53/472, Majumdar Path",Panchkula,Assam,564681,India,Home
9441,6995,"24
Talwar Circle",Bhind,Manipur,372393,India,Office
9442,6996,"877
Varkey",Bahraich,Jharkhand,867137,India,Home
9443,6997,"10/04, Prabhu",Srikakulam,Nagaland,313126,India,Home
9444,6997,"68/06, Muni Street",Jaipur,Uttarakhand,970127,India,Home
9445,6997,"75/428, Krishnan Circle",Ajmer,Meghalaya,317370,India,Home
9446,6998,"57/883
Mani Path",Ambarnath,Mizoram,903504,India,Home
9447,6999,"H.No. 655
Badami Zila",Ahmedabad,Odisha,093853,India,Home
9448,7000,"H.No. 407, Sachdev Chowk",Khora ,Meghalaya,895360,India,Home
9449,7000,"56/748, Parmar Marg",Tadipatri,Uttar Pradesh,404960,India,Office
9450,7001,"14/102
Hans Nagar",Parbhani,Rajasthan,930850,India,Office
9451,7002,"H.No. 61, Ramesh Zila",Jhansi,Sikkim,347089,India,Home
9452,7002,"20/077
Bala Ganj",Tumkur,Tamil Nadu,684502,India,Home
9453,7002,"H.No. 285
Sankar Street",Agartala,Himachal Pradesh,582057,India,Home
9454,7003,"69/294
Wagle Street",Nashik,Gujarat,126950,India,Home
9455,7004,"25/36
Banik Ganj",Karawal Nagar,Meghalaya,218749,India,Home
9456,7005,"H.No. 716
Kapur Circle",Bhatpara,Meghalaya,384492,India,Home
9457,7006,"86/349
Iyengar Path",Panipat,Haryana,588749,India,Home
9458,7006,"48/396
Madan Road",Tirupati,Mizoram,707960,India,Office
9459,7007,"270, Vasa Zila",Mathura,Chhattisgarh,748103,India,Home
9460,7008,"456
Goel Nagar",Shahjahanpur,Chhattisgarh,885156,India,Office
9461,7009,"82/50, Natarajan Marg",Secunderabad,Odisha,879241,India,Home
9462,7010,"746, Kapur Circle",Mathura,Goa,038155,India,Home
9463,7010,"26
Mahajan Path",Sonipat,Madhya Pradesh,215578,India,Home
9464,7010,"H.No. 36
Rajagopalan Zila",Farrukhabad,Bihar,255501,India,Office
9465,7011,"81/642, Bhakta Zila",Meerut,Arunachal Pradesh,186669,India,Home
9466,7012,"H.No. 84
Gaba Nagar",Bhubaneswar,Mizoram,382371,India,Office
9467,7012,"H.No. 89, Choudhary Circle",Baranagar,Mizoram,342617,India,Home
9468,7013,"868
Bawa Zila",Tezpur,Andhra Pradesh,593860,India,Home
9469,7014,"61
Salvi Street",Nizamabad,Bihar,912690,India,Home
9470,7014,"48, Dey Zila",Aizawl,Odisha,951154,India,Home
9471,7015,"944
Sem Circle",Maheshtala,Karnataka,689659,India,Home
9472,7015,"51, Prasad Chowk",Surat,Himachal Pradesh,539862,India,Home
9473,7016,"43/346, Bhatia Zila",Patiala,Assam,154295,India,Home
9474,7017,"H.No. 01, Modi",Erode,Uttar Pradesh,242813,India,Home
9475,7018,"H.No. 33
Grover Chowk",Bokaro,Chhattisgarh,704213,India,Home
9476,7019,"23, Hayer Zila",Mirzapur,Maharashtra,721481,India,Home
9477,7019,"437, Vala Nagar",Silchar,Haryana,495260,India,Home
9478,7020,"H.No. 431, Dhawan Nagar",Surat,Tripura,029734,India,Home
9479,7021,"91/455
Pradhan Chowk",Shimla,Mizoram,950160,India,Home
9480,7022,"H.No. 440
Srinivas Zila",Bokaro,Rajasthan,212039,India,Home
9481,7023,"H.No. 53, Varty Nagar",Ahmedabad,Assam,362100,India,Home
9482,7023,"94/80
Sehgal Circle",Karawal Nagar,Odisha,237689,India,Home
9483,7024,"H.No. 462, Kashyap Nagar",Haridwar,Tripura,335100,India,Home
9484,7025,"47/855
Batta Street",Morena,Chhattisgarh,168862,India,Home
9485,7026,"50, Misra Marg",Bhiwani,Punjab,614674,India,Office
9486,7026,"00, Reddy Circle",Sambalpur,Mizoram,746817,India,Home
9487,7027,"H.No. 491
Parikh",Pondicherry,Manipur,544008,India,Office
9488,7027,"15/57, Vasa Ganj",Sri Ganganagar,Kerala,737288,India,Office
9489,7028,"277, Bhatnagar Street",Proddatur,Odisha,677964,India,Home
9490,7028,"59
Bhardwaj Road",Meerut,Nagaland,813317,India,Home
9491,7029,"004
Dayal Chowk",Nellore,Odisha,988493,India,Home
9492,7030,"69/67
Rana Path",Rajkot,Karnataka,513554,India,Office
9493,7031,"68
Aurora",Udaipur,Tripura,646139,India,Home
9494,7031,"65/953, Swamy Nagar",Patiala,Uttar Pradesh,266097,India,Home
9495,7032,"H.No. 06, Kant",Ambattur,Goa,136440,India,Office
9496,7033,"H.No. 39, Deep Circle",Kirari Suleman Nagar,Bihar,924859,India,Home
9497,7033,"940, Wable Street",Nadiad,Punjab,728116,India,Home
9498,7033,"86, Toor Path",Thiruvananthapuram,Tamil Nadu,814832,India,Office
9499,7034,"65/796
Thakkar Street",Sri Ganganagar,Jharkhand,659547,India,Home
9500,7035,"55/086
Sarkar Street",Tirupati,Uttar Pradesh,448502,India,Home
9501,7036,"H.No. 45, Kar Nagar",Kishanganj,Odisha,331971,India,Home
9502,7037,"H.No. 10, Sanghvi Circle",Kurnool,Haryana,574828,India,Home
9503,7037,"H.No. 055, Kuruvilla Road",Karawal Nagar,Bihar,147426,India,Home
9504,7038,"60/800
Chakraborty",Ongole,Goa,648136,India,Office
9505,7039,"02
Modi Path",Pune,Himachal Pradesh,012777,India,Home
9506,7039,"963
Buch Chowk",Cuttack,Odisha,972473,India,Home
9507,7040,"18/407
Datta Chowk",Morena,Tripura,184605,India,Home
9508,7041,"35
Mallick Chowk",Guwahati,Tripura,268886,India,Home
9509,7042,"69/12
Majumdar Ganj",Lucknow,Bihar,214486,India,Office
9510,7043,"H.No. 837
Luthra Nagar",Patna,Jharkhand,516804,India,Office
9511,7043,"989
Ray",Bhilai,Arunachal Pradesh,663301,India,Home
9512,7044,"H.No. 199
Mohanty Road",Kochi,Jharkhand,617221,India,Home
9513,7045,"81/018
Krish Circle",Chinsurah,Mizoram,773960,India,Home
9514,7046,"H.No. 222, Chakraborty Circle",Phagwara,Rajasthan,375716,India,Home
9515,7046,"123, Kata Marg",Rajpur Sonarpur,Odisha,949949,India,Home
9516,7047,"824, Walla Circle",Rourkela,Manipur,295866,India,Home
9517,7047,"40/067, Sampath",Ratlam,Mizoram,243998,India,Home
9518,7047,"85/14, Dhar Chowk",Machilipatnam,Haryana,298583,India,Home
9519,7048,"99/654
Mittal Chowk",Vijayanagaram,Chhattisgarh,800168,India,Home
9520,7049,"67/45
Gole Path",Bhalswa Jahangir Pur,Sikkim,152723,India,Home
9521,7050,"429
De Road",Parbhani,Andhra Pradesh,397613,India,Home
9522,7051,"78/25
Gola Road",Farrukhabad,Chhattisgarh,628265,India,Home
9523,7052,"53/65, Buch Nagar",Ahmednagar,Rajasthan,790194,India,Home
9524,7053,"H.No. 88, Butala Ganj",Srikakulam,Uttar Pradesh,623110,India,Home
9525,7054,"H.No. 52
Patla Zila",Junagadh,Kerala,076799,India,Office
9526,7055,"55/93
Goda Ganj",Pali,Tamil Nadu,799365,India,Home
9527,7055,"13/797
Soni Marg",Kanpur,Sikkim,418519,India,Home
9528,7056,"80/26, Agarwal Nagar",Kurnool,Goa,574591,India,Home
9529,7057,"45/49
Sanghvi Zila",Ahmednagar,Himachal Pradesh,217742,India,Home
9530,7058,"H.No. 55
Venkatesh Marg",Agartala,Nagaland,803450,India,Other
9531,7058,"57/336
Sawhney Chowk",Narasaraopet,Odisha,339495,India,Home
9532,7058,"07/926, Cherian Nagar",Karawal Nagar,Chhattisgarh,398013,India,Home
9533,7059,"H.No. 115
Gade Zila",Solapur,Maharashtra,613447,India,Office
9534,7060,"15/064
Seshadri Nagar",Kota,Karnataka,547952,India,Home
9535,7060,"10/171
Chauhan Nagar",South Dumdum,Karnataka,413601,India,Other
9536,7061,"56/927
Lata Marg",Varanasi,Telangana,340509,India,Home
9537,7062,"61
Sahota Nagar",Maheshtala,Tripura,079609,India,Home
9538,7063,"73, Issac Nagar",Kurnool,Sikkim,424959,India,Home
9539,7063,"38/358, Roy Nagar",Aizawl,Rajasthan,523447,India,Home
9540,7064,"40/31
Peri Chowk",Akola,Tripura,692189,India,Home
9541,7064,"H.No. 504
Mohan Ganj",Hyderabad,Tripura,559024,India,Home
9542,7065,"43/45
Choudhary Chowk",Sasaram,Kerala,949399,India,Home
9543,7065,"H.No. 967
Jha",Aizawl,Telangana,735884,India,Home
9544,7066,"H.No. 07
Sankaran Ganj",Jalgaon,Karnataka,548946,India,Home
9545,7067,"03/566
Raghavan",Mehsana,Assam,336767,India,Office
9546,7068,"42
Narula Street",Korba,Uttarakhand,577453,India,Home
9547,7069,"86
Verma Road",Vijayawada,Odisha,914135,India,Home
9548,7070,"57, Bansal",Alappuzha,Andhra Pradesh,619457,India,Home
9549,7070,"H.No. 079
Pillai Zila",Tadipatri,Tamil Nadu,585381,India,Home
9550,7071,"H.No. 277
Din",Bathinda,Manipur,598108,India,Home
9551,7072,"88/789
Shukla Circle",Anand,Kerala,896374,India,Home
9552,7073,"H.No. 16
Bumb",Dehradun,Karnataka,543606,India,Home
9553,7073,"19, Kale Circle",Etawah,Kerala,068436,India,Office
9554,7074,"H.No. 691
Sur Nagar",Unnao,Uttar Pradesh,559223,India,Home
9555,7075,"518
Choudhry Chowk",Madurai,Tamil Nadu,656870,India,Home
9556,7075,"H.No. 306
Bakshi Circle",Jalgaon,Assam,057600,India,Home
9557,7076,"50/08
Edwin Road",Vijayanagaram,Nagaland,232600,India,Home
9558,7077,"98/10
Mand Chowk",Shahjahanpur,West Bengal,324449,India,Home
9559,7078,"43/35, Rai Chowk",Kolhapur,Gujarat,943186,India,Office
9560,7079,"21
Manda Road",Madanapalle,Uttarakhand,244962,India,Home
9561,7079,"H.No. 96
Natt Street",Tiruppur,Punjab,576278,India,Home
9562,7080,"H.No. 37
Nair Circle",Amritsar,Tripura,588602,India,Office
9563,7081,"02/297, Ramanathan Path",Kolhapur,Odisha,530126,India,Office
9564,7082,"H.No. 35, Choudhry Marg",Tirupati,Kerala,378601,India,Home
9565,7082,"42
Walla Ganj",Bikaner,Sikkim,991813,India,Home
9566,7083,"01/02, Prabhu Nagar",Chittoor,Karnataka,253063,India,Home
9567,7083,"H.No. 856, Pandey Marg",Burhanpur,Mizoram,207781,India,Office
9568,7084,"H.No. 08
Muni",Sambalpur,Madhya Pradesh,903811,India,Home
9569,7085,"H.No. 943
Kakar Ganj",Ongole,Goa,281796,India,Office
9570,7086,"70
Mohanty Nagar",Avadi,Arunachal Pradesh,185859,India,Other
9571,7086,"002
Mannan Street",Haridwar,Madhya Pradesh,693653,India,Home
9572,7087,"H.No. 94
Chacko Path",Jhansi,Maharashtra,417645,India,Home
9573,7088,"H.No. 650
Venkataraman Road",Jammu,Arunachal Pradesh,869126,India,Home
9574,7089,"61/428
Sathe Street",Bongaigaon,Nagaland,329038,India,Other
9575,7090,"11/540
Devan Marg",Machilipatnam,Karnataka,526529,India,Home
9576,7091,"08, Tank",Rourkela,Haryana,767090,India,Home
9577,7092,"19/179, Mukherjee Circle",Kozhikode,Tripura,615703,India,Office
9578,7093,"08
Lad Street",Tiruppur,Maharashtra,829347,India,Home
9579,7094,"H.No. 898
Bora Marg",Ichalkaranji,Chhattisgarh,586883,India,Office
9580,7095,"H.No. 426
Nagarajan Marg",Bidhannagar,West Bengal,337069,India,Home
9581,7095,"H.No. 38, Dutta Road",Hajipur,Madhya Pradesh,698519,India,Home
9582,7095,"56/57
Bansal Zila",Raurkela Industrial Township,Jharkhand,635495,India,Office
9583,7096,"88/73
Sarkar Street",Chittoor,Nagaland,344550,India,Home
9584,7097,"H.No. 24, Varghese Circle",Aurangabad,Himachal Pradesh,132285,India,Office
9585,7098,"598
Sarin Road",Giridih,Rajasthan,697270,India,Office
9586,7099,"475, Kanda Zila",Bhilwara,Arunachal Pradesh,070372,India,Home
9587,7100,"98/15, Sunder",Kochi,Punjab,348561,India,Office
9588,7101,"789
Ramesh",Nanded,Bihar,054882,India,Home
9589,7101,"02, Issac Street",Nangloi Jat,Madhya Pradesh,186620,India,Home
9590,7102,"979, Madan Ganj",Burhanpur,Uttar Pradesh,010953,India,Home
9591,7103,"28, Jhaveri Path",Mirzapur,Rajasthan,930336,India,Home
9592,7104,"088, Varma",Mangalore,Mizoram,754047,India,Home
9593,7105,"57, Guha Zila",Raiganj,Jharkhand,386759,India,Office
9594,7106,"063, Balan Road",Sirsa,Rajasthan,683571,India,Home
9595,7107,"H.No. 763
Chada Chowk",Narasaraopet,Punjab,658121,India,Home
9596,7108,"H.No. 719, Virk Chowk",Gandhidham,Andhra Pradesh,196422,India,Home
9597,7109,"H.No. 172, Sandhu Circle",Jammu,Tripura,759041,India,Home
9598,7110,"14
Rai Marg",Barasat,Haryana,412032,India,Office
9599,7111,"840
Barad Road",Mira-Bhayandar,Punjab,820238,India,Home
9600,7112,"55, Pradhan Zila",Karnal,Manipur,480726,India,Home
9601,7112,"H.No. 779, Puri Marg",Varanasi,Rajasthan,977414,India,Home
9602,7113,"H.No. 89
Nagi",Dindigul,Meghalaya,662999,India,Home
9603,7113,"H.No. 65, Pradhan",Ambarnath,West Bengal,146792,India,Office
9604,7114,"H.No. 488
Prakash Nagar",Kadapa,Nagaland,700036,India,Home
9605,7115,"125, Upadhyay",Chinsurah,Tripura,051116,India,Office
9606,7116,"87/28, Murthy Nagar",Ballia,Uttarakhand,020491,India,Office
9607,7117,"57/71, Sachar Ganj",Hazaribagh,Himachal Pradesh,231201,India,Home
9608,7117,"47, Malhotra Chowk",Bongaigaon,Jharkhand,130971,India,Office
9609,7118,"16/397, Wagle Marg",Pali,Chhattisgarh,344182,India,Home
9610,7119,"53/463
Dani Ganj",Ahmednagar,Bihar,336358,India,Home
9611,7119,"47/72
Batra Path",Warangal,Arunachal Pradesh,708089,India,Home
9612,7120,"37/601, Mutti Zila",Farrukhabad,Bihar,910982,India,Home
9613,7120,"21/21
Mitter Zila",Berhampur,Andhra Pradesh,218800,India,Home
9614,7120,"54/437, Dixit Ganj",Ulhasnagar,Kerala,867048,India,Office
9615,7121,"66/139, Purohit Marg",Jhansi,Kerala,353448,India,Home
9616,7121,"435, Muni Nagar",Ramagundam,Madhya Pradesh,527128,India,Home
9617,7122,"72/53
Pillay Path",Jabalpur,Gujarat,573090,India,Home
9618,7123,"580
Narayan Ganj",Satara,Andhra Pradesh,886119,India,Home
9619,7124,"011, Bali Marg",Dewas,Odisha,387373,India,Home
9620,7124,"H.No. 511
Dass Ganj",New Delhi,Jharkhand,979051,India,Home
9621,7124,"H.No. 94
Master",Burhanpur,Gujarat,971949,India,Home
9622,7125,"77, Pandit Path",Thanjavur,Punjab,320599,India,Home
9623,7126,"721
Chaudhry Path",Gangtok,West Bengal,459041,India,Home
9624,7127,"H.No. 431, Behl",Bhusawal,Rajasthan,980916,India,Home
9625,7127,"H.No. 231, Mahajan Ganj",South Dumdum,Himachal Pradesh,009130,India,Home
9626,7128,"H.No. 42, Dhawan Zila",Jhansi,Goa,980378,India,Home
9627,7128,"48, Ray Path",Ahmednagar,Himachal Pradesh,983513,India,Home
9628,7129,"000, Mannan Circle",Nizamabad,Gujarat,974757,India,Home
9629,7130,"H.No. 61, Ganesh Circle",Bhubaneswar,Mizoram,028242,India,Home
9630,7130,"H.No. 02, Date Ganj",Madhyamgram,Tamil Nadu,555126,India,Home
9631,7131,"65, Gour Circle",Bardhaman,Arunachal Pradesh,943579,India,Office
9632,7132,"624
Lall Chowk",Dehri,Andhra Pradesh,944757,India,Home
9633,7133,"50/180
Mander Circle",Thrissur,Nagaland,098483,India,Office
9634,7134,"41/28
Bera Road",Panipat,Jharkhand,472229,India,Office
9635,7134,"48/883
Brahmbhatt Nagar",Phusro,Gujarat,032753,India,Home
9636,7135,"H.No. 820
Bhatti Street",Visakhapatnam,Punjab,584564,India,Home
9637,7135,"H.No. 10
Bhalla Ganj",Jhansi,West Bengal,024727,India,Home
9638,7136,"59/56
Rajagopal Chowk",Bulandshahr,Mizoram,322447,India,Home
9639,7136,"H.No. 69
Sur Marg",Lucknow,Sikkim,031306,India,Home
9640,7137,"34/272
Kannan Street",Bathinda,Telangana,460510,India,Office
9641,7138,"H.No. 37
Narula Marg",Kulti,Punjab,753751,India,Office
9642,7139,"H.No. 63
Bail Circle",Surendranagar Dudhrej,Gujarat,288003,India,Office
9643,7140,"742, Bahri Zila",Madanapalle,Arunachal Pradesh,435169,India,Office
9644,7141,"277
Toor Circle",Vadodara,Mizoram,909932,India,Office
9645,7142,"830, Nanda Marg",Sambalpur,Telangana,714976,India,Home
9646,7142,"03/04
Bhatti Zila",Bhatpara,Maharashtra,622966,India,Home
9647,7143,"848
Ravel Chowk",Raipur,Haryana,872740,India,Home
9648,7144,"611, Kadakia Zila",Ongole,Nagaland,529123,India,Office
9649,7144,"27/89
Ratta Path",Gandhidham,Uttarakhand,458692,India,Home
9650,7145,"111
Babu Circle",Mehsana,Manipur,410545,India,Home
9651,7145,"61/009, Chacko Ganj",Danapur,Karnataka,789204,India,Home
9652,7145,"H.No. 74, Menon Road",Anand,Andhra Pradesh,932051,India,Home
9653,7146,"29
Taneja Street",Delhi,Rajasthan,488036,India,Home
9654,7146,"H.No. 58
Bath Circle",Shahjahanpur,Uttar Pradesh,052578,India,Home
9655,7147,"76
Gopal Nagar",Noida,Assam,644472,India,Home
9656,7148,"42/035
Dutt Nagar",Madanapalle,Gujarat,174237,India,Home
9657,7149,"40/093, Gill Nagar",Bilaspur,Nagaland,034062,India,Home
9658,7149,"12, Chaudry",Rampur,Assam,208869,India,Home
9659,7150,"92/234
Bava Circle",Salem,Telangana,916851,India,Office
9660,7151,"303, Lad Chowk",Mangalore,Himachal Pradesh,838868,India,Home
9661,7151,"888
Kale Circle",Singrauli,Himachal Pradesh,777684,India,Home
9662,7152,"80/29, Dhillon Road",Allahabad,Tripura,749566,India,Home
9663,7152,"56/06, Bhakta Chowk",Ramgarh,Bihar,930210,India,Home
9664,7153,"58/50
Rana Chowk",Mira-Bhayandar,Punjab,463820,India,Home
9665,7154,"62, Comar",Rajahmundry,Maharashtra,035301,India,Office
9666,7154,"183, Bassi Ganj",Kurnool,Chhattisgarh,050773,India,Office
9667,7155,"54/883
Talwar",Mangalore,West Bengal,120370,India,Home
9668,7156,"422, Deep Ganj",Sambalpur,West Bengal,548364,India,Home
9669,7157,"73, Mohan Ganj",Agra,Uttarakhand,013689,India,Home
9670,7158,"H.No. 71, Lalla Road",Mangalore,Manipur,328534,India,Home
9671,7158,"H.No. 12, Chacko Zila",Bhind,Sikkim,589698,India,Home
9672,7159,"68, Talwar Chowk",Hapur,Meghalaya,531542,India,Home
9673,7159,"19
Pathak Street",Bhiwani,Assam,763373,India,Office
9674,7159,"H.No. 08, Modi Nagar",Nagaon,Mizoram,454203,India,Office
9675,7160,"90/897, Tella Marg",Parbhani,Goa,363324,India,Office
9676,7161,"31/886, Contractor Zila",Shahjahanpur,Punjab,184855,India,Home
9677,7162,"H.No. 40
Sibal Street",Nagercoil,Tripura,809805,India,Office
9678,7163,"H.No. 519
Johal Street",Firozabad,Jharkhand,672631,India,Home
9679,7163,"274
Sarna Road",Adoni,Uttar Pradesh,562987,India,Office
9680,7164,"36/266
Bobal Ganj",Danapur,Madhya Pradesh,459507,India,Home
9681,7164,"H.No. 515
Salvi Ganj",Navi Mumbai,Andhra Pradesh,184066,India,Home
9682,7165,"H.No. 45
Nadkarni Nagar",Hosur,Punjab,591327,India,Home
9683,7166,"52/303
Anne",Hazaribagh,Andhra Pradesh,649060,India,Home
9684,7167,"65/06
Rai Marg",Jehanabad,Mizoram,016823,India,Home
9685,7168,"H.No. 72, Lal Nagar",Dehradun,Madhya Pradesh,316581,India,Home
9686,7168,"32/229
Pandya Zila",Cuttack,Kerala,399581,India,Home
9687,7168,"H.No. 29
Devi Ganj",Rajkot,Himachal Pradesh,363108,India,Other
9688,7169,"90/97, Buch Zila",Hyderabad,Uttar Pradesh,114251,India,Home
9689,7170,"01/920
Dani Zila",Mysore,Maharashtra,169070,India,Home
9690,7170,"39/785, Bose Path",Burhanpur,Punjab,122861,India,Home
9691,7171,"H.No. 245, Narayanan Marg",Orai,Tamil Nadu,022200,India,Office
9692,7172,"87/49
Chakrabarti Path",Kharagpur,Chhattisgarh,377630,India,Home
9693,7173,"85
Mohan Path",Anantapuram,Rajasthan,474186,India,Home
9694,7174,"91/34, Shankar Road",Aurangabad,Mizoram,650318,India,Office
9695,7175,"H.No. 823
Raval Marg",Jalna,Madhya Pradesh,286655,India,Home
9696,7176,"57/727
Boase",Asansol,Uttarakhand,405703,India,Other
9697,7177,"H.No. 94, Pall Street",Katihar,Tamil Nadu,304007,India,Home
9698,7177,"63/657
Dash Ganj",Suryapet,Sikkim,963151,India,Home
9699,7178,"H.No. 554
Gera",Satara,Telangana,372005,India,Office
9700,7178,"63/93, Bassi Circle",Udaipur,Haryana,395872,India,Home
9701,7178,"H.No. 066
Mall Street",Jammu,Chhattisgarh,445925,India,Home
9702,7179,"373, Tak Street",Arrah,Assam,813541,India,Office
9703,7180,"94, Soman Nagar",Belgaum,Tamil Nadu,073756,India,Home
9704,7180,"H.No. 01, Gara Ganj",Jalgaon,Punjab,946816,India,Office
9705,7181,"H.No. 215, Choudhry Zila",Ongole,West Bengal,826847,India,Home
9706,7181,"85/55
Date Street",Phagwara,Madhya Pradesh,303893,India,Home
9707,7182,"H.No. 68, Chaudhry Ganj",Dehri,Goa,470917,India,Home
9708,7183,"11/244
Ramachandran Path",Tinsukia,Maharashtra,453361,India,Home
9709,7184,"921, Datta Chowk",Thoothukudi,Tripura,143121,India,Home
9710,7185,"62/979, Oza Zila",Karaikudi,Karnataka,281244,India,Home
9711,7186,"797
Choudhury Circle",Cuttack,Meghalaya,663045,India,Office
9712,7186,"61/550
Suri Marg",Meerut,Maharashtra,321926,India,Home
9713,7186,"603, Jani Marg",Hindupur,Karnataka,124748,India,Home
9714,7187,"46/361, Raj",Nagpur,Nagaland,390258,India,Office
9715,7188,"18, Biswas Chowk",Amaravati,Meghalaya,727952,India,Office
9716,7189,"73, Rau Chowk",Phagwara,Chhattisgarh,534133,India,Home
9717,7190,"44/26, Singhal Circle",Shivpuri,Chhattisgarh,906849,India,Home
9718,7191,"14/85
Chandra Road",Hospet,Rajasthan,588208,India,Home
9719,7192,"51/12
Sahota Street",Ambala,Tripura,182262,India,Home
9720,7193,"33/334
Goyal Street",Eluru,Himachal Pradesh,732436,India,Other
9721,7194,"H.No. 949
Kalla Street",Bhimavaram,Himachal Pradesh,609914,India,Office
9722,7194,"H.No. 64, Morar Path",Kumbakonam,Manipur,509224,India,Office
9723,7194,"30/026, Varghese Ganj",Hindupur,Karnataka,529778,India,Home
9724,7195,"05
Choudhary Zila",Madurai,Punjab,562133,India,Other
9725,7196,"775
Kurian Nagar",Ballia,Himachal Pradesh,942521,India,Home
9726,7197,"H.No. 530
Bhasin Road",Karnal,Tamil Nadu,594472,India,Office
9727,7197,"H.No. 17, Issac Zila",Karnal,Tamil Nadu,274857,India,Home
9728,7198,"54
Garg Circle",Purnia,Telangana,262867,India,Home
9729,7198,"H.No. 140
Purohit Marg",Kolhapur,Sikkim,506215,India,Home
9730,7199,"055, Chana Zila",Kollam,Manipur,992948,India,Home
9731,7200,"H.No. 25, Mani Road",Baranagar,Karnataka,824956,India,Home
9732,7201,"23, Grewal Zila",Morena,Nagaland,936766,India,Home
9733,7202,"26/029, Upadhyay Road",Secunderabad,West Bengal,147813,India,Home
9734,7203,"320, Kar",Mumbai,Uttar Pradesh,716356,India,Home
9735,7204,"66/95
Tailor Street",Bilaspur,Andhra Pradesh,239326,India,Home
9736,7205,"36/547
Patil Road",Junagadh,Telangana,416642,India,Office
9737,7206,"03/128, Anand Nagar",Nagaon,Kerala,004682,India,Home
9738,7207,"76/291
Sura Chowk",Thiruvananthapuram,Mizoram,962424,India,Office
9739,7208,"20/175, Vohra",Nandyal,Kerala,084625,India,Home
9740,7209,"H.No. 017, Borde Nagar",Bhatpara,Gujarat,318370,India,Home
9741,7210,"H.No. 47, Ravel Ganj",Ongole,Uttar Pradesh,252881,India,Home
9742,7211,"103
Vaidya Chowk",Tirupati,Chhattisgarh,839970,India,Home
9743,7211,"859
Arora Road",Patiala,Punjab,849062,India,Home
9744,7212,"19/584
Prashad Chowk",Bhusawal,Madhya Pradesh,544130,India,Office
9745,7213,"56/04, Mand Path",Shimla,Uttarakhand,823741,India,Home
9746,7213,"579, Sur Marg",Erode,Tripura,739993,India,Other
9747,7214,"59/544
Batta Marg",Bikaner,Arunachal Pradesh,430433,India,Home
9748,7215,"H.No. 36, Dhillon",Hyderabad,Tripura,258221,India,Office
9749,7216,"701
Virk Nagar",Uluberia,Tripura,866140,India,Home
9750,7217,"H.No. 74, Misra Nagar",Bidar,Bihar,341928,India,Home
9751,7217,"H.No. 510
Zachariah Ganj",Rajahmundry,Uttar Pradesh,685131,India,Home
9752,7218,"956
Chaudhry Street",Khandwa,Sikkim,260625,India,Home
9753,7218,"76, Varghese",Allahabad,Nagaland,696042,India,Home
9754,7219,"H.No. 46
Walla Nagar",Bijapur,Meghalaya,277425,India,Office
9755,7219,"H.No. 613
Mistry Circle",Hyderabad,Telangana,273117,India,Home
9756,7220,"00/91
Raval Nagar",Udaipur,Mizoram,514036,India,Home
9757,7221,"89/178
Parmar Path",Kamarhati,Uttarakhand,704315,India,Home
9758,7222,"H.No. 001, Barad Street",Giridih,Assam,945007,India,Home
9759,7223,"188
Wali Street",Durg,Maharashtra,734909,India,Office
9760,7224,"09/541
Barman Chowk",Bhimavaram,Odisha,369267,India,Office
9761,7225,"93/78
Contractor Zila",Tirunelveli,Assam,035045,India,Home
9762,7226,"53/58, Bedi Street",Nagercoil,Assam,419021,India,Office
9763,7227,"253, Morar Marg",Warangal,Sikkim,121247,India,Home
9764,7227,"57
Bumb Road",Sasaram,Bihar,188575,India,Home
9765,7228,"62
Yogi Nagar",Imphal,Punjab,476120,India,Home
9766,7229,"83
Badami Street",Thrissur,Madhya Pradesh,743876,India,Office
9767,7230,"H.No. 825, Basak Circle",Bahraich,Jharkhand,819032,India,Home
9768,7230,"H.No. 08
Sarkar Path",Mangalore,West Bengal,212881,India,Home
9769,7230,"88/11
Ram",Katihar,Punjab,562312,India,Home
9770,7231,"91/45, Rastogi Circle",Siliguri,Haryana,222074,India,Home
9771,7232,"067, Chada Nagar",Belgaum,Sikkim,581463,India,Home
9772,7233,"39
Aggarwal Ganj",Uluberia,Haryana,167186,India,Home
9773,7233,"294
Sachar Road",Jorhat,Tamil Nadu,813270,India,Office
9774,7233,"10/25
Buch",Madanapalle,West Bengal,516888,India,Home
9775,7234,"21/26
Seshadri",Darbhanga,Madhya Pradesh,795388,India,Home
9776,7234,"09/640, Goswami Street",Nadiad,Haryana,210707,India,Home
9777,7235,"67/670, Mannan Zila",Pimpri-Chinchwad,Haryana,069305,India,Home
9778,7235,"34/307, Dube Circle",Tadepalligudem,Odisha,333463,India,Home
9779,7236,"H.No. 613, Konda Circle",Anantapuram,Goa,098077,India,Home
9780,7237,"54/19
Kari Street",Tinsukia,Assam,510387,India,Office
9781,7238,"88/14
Amble Zila",Anantapur,Andhra Pradesh,319426,India,Home
9782,7239,"95/57
Sagar Circle",Tadipatri,Jharkhand,019799,India,Other
9783,7240,"571
Shetty Nagar",Berhampore,Mizoram,571637,India,Other
9784,7241,"927, Raman Marg",Bulandshahr,Himachal Pradesh,398764,India,Home
9785,7241,"52/24
Cheema Marg",Shimla,Nagaland,249093,India,Home
9786,7242,"78, Shroff Chowk",Karawal Nagar,Nagaland,549584,India,Home
9787,7243,"532, Bhakta Path",Muzaffarpur,Nagaland,860149,India,Office
9788,7244,"750
Subramanian Circle",Loni,Meghalaya,364319,India,Home
9789,7244,"909
Vyas",Ratlam,Chhattisgarh,052479,India,Home
9790,7245,"37/165
Deshmukh Path",Bhilwara,Tripura,509100,India,Office
9791,7246,"96/731
Gupta Zila",Ichalkaranji,Tripura,366001,India,Home
9792,7247,"26/86
Nagy Road",Chennai,Maharashtra,736095,India,Office
9793,7248,"81
Sankaran Ganj",Ramgarh,Odisha,478938,India,Other
9794,7248,"H.No. 554, Deol Road",Bettiah,Uttar Pradesh,991809,India,Home
9795,7248,"15/38
Chopra",Ujjain,West Bengal,162291,India,Home
9796,7249,"91/20, Jha Nagar",Jammu,Punjab,532865,India,Other
9797,7249,"93/124, Chandran Zila",Miryalaguda,Mizoram,313864,India,Home
9798,7250,"H.No. 90, Kashyap Circle",Gorakhpur,Sikkim,985571,India,Home
9799,7250,"H.No. 871
Soman Ganj",Proddatur,Uttar Pradesh,992027,India,Home
9800,7251,"H.No. 533
Bhat Marg",Bhagalpur,Chhattisgarh,298669,India,Home
9801,7252,"H.No. 98
Nagar Nagar",Bhind,Chhattisgarh,624567,India,Home
9802,7253,"211, D’Alia Marg",Alappuzha,Tripura,107588,India,Other
9803,7254,"373
Khanna Circle",Saharanpur,Tripura,200378,India,Home
9804,7255,"H.No. 13
Muni Circle",Orai,Arunachal Pradesh,364511,India,Home
9805,7256,"986
Sanghvi Chowk",Karnal,Bihar,485522,India,Office
9806,7257,"20, Saxena Road",Kolhapur,Madhya Pradesh,178640,India,Home
9807,7257,"05/77
Pandey Zila",Ratlam,Telangana,895411,India,Home
9808,7258,"H.No. 06
Comar Nagar",Bulandshahr,Tripura,522352,India,Home
9809,7258,"H.No. 13
Sharaf Circle",Erode,Madhya Pradesh,457358,India,Home
9810,7259,"H.No. 30
Bora Zila",Alappuzha,Gujarat,167947,India,Home
9811,7260,"07/683
Rajagopal Marg",Kadapa,Jharkhand,519222,India,Home
9812,7261,"H.No. 74, Date Circle",Asansol,Mizoram,582811,India,Home
9813,7262,"923
Nayar Road",Hospet,Assam,874364,India,Home
9814,7262,"086
Chana Path",Malda,Odisha,708010,India,Home
9815,7262,"96/259
Baria Nagar",Durg,Manipur,505441,India,Home
9816,7263,"79/035, Golla Road",Madhyamgram,Meghalaya,655876,India,Other
9817,7264,"H.No. 86, Rama Street",Gaya,Assam,422594,India,Home
9818,7265,"23/047, Krishna Ganj",Bangalore,Gujarat,765453,India,Home
9819,7266,"800
Sharma Street",Barasat,Madhya Pradesh,575881,India,Office
9820,7267,"H.No. 371, Dugar",Shimoga,West Bengal,638017,India,Home
9821,7268,"56, Chandra Chowk",Vijayawada,Madhya Pradesh,036062,India,Home
9822,7269,"17/67, Tella Chowk",Surat,Karnataka,134494,India,Home
9823,7269,"H.No. 622
Zacharia Circle",Bulandshahr,Kerala,054377,India,Home
9824,7270,"45/509, Memon Marg",Kollam,West Bengal,685348,India,Home
9825,7271,"H.No. 85
Lall Ganj",Uluberia,Goa,816041,India,Home
9826,7271,"38/20
Chaudhuri Marg",Bulandshahr,Arunachal Pradesh,335082,India,Home
9827,7272,"12/452, Ranganathan",Agartala,Himachal Pradesh,205670,India,Home
9828,7273,"24/651
Samra Road",Tiruppur,Nagaland,686791,India,Home
9829,7274,"63/56
Kari Street",Chennai,Himachal Pradesh,351206,India,Home
9830,7274,"49, Sen Path",Bangalore,Goa,911342,India,Home
9831,7275,"136
Bhargava Street",Kadapa,Telangana,054972,India,Home
9832,7275,"777, Puri Street",Ramagundam,Nagaland,776404,India,Office
9833,7276,"95/957
Mannan Zila",Kakinada,Mizoram,830975,India,Home
9834,7277,"80/631
Subramaniam Chowk",Bathinda,Maharashtra,924291,India,Home
9835,7278,"74/11, Parsa Marg",Lucknow,Mizoram,510491,India,Home
9836,7278,"H.No. 267, Bora Marg",Bhimavaram,Meghalaya,436203,India,Home
9837,7279,"35/654
Desai Street",Phusro,Arunachal Pradesh,096002,India,Home
9838,7280,"51/212
Baral Ganj",Mysore,Punjab,988136,India,Home
9839,7280,"H.No. 22
Karpe Circle",Aurangabad,Madhya Pradesh,702971,India,Office
9840,7281,"87, Ravi Street",Kakinada,West Bengal,287462,India,Home
9841,7282,"72/714, Brar Nagar",Kadapa,Arunachal Pradesh,380767,India,Office
9842,7283,"H.No. 671, Bava Nagar",Nashik,Sikkim,438285,India,Home
9843,7284,"H.No. 227
Palla Nagar",Siwan,Manipur,465554,India,Home
9844,7285,"41/515, Krishnamurthy Chowk",Dibrugarh,Odisha,864652,India,Home
9845,7285,"70/39
Lanka Path",Korba,Nagaland,217218,India,Home
9846,7286,"60/98, Trivedi Chowk",Sambhal,Nagaland,348500,India,Office
9847,7286,"H.No. 83, Bajwa Path",Uluberia,Telangana,645702,India,Home
9848,7286,"H.No. 958, Barad Street",Kalyan-Dombivli,Maharashtra,002573,India,Office
9849,7287,"12/56, Varughese Street",Vadodara,Karnataka,032817,India,Home
9850,7287,"42/99, Ranganathan Zila",Darbhanga,Odisha,164990,India,Other
9851,7287,"H.No. 72, Mahal Circle",Surat,Tripura,191788,India,Home
9852,7288,"49, Pandit Chowk",Bangalore,Madhya Pradesh,648657,India,Office
9853,7288,"H.No. 65, Dass Path",Tiruchirappalli,Uttar Pradesh,434500,India,Home
9854,7289,"H.No. 459, Chhabra Marg",Jabalpur,West Bengal,602896,India,Home
9855,7290,"H.No. 35, Tailor Zila",Tadepalligudem,Jharkhand,722156,India,Home
9856,7291,"55, Pal Path",Khora ,Arunachal Pradesh,481596,India,Other
9857,7292,"H.No. 46
Thaker Ganj",Bahraich,Mizoram,238409,India,Home
9858,7293,"H.No. 36, Nagy Ganj",Haridwar,Manipur,796589,India,Office
9859,7293,"H.No. 65
Srinivasan Circle",Varanasi,Nagaland,137274,India,Office
9860,7294,"15
Dey Marg",Thrissur,Telangana,740961,India,Home
9861,7295,"H.No. 246, Sethi Path",Bidar,Manipur,206154,India,Home
9862,7296,"H.No. 575, Thakkar Street",Guwahati,Telangana,843823,India,Home
9863,7297,"H.No. 135, Shan",Ichalkaranji,Odisha,713177,India,Home
9864,7298,"18, Pandey Road",Bhagalpur,Assam,236781,India,Home
9865,7299,"15, Barad Circle",Ranchi,Karnataka,218826,India,Home
9866,7300,"272, Walia Road",Sonipat,Karnataka,495913,India,Home
9867,7301,"95
Chhabra Ganj",Vadodara,Karnataka,782731,India,Home
9868,7302,"015, Naik Nagar",Jamalpur,Maharashtra,460019,India,Other
9869,7303,"16/507, Ranganathan Road",Fatehpur,Tripura,882967,India,Office
9870,7304,"H.No. 099, Vora Ganj",Pondicherry,Maharashtra,695980,India,Home
9871,7304,"54/65
Mishra Marg",Ballia,Andhra Pradesh,753924,India,Home
9872,7305,"777, Nadig Circle",Bhilwara,Tripura,976939,India,Office
9873,7305,"H.No. 25
Chanda Street",Vadodara,Goa,283613,India,Home
9874,7306,"44/04, Bumb Marg",Dhule,Madhya Pradesh,773975,India,Home
9875,7306,"H.No. 403
Naidu Nagar",Bhiwani,Goa,660017,India,Home
9876,7307,"66/512
Babu Road",Bijapur,Tripura,213714,India,Home
9877,7308,"817
Biswas Street",Nagpur,Kerala,833025,India,Home
9878,7308,"63/55
Kala Chowk",Bahraich,Jharkhand,116648,India,Home
9879,7309,"H.No. 89, Oak Chowk",Jamalpur,West Bengal,109622,India,Home
9880,7310,"363
Sengupta Road",Berhampore,Assam,451929,India,Home
9881,7311,"96/213
Wadhwa Chowk",Munger,Odisha,745709,India,Home
9882,7312,"62, Sahni Nagar",Sangli-Miraj & Kupwad,Tamil Nadu,634157,India,Home
9883,7313,"H.No. 776
Divan",Davanagere,Arunachal Pradesh,727140,India,Home
9884,7313,"24
Yadav Marg",Delhi,Nagaland,945516,India,Home
9885,7314,"H.No. 30
Mukhopadhyay Road",Srikakulam,Chhattisgarh,428653,India,Home
9886,7315,"18/27, Pal",Surendranagar Dudhrej,Karnataka,176939,India,Home
9887,7315,"58/781, Jani Nagar",Buxar,Sikkim,636902,India,Home
9888,7315,"H.No. 84, Walla Path",Bhagalpur,Uttarakhand,769374,India,Home
9889,7316,"60/39
Sem",Nandyal,Maharashtra,096347,India,Home
9890,7316,"720
Comar Zila",Korba,Madhya Pradesh,010395,India,Home
9891,7317,"867
Chander Chowk",Barasat,Punjab,286567,India,Home
9892,7318,"53/31, Saxena Ganj",Akola,Goa,303934,India,Home
9893,7318,"37, Oommen Ganj",Miryalaguda,West Bengal,240624,India,Home
9894,7319,"H.No. 480
Divan Marg",Dindigul,Tamil Nadu,486235,India,Office
9895,7319,"08/53, Swamy Path",Sagar,Andhra Pradesh,964743,India,Home
9896,7320,"H.No. 713
Sha Chowk",Cuttack,Tripura,135586,India,Home
9897,7320,"65/677
Kade",Nadiad,Goa,070613,India,Home
9898,7320,"42/76
Acharya Street",Kurnool,Manipur,359967,India,Home
9899,7321,"H.No. 34
Rau Ganj",Tezpur,Jharkhand,910669,India,Home
9900,7322,"09/260, Nayar Nagar",Aizawl,Punjab,602094,India,Home
9901,7322,"311
Sandhu Marg",Panchkula,Uttarakhand,609918,India,Home
9902,7323,"H.No. 294, Chaudry Marg",Kamarhati,Telangana,174050,India,Home
9903,7324,"H.No. 285
Sharma Circle",Bhilwara,Mizoram,615997,India,Home
9904,7325,"H.No. 02, Doshi Circle",Kalyan-Dombivli,Uttar Pradesh,892273,India,Home
9905,7325,"H.No. 387, Kannan Road",Kharagpur,Uttar Pradesh,592125,India,Home
9906,7326,"674, Grewal Circle",Kumbakonam,Mizoram,383717,India,Home
9907,7327,"H.No. 71
Barman Road",Munger,Tamil Nadu,197354,India,Home
9908,7328,"H.No. 005, Maharaj Street",Munger,Manipur,479851,India,Home
9909,7329,"583
Borra Zila",Tirupati,Meghalaya,026552,India,Home
9910,7330,"H.No. 901, Sen Road",Jammu,Meghalaya,988155,India,Home
9911,7331,"H.No. 600
Comar Chowk",Surendranagar Dudhrej,Punjab,647079,India,Other
9912,7332,"H.No. 705, Parmer Chowk",Katihar,Sikkim,663890,India,Home
9913,7333,"H.No. 09, Gulati Marg",Chittoor,West Bengal,552827,India,Home
9914,7334,"56/623, Aggarwal",Ajmer,Haryana,863027,India,Home
9915,7335,"H.No. 511
Dugar Path",Ongole,Kerala,665425,India,Home
9916,7336,"H.No. 930, Vyas Path",Jaipur,Rajasthan,041735,India,Home
9917,7337,"45
Mander",Durgapur,Kerala,445809,India,Home
9918,7337,"97/585, Acharya Ganj",Sonipat,Andhra Pradesh,585510,India,Home
9919,7338,"88/983, Goda Chowk",Naihati,Meghalaya,252342,India,Home
9920,7339,"17/55
Kumer Nagar",Aligarh,Goa,103190,India,Office
9921,7340,"H.No. 648, Kakar Ganj",Mehsana,Uttarakhand,501043,India,Office
9922,7341,"88/184
Hayer Road",Kamarhati,Uttar Pradesh,195250,India,Home
9923,7342,"62, Shanker Path",Maheshtala,Madhya Pradesh,582187,India,Office
9924,7343,"H.No. 78
Loyal Ganj",Ahmedabad,West Bengal,835223,India,Home
9925,7344,"H.No. 712, Zachariah Ganj",Rajpur Sonarpur,Uttarakhand,688859,India,Home
9926,7345,"90
Shan Road",Anand,Bihar,520091,India,Home
9927,7346,"84/543, Lala Path",Mangalore,Nagaland,076694,India,Office
9928,7347,"16/050, Chanda Marg",Parbhani,Bihar,796198,India,Office
9929,7348,"14/430
Tailor Zila",Khandwa,Chhattisgarh,973229,India,Office
9930,7349,"93/01, Handa Street",Dhanbad,Himachal Pradesh,974539,India,Home
9931,7350,"16/113
Madan Marg",Agra,Arunachal Pradesh,299997,India,Home
9932,7350,"H.No. 79, Wagle Nagar",Bhiwandi,Uttarakhand,622381,India,Home
9933,7351,"H.No. 113
Kant Nagar",Howrah,Haryana,847321,India,Home
9934,7352,"43
Ray Zila",Bijapur,Mizoram,127885,India,Home
9935,7353,"H.No. 413
Narayanan Chowk",Thanjavur,Tamil Nadu,700372,India,Home
9936,7354,"75/537, Mitter Ganj",Durgapur,Rajasthan,904182,India,Home
9937,7354,"21/306, Kohli Nagar",Nanded,Bihar,219000,India,Home
9938,7355,"H.No. 18, Pai Nagar",Bhind,Chhattisgarh,596719,India,Home
9939,7356,"053, Bains Ganj",Etawah,Goa,867843,India,Office
9940,7357,"546
Gandhi Nagar",Jammu,Karnataka,383874,India,Home
9941,7358,"H.No. 436, Lall Chowk",Secunderabad,Nagaland,485746,India,Home
9942,7359,"57/999, Sachar Chowk",Faridabad,Tripura,489788,India,Home
9943,7359,"03/478, Baria Ganj",Aurangabad,Goa,814377,India,Office
9944,7360,"16/32, Badal Ganj",Mumbai,Haryana,889078,India,Office
9945,7360,"25/287, Anand Marg",Berhampore,Chhattisgarh,329333,India,Home
9946,7361,"53, Hayer Marg",Chinsurah,Haryana,875237,India,Home
9947,7362,"61
Halder Road",Siliguri,Maharashtra,081406,India,Office
9948,7363,"H.No. 216
Dhar Path",Bhind,Mizoram,081072,India,Home
9949,7364,"60/56, Venkatesh Marg",Bettiah,Tripura,524185,India,Home
9950,7365,"36/998, Dhillon",Tinsukia,Tamil Nadu,820368,India,Home
9951,7366,"791
Badal",Khandwa,Karnataka,348830,India,Office
9952,7367,"H.No. 50, Nadig",Baranagar,Rajasthan,593201,India,Office
9953,7367,"164, Dubey Road",Deoghar,Gujarat,047693,India,Home
9954,7368,"930
Gill",Aurangabad,Tripura,656598,India,Office
9955,7368,"H.No. 40, Chad",Kollam,Nagaland,021605,India,Home
9956,7369,"79/817, Bhatnagar Road",Satna,Maharashtra,311447,India,Office
9957,7369,"08
Hayer Nagar",Baranagar,Kerala,198134,India,Home
9958,7370,"13/226
Gill Marg",Motihari,Telangana,095557,India,Home
9959,7371,"H.No. 13, Varghese Nagar",Hapur,Telangana,065834,India,Home
9960,7372,"56/691
Trivedi Nagar",Mehsana,Assam,717360,India,Office
9961,7373,"92/54, Majumdar Nagar",Akola,Andhra Pradesh,341961,India,Home
9962,7374,"H.No. 48, Shetty Ganj",Amritsar,Punjab,227093,India,Home
9963,7375,"42/060, Gour Zila",Gudivada,Andhra Pradesh,058342,India,Home
9964,7375,"H.No. 64, Gandhi Zila",Jodhpur,Arunachal Pradesh,316375,India,Home
9965,7375,"599
Dada Ganj",Dhanbad,Mizoram,512519,India,Home
9966,7376,"H.No. 44, Iyer Marg",Bhagalpur,Madhya Pradesh,626622,India,Home
9967,7377,"00/15
Chandra Street",South Dumdum,Karnataka,549961,India,Home
9968,7378,"H.No. 484
Parikh Zila",Kolkata,Andhra Pradesh,376929,India,Home
9969,7379,"49/506
Nanda",Ballia,Odisha,224239,India,Home
9970,7380,"78/02, Basu Ganj",Davanagere,Tripura,140788,India,Office
9971,7381,"81/410
Vasa Circle",Kadapa,Rajasthan,239044,India,Home
9972,7382,"97, Bhatt Street",Tenali,Manipur,713858,India,Home
9973,7383,"H.No. 76, Baria Zila",Jorhat,Mizoram,136441,India,Home
9974,7384,"44/88, Grewal Chowk",Kochi,Bihar,115027,India,Home
9975,7384,"H.No. 484, Bhatt Path",Vijayawada,Jharkhand,001539,India,Home
9976,7385,"H.No. 713, Bakshi Ganj",Bhubaneswar,Goa,926388,India,Home
9977,7386,"H.No. 734, Koshy",Jaunpur,Gujarat,765522,India,Home
9978,7387,"952
Bawa Path",Bhimavaram,Haryana,526777,India,Home
9979,7387,"209
Gara Street",Eluru,Odisha,419927,India,Other
9980,7388,"05/89, Sawhney Street",Loni,Gujarat,884990,India,Home
9981,7389,"22/420
Ramaswamy Street",Nangloi Jat,Karnataka,206609,India,Other
9982,7389,"H.No. 80
Dhawan Zila",Kochi,Uttarakhand,958248,India,Home
9983,7389,"H.No. 92
Lall Path",Suryapet,Telangana,226862,India,Home
9984,7390,"H.No. 866
Goda Path",Nagpur,Gujarat,541774,India,Home
9985,7390,"H.No. 473, Patla Street",Latur,Nagaland,565311,India,Home
9986,7391,"38/73, Walla Ganj",Gandhinagar,Mizoram,018197,India,Office
9987,7392,"24/537
Dugar Path",Narasaraopet,Telangana,061283,India,Home
9988,7393,"00/862
Sathe",Phusro,Madhya Pradesh,096789,India,Home
9989,7394,"90/494
Sahni Nagar",Ballia,Uttar Pradesh,289053,India,Home
9990,7395,"07/92
Jani Zila",Tumkur,Karnataka,314902,India,Home
9991,7396,"82
Pau Chowk",Khandwa,Himachal Pradesh,790555,India,Other
9992,7396,"H.No. 650
Chowdhury Nagar",Erode,Karnataka,783753,India,Office
9993,7396,"07/151, Parikh Street",Varanasi,Uttar Pradesh,510272,India,Other
9994,7397,"19
Dubey Street",Karaikudi,Tripura,108720,India,Home
9995,7398,"H.No. 831, Menon Path",Mangalore,Arunachal Pradesh,532884,India,Home
9996,7399,"89/93
Devi Road",Proddatur,Mizoram,205479,India,Home
9997,7400,"796
Hari Path",Bihar Sharif,Jharkhand,107424,India,Office
9998,7401,"H.No. 577
Contractor Zila",Tenali,Kerala,203872,India,Home
9999,7401,"865
Narasimhan Ganj",Aurangabad,Mizoram,161662,India,Home
10000,7402,"H.No. 20, Sarna Chowk",Muzaffarpur,Uttar Pradesh,554887,India,Office
10001,7402,"H.No. 81
Pillay Marg",Jammu,Chhattisgarh,968402,India,Home
10002,7403,"863
Bora Circle",Ramgarh,Bihar,255179,India,Home
10003,7404,"74/93
Soman Path",Vijayanagaram,Arunachal Pradesh,820219,India,Home
10004,7404,"H.No. 279
Gupta Street",Secunderabad,Arunachal Pradesh,854114,India,Home
10005,7405,"H.No. 354, Sibal Street",Bally,Karnataka,714149,India,Office
10006,7405,"587, Rastogi Street",Mirzapur,Kerala,948042,India,Home
10007,7406,"29/95
Batta Street",Noida,Mizoram,780590,India,Home
10008,7407,"H.No. 82, Thakkar Chowk",Parbhani,Odisha,645225,India,Home
10009,7408,"04/251
Raja Nagar",Bhopal,Rajasthan,125085,India,Office
10010,7408,"H.No. 383
Minhas Circle",Bathinda,Punjab,310030,India,Home
10011,7409,"H.No. 50, Edwin Street",Proddatur,Himachal Pradesh,705803,India,Office
10012,7409,"70/72
Bansal",Begusarai,Sikkim,985835,India,Home
10013,7410,"H.No. 19, Pau Zila",Bilaspur,Punjab,913096,India,Home
10014,7410,"92/349, Mohan Chowk",Muzaffarpur,Kerala,294962,India,Home
10015,7411,"H.No. 010
Soni Path",Kakinada,Tripura,764256,India,Home
10016,7412,"421
Dugar Marg",Bokaro,Mizoram,978979,India,Home
10017,7412,"819
Sachar Road",Gandhinagar,Karnataka,244755,India,Office
10018,7413,"008
Chopra Path",Varanasi,Odisha,951592,India,Home
10019,7414,"45/041
Singh Marg",Rajkot,Gujarat,911359,India,Home
10020,7414,"01, Reddy Circle",Saharsa,Haryana,838681,India,Home
10021,7414,"H.No. 99, Hegde Circle",Bhusawal,Chhattisgarh,726815,India,Home
10022,7415,"70
Mahajan Street",Kamarhati,Himachal Pradesh,194019,India,Home
10023,7416,"028
Bhatt Circle",Miryalaguda,Gujarat,657683,India,Home
10024,7417,"47/77, Dar Path",Mumbai,Mizoram,855223,India,Home
10025,7417,"H.No. 514
Suresh Nagar",Siwan,Tamil Nadu,937334,India,Office
10026,7418,"56/78
Peri Street",Tirunelveli,Gujarat,771062,India,Office
10027,7418,"55/06
Hari Chowk",Surat,Tripura,788396,India,Home
10028,7419,"59
Vora Chowk",Mangalore,Kerala,094404,India,Home
10029,7420,"90/491, Thakur Marg",Sasaram,Andhra Pradesh,834692,India,Home
10030,7420,"H.No. 36, Loke Nagar",Bathinda,Bihar,459999,India,Home
10031,7421,"802
Chopra Path",Srikakulam,Maharashtra,132467,India,Home
10032,7421,"06/92
Sood Road",Hazaribagh,Jharkhand,640213,India,Home
10033,7422,"H.No. 39
Narula Path",Ludhiana,Sikkim,157967,India,Home
10034,7422,"816, Bhardwaj Zila",Gurgaon,Arunachal Pradesh,978134,India,Office
10035,7423,"H.No. 16, Mukhopadhyay Marg",Sambhal,Goa,716892,India,Home
10036,7424,"30/68, Date Street",Bhilai,Jharkhand,241395,India,Home
10037,7424,"51, Singhal Road",Faridabad,Meghalaya,181390,India,Home
10038,7424,"28
Dugar Circle",Nangloi Jat,Andhra Pradesh,077668,India,Home
10039,7425,"289
Oak Ganj",Sangli-Miraj & Kupwad,Karnataka,006794,India,Home
10040,7425,"H.No. 03, Ramaswamy Street",Nagaon,Chhattisgarh,405298,India,Home
10041,7425,"16, Pau Chowk",Sambalpur,Telangana,886833,India,Office
10042,7426,"47/609, Murthy Marg",Rajpur Sonarpur,Sikkim,367798,India,Other
10043,7427,"01, Chacko",Chandrapur,Uttarakhand,093830,India,Home
10044,7427,"40
Gulati Road",Tadipatri,Madhya Pradesh,213479,India,Home
10045,7427,"75/968
Minhas Nagar",Panvel,West Bengal,411479,India,Home
10046,7428,"H.No. 99
Patla Road",Gandhidham,Maharashtra,448514,India,Office
10047,7428,"H.No. 50, Kannan Zila",Siwan,Punjab,904845,India,Office
10048,7429,"16/67
Pall Nagar",New Delhi,Karnataka,354308,India,Home
10049,7430,"41, Dubey Road",Ozhukarai,Karnataka,636071,India,Home
10050,7431,"32, Arora Marg",Navi Mumbai,Punjab,172128,India,Home
10051,7432,"H.No. 906, Singhal Ganj",Tenali,Assam,215001,India,Office
10052,7433,"117
Lad Chowk",Madhyamgram,Chhattisgarh,243857,India,Other
10053,7434,"03/08, Nair Street",Ambala,Goa,238581,India,Home
10054,7435,"H.No. 231
Kurian Path",Dhanbad,Odisha,949683,India,Home
10055,7436,"91
Garg Street",Etawah,Nagaland,293125,India,Office
10056,7437,"07
Biswas Street",Hyderabad,Himachal Pradesh,404109,India,Office
10057,7437,"H.No. 24
Dixit Marg",Panihati,Madhya Pradesh,948171,India,Home
10058,7438,"060, Atwal Road",Khora ,Maharashtra,002606,India,Home
10059,7439,"736
Raja Zila",Sirsa,Jharkhand,922864,India,Home
10060,7440,"05/62
Bal",Bulandshahr,Manipur,426624,India,Home
10061,7440,"34/146
Mody Ganj",Bardhaman,Manipur,474017,India,Home
10062,7441,"974, Devan Road",Visakhapatnam,Odisha,058022,India,Other
10063,7442,"H.No. 133, Wason Street",Dharmavaram,Arunachal Pradesh,643203,India,Office
10064,7443,"H.No. 889, Salvi Marg",Nangloi Jat,Chhattisgarh,924698,India,Office
10065,7444,"83/49, Bawa Zila",Ulhasnagar,Bihar,398515,India,Home
10066,7444,"70/89
Oak",Vasai-Virar,Bihar,226666,India,Office
10067,7445,"11, Kala",Mangalore,Manipur,699088,India,Home
10068,7446,"240, Setty Path",Bhatpara,Arunachal Pradesh,778030,India,Home
10069,7447,"H.No. 325
Karpe",Mirzapur,Sikkim,250380,India,Home
10070,7448,"H.No. 167
Gupta Ganj",Rajkot,Tripura,289494,India,Office
10071,7449,"63/859, Datta Road",Gorakhpur,Rajasthan,814384,India,Home
10072,7450,"H.No. 09
Bath Marg",Chapra,Telangana,631836,India,Office
10073,7450,"46
Dasgupta Street",Karaikudi,Rajasthan,199409,India,Office
10074,7451,"H.No. 615, Chopra Marg",Panipat,Gujarat,588032,India,Home
10075,7452,"506, Goswami Path",Ghaziabad,Uttar Pradesh,892811,India,Home
10076,7453,"H.No. 67, Sama Marg",Ghaziabad,Odisha,579972,India,Home
10077,7454,"623
Chhabra Street",Berhampur,Tripura,892043,India,Home
10078,7455,"24/76, Warrior",Avadi,Bihar,964397,India,Office
10079,7456,"H.No. 700
Bora Ganj",Bhimavaram,Uttar Pradesh,041503,India,Home
10080,7457,"511, Mohanty Marg",Aizawl,Mizoram,189349,India,Home
10081,7457,"45/35, Koshy Street",Kalyan-Dombivli,Kerala,361181,India,Office
10082,7458,"H.No. 476, Pathak Ganj",Gulbarga,Sikkim,187752,India,Office
10083,7458,"74
Sunder Marg",Visakhapatnam,Nagaland,965864,India,Home
10084,7459,"H.No. 80
Dyal Nagar",Khammam,Punjab,849010,India,Home
10085,7459,"55/823, Patla Circle",Raebareli,Gujarat,261937,India,Home
10086,7460,"56/619, Bal Path",Loni,Assam,542853,India,Home
10087,7461,"65/659, Nagy Nagar",Panchkula,Assam,850414,India,Home
10088,7462,"76/10, Ramesh Road",Moradabad,Madhya Pradesh,952940,India,Home
10089,7462,"H.No. 44
Gole Chowk",Saharsa,Assam,239752,India,Home
10090,7463,"52/306
Mahajan Path",Agartala,Assam,119683,India,Home
10091,7464,"13
Jhaveri Road",Dhule,Punjab,663590,India,Office
10092,7465,"79
Karnik",Chittoor,Bihar,544081,India,Home
10093,7466,"H.No. 55
Master Ganj",Durg,Telangana,732382,India,Other
10094,7467,"239
Nadig Path",Kochi,Mizoram,637757,India,Home
10095,7468,"91/13, Mann Ganj",Ulhasnagar,Jharkhand,843012,India,Office
10096,7468,"00
Dar Nagar",Akola,Uttar Pradesh,168679,India,Home
10097,7469,"276
Zachariah Path",South Dumdum,Assam,832489,India,Home
10098,7470,"26/34
Mannan",Karawal Nagar,Maharashtra,899301,India,Office
10099,7470,"678
Prakash Marg",Nangloi Jat,Tamil Nadu,427806,India,Home
10100,7470,"H.No. 88, Vyas",Raebareli,Bihar,569746,India,Home
10101,7471,"28/289
Keer Road",Barasat,Maharashtra,015640,India,Home
10102,7472,"40/96
Balakrishnan Marg",Guwahati,Telangana,808201,India,Office
10103,7473,"847, Karnik Street",Sasaram,Jharkhand,343986,India,Home
10104,7474,"H.No. 66, Munshi Chowk",Kirari Suleman Nagar,Odisha,276599,India,Home
10105,7475,"H.No. 618, Butala",Aurangabad,Karnataka,195988,India,Office
10106,7475,"884
Dhar Path",Bathinda,Andhra Pradesh,528859,India,Office
10107,7476,"45/47, Wable Chowk",Deoghar,Arunachal Pradesh,838666,India,Home
10108,7477,"H.No. 98
Chaudhry Zila",Bhalswa Jahangir Pur,Madhya Pradesh,287305,India,Home
10109,7477,"H.No. 640
Baria Circle",Kakinada,Meghalaya,115049,India,Office
10110,7477,"542, Varghese Path",Belgaum,Arunachal Pradesh,460137,India,Home
10111,7478,"15/551, Dora Path",Eluru,Gujarat,369230,India,Home
10112,7479,"64/94, Dass Path",Chennai,Odisha,960149,India,Home
10113,7480,"37
Badami Path",Rewa,Punjab,379050,India,Home
10114,7480,"H.No. 759
Saraf Nagar",Unnao,Nagaland,432003,India,Home
10115,7481,"614, Vohra Path",Kottayam,Chhattisgarh,928822,India,Home
10116,7482,"87
Batra Zila",Navi Mumbai,Gujarat,241556,India,Home
10117,7483,"H.No. 184
Palan Marg",Kadapa,Karnataka,598047,India,Home
10118,7484,"59/13, Muni",Ambarnath,Arunachal Pradesh,111864,India,Office
10119,7485,"H.No. 645, Bhatia",Rajahmundry,Telangana,402947,India,Office
10120,7485,"83/087
Ray Path",Gandhidham,Uttar Pradesh,076766,India,Home
10121,7486,"96, Divan Nagar",Panipat,Kerala,102586,India,Home
10122,7487,"H.No. 01, Karnik Path",Shahjahanpur,Jharkhand,950161,India,Other
10123,7488,"16/806, Dada Nagar",Bhilwara,Telangana,766158,India,Home
10124,7489,"22/132
Chaudhary Street",Rewa,Arunachal Pradesh,832545,India,Other
10125,7490,"34
Sandhu Marg",Jamshedpur,Haryana,509797,India,Home
10126,7491,"H.No. 340, Sami Zila",Danapur,Mizoram,957790,India,Office
10127,7492,"81
Kar",Kirari Suleman Nagar,Uttar Pradesh,386922,India,Home
10128,7493,"H.No. 830, D’Alia Chowk",Nagaon,Karnataka,100902,India,Office
10129,7494,"20/14
Hayre Circle",Malda,Assam,602487,India,Home
10130,7495,"254
Pradhan Zila",Saharanpur,Andhra Pradesh,226254,India,Home
10131,7496,"70/87, Shah Road",Sambalpur,Nagaland,510864,India,Home
10132,7497,"79/447, Jhaveri Path",Adoni,Nagaland,713101,India,Other
10133,7497,"H.No. 58
Iyer Chowk",Thane,Kerala,582844,India,Home
10134,7497,"88/663, Kade Road",Phagwara,Bihar,814235,India,Other
10135,7498,"61/935, Deshpande Road",Meerut,Andhra Pradesh,217986,India,Home
10136,7499,"67, Ahluwalia Street",Pimpri-Chinchwad,Chhattisgarh,435168,India,Home
10137,7500,"H.No. 96
Chhabra Circle",Muzaffarnagar,Rajasthan,805553,India,Home
10138,7500,"H.No. 44
Gole Zila",Mahbubnagar,Tamil Nadu,604352,India,Office
10139,7501,"88/192, Sanghvi Road",Ludhiana,Maharashtra,170614,India,Home
10140,7502,"H.No. 28
Uppal Road",Jalandhar,Tamil Nadu,767698,India,Office
10141,7503,"79/04
Minhas Road",Khandwa,Uttarakhand,166659,India,Home
10142,7503,"H.No. 981
Mangat Zila",Katihar,Manipur,068548,India,Home
10143,7504,"16/00
Zacharia Chowk",Gandhidham,Uttar Pradesh,019238,India,Home
10144,7504,"97/306, Barad Circle",Sasaram,West Bengal,303717,India,Home
10145,7505,"H.No. 51
Modi Street",Kamarhati,Karnataka,713959,India,Home
10146,7505,"H.No. 132, Bhakta Path",Motihari,Arunachal Pradesh,199585,India,Home
10147,7505,"28, Kata Road",Jalandhar,Gujarat,544311,India,Home
10148,7506,"13/223, Majumdar Chowk",Udupi,Uttarakhand,278318,India,Office
10149,7506,"84/15
Venkatesh Circle",Hindupur,Mizoram,366246,India,Home
10150,7506,"39, Arya Road",Jhansi,Tripura,463842,India,Home
10151,7507,"44/330, Kashyap Ganj",Rohtak,Haryana,866798,India,Home
10152,7507,"H.No. 077
Pal Road",Serampore,Tripura,141423,India,Other
10153,7508,"02, Golla Zila",Durg,Tamil Nadu,938096,India,Other
10154,7509,"H.No. 20, Wadhwa",Kalyan-Dombivli,Tripura,591699,India,Home
10155,7509,"17/01, Mall",Latur,Telangana,878309,India,Home
10156,7510,"50/564
More Path",Navi Mumbai,Jharkhand,158983,India,Home
10157,7511,"19, Thaker Path",Meerut,Jharkhand,746092,India,Home
10158,7511,"372, Khanna Chowk",Kadapa,Nagaland,261512,India,Other
10159,7512,"397, Toor Road",Jodhpur,Odisha,775693,India,Home
10160,7513,"H.No. 167
Comar Chowk",Madhyamgram,Madhya Pradesh,079747,India,Home
10161,7513,"H.No. 75
Deshpande Circle",Kalyan-Dombivli,Kerala,505716,India,Other
10162,7514,"43/54, Garg Zila",Kurnool,Andhra Pradesh,220580,India,Home
10163,7515,"H.No. 160, Bajaj Nagar",Bahraich,Sikkim,745802,India,Home
10164,7515,"11/407
Acharya Zila",Etawah,Tripura,761362,India,Office
10165,7516,"06, Sastry Marg",Jamalpur,Haryana,590809,India,Home
10166,7516,"H.No. 201, Tak Marg",Bhiwandi,Haryana,097424,India,Office
10167,7517,"99
Goel Chowk",Berhampur,Telangana,321526,India,Home
10168,7518,"H.No. 822, Borah Circle",Rohtak,Uttarakhand,275459,India,Home
10169,7519,"76/754, Subramanian Nagar",Rohtak,West Bengal,113676,India,Home
10170,7520,"H.No. 89, Baria Marg",Bathinda,Goa,328956,India,Home
10171,7521,"H.No. 47
Pandit Marg",Bhagalpur,Chhattisgarh,415970,India,Home
10172,7522,"93, Sengupta Circle",Raiganj,Assam,905163,India,Office
10173,7522,"H.No. 98, Gokhale Zila",Erode,Odisha,710880,India,Office
10174,7523,"02, Dhar Street",Hapur,West Bengal,562042,India,Home
10175,7524,"H.No. 398, Rout Zila",Bilaspur,West Bengal,778653,India,Home
10176,7525,"H.No. 42, Mandal Ganj",Nellore,Meghalaya,387952,India,Home
10177,7526,"65/609
Oommen Zila",Berhampore,Gujarat,471911,India,Home
10178,7527,"17/62, Sankaran Marg",Bhatpara,Rajasthan,336392,India,Home
10179,7527,"847, Kala Chowk",Bangalore,Madhya Pradesh,542815,India,Home
10180,7528,"74/17, Bava Chowk",New Delhi,West Bengal,325274,India,Home
10181,7528,"42/61, Rastogi Circle",New Delhi,Gujarat,668556,India,Home
10182,7529,"15/778, Goswami Marg",Nagercoil,Haryana,670928,India,Home
10183,7530,"968, Sura Path",Gudivada,Nagaland,755701,India,Home
10184,7530,"H.No. 367
Borra Ganj",Kadapa,Andhra Pradesh,787322,India,Home
10185,7531,"H.No. 46, Kala Zila",Siliguri,Bihar,810404,India,Office
10186,7532,"68/377, Panchal Street",Bahraich,Goa,929285,India,Home
10187,7532,"15/075
Chada Marg",Kanpur,Jharkhand,686649,India,Home
10188,7533,"89/013
Sidhu Chowk",Ballia,Uttar Pradesh,404993,India,Home
10189,7534,"92/62, Sarin Road",Amritsar,Rajasthan,340099,India,Home
10190,7535,"H.No. 02, Devi Circle",Erode,Goa,814434,India,Home
10191,7535,"H.No. 64, Talwar",Jaipur,Gujarat,306085,India,Home
10192,7536,"92/399, Pathak Circle",Hindupur,Bihar,667927,India,Office
10193,7537,"59/14, Grewal Zila",Hosur,Andhra Pradesh,424410,India,Home
10194,7538,"15/448, Khare Ganj",Jaipur,Goa,477071,India,Home
10195,7539,"79, Khurana Nagar",Kulti,Telangana,798321,India,Home
10196,7540,"06, Keer Nagar",Belgaum,Sikkim,884798,India,Home
10197,7541,"H.No. 29, Dube Street",Tumkur,Odisha,733562,India,Home
10198,7542,"32/45, Puri Ganj",Dhule,Nagaland,221174,India,Home
10199,7543,"83/07, Warrior Path",Berhampur,Tamil Nadu,844564,India,Home
10200,7544,"H.No. 590
Naik",Jalgaon,Kerala,870630,India,Home
10201,7545,"08/95, Nanda Chowk",Ongole,Arunachal Pradesh,270394,India,Home
10202,7546,"64/36
Ramakrishnan Road",Madhyamgram,Sikkim,542581,India,Home
10203,7546,"H.No. 821, Doctor Ganj",Nellore,Manipur,087098,India,Home
10204,7547,"H.No. 196
Ray Circle",Mathura,Uttarakhand,808908,India,Home
10205,7547,"10/510, Nadig Zila",Navi Mumbai,Arunachal Pradesh,100819,India,Office
10206,7548,"60
Chowdhury Road",Kakinada,Chhattisgarh,545433,India,Office
10207,7549,"H.No. 73
Dugar Zila",Madurai,Himachal Pradesh,225140,India,Home
10208,7550,"02/97, Palla Circle",Anantapuram,West Bengal,159201,India,Home
10209,7551,"H.No. 64
Rastogi Chowk",Siliguri,Karnataka,071650,India,Home
10210,7552,"05/867, Patel Nagar",Jehanabad,Tamil Nadu,185617,India,Home
10211,7553,"H.No. 866, Amble Path",Nandyal,Rajasthan,690145,India,Home
10212,7554,"H.No. 91, Master Marg",Rourkela,Bihar,986308,India,Home
10213,7555,"62/924
Konda Street",Karaikudi,Nagaland,615233,India,Home
10214,7555,"012
Bhattacharyya Nagar",Begusarai,West Bengal,508177,India,Home
10215,7556,"59/20, Dhillon",Warangal,Uttarakhand,424533,India,Home
10216,7557,"801
Pai Zila",Gandhinagar,Meghalaya,433775,India,Home
10217,7557,"14/922
Borah Nagar",Tadipatri,Andhra Pradesh,468290,India,Other
10218,7557,"60/739, Lanka Chowk",Bahraich,Uttarakhand,209288,India,Home
10219,7558,"40/307, Khurana Ganj",Mathura,Assam,776210,India,Home
10220,7559,"16/87
Sule Nagar",Shivpuri,Chhattisgarh,635206,India,Office
10221,7560,"77/86
Mohan Ganj",Jodhpur,Mizoram,921275,India,Office
10222,7560,"339, Murthy Circle",Thiruvananthapuram,Manipur,011409,India,Home
10223,7561,"H.No. 271
Trivedi Nagar",Howrah,Goa,558241,India,Home
10224,7561,"08/808
Deol Marg",Shimla,Arunachal Pradesh,933061,India,Home
10225,7562,"112
Sha Road",Farrukhabad,Haryana,302614,India,Home
10226,7563,"H.No. 851, Madan Road",Mysore,Tripura,478735,India,Home
10227,7563,"H.No. 422, Dhar Circle",Rohtak,Mizoram,250294,India,Home
10228,7564,"466
Bajwa Zila",Sultan Pur Majra,Maharashtra,560383,India,Home
10229,7564,"H.No. 450
Kibe Road",Indore,Gujarat,307459,India,Office
10230,7564,"80/037
Sani Chowk",Muzaffarpur,Assam,150529,India,Home
10231,7565,"50/54, Edwin Chowk",Thane,Punjab,108784,India,Home
10232,7566,"H.No. 77, Sant Nagar",Gurgaon,West Bengal,581123,India,Home
10233,7567,"364, Oommen Road",Amroha,Manipur,301235,India,Office
10234,7568,"52/49, Chander Street",Dharmavaram,Tripura,148275,India,Home
10235,7568,"41, Wadhwa Nagar",Darbhanga,Gujarat,496729,India,Home
10236,7569,"200
Devan Street",Bharatpur,Punjab,946279,India,Home
10237,7569,"H.No. 44
Thaman Marg",Jodhpur,Rajasthan,549596,India,Home
10238,7569,"74
Karnik Ganj",Berhampur,Haryana,609812,India,Office
10239,7570,"52
Shankar Zila",Bikaner,Maharashtra,685859,India,Home
10240,7571,"58, Edwin Chowk",Dehri,Assam,216027,India,Home
10241,7572,"41
Bains Nagar",Hosur,Kerala,683895,India,Home
10242,7573,"71/109, Viswanathan",Kumbakonam,Punjab,337875,India,Home
10243,7574,"24/794
Yogi Path",Faridabad,Mizoram,241741,India,Home
10244,7575,"93/63, Sampath Chowk",Kurnool,Tripura,381980,India,Home
10245,7576,"77/851, Sandhu Path",Chennai,Nagaland,770920,India,Office
10246,7576,"60/92
Mallick Road",Raipur,Assam,828285,India,Home
10247,7577,"532
Khosla Circle",Bulandshahr,Sikkim,569452,India,Home
10248,7577,"H.No. 805, Datta Road",Kirari Suleman Nagar,Andhra Pradesh,596751,India,Home
10249,7578,"H.No. 045
Narain",Bhind,Bihar,500265,India,Home
10250,7579,"26/77
Gade Marg",Ballia,West Bengal,826997,India,Home
10251,7579,"83
Panchal Road",Etawah,Sikkim,935852,India,Home
10252,7580,"559, Mukhopadhyay Street",Jhansi,Jharkhand,074400,India,Home
10253,7581,"72, Radhakrishnan Circle",Parbhani,Meghalaya,956493,India,Home
10254,7582,"90/449, Bansal Road",Uluberia,Arunachal Pradesh,103439,India,Other
10255,7582,"H.No. 415, Vala",Visakhapatnam,Tamil Nadu,134474,India,Home
10256,7583,"83/329
Sarraf Circle",Khandwa,Karnataka,278551,India,Other
10257,7584,"34/238, Johal Path",Gwalior,Himachal Pradesh,006382,India,Home
10258,7585,"19/36, Pal Ganj",Aligarh,Goa,681678,India,Home
10259,7586,"H.No. 46, Muni Ganj",Malda,Assam,101497,India,Home
10260,7587,"91/69
Ranganathan Chowk",Raichur,Haryana,390908,India,Home
10261,7588,"16/693
Mann Ganj",Latur,Tamil Nadu,887563,India,Home
10262,7589,"76/49
Radhakrishnan Ganj",Miryalaguda,Uttarakhand,143910,India,Home
10263,7589,"90/05, Mukherjee Road",Saharanpur,Arunachal Pradesh,749742,India,Home
10264,7590,"22/892, Babu",Anand,Goa,283903,India,Home
10265,7591,"H.No. 66, Karnik Street",Warangal,Uttarakhand,050038,India,Home
10266,7592,"77/631, Kata Ganj",Sagar,Punjab,698697,India,Other
10267,7593,"H.No. 060, Bora Path",Siliguri,Manipur,429235,India,Home
10268,7593,"44/343, Doctor Circle",Kolkata,Meghalaya,048362,India,Office
10269,7594,"H.No. 973, Sastry",Anantapuram,Gujarat,690245,India,Home
10270,7595,"H.No. 503, Pai Ganj",Agartala,Meghalaya,882562,India,Home
10271,7596,"H.No. 02
Krishnan Path",Nizamabad,Mizoram,812780,India,Office
10272,7597,"H.No. 59
Sha",Bulandshahr,Gujarat,821503,India,Home
10273,7598,"H.No. 09, Nath",Sagar,Rajasthan,522667,India,Home
10274,7599,"66/09
Prabhakar Path",Nagpur,Chhattisgarh,870762,India,Office
10275,7600,"H.No. 259, Tiwari Path",Jaipur,Manipur,282611,India,Home
10276,7600,"64/212, Tak Zila",Varanasi,Punjab,595312,India,Home
10277,7601,"57
Kumar Chowk",Dhule,Assam,319921,India,Home
10278,7602,"H.No. 295, Patla Ganj",Jorhat,Uttar Pradesh,643885,India,Home
10279,7602,"H.No. 59
Ramachandran Road",Kurnool,Arunachal Pradesh,056117,India,Home
10280,7603,"966
Kadakia Road",Ramgarh,Bihar,888636,India,Home
10281,7603,"980, Gola Marg",Bhalswa Jahangir Pur,Goa,192895,India,Office
10282,7604,"74, Lal Chowk",Pali,Himachal Pradesh,113501,India,Home
10283,7605,"74/733, Khare Chowk",Mira-Bhayandar,Manipur,789569,India,Home
10284,7605,"H.No. 320, Raval Ganj",Anantapur,Uttarakhand,378821,India,Home
10285,7606,"397, Butala Street",Alappuzha,West Bengal,891317,India,Office
10286,7607,"H.No. 03
Kala Circle",Sambhal,Jharkhand,704183,India,Home
10287,7607,"00/66
Raj Marg",Dehradun,Maharashtra,206426,India,Home
10288,7608,"239, Bhatti Road",Shivpuri,Odisha,132673,India,Home
10289,7609,"H.No. 878, Sheth Street",Firozabad,Tripura,383139,India,Home
10290,7610,"16/010, Chakraborty Path",Ahmednagar,Andhra Pradesh,272130,India,Home
10291,7611,"H.No. 22
Madan Zila",Jodhpur,Tamil Nadu,301279,India,Home
10292,7612,"H.No. 15
Dyal Ganj",Durg,Meghalaya,015898,India,Office
10293,7613,"29, Borah Chowk",Bidar,Manipur,219449,India,Home
10294,7613,"63/228
Bose Nagar",Jalgaon,Assam,925360,India,Home
10295,7613,"067
Solanki Ganj",Nandyal,Uttar Pradesh,835108,India,Office
10296,7614,"37/11
Mitra Street",Kirari Suleman Nagar,Karnataka,852567,India,Office
10297,7615,"965, Mohanty Street",Allahabad,Kerala,779575,India,Home
10298,7616,"H.No. 11, Ramachandran Street",Thanjavur,Maharashtra,303576,India,Home
10299,7617,"49/574, Parikh Street",Dehri,Goa,016834,India,Home
10300,7617,"13/98, Rajagopalan Chowk",Nizamabad,Rajasthan,178578,India,Home
10301,7618,"H.No. 297, Chandra Street",Katni,Chhattisgarh,892566,India,Home
10302,7619,"96/328
Narula",Gandhidham,Nagaland,995588,India,Home
10303,7620,"H.No. 449
Rajagopalan Street",Mira-Bhayandar,Bihar,546193,India,Office
10304,7621,"31/10
Behl Marg",Aurangabad,Jharkhand,144236,India,Home
10305,7622,"99/087
Seth Chowk",Baranagar,Gujarat,642755,India,Office
10306,7623,"51, Wason Marg",Kollam,Punjab,827495,India,Home
10307,7624,"H.No. 51, Narasimhan Street",Gudivada,Goa,768691,India,Office
10308,7625,"H.No. 029, Goel Marg",Varanasi,Mizoram,364971,India,Home
10309,7626,"63/14, Balasubramanian Street",Bokaro,Kerala,970081,India,Home
10310,7627,"H.No. 831, Dube",Varanasi,Manipur,667966,India,Home
10311,7628,"292, Sarma",Satna,Andhra Pradesh,932657,India,Home
10312,7628,"46, Choudhury",Bhopal,Tripura,694401,India,Home
10313,7629,"H.No. 59
Gopal Circle",Bangalore,Bihar,438960,India,Office
10314,7630,"H.No. 298, Bala Circle",Agartala,Meghalaya,839461,India,Home
10315,7631,"H.No. 64
Gala Street",Danapur,Uttarakhand,630881,India,Home
10316,7632,"51/888
Subramaniam Chowk",Agra,Odisha,922644,India,Home
10317,7633,"27/702
Dhillon Circle",Hajipur,Rajasthan,459610,India,Office
10318,7634,"23/67, Sule Street",Ambala,Rajasthan,210864,India,Home
10319,7634,"H.No. 25
Panchal Road",Anantapuram,Haryana,313959,India,Home
10320,7635,"H.No. 123, Bahri Path",Buxar,Punjab,265128,India,Home
10321,7636,"93/764
Lalla Ganj",Mahbubnagar,Karnataka,659100,India,Office
10322,7637,"H.No. 390, Nadig",South Dumdum,Karnataka,862021,India,Home
10323,7637,"907, Vyas Nagar",Gandhinagar,Bihar,531723,India,Home
10324,7637,"01
Mann Marg",Nashik,Manipur,528828,India,Office
10325,7638,"H.No. 253
Srinivasan Path",Dehri,Assam,603083,India,Home
10326,7638,"89
Shukla Street",Morbi,Meghalaya,107631,India,Office
10327,7639,"H.No. 854, Sengupta Zila",Katihar,Maharashtra,984594,India,Home
10328,7640,"97/529
Singhal Chowk",Anantapur,Tripura,172717,India,Home
10329,7641,"H.No. 063, Kar Circle",Jamshedpur,West Bengal,939987,India,Home
10330,7642,"723
Ray Zila",Gurgaon,Meghalaya,460045,India,Home
10331,7643,"777
Barman Zila",Allahabad,Sikkim,229444,India,Home
10332,7644,"77/30, Narang Path",Lucknow,Uttarakhand,694567,India,Home
10333,7644,"71/16, Gala Zila",Nellore,Madhya Pradesh,876247,India,Home
10334,7645,"27
Krishna Nagar",Tinsukia,Rajasthan,634280,India,Home
10335,7645,"454
Goswami Road",Pimpri-Chinchwad,Goa,071220,India,Home
10336,7646,"H.No. 54, Puri Nagar",Aizawl,Karnataka,706915,India,Office
10337,7647,"12/744
Shenoy Zila",Sikar,Maharashtra,836955,India,Home
10338,7648,"H.No. 952
Chopra Path",Salem,Gujarat,189743,India,Home
10339,7649,"H.No. 132
Babu Path",Pudukkottai,Telangana,931597,India,Home
10340,7650,"H.No. 794, Chander Ganj",Rourkela,Rajasthan,288076,India,Home
10341,7651,"522
Mangal Nagar",Nagercoil,Haryana,375056,India,Home
10342,7652,"57
Khatri Chowk",Ghaziabad,Madhya Pradesh,157332,India,Office
10343,7653,"16/958, Chanda Ganj",Jorhat,Madhya Pradesh,414795,India,Office
10344,7654,"557
Patla Zila",Bangalore,Uttar Pradesh,332416,India,Home
10345,7654,"H.No. 376, Varty Ganj",Kolkata,Bihar,358271,India,Office
10346,7655,"89, Parekh Zila",Amritsar,Sikkim,213770,India,Home
10347,7655,"664
Pradhan",Dharmavaram,Nagaland,371104,India,Home
10348,7655,"H.No. 14, Korpal Circle",Unnao,Mizoram,700176,India,Office
10349,7656,"19/132
Boase Road",Ranchi,Himachal Pradesh,613957,India,Home
10350,7657,"20, Shukla Zila",Delhi,Assam,056857,India,Other
10351,7657,"93, Varkey Ganj",Bikaner,Jharkhand,910201,India,Home
10352,7658,"467, Sama Chowk",Ballia,West Bengal,778858,India,Home
10353,7658,"H.No. 512, Sangha Ganj",Secunderabad,Rajasthan,859506,India,Home
10354,7659,"080
Bajaj Nagar",Davanagere,Maharashtra,991165,India,Office
10355,7660,"91/28
Virk",Gudivada,Bihar,080330,India,Home
10356,7661,"H.No. 77, Solanki Chowk",Patiala,Gujarat,097117,India,Home
10357,7661,"H.No. 25, Thakur Circle",Bhilwara,Sikkim,475812,India,Office
10358,7661,"H.No. 336, Chawla Path",Kharagpur,Bihar,987701,India,Home
10359,7662,"171
Doshi Road",Proddatur,Haryana,791508,India,Office
10360,7663,"59
Basu Ganj",Tezpur,Sikkim,592749,India,Office
10361,7663,"68/427, Shanker Circle",Yamunanagar,Maharashtra,667701,India,Home
10362,7664,"H.No. 07
Nori",Navi Mumbai,Manipur,800298,India,Home
10363,7664,"H.No. 54
Sharaf Nagar",Meerut,Tripura,272353,India,Home
10364,7665,"39/18, Karnik Path",Bhubaneswar,Uttar Pradesh,113986,India,Home
10365,7666,"41, Kapur",Ramgarh,Kerala,061576,India,Home
10366,7666,"H.No. 465, Thaman Nagar",Ghaziabad,Kerala,907026,India,Office
10367,7667,"25/50
Kuruvilla Ganj",Akola,Nagaland,090279,India,Home
10368,7667,"H.No. 189, Bassi Chowk",Kirari Suleman Nagar,Himachal Pradesh,639759,India,Home
10369,7668,"82/14
Upadhyay Nagar",Rajpur Sonarpur,Goa,967938,India,Home
10370,7668,"57/668, Atwal Nagar",Dehri,Kerala,474506,India,Home
10371,7668,"H.No. 545, Dhaliwal Path",Bhimavaram,Chhattisgarh,557058,India,Home
10372,7669,"113, Lanka Chowk",Pudukkottai,Jharkhand,373145,India,Home
10373,7670,"H.No. 162, Borah Street",Burhanpur,Uttarakhand,147184,India,Home
10374,7670,"11
Sane Circle",Mahbubnagar,Kerala,940995,India,Office
10375,7670,"07
Zacharia Ganj",Vijayanagaram,Gujarat,016984,India,Home
10376,7671,"H.No. 78
Reddy Ganj",Deoghar,Mizoram,163099,India,Home
10377,7672,"H.No. 21, Prabhakar Path",Parbhani,Nagaland,798911,India,Home
10378,7673,"H.No. 27
Mody Path",Saharanpur,Tripura,373828,India,Home
10379,7674,"H.No. 029
Grewal Chowk",Guntakal,Bihar,153099,India,Home
10380,7675,"39/692
Dhawan Zila",Ghaziabad,Haryana,351843,India,Home
10381,7675,"38, Gera Nagar",Rajkot,Sikkim,232300,India,Office
10382,7676,"H.No. 16, Trivedi",Dehri,Sikkim,845567,India,Home
10383,7677,"96/73, Sinha Nagar",Phusro,Goa,798067,India,Office
10384,7678,"861
Divan Zila",Madanapalle,Chhattisgarh,926945,India,Office
10385,7679,"H.No. 568
Bhakta Circle",Navi Mumbai,Meghalaya,768096,India,Home
10386,7680,"57, Gala Path",Pudukkottai,Arunachal Pradesh,291991,India,Home
10387,7681,"80/70
Guha Zila",Raebareli,Arunachal Pradesh,586976,India,Home
10388,7681,"909
Badal Path",Panihati,Andhra Pradesh,731657,India,Home
10389,7682,"H.No. 33
Lata Path",Nagpur,Karnataka,475088,India,Office
10390,7683,"62/49, Magar Marg",Salem,Telangana,079528,India,Home
10391,7683,"51/37, Pandit",Saharsa,Meghalaya,056599,India,Home
10392,7684,"09/54, Behl Chowk",Bhagalpur,Odisha,922995,India,Office
10393,7685,"93, Dhaliwal Street",Kollam,Telangana,513391,India,Home
10394,7685,"175
Kuruvilla Road",Singrauli,Kerala,711540,India,Home
10395,7686,"31/565, Kurian Road",Jaunpur,Chhattisgarh,180552,India,Office
10396,7687,"06/03, Lalla Chowk",Hosur,Tripura,969303,India,Office
10397,7687,"36
Merchant Nagar",Katni,Mizoram,140036,India,Office
10398,7688,"01/600
Mukherjee Chowk",Bhilai,Uttarakhand,222114,India,Home
10399,7688,"54, Edwin Marg",Tumkur,Bihar,751627,India,Home
10400,7689,"35
Patel Road",Avadi,Arunachal Pradesh,280441,India,Home
10401,7690,"37/100
Radhakrishnan Chowk",Malda,Karnataka,435175,India,Home
10402,7690,"H.No. 16
Balasubramanian Zila",Allahabad,Madhya Pradesh,209000,India,Office
10403,7691,"H.No. 224, Prashad Chowk",Kurnool,Gujarat,183190,India,Office
10404,7692,"08/75
Sidhu Path",Guwahati,Haryana,856243,India,Office
10405,7692,"047
Butala Circle",Mira-Bhayandar,Uttar Pradesh,459130,India,Home
10406,7693,"H.No. 62
Banerjee",Bhiwani,Punjab,829154,India,Home
10407,7693,"97/975
Deshmukh Circle",Anantapuram,Karnataka,427369,India,Office
10408,7694,"H.No. 55, Chaudry Street",Arrah,Telangana,908859,India,Office
10409,7695,"32, Samra Path",Raichur,Haryana,190489,India,Home
10410,7696,"41, Yogi",Proddatur,Arunachal Pradesh,616268,India,Home
10411,7697,"84/80
Magar Path",Ambala,Manipur,314097,India,Office
10412,7698,"66/309
Verma Marg",Mau,Madhya Pradesh,100426,India,Office
10413,7699,"H.No. 60, Setty Zila",Aurangabad,Chhattisgarh,295495,India,Home
10414,7699,"35/003
Kalita Chowk",Miryalaguda,Uttarakhand,215560,India,Home
10415,7700,"298, Vohra Road",Gurgaon,Maharashtra,447070,India,Home
10416,7701,"048
Palla Marg",Anantapuram,Meghalaya,455257,India,Home
10417,7701,"H.No. 07
Mital",Naihati,Rajasthan,012567,India,Home
10418,7702,"H.No. 398, Sheth Chowk",Phagwara,Uttar Pradesh,309901,India,Home
10419,7703,"79/305, Zacharia Zila",South Dumdum,Manipur,340698,India,Home
10420,7703,"310
Nagy Zila",Pali,Manipur,331090,India,Home
10421,7704,"78, Dugal Street",Kurnool,Tamil Nadu,813664,India,Office
10422,7705,"80, Patla Street",Rourkela,Haryana,992019,India,Home
10423,7706,"H.No. 309
Batta Ganj",Delhi,Manipur,829461,India,Office
10424,7707,"H.No. 37, Menon Zila",Hajipur,Manipur,342249,India,Home
10425,7708,"H.No. 192
Pillay",Bangalore,Punjab,772763,India,Home
10426,7709,"H.No. 85, Mannan Chowk",Ahmednagar,Goa,799944,India,Home
10427,7709,"181, Lata Road",Bhind,Mizoram,211392,India,Home
10428,7710,"H.No. 018, Shere Road",Rajkot,Madhya Pradesh,514919,India,Office
10429,7711,"55/31, Sangha Circle",Amritsar,Chhattisgarh,489079,India,Home
10430,7712,"09, Ahluwalia Chowk",Korba,Uttar Pradesh,326674,India,Home
10431,7713,"H.No. 738, Date Road",Ranchi,Tripura,339179,India,Home
10432,7714,"H.No. 32
Patla",Gopalpur,Himachal Pradesh,295187,India,Home
10433,7714,"08/153
Ramanathan Chowk",Avadi,Nagaland,965284,India,Home
10434,7714,"H.No. 333
Prashad Zila",Durgapur,Kerala,409930,India,Other
10435,7715,"38
Suresh Nagar",Dindigul,West Bengal,231456,India,Office
10436,7716,"70/88, Gupta Zila",Gwalior,Tamil Nadu,993729,India,Home
10437,7716,"44/10, Pall Path",Sagar,Haryana,320876,India,Office
10438,7717,"06/317, De",Pali,Assam,470772,India,Home
10439,7717,"H.No. 70, Nadkarni Path",Mehsana,Bihar,335978,India,Office
10440,7717,"43/244, Varty Chowk",Varanasi,Rajasthan,948960,India,Office
10441,7718,"74
Edwin Marg",Begusarai,Gujarat,344806,India,Home
10442,7719,"H.No. 68
Kadakia Circle",Pali,West Bengal,916498,India,Office
10443,7719,"22
Thakkar Street",Yamunanagar,Himachal Pradesh,203231,India,Home
10444,7720,"265, Bhatt Road",Nagercoil,Rajasthan,917422,India,Home
10445,7721,"H.No. 56, Bora Zila",Chittoor,Rajasthan,379931,India,Home
10446,7722,"623
Dube Circle",Ballia,Bihar,756863,India,Home
10447,7723,"172
Khalsa Ganj",Thiruvananthapuram,Jharkhand,545538,India,Office
10448,7723,"07/815
Palan Chowk",Berhampur,Tamil Nadu,115596,India,Home
10449,7724,"H.No. 42
Hegde Circle",Chennai,Rajasthan,474211,India,Home
10450,7725,"38/531
Sharaf Nagar",Kanpur,Manipur,434139,India,Office
10451,7725,"H.No. 72
Kamdar Zila",Jhansi,Punjab,823495,India,Home
10452,7726,"93/568
Contractor Zila",Udupi,Chhattisgarh,288421,India,Home
10453,7727,"43, Talwar Path",Hazaribagh,Jharkhand,526099,India,Home
10454,7728,"95/77
Sengupta Marg",Davanagere,Rajasthan,190865,India,Home
10455,7728,"761
Pillay Circle",Hajipur,Arunachal Pradesh,000146,India,Home
10456,7729,"H.No. 851, Parmer",Gandhinagar,Uttar Pradesh,743522,India,Home
10457,7730,"23
Chahal Chowk",Patna,Gujarat,938406,India,Home
10458,7731,"19/914
Kibe Nagar",Vijayawada,Manipur,260958,India,Home
10459,7731,"H.No. 78
Dugar Street",Bathinda,Bihar,500787,India,Other
10460,7732,"548, Mutti Street",Bidhannagar,Tripura,398733,India,Home
10461,7732,"665
Sinha Path",Hajipur,Mizoram,126746,India,Home
10462,7733,"976, Bal Zila",Thanjavur,Jharkhand,569241,India,Home
10463,7734,"35/95, Minhas Zila",Mathura,Odisha,303621,India,Home
10464,7734,"19/76
Gaba Chowk",Durgapur,Nagaland,000626,India,Home
10465,7734,"01, Kumar Street",Kadapa,Tripura,725547,India,Office
10466,7735,"20/39, Rama Zila",Bellary,Tripura,520290,India,Home
10467,7736,"72/44
Swaminathan Marg",Panchkula,Assam,986898,India,Home
10468,7737,"47/37, Chaudhari Marg",Malda,Meghalaya,529736,India,Home
10469,7738,"940, Saini Ganj",Nagaon,Rajasthan,423015,India,Home
10470,7739,"25/21, Narang Chowk",Amravati,Arunachal Pradesh,070326,India,Office
10471,7740,"755
Sur Circle",Phusro,Mizoram,679888,India,Home
10472,7741,"78/00
Nigam Chowk",Rajahmundry,Andhra Pradesh,795721,India,Home
10473,7742,"30, Sarna Zila",Akola,Jharkhand,004335,India,Office
10474,7743,"H.No. 70
Brar Chowk",Mau,Jharkhand,312217,India,Home
10475,7744,"27, Master Street",Chandigarh,Tripura,381504,India,Home
10476,7745,"H.No. 48
Magar Road",Nadiad,Gujarat,095275,India,Home
10477,7745,"H.No. 038
Bhasin Circle",Bhilwara,Manipur,659317,India,Home
10478,7746,"28/87, Pathak Path",Darbhanga,Uttar Pradesh,238943,India,Office
10479,7747,"26/04
Khosla Circle",Rourkela,Jharkhand,072866,India,Home
10480,7748,"H.No. 414
Shroff Street",Belgaum,Goa,711392,India,Home
10481,7749,"79/78
Misra Chowk",Alappuzha,Telangana,268915,India,Home
10482,7749,"83/30
Bedi Path",Sambalpur,Maharashtra,058991,India,Office
10483,7750,"60/388, Radhakrishnan Zila",Nandyal,West Bengal,794220,India,Home
10484,7751,"H.No. 57, Bali Road",Bijapur,Goa,246074,India,Home
10485,7752,"H.No. 303
Nadkarni Chowk",Secunderabad,Rajasthan,914044,India,Home
10486,7752,"77/491, Mandal Marg",Latur,Himachal Pradesh,088094,India,Home
10487,7753,"H.No. 834
Balay Zila",Narasaraopet,Chhattisgarh,268911,India,Home
10488,7753,"18/56, Shukla Chowk",Gwalior,Uttarakhand,062325,India,Home
10489,7754,"98
Raghavan",Katihar,Himachal Pradesh,952588,India,Office
10490,7755,"12/725, Samra Chowk",Jamalpur,Karnataka,628944,India,Home
10491,7756,"359, Rama Nagar",Siwan,Rajasthan,563882,India,Office
10492,7757,"21/46, Raju Road",Rourkela,West Bengal,600650,India,Office
10493,7757,"82
Chandra",Gorakhpur,Tripura,009132,India,Home
10494,7757,"H.No. 736
Chandra Ganj",Ozhukarai,West Bengal,098723,India,Home
10495,7758,"23/57, Nazareth Zila",Hyderabad,Maharashtra,423499,India,Office
10496,7759,"526, Saran Marg",Bhatpara,Kerala,053678,India,Home
10497,7759,"73/61
Murthy Road",Sonipat,Uttarakhand,843749,India,Home
10498,7760,"91/579, Korpal Nagar",Ambarnath,Mizoram,711431,India,Home
10499,7761,"H.No. 310
Mand Zila",Thoothukudi,Manipur,762924,India,Home
10500,7762,"55/19, Barad Zila",Mehsana,Chhattisgarh,323089,India,Home
10501,7762,"681, Kamdar Marg",Saharanpur,Himachal Pradesh,239019,India,Home
10502,7763,"H.No. 256
Bhakta Road",Guna,Andhra Pradesh,148277,India,Home
10503,7763,"H.No. 73
Purohit",Mehsana,Punjab,595942,India,Home
10504,7763,"61/925, Prasad Chowk",Navi Mumbai,Uttarakhand,021501,India,Home
10505,7764,"57
Lalla Chowk",Indore,West Bengal,981932,India,Home
10506,7765,"47
Virk Ganj",Bhagalpur,Manipur,549104,India,Home
10507,7766,"32/92
Kohli Ganj",Amroha,Uttar Pradesh,244194,India,Home
10508,7767,"H.No. 811
Mannan Road",Proddatur,Odisha,290176,India,Home
10509,7768,"H.No. 791, Sen Street",Barasat,Assam,311189,India,Home
10510,7768,"13, Arora Ganj",Ambarnath,Meghalaya,491459,India,Home
10511,7769,"66/81
Saxena",Kumbakonam,Maharashtra,406370,India,Office
10512,7770,"H.No. 08, Vyas Marg",Bidhannagar,Manipur,285911,India,Home
10513,7770,"84/695
Shukla",Mysore,Tamil Nadu,423633,India,Office
10514,7771,"14, Dara Marg",Vijayawada,Haryana,645462,India,Office
10515,7772,"H.No. 442
Chaudry",Pudukkottai,Uttarakhand,108318,India,Office
10516,7773,"39/158
Suri Path",Bangalore,Bihar,925761,India,Home
10517,7773,"06, Buch Circle",Berhampore,Sikkim,284968,India,Home
10518,7774,"36/88
Khatri",Imphal,Goa,795969,India,Office
10519,7775,"67/166, Zachariah Path",Amravati,Chhattisgarh,932250,India,Home
10520,7775,"17/70, Narang Path",Aligarh,Tripura,923202,India,Office
10521,7776,"661
Verma Chowk",Kurnool,Kerala,056023,India,Home
10522,7777,"97
Tara Road",Jhansi,Haryana,274941,India,Home
10523,7777,"66/47, Biswas Chowk",Katihar,Chhattisgarh,796264,India,Home
10524,7777,"H.No. 56
Memon Nagar",Bijapur,Manipur,420567,India,Office
10525,7778,"52/810
Brar Zila",Chandrapur,Gujarat,282043,India,Home
10526,7779,"464
Taneja",Sirsa,Goa,372476,India,Home
10527,7780,"80, Taneja Marg",Farrukhabad,Chhattisgarh,113240,India,Home
10528,7781,"150
Biswas Path",Bahraich,Jharkhand,319166,India,Office
10529,7782,"H.No. 287
Samra Chowk",Salem,Assam,066705,India,Office
10530,7783,"49
Barad Ganj",Bhavnagar,Mizoram,305875,India,Office
10531,7784,"886
Borah Marg",Raipur,Rajasthan,440829,India,Home
10532,7784,"H.No. 72, Gole Path",Coimbatore,Karnataka,965346,India,Home
10533,7785,"H.No. 81
Solanki Path",Arrah,Nagaland,262658,India,Office
10534,7786,"94/876
Kala",Jaunpur,Arunachal Pradesh,453234,India,Office
10535,7787,"350
Rajagopalan Road",Bally,Tamil Nadu,489869,India,Home
10536,7787,"852, Sengupta Marg",Karawal Nagar,Arunachal Pradesh,857714,India,Home
10537,7787,"10/254, Jha Zila",Sirsa,Jharkhand,869751,India,Office
10538,7788,"09/83, Bhakta Path",Morbi,Jharkhand,581835,India,Office
10539,7788,"500
Parekh Path",Latur,West Bengal,608317,India,Home
10540,7789,"H.No. 05
Rao Road",Anand,Andhra Pradesh,303376,India,Home
10541,7790,"035, Sanghvi Marg",Adoni,Meghalaya,102350,India,Home
10542,7791,"432
Rai Zila",Mau,Goa,354332,India,Home
10543,7792,"47/765, Khalsa Path",Tirunelveli,Manipur,605304,India,Home
10544,7793,"376
Tandon Zila",Imphal,Jharkhand,826785,India,Home
10545,7794,"502
Apte",Raichur,Karnataka,261862,India,Home
10546,7795,"H.No. 07, Lall Marg",Mira-Bhayandar,Sikkim,210252,India,Home
10547,7796,"70/626, Sami Path",Pallavaram,Jharkhand,611175,India,Office
10548,7797,"H.No. 330, Bassi Street",Jaipur,Madhya Pradesh,172455,India,Home
10549,7798,"784
Sahota Circle",Berhampore,Gujarat,778901,India,Office
10550,7798,"13/177
Dhingra Path",Amaravati,Odisha,582697,India,Home
10551,7799,"465, Bawa Nagar",Nagpur,Gujarat,227641,India,Office
10552,7799,"H.No. 04
Kanda Road",Durg,Tamil Nadu,406112,India,Home
10553,7800,"65/26
Mander Chowk",Sikar,Telangana,590161,India,Home
10554,7800,"346, Parikh Circle",Buxar,Himachal Pradesh,980617,India,Office
10555,7801,"264
Wali Circle",Kakinada,Rajasthan,425150,India,Home
10556,7802,"08
Zachariah Path",Hubli–Dharwad,Uttarakhand,981734,India,Home
10557,7802,"H.No. 056, Sahni Path",Ongole,Goa,731424,India,Home
10558,7802,"83/00
Din",Nadiad,Manipur,465622,India,Home
10559,7803,"H.No. 91
Malhotra Street",Muzaffarpur,Gujarat,315448,India,Home
10560,7804,"H.No. 82
Muni Marg",Bijapur,Mizoram,812762,India,Home
10561,7805,"27/111
Patla Marg",Ramgarh,Mizoram,240781,India,Office
10562,7806,"H.No. 11, Agate Street",Khora ,Sikkim,022852,India,Home
10563,7807,"67
Kaul Circle",Latur,Bihar,448908,India,Home
10564,7808,"58/77, Pingle Ganj",Howrah,Sikkim,604458,India,Home
10565,7809,"47/417, Bora",Firozabad,Sikkim,082921,India,Home
10566,7809,"H.No. 57
Salvi Chowk",Bulandshahr,Tripura,420550,India,Home
10567,7810,"018, Bail Marg",Loni,Manipur,154959,India,Home
10568,7811,"28/408, Kade",Ranchi,Odisha,176524,India,Home
10569,7811,"H.No. 609
Hari Marg",Varanasi,Assam,212539,India,Home
10570,7812,"07/345, Palan Street",Burhanpur,Maharashtra,480503,India,Home
10571,7813,"95/605
Kara Marg",Latur,Arunachal Pradesh,004106,India,Home
10572,7814,"H.No. 95
Tella Nagar",Bhimavaram,Assam,217651,India,Home
10573,7815,"59, Patel Road",Chennai,Chhattisgarh,575347,India,Home
10574,7815,"20/549, Master Chowk",Ramagundam,Meghalaya,765805,India,Home
10575,7816,"81/85, Shanker Path",Kurnool,Mizoram,734424,India,Office
10576,7817,"H.No. 398, Bose Chowk",Ballia,Telangana,741675,India,Office
10577,7818,"662, Solanki Marg",Phusro,Madhya Pradesh,349933,India,Home
10578,7818,"H.No. 02
Trivedi Nagar",Parbhani,Sikkim,467513,India,Home
10579,7819,"439
Ben Marg",Buxar,Arunachal Pradesh,791767,India,Home
10580,7820,"43/529, Butala Nagar",Raurkela Industrial Township,Mizoram,786901,India,Office
10581,7820,"583
Mohanty Path",Bhalswa Jahangir Pur,Himachal Pradesh,967674,India,Office
10582,7821,"55/491, Chawla Marg",Bharatpur,Nagaland,827218,India,Home
10583,7821,"01/756, Desai Nagar",Ujjain,Uttar Pradesh,010905,India,Home
10584,7822,"50/727, Balakrishnan Street",Karawal Nagar,Rajasthan,506454,India,Office
10585,7822,"H.No. 94, Patla Marg",Ballia,Mizoram,638446,India,Home
10586,7823,"H.No. 01, Swaminathan Street",Ujjain,Telangana,826762,India,Home
10587,7823,"H.No. 022
Bahl",Faridabad,Goa,241958,India,Office
10588,7824,"43
Ramaswamy Street",Shimoga,Gujarat,032950,India,Office
10589,7825,"36/86
Kota Chowk",Hospet,Chhattisgarh,876309,India,Home
10590,7826,"H.No. 27
Pillay Ganj",Delhi,Haryana,250991,India,Home
10591,7827,"51
Dhillon Street",Mumbai,Arunachal Pradesh,392401,India,Other
10592,7827,"45/38
Kanda Path",Berhampur,Odisha,692852,India,Office
10593,7828,"51, Bhatti Street",Visakhapatnam,Andhra Pradesh,973065,India,Office
10594,7828,"H.No. 237, Chad Marg",Bongaigaon,Odisha,775868,India,Home
10595,7829,"32/38
Date Zila",Kochi,Arunachal Pradesh,885427,India,Home
10596,7830,"96/971
Kurian Marg",Moradabad,Tamil Nadu,698324,India,Other
10597,7831,"H.No. 268, Bala Zila",Patiala,Sikkim,410121,India,Other
10598,7832,"578, Wason Chowk",Asansol,Telangana,026128,India,Home
10599,7833,"49/261, Chaudhuri Nagar",Dehri,Bihar,481350,India,Home
10600,7833,"25
Vig Zila",Agartala,Punjab,081689,India,Home
10601,7834,"21/720, Sule Street",Kochi,Madhya Pradesh,787916,India,Home
10602,7835,"47/439
Walla Path",Siwan,Kerala,179287,India,Home
10603,7836,"H.No. 816, Lad Ganj",Madanapalle,Uttarakhand,305785,India,Home
10604,7836,"07/851
Sodhi Path",Kharagpur,Goa,834434,India,Home
10605,7836,"51/294
Salvi Chowk",Hubli–Dharwad,Chhattisgarh,943703,India,Home
10606,7837,"H.No. 524
Deep Chowk",Saharsa,Rajasthan,009880,India,Home
10607,7837,"65, Som Zila",Nagercoil,Kerala,593170,India,Home
10608,7838,"253, Keer Zila",Udupi,Arunachal Pradesh,299039,India,Office
10609,7838,"348
Singh Nagar",Chandigarh,Bihar,451244,India,Office
10610,7839,"72/79
Krishnan",Nagercoil,Madhya Pradesh,227008,India,Other
10611,7840,"88/738, Sule Chowk",Gopalpur,Kerala,379086,India,Home
10612,7841,"H.No. 503, Deol Ganj",Korba,Bihar,012104,India,Home
10613,7842,"H.No. 812
Menon Street",Bongaigaon,Manipur,902741,India,Home
10614,7843,"H.No. 67, Karan Marg",Shimla,Tripura,568505,India,Home
10615,7844,"30
Karan Street",Latur,Jharkhand,320059,India,Home
10616,7844,"69
Chakrabarti Street",Suryapet,Himachal Pradesh,547913,India,Home
10617,7845,"53, Rao Nagar",Nellore,Bihar,589065,India,Home
10618,7846,"95/61
Apte Road",Tinsukia,Tamil Nadu,286077,India,Home
10619,7846,"37/80
Deshmukh Chowk",Gandhinagar,Rajasthan,361681,India,Home
10620,7847,"40/35
Dave Ganj",Munger,Gujarat,031442,India,Home
10621,7848,"30/392, Menon Circle",Bareilly,Goa,681331,India,Home
10622,7849,"390
Virk Path",Proddatur,Telangana,085576,India,Other
10623,7850,"554
Sant Road",Yamunanagar,Sikkim,422403,India,Office
10624,7851,"27/53
Dhingra Road",Ambarnath,Uttar Pradesh,393280,India,Home
10625,7852,"26
Divan Path",Shahjahanpur,Telangana,385882,India,Home
10626,7853,"H.No. 607, Dixit Chowk",Rajahmundry,Gujarat,978862,India,Home
10627,7854,"18/43
Chand Ganj",Tadipatri,Assam,383107,India,Office
10628,7854,"54/295
Prabhakar Path",Belgaum,Sikkim,992144,India,Home
10629,7854,"007, Nagarajan",Bongaigaon,Mizoram,141526,India,Home
10630,7855,"43/605
Choudhry Zila",Avadi,Kerala,942748,India,Other
10631,7856,"44/02, Jayaraman Path",Chinsurah,Arunachal Pradesh,146670,India,Home
10632,7857,"H.No. 742, Balakrishnan Path",Tinsukia,Assam,394635,India,Office
10633,7858,"05/056, Sabharwal",Ajmer,Uttarakhand,141175,India,Home
10634,7859,"255, Chaudhari Path",Bahraich,Haryana,715430,India,Home
10635,7860,"H.No. 61, Thakur Zila",Etawah,Rajasthan,288077,India,Home
10636,7861,"H.No. 18
Andra Chowk",Amritsar,Telangana,652661,India,Home
10637,7861,"H.No. 667, Panchal Zila",Katni,Assam,164574,India,Home
10638,7862,"H.No. 71, Dugar Chowk",Hubli–Dharwad,West Bengal,489644,India,Home
10639,7863,"H.No. 390
Rout Chowk",Kulti,Gujarat,713815,India,Home
10640,7864,"23
Raja Path",Guntakal,West Bengal,512970,India,Home
10641,7865,"21
Bath Chowk",Munger,Sikkim,731766,India,Office
10642,7866,"H.No. 52
Thakkar Nagar",Bokaro,Gujarat,616458,India,Home
10643,7867,"H.No. 99, Sabharwal Street",Jhansi,Andhra Pradesh,362321,India,Office
10644,7868,"404, Dara Road",Fatehpur,Karnataka,140640,India,Home
10645,7869,"62/656, Acharya Marg",Bangalore,Manipur,048800,India,Home
10646,7869,"105
Rastogi Street",Indore,Maharashtra,418112,India,Home
10647,7869,"08/12, Issac Path",Gurgaon,Punjab,858071,India,Home
10648,7870,"91, Koshy Path",Saharsa,Manipur,872115,India,Home
10649,7871,"39
Seth Path",Kottayam,Bihar,231258,India,Home
10650,7872,"H.No. 56, Pandit Circle",Bihar Sharif,Nagaland,417220,India,Home
10651,7873,"H.No. 64, Ganesan Road",Ballia,Meghalaya,863151,India,Home
10652,7874,"H.No. 493, Batta Path",Suryapet,Nagaland,578506,India,Home
10653,7875,"H.No. 536, Koshy Nagar",Ambala,Manipur,363350,India,Home
10654,7876,"H.No. 69, Padmanabhan Marg",Bhilwara,Andhra Pradesh,466332,India,Office
10655,7877,"01, Buch Ganj",Gandhidham,Nagaland,508858,India,Office
10656,7877,"65, Tailor Marg",Nashik,Meghalaya,139345,India,Home
10657,7878,"74/793, Chowdhury",Nadiad,Meghalaya,106272,India,Home
10658,7879,"64/348
Iyer",Noida,Chhattisgarh,145522,India,Office
10659,7880,"H.No. 385
Sehgal",Haldia,Sikkim,428540,India,Home
10660,7881,"86, Chacko Marg",Orai,Tamil Nadu,349389,India,Office
10661,7882,"52/47
Karpe Circle",Danapur,Mizoram,392791,India,Home
10662,7883,"H.No. 746
Dhar Ganj",Chinsurah,Telangana,973187,India,Home
10663,7883,"25/11
Varkey",Amroha,Madhya Pradesh,048444,India,Home
10664,7884,"84, Sampath Path",Hospet,Rajasthan,057857,India,Office
10665,7885,"755
Sundaram Nagar",Bhalswa Jahangir Pur,Chhattisgarh,454843,India,Home
10666,7886,"89
Hans Nagar",Guntur,Uttar Pradesh,247971,India,Office
10667,7886,"H.No. 93
Mand Marg",Gurgaon,Meghalaya,418767,India,Home
10668,7887,"H.No. 770
Yohannan Street",Adoni,Uttar Pradesh,898852,India,Office
10669,7888,"H.No. 475, Patel Marg",Proddatur,Uttar Pradesh,938199,India,Home
10670,7888,"H.No. 28, Bahl Nagar",Jhansi,Karnataka,632240,India,Home
10671,7888,"H.No. 16, Ganesh Ganj",Bhusawal,Gujarat,489134,India,Home
10672,7889,"24, Dhawan Road",Sambhal,Meghalaya,504099,India,Home
10673,7890,"94, Krish Path",Kottayam,Uttarakhand,326253,India,Home
10674,7891,"13/429, Virk Circle",Muzaffarpur,Nagaland,408618,India,Home
10675,7891,"H.No. 94, Loyal",Ghaziabad,Sikkim,052669,India,Home
10676,7892,"095, Buch Nagar",Panipat,Telangana,607688,India,Home
10677,7893,"18, Sarin Road",Dewas,Rajasthan,929162,India,Home
10678,7893,"11/683, Mallick Road",Bijapur,Maharashtra,013158,India,Office
10679,7894,"H.No. 65
Chatterjee Ganj",Bhubaneswar,Jharkhand,833504,India,Home
10680,7895,"38/638
Som Road",Parbhani,Punjab,294699,India,Home
10681,7896,"H.No. 10, Patil Circle",Pune,Telangana,993295,India,Home
10682,7897,"96/829, Karnik Zila",Loni,Tripura,987949,India,Home
10683,7898,"86, Majumdar Chowk",Raichur,Meghalaya,175504,India,Home
10684,7899,"H.No. 985
Hora Zila",Shivpuri,Meghalaya,425280,India,Home
10685,7899,"18/98, Golla Path",Madhyamgram,Assam,095510,India,Home
10686,7900,"H.No. 53, Nadkarni Ganj",Tadepalligudem,Punjab,261052,India,Other
10687,7901,"425
Dara Street",Bettiah,Bihar,581840,India,Home
10688,7902,"808, Rattan Chowk",Kochi,Maharashtra,666489,India,Office
10689,7902,"662, Muni Zila",Sasaram,Telangana,495325,India,Office
10690,7902,"338
Dhillon",Bettiah,Bihar,546029,India,Home
10691,7903,"H.No. 442, Oommen Road",Bahraich,Himachal Pradesh,595203,India,Home
10692,7904,"H.No. 247
Babu Street",Kottayam,West Bengal,170360,India,Office
10693,7904,"23/323, Barman",Katni,West Bengal,981307,India,Home
10694,7905,"144, Suresh Marg",Alwar,Meghalaya,523592,India,Office
10695,7906,"48/92, Hegde Nagar",Yamunanagar,Madhya Pradesh,496845,India,Home
10696,7907,"85/966, Sankaran Street",Kanpur,Assam,754830,India,Other
10697,7908,"38, Salvi Ganj",Vijayawada,West Bengal,255675,India,Home
10698,7909,"467, Kohli Path",Nagercoil,Kerala,533180,India,Office
10699,7910,"30, Memon Chowk",Bijapur,Arunachal Pradesh,140756,India,Home
10700,7911,"94/756, Kale Circle",Nagercoil,Punjab,384149,India,Office
10701,7912,"H.No. 563, Saran Path",Jehanabad,Maharashtra,263309,India,Home
10702,7912,"H.No. 027, Sankar Circle",Bhalswa Jahangir Pur,Punjab,340960,India,Home
10703,7912,"85/603, Kamdar Road",Nadiad,Meghalaya,681671,India,Home
10704,7913,"43/17
Oak Zila",Rohtak,Andhra Pradesh,303897,India,Home
10705,7914,"H.No. 38
Kanda Path",Kollam,Maharashtra,620872,India,Home
10706,7915,"44/01
Mand Street",Ambala,Goa,896170,India,Home
10707,7916,"H.No. 76, Saxena Path",Ulhasnagar,Arunachal Pradesh,865550,India,Home
10708,7917,"966, Bobal Path",Mumbai,Mizoram,696080,India,Office
10709,7918,"13
Soni Circle",Ambarnath,Kerala,468896,India,Office
10710,7919,"73
Pradhan Marg",Hapur,Nagaland,694810,India,Home
10711,7920,"81/035, Comar Marg",Jaunpur,Gujarat,923172,India,Home
10712,7920,"44/033, Jha",Barasat,Madhya Pradesh,383198,India,Other
10713,7921,"H.No. 04, Jha Chowk",Gurgaon,Mizoram,540958,India,Home
10714,7922,"17
Dey",Panihati,Kerala,760906,India,Home
10715,7923,"53, Golla Nagar",Naihati,Arunachal Pradesh,332260,India,Other
10716,7924,"77/966, Sankar Marg",Tadipatri,West Bengal,975025,India,Office
10717,7925,"15/77
Kalita Street",Mumbai,Punjab,062501,India,Home
10718,7925,"34/16, Loyal Nagar",Silchar,Haryana,307237,India,Home
10719,7926,"742
Tata Road",Shimla,Maharashtra,835719,India,Home
10720,7927,"142
Nagy Road",Jodhpur,Uttar Pradesh,127519,India,Home
10721,7927,"45/84, Patil Ganj",Motihari,Bihar,448713,India,Office
10722,7928,"H.No. 468
Hans Ganj",Bettiah,Tripura,635514,India,Home
10723,7929,"41/57, Prabhu Chowk",Asansol,Haryana,378006,India,Home
10724,7930,"H.No. 00
Solanki Circle",Siwan,Goa,270294,India,Home
10725,7931,"80/91, Hegde",Farrukhabad,Bihar,904256,India,Home
10726,7931,"418, Taneja Street",Satara,Kerala,492938,India,Home
10727,7932,"53/443, Gaba Path",Kota,Chhattisgarh,125881,India,Home
10728,7933,"30/78, Devi Path",Karimnagar,Maharashtra,504065,India,Home
10729,7934,"H.No. 803
Rao Ganj",Raipur,Haryana,651949,India,Home
10730,7935,"659, Bera Street",Silchar,Assam,497864,India,Home
10731,7936,"H.No. 05
Tailor Marg",Bardhaman,Uttarakhand,362577,India,Home
10732,7937,"752, Tiwari Zila",Bhilai,Punjab,628183,India,Home
10733,7938,"56/741, Ahuja Chowk",Medininagar,Tripura,175308,India,Home
10734,7939,"51/30, Deol Path",Nagpur,Mizoram,070163,India,Home
10735,7940,"29
Prabhakar Nagar",Mysore,Kerala,182252,India,Home
10736,7940,"H.No. 35
Dhaliwal Road",Nellore,Karnataka,676573,India,Home
10737,7941,"26/20, Sekhon Marg",Mau,Tripura,726418,India,Office
10738,7942,"62/577
Desai Zila",Meerut,Kerala,096771,India,Home
10739,7942,"355, Panchal Ganj",Kurnool,Bihar,195347,India,Home
10740,7942,"H.No. 63, Mander Zila",Dehri,Andhra Pradesh,487133,India,Home
10741,7943,"H.No. 757
Bora Ganj",Agra,Arunachal Pradesh,103973,India,Office
10742,7944,"H.No. 902
Narasimhan Road",Fatehpur,Himachal Pradesh,370785,India,Home
10743,7944,"102, Kumer Ganj",Begusarai,Kerala,190530,India,Home
10744,7945,"66/04
Ray Chowk",Silchar,Maharashtra,974882,India,Home
10745,7946,"94, Ahluwalia Marg",Phagwara,Rajasthan,463799,India,Office
10746,7946,"39/339
Sant Road",Ambala,Kerala,420406,India,Home
10747,7947,"60, Das Chowk",Bahraich,Sikkim,370360,India,Home
10748,7947,"H.No. 46
Narayanan Ganj",Erode,Tripura,385606,India,Office
10749,7948,"692
Chauhan Ganj",Muzaffarpur,Assam,802058,India,Home
10750,7949,"45/645, Chadha Marg",Yamunanagar,Meghalaya,745078,India,Home
10751,7950,"287
Chakrabarti Nagar",Thanjavur,Kerala,270937,India,Home
10752,7950,"99/26
Gupta Street",Mirzapur,Rajasthan,970600,India,Home
10753,7951,"H.No. 452, Sethi Marg",Hajipur,Gujarat,369978,India,Home
10754,7952,"H.No. 083, Kunda Road",Tirunelveli,Maharashtra,653699,India,Home
10755,7953,"47/799
Balay Road",Madurai,Tripura,534624,India,Home
10756,7954,"H.No. 068
Rajan Circle",Tadipatri,Manipur,227015,India,Home
10757,7955,"65
Rout Marg",Jaipur,Sikkim,253547,India,Home
10758,7956,"H.No. 480, Dani Ganj",Bahraich,Haryana,711044,India,Home
10759,7956,"H.No. 112, Yogi Road",Imphal,Manipur,185436,India,Home
10760,7957,"64/64
Wali Ganj",Ulhasnagar,Gujarat,026443,India,Home
10761,7957,"04/77, Dey Ganj",Anantapur,Telangana,144754,India,Home
10762,7957,"89/72, Mane Zila",Jalna,Meghalaya,291227,India,Home
10763,7958,"30/11, Batra Marg",Haldia,Arunachal Pradesh,545757,India,Home
10764,7959,"H.No. 038, Keer Nagar",Sagar,Maharashtra,086412,India,Office
10765,7960,"H.No. 865, Luthra Street",Berhampore,Sikkim,610094,India,Home
10766,7961,"H.No. 904
Choudhury Road",Kota,Maharashtra,058585,India,Home
10767,7962,"H.No. 415
Mand",Mira-Bhayandar,Nagaland,990437,India,Home
10768,7963,"30, Char Path",Nanded,Uttar Pradesh,426439,India,Home
10769,7963,"811
Pillai Road",Kakinada,Andhra Pradesh,612998,India,Home
10770,7964,"59
Oommen Marg",Purnia,Kerala,145019,India,Home
10771,7965,"321
Sha Marg",Buxar,Uttar Pradesh,676861,India,Home
10772,7966,"12/508, Master Marg",Katihar,Goa,852643,India,Home
10773,7966,"20
Shenoy Zila",Nanded,Jharkhand,147675,India,Office
10774,7967,"H.No. 31
Sachar",Durgapur,Mizoram,828643,India,Home
10775,7968,"H.No. 632, Kari",Asansol,Kerala,367521,India,Office
10776,7969,"41/010, Goswami Nagar",Bikaner,Uttarakhand,530788,India,Home
10777,7970,"31, Cherian Marg",Bikaner,Meghalaya,379353,India,Office
10778,7971,"12/800
Dhingra",Raiganj,Meghalaya,535650,India,Home
10779,7972,"H.No. 368, Agrawal Circle",Imphal,Punjab,161832,India,Home
10780,7973,"H.No. 040, Gupta Nagar",Akola,Andhra Pradesh,237240,India,Home
10781,7974,"90/76
Manne Marg",Tiruvottiyur,Rajasthan,283982,India,Home
10782,7975,"H.No. 022, Garg Road",Tinsukia,Sikkim,927857,India,Home
10783,7975,"91/09
Chaudhuri Chowk",Kharagpur,Sikkim,099412,India,Home
10784,7976,"H.No. 22, Nath Path",Bettiah,Gujarat,514229,India,Office
10785,7977,"H.No. 74
Deep Path",Vasai-Virar,Telangana,756822,India,Home
10786,7977,"68/05, Sanghvi Zila",Katihar,Tripura,838650,India,Home
10787,7977,"31, Barad Circle",Phusro,Kerala,471857,India,Home
10788,7978,"H.No. 40, Bahl Road",Ranchi,Odisha,180025,India,Home
10789,7979,"66/84, Shankar Road",Giridih,Odisha,814045,India,Home
10790,7979,"H.No. 726, Kata",Dehradun,Arunachal Pradesh,195530,India,Office
10791,7980,"17
Prasad Road",Jammu,Himachal Pradesh,769481,India,Home
10792,7981,"H.No. 959
Varughese Nagar",Narasaraopet,Gujarat,789111,India,Office
10793,7982,"97/530
Kashyap Road",Jammu,Odisha,857215,India,Home
10794,7983,"93
Oommen Circle",Chandigarh,Chhattisgarh,703557,India,Home
10795,7984,"H.No. 174, Parmar Nagar",Jehanabad,West Bengal,306449,India,Home
10796,7985,"H.No. 07
Srivastava",Vasai-Virar,Odisha,365418,India,Home
10797,7986,"85/80, Bhasin Chowk",Burhanpur,Meghalaya,706198,India,Home
10798,7986,"426
Sandhu Zila",Etawah,Karnataka,281179,India,Home
10799,7987,"H.No. 80, Verma Chowk",Chapra,Telangana,808246,India,Home
10800,7987,"13/185
Johal Zila",Vasai-Virar,Manipur,734207,India,Home
10801,7988,"H.No. 81
Dugar Street",Nellore,Tamil Nadu,080629,India,Home
10802,7989,"95/382
Sule Nagar",Naihati,West Bengal,888904,India,Home
10803,7990,"H.No. 336, Naik Street",Raichur,Arunachal Pradesh,074880,India,Office
10804,7991,"H.No. 90, Jaggi Ganj",Bhalswa Jahangir Pur,Uttarakhand,052028,India,Home
10805,7992,"72/58
Lad Path",Ajmer,Nagaland,250237,India,Home
10806,7993,"H.No. 24
Verma",Jammu,West Bengal,134188,India,Office
10807,7994,"91/718, Majumdar",Bettiah,Haryana,752647,India,Home
10808,7995,"17/77, Banerjee",Bhalswa Jahangir Pur,Punjab,531101,India,Home
10809,7996,"13, Krish Street",Ludhiana,Nagaland,402907,India,Home
10810,7997,"06/60, Bajwa Zila",Cuttack,Arunachal Pradesh,734690,India,Office
10811,7998,"H.No. 50
Nigam Circle",Unnao,Gujarat,751607,India,Home
10812,7999,"94
Sachar",Srinagar,Himachal Pradesh,922237,India,Home
10813,7999,"H.No. 797, Mannan Marg",Bhalswa Jahangir Pur,Maharashtra,103463,India,Home
10814,7999,"61
Pall Ganj",Thiruvananthapuram,Sikkim,975339,India,Home
10815,8000,"03, Sachdeva Circle",Pali,Telangana,817664,India,Home
10816,8000,"H.No. 571
Kara Road",Gaya,Tamil Nadu,812929,India,Home
10817,8001,"31/109, Sandal Street",Panipat,Meghalaya,276782,India,Home
10818,8002,"H.No. 76, Arya Ganj",Gwalior,Chhattisgarh,357082,India,Home
10819,8003,"263, Shroff Path",Karaikudi,Punjab,658288,India,Home
10820,8004,"63/04
Goda Marg",Bhalswa Jahangir Pur,Manipur,841326,India,Home
10821,8004,"552, Rege Marg",Kochi,Telangana,855306,India,Home
10822,8005,"03, Pathak Street",Khandwa,Uttar Pradesh,064630,India,Home
10823,8005,"H.No. 51, Hegde Nagar",Loni,Tripura,620129,India,Home
10824,8006,"53/057, Reddy Ganj",Dhanbad,Punjab,190031,India,Office
10825,8007,"54/95
Biswas Marg",Ranchi,Gujarat,151049,India,Home
10826,8008,"463, Pillai Circle",Bardhaman,Sikkim,484924,India,Office
10827,8009,"43, Ahluwalia Nagar",Davanagere,Manipur,665527,India,Home
10828,8009,"H.No. 365
Kakar Nagar",Bhilai,Odisha,289422,India,Office
10829,8010,"H.No. 80, Sastry Road",Junagadh,Andhra Pradesh,873487,India,Home
10830,8010,"H.No. 13
Bal Ganj",Surat,Uttarakhand,097928,India,Home
10831,8011,"07/88, Behl",Nanded,Rajasthan,716407,India,Home
10832,8012,"H.No. 600
D’Alia Path",Dharmavaram,Goa,668622,India,Office
10833,8013,"84/65, Bhandari Ganj",Karawal Nagar,Nagaland,419701,India,Office
10834,8013,"83/418, Sundaram Street",Tirunelveli,Bihar,764591,India,Home
10835,8014,"H.No. 971, Kala Ganj",Navi Mumbai,Rajasthan,307967,India,Home
10836,8014,"H.No. 81
Dayal Nagar",Davanagere,Odisha,216562,India,Home
10837,8015,"94/25
Pathak Marg",Adoni,Nagaland,005417,India,Home
10838,8015,"04/30
Doshi Ganj",Guntur,Haryana,839024,India,Office
10839,8016,"88/15, Khosla Street",Gudivada,Arunachal Pradesh,233807,India,Home
10840,8017,"H.No. 63
Balay Path",Hapur,Gujarat,352111,India,Home
10841,8018,"15, Gopal Marg",Latur,Goa,298339,India,Home
10842,8018,"83/191
Varghese Path",Dehradun,Jharkhand,242406,India,Office
10843,8019,"35/84
Chander Chowk",Jamnagar,Tamil Nadu,263141,India,Office
10844,8019,"H.No. 93
Singhal Circle",Srikakulam,Manipur,468272,India,Office
10845,8020,"H.No. 254, Chaudhari Street",Ghaziabad,Sikkim,448819,India,Home
10846,8021,"17/75, Modi Road",Bhalswa Jahangir Pur,Odisha,494016,India,Office
10847,8022,"239
Korpal Street",Mysore,Maharashtra,795924,India,Home
10848,8023,"89/757, Warrior Ganj",Aurangabad,Haryana,146634,India,Home
10849,8024,"H.No. 50
Pai Circle",Bharatpur,Chhattisgarh,888507,India,Home
10850,8025,"31/234
Dixit Street",Patna,Jharkhand,007185,India,Office
10851,8025,"H.No. 906, Chanda Street",Pali,Sikkim,431920,India,Office
10852,8025,"H.No. 583
Rajagopalan Zila",Pondicherry,Jharkhand,060667,India,Office
10853,8026,"29, Korpal Street",Thiruvananthapuram,Tripura,994801,India,Home
10854,8026,"487, Pathak Zila",Eluru,West Bengal,801516,India,Home
10855,8027,"31
Vyas Marg",Jamshedpur,Bihar,192818,India,Home
10856,8027,"96/00, Mital Road",Bikaner,Bihar,072570,India,Home
10857,8028,"104
Joshi Path",Dhule,Punjab,246876,India,Home
10858,8029,"H.No. 53
Tank Nagar",Sultan Pur Majra,Uttarakhand,499325,India,Home
10859,8029,"16, Deol Road",Eluru,Tripura,304149,India,Home
10860,8030,"H.No. 093
Tandon Zila",Sasaram,Himachal Pradesh,797274,India,Office
10861,8031,"H.No. 392
Kanda Path",Haldia,Nagaland,580545,India,Home
10862,8031,"643, Gade Road",Korba,Bihar,419069,India,Home
10863,8032,"65/497, Sur Circle",Rourkela,Goa,184593,India,Other
10864,8033,"46/33, Ben Nagar",Nagercoil,Bihar,487187,India,Home
10865,8034,"H.No. 067
Salvi Road",Gorakhpur,Andhra Pradesh,367458,India,Office
10866,8035,"15/57
Nayar",Malda,Nagaland,116041,India,Office
10867,8036,"H.No. 52
Desai Chowk",Tezpur,Tamil Nadu,896790,India,Office
10868,8037,"H.No. 78, Grover Circle",Navi Mumbai,Jharkhand,347946,India,Office
10869,8038,"H.No. 908, Nanda Ganj",Sirsa,Himachal Pradesh,462673,India,Home
10870,8038,"H.No. 85, Patla Ganj",Bhagalpur,Chhattisgarh,167021,India,Office
10871,8039,"010, Bhatti Path",Kolkata,Chhattisgarh,732551,India,Home
10872,8039,"23/93
Shukla Marg",Medininagar,Maharashtra,010696,India,Home
10873,8040,"H.No. 06, Dave Zila",Serampore,Karnataka,451972,India,Home
10874,8041,"59/03
Mukherjee Circle",Bathinda,Haryana,855917,India,Office
10875,8041,"74/07, Sahni Nagar",Serampore,West Bengal,001717,India,Home
10876,8042,"H.No. 99
Issac Chowk",Sikar,Kerala,526078,India,Office
10877,8043,"H.No. 01, Warrior Zila",Belgaum,Odisha,601731,India,Office
10878,8044,"34/06, Dalal Street",Durgapur,Bihar,421634,India,Home
10879,8045,"H.No. 92, Kalla Marg",Berhampore,Himachal Pradesh,746406,India,Office
10880,8045,"389
Mangal Circle",Nadiad,Rajasthan,962559,India,Home
10881,8046,"57/68, Rattan Road",Hapur,Himachal Pradesh,238579,India,Office
10882,8046,"68/36, Dhaliwal Street",Bidar,Sikkim,720720,India,Home
10883,8047,"H.No. 70, Raja Road",Bardhaman,Himachal Pradesh,337413,India,Home
10884,8048,"45, Mutti Marg",Buxar,Tripura,441731,India,Home
10885,8049,"61/122
Om Ganj",Amritsar,Chhattisgarh,048604,India,Home
10886,8050,"H.No. 92, Kuruvilla Street",Durg,Meghalaya,917484,India,Home
10887,8051,"743, Gopal Ganj",Bally,Odisha,179492,India,Home
10888,8051,"84, Soni Path",Narasaraopet,Odisha,710540,India,Office
10889,8051,"H.No. 56, Devi",Purnia,Manipur,636652,India,Other
10890,8052,"H.No. 51, Dada Ganj",New Delhi,Chhattisgarh,604324,India,Home
10891,8053,"36/33
Sathe Path",Bhimavaram,Meghalaya,698250,India,Home
10892,8054,"376
Keer Zila",Sagar,Madhya Pradesh,944568,India,Home
10893,8054,"42, Sachdev Nagar",Naihati,Goa,971254,India,Home
10894,8055,"979, Rao Circle",Proddatur,West Bengal,798568,India,Office
10895,8056,"18/50
Shroff Path",Dharmavaram,Haryana,613070,India,Office
10896,8056,"H.No. 59
Nair Street",Gandhinagar,Manipur,494388,India,Home
10897,8057,"H.No. 61, Mandal Marg",Nandyal,Goa,203079,India,Home
10898,8058,"H.No. 943, Dua Nagar",Jamshedpur,West Bengal,993042,India,Home
10899,8058,"93/29, Lanka Chowk",Ozhukarai,West Bengal,870148,India,Home
10900,8059,"41, Sanghvi Path",Shimla,Arunachal Pradesh,632516,India,Home
10901,8060,"68
Tripathi Street",Ulhasnagar,Nagaland,952368,India,Home
10902,8061,"828
Sharma Zila",Jamnagar,Chhattisgarh,222086,India,Home
10903,8061,"H.No. 462
Parmer Circle",Faridabad,Bihar,152220,India,Home
10904,8062,"H.No. 06, Issac Zila",Siwan,Rajasthan,571289,India,Office
10905,8063,"040
Bora Path",Pallavaram,Mizoram,642495,India,Home
10906,8064,"86/99, Gupta Ganj",Surendranagar Dudhrej,Odisha,567849,India,Home
10907,8065,"72/092, Uppal Path",Etawah,Madhya Pradesh,582048,India,Home
10908,8066,"H.No. 174
Bajwa Chowk",Rourkela,Bihar,362188,India,Home
10909,8067,"H.No. 237, Singh Road",Bhopal,Goa,166980,India,Home
10910,8067,"772
Bajaj Circle",Kozhikode,Andhra Pradesh,885233,India,Home
10911,8068,"49/06
Doctor Marg",Bijapur,Haryana,555340,India,Other
10912,8068,"54
Sama Marg",Panihati,Assam,142161,India,Office
10913,8068,"670, Ramakrishnan Circle",Sagar,Arunachal Pradesh,728942,India,Home
10914,8069,"H.No. 44, Goyal Street",Mumbai,Arunachal Pradesh,435828,India,Other
10915,8070,"712, Ranganathan Nagar",Tirunelveli,Kerala,566382,India,Home
10916,8071,"21/23
Kade Nagar",Durg,Uttarakhand,465093,India,Office
10917,8072,"003
Mohanty Street",Vijayanagaram,Nagaland,356188,India,Home
10918,8072,"H.No. 94
Amble Zila",Dharmavaram,Telangana,320405,India,Home
10919,8073,"562
Khare Zila",Ramgarh,Himachal Pradesh,090043,India,Home
10920,8074,"200
Prasad Marg",Narasaraopet,Manipur,596072,India,Home
10921,8074,"690, Sanghvi",Ghaziabad,Kerala,181048,India,Home
10922,8075,"898
Karan",Bhind,Rajasthan,857943,India,Home
10923,8076,"H.No. 86
Prabhu Ganj",Kamarhati,Telangana,170601,India,Home
10924,8077,"H.No. 28
Dhingra Path",Ghaziabad,Nagaland,578051,India,Home
10925,8078,"H.No. 749
Wadhwa Circle",Ghaziabad,Mizoram,118415,India,Home
10926,8079,"H.No. 96, Chander",Ahmedabad,Odisha,017763,India,Home
10927,8079,"33/507, Babu Road",Agartala,Odisha,349310,India,Home
10928,8080,"47
Rajan Circle",Mathura,Chhattisgarh,286042,India,Home
10929,8080,"62/512, Tank Marg",Ramagundam,Madhya Pradesh,017811,India,Home
10930,8081,"665, Mannan",Patiala,Odisha,773824,India,Home
10931,8081,"H.No. 814
Rajagopalan Road",Amaravati,Odisha,651294,India,Home
10932,8082,"H.No. 102, Mohan Path",Gulbarga,Telangana,111245,India,Home
10933,8083,"829
Sen Chowk",Solapur,Karnataka,712123,India,Home
10934,8084,"H.No. 62, Vala Nagar",Gudivada,Meghalaya,087204,India,Home
10935,8085,"068
Swamy Street",Malda,Gujarat,341133,India,Other
10936,8086,"773, Chahal Street",Ratlam,Nagaland,187243,India,Office
10937,8087,"79/09, Bhat Marg",Malegaon,Nagaland,887003,India,Home
10938,8088,"H.No. 913
Kohli Path",Thoothukudi,Uttarakhand,840620,India,Office
10939,8089,"H.No. 152, Natt Road",Ambattur,Haryana,247456,India,Home
10940,8089,"H.No. 41
Kala Marg",Adoni,Chhattisgarh,002471,India,Home
10941,8090,"235
Sami Chowk",Bhimavaram,Tripura,680619,India,Other
10942,8090,"73/73, Cheema Road",Phagwara,Himachal Pradesh,321275,India,Home
10943,8090,"06/92, Dalal",Gorakhpur,Sikkim,634554,India,Home
10944,8091,"04
Majumdar Zila",Udaipur,Punjab,408707,India,Home
10945,8092,"H.No. 20
Chhabra Marg",Ambarnath,Kerala,476396,India,Home
10946,8092,"H.No. 862, Lall Street",Kavali,Maharashtra,782066,India,Home
10947,8092,"72/551
Gour",Gwalior,Telangana,100084,India,Home
10948,8093,"051, Salvi Road",Kochi,Sikkim,845553,India,Office
10949,8094,"89, Sundaram Zila",Mau,West Bengal,324198,India,Home
10950,8095,"H.No. 479
Basu Path",Pali,Haryana,931504,India,Home
10951,8096,"H.No. 50, Mutti Marg",Ajmer,Tripura,828438,India,Home
10952,8097,"50
Raju Street",Pondicherry,Meghalaya,366531,India,Home
10953,8098,"07/319
Sha",Secunderabad,Andhra Pradesh,700693,India,Office
10954,8098,"320
Joshi Ganj",Thane,Uttar Pradesh,082250,India,Home
10955,8099,"50/65, Radhakrishnan Circle",Kirari Suleman Nagar,Telangana,898508,India,Home
10956,8100,"584
Iyengar Chowk",Chandigarh,Telangana,892800,India,Home
10957,8101,"06/43
Bassi Chowk",Parbhani,Gujarat,865152,India,Office
10958,8101,"222
Khatri Nagar",Salem,Goa,015414,India,Office
10959,8102,"62
Khare Chowk",Howrah,Nagaland,022250,India,Home
10960,8103,"955
Gupta Marg",Gangtok,Himachal Pradesh,511410,India,Home
10961,8104,"18/902
Purohit Ganj",Khandwa,Tamil Nadu,460681,India,Office
10962,8105,"65/129, Warrior Marg",Pimpri-Chinchwad,Meghalaya,737509,India,Home
10963,8106,"H.No. 253, Khanna Nagar",Jamalpur,Sikkim,831076,India,Home
10964,8107,"H.No. 57, Khatri Marg",Lucknow,Himachal Pradesh,749039,India,Other
10965,8108,"297
Peri Circle",Ichalkaranji,Rajasthan,864795,India,Home
10966,8109,"22
Shroff Path",Buxar,Madhya Pradesh,636756,India,Office
10967,8109,"H.No. 90
Badal Chowk",Alappuzha,Meghalaya,871337,India,Home
10968,8110,"55/849
Kumar Circle",Sagar,Odisha,113675,India,Home
10969,8110,"H.No. 51, Dada Circle",Ozhukarai,Jharkhand,794630,India,Home
10970,8111,"27
Tank Street",Dhanbad,Telangana,771202,India,Office
10971,8112,"39/16, Dara Path",Thrissur,Gujarat,405953,India,Other
10972,8113,"57/145, Biswas",Jamshedpur,Uttarakhand,501980,India,Other
10973,8113,"76/59
Prabhakar Path",Ghaziabad,Assam,370921,India,Other
10974,8114,"71/141, Butala Circle",Ratlam,Chhattisgarh,283336,India,Office
10975,8114,"530
Chander Marg",Hyderabad,Arunachal Pradesh,471079,India,Office
10976,8115,"H.No. 113
Shetty Marg",Guna,Rajasthan,603717,India,Office
10977,8115,"H.No. 25
Nagarajan",Jabalpur,Assam,599061,India,Office
10978,8116,"467, Loyal Nagar",Hapur,Telangana,972305,India,Home
10979,8117,"98/723, Gaba Zila",Mau,Karnataka,148644,India,Home
10980,8118,"76/04, Ramesh Road",Jalna,Bihar,806387,India,Home
10981,8119,"687
Pingle Circle",Bhubaneswar,Karnataka,811307,India,Home
10982,8120,"89/858, Lall Ganj",Baranagar,Karnataka,463096,India,Home
10983,8121,"H.No. 120
Ramakrishnan Circle",Naihati,Punjab,540717,India,Home
10984,8121,"842
Choudhry Circle",Alwar,Himachal Pradesh,168032,India,Home
10985,8121,"31
Bansal Road",Amritsar,Uttar Pradesh,666743,India,Home
10986,8122,"H.No. 056
Bhasin Nagar",Burhanpur,Tripura,991343,India,Home
10987,8122,"H.No. 78
Lad",Noida,Manipur,871646,India,Office
10988,8123,"77, Varughese Circle",Aurangabad,Tamil Nadu,597846,India,Home
10989,8124,"201, Purohit Zila",Korba,Assam,881008,India,Home
10990,8125,"87
Sane",South Dumdum,Uttar Pradesh,830406,India,Other
10991,8126,"74/25
Bhasin Nagar",Ghaziabad,West Bengal,049032,India,Office
10992,8127,"H.No. 84
Dar Zila",Bhimavaram,Goa,694519,India,Other
10993,8127,"H.No. 67
Nagy Road",Khammam,Himachal Pradesh,705079,India,Home
10994,8128,"39/99, Ramanathan",Malda,Tripura,844892,India,Home
10995,8129,"065, Aggarwal Marg",Malda,Jharkhand,814013,India,Home
10996,8130,"30/315, Dhillon Street",Gorakhpur,Goa,772866,India,Home
10997,8131,"437
Dyal Path",Tadipatri,Punjab,991689,India,Home
10998,8132,"99/21
Mallick Nagar",Kishanganj,Sikkim,388663,India,Office
10999,8132,"H.No. 10, Babu Chowk",Thanjavur,Tamil Nadu,421853,India,Home
11000,8133,"54/890
Parsa Zila",Dehri,Tamil Nadu,066412,India,Home
11001,8133,"01
Viswanathan Chowk",Lucknow,Andhra Pradesh,895049,India,Home
11002,8134,"23/338, Parmar Circle",Warangal,Himachal Pradesh,100549,India,Office
11003,8135,"H.No. 12
Sidhu Circle",Meerut,Goa,807545,India,Home
11004,8136,"502
Dua Road",Pudukkottai,Chhattisgarh,531950,India,Home
11005,8137,"H.No. 25
Andra Ganj",Katni,Nagaland,311295,India,Home
11006,8137,"70/86, Upadhyay",Udaipur,Gujarat,256920,India,Home
11007,8138,"12/042
Pingle Chowk",Bangalore,Karnataka,460212,India,Home
11008,8139,"00
Sampath",Nandyal,Meghalaya,060644,India,Office
11009,8139,"674, Bhat Zila",Maheshtala,Goa,879034,India,Home
11010,8140,"886
Palan Road",Dehri,Uttarakhand,111425,India,Home
11011,8141,"98, Taneja Nagar",Ghaziabad,Meghalaya,206667,India,Home
11012,8142,"H.No. 442, Sani Nagar",Nellore,Bihar,644922,India,Home
11013,8143,"48/16
Venkataraman Zila",Raurkela Industrial Township,Arunachal Pradesh,812298,India,Home
11014,8143,"11/16, Madan Street",Mahbubnagar,Uttar Pradesh,243043,India,Home
11015,8144,"808, Pal Nagar",Bokaro,Rajasthan,635334,India,Home
11016,8145,"16, Taneja Circle",Noida,Assam,195023,India,Home
11017,8146,"H.No. 11
Johal Road",Pune,Meghalaya,300560,India,Office
11018,8146,"27
Ram Zila",Mahbubnagar,Kerala,922088,India,Home
11019,8146,"93, Bath Road",Madhyamgram,West Bengal,371369,India,Home
11020,8147,"01
Kar Circle",Nadiad,Tamil Nadu,460423,India,Home
11021,8148,"11/927
Chadha Road",Khora ,Sikkim,649499,India,Home
11022,8149,"408
Contractor Road",Durg,Punjab,749026,India,Home
11023,8150,"40/963, Zachariah Street",Dhule,Karnataka,499746,India,Office
11024,8151,"182
Krishnan",Asansol,Goa,349375,India,Home
11025,8152,"433
Balasubramanian Marg",Berhampur,Chhattisgarh,822343,India,Home
11026,8153,"409
Mukhopadhyay Marg",Bijapur,Madhya Pradesh,914695,India,Home
11027,8153,"571
Patil Chowk",Asansol,Madhya Pradesh,056307,India,Home
11028,8154,"80, Gokhale Street",Chennai,Punjab,120587,India,Home
11029,8155,"H.No. 219
Wali Street",Karnal,Bihar,834374,India,Home
11030,8156,"06/92
Varghese Road",Bikaner,Sikkim,081538,India,Home
11031,8157,"H.No. 80
Madan Nagar",Kanpur,Chhattisgarh,340182,India,Home
11032,8158,"69/59
Trivedi Chowk",Mango,Tamil Nadu,102595,India,Office
11033,8159,"26/44
Bahl Nagar",Muzaffarnagar,Bihar,058284,India,Home
11034,8160,"H.No. 68
Choudhary Chowk",Tiruppur,Odisha,917463,India,Office
11035,8161,"715
Varma Road",Morbi,Kerala,835691,India,Office
11036,8162,"743
Bora Road",Udaipur,Mizoram,984328,India,Home
11037,8163,"63/497
Randhawa Street",Durgapur,Meghalaya,673906,India,Home
11038,8164,"H.No. 00
Lad Circle",Nadiad,Madhya Pradesh,044953,India,Home
11039,8164,"23/870
Lata Chowk",Gorakhpur,Maharashtra,995553,India,Home
11040,8164,"93/38, Luthra Nagar",Morena,Manipur,805631,India,Home
11041,8165,"39, Nori Path",Gandhinagar,Sikkim,483995,India,Home
11042,8166,"30/04
Karnik Nagar",Allahabad,Odisha,881851,India,Home
11043,8167,"H.No. 534
Suresh Marg",Mira-Bhayandar,Meghalaya,628227,India,Office
11044,8168,"H.No. 977, Chandra Ganj",Navi Mumbai,Uttarakhand,529703,India,Home
11045,8168,"547
Datta Zila",Panvel,Uttarakhand,272612,India,Home
11046,8168,"21, Varghese Street",Indore,Uttar Pradesh,496781,India,Home
11047,8169,"038
Sood Street",Mahbubnagar,Tripura,674883,India,Office
11048,8170,"14, Dey Path",Tinsukia,Odisha,973860,India,Home
11049,8171,"637, Natarajan Marg",Saharanpur,Haryana,049480,India,Home
11050,8172,"H.No. 49, Kulkarni Road",Jhansi,Telangana,215429,India,Home
11051,8173,"96, Brahmbhatt Circle",Unnao,Karnataka,927178,India,Home
11052,8174,"834, Panchal Marg",Amroha,Karnataka,427586,India,Home
11053,8174,"H.No. 35, Sur Nagar",Sambhal,Tripura,623335,India,Home
11054,8175,"H.No. 59, Patel Chowk",Nagaon,Goa,997249,India,Home
11055,8176,"59/60, Verma Street",Suryapet,Uttar Pradesh,740015,India,Home
11056,8176,"H.No. 04
Golla Street",Alwar,Meghalaya,489527,India,Office
11057,8177,"74
Balan Nagar",Dehradun,West Bengal,142977,India,Home
11058,8177,"411, Sabharwal Path",Bhavnagar,Telangana,085109,India,Office
11059,8178,"H.No. 71, Sant Path",Muzaffarnagar,Goa,868439,India,Home
11060,8178,"08
Ganesan Circle",Tadipatri,Jharkhand,948608,India,Home
11061,8178,"H.No. 89
Dugar Chowk",Ludhiana,Telangana,085035,India,Office
11062,8179,"41/41, Lall Nagar",Chapra,Uttarakhand,102539,India,Home
11063,8179,"H.No. 15
Mangal Road",Gaya,Andhra Pradesh,850021,India,Home
11064,8179,"92/49, Ahuja Path",Machilipatnam,Goa,358749,India,Home
11065,8180,"15, Chhabra Path",Gaya,Uttarakhand,513528,India,Home
11066,8181,"96/055
Vasa Chowk",Narasaraopet,Bihar,117876,India,Office
11067,8181,"29, Vala Marg",Rohtak,Assam,718486,India,Office
11068,8181,"H.No. 92, Ghosh",Amroha,Sikkim,420069,India,Home
11069,8182,"H.No. 893, Natarajan Road",Guna,Telangana,862258,India,Office
11070,8182,"H.No. 60
Roy Circle",Chapra,West Bengal,036105,India,Home
11071,8183,"672, Sule Ganj",Nagpur,Gujarat,657337,India,Home
11072,8184,"505, Magar Street",Katni,Rajasthan,831306,India,Home
11073,8185,"07/505
Sen Road",Aurangabad,Madhya Pradesh,958249,India,Home
11074,8186,"H.No. 29
Taneja Circle",Allahabad,Arunachal Pradesh,523287,India,Home
11075,8186,"31/46
Date Road",Karimnagar,Rajasthan,422080,India,Home
11076,8187,"977
Varughese Marg",Fatehpur,Meghalaya,100030,India,Home
11077,8187,"12/56
Mammen Circle",Kurnool,Goa,921359,India,Home
11078,8188,"H.No. 853, Ramaswamy Road",Haridwar,Maharashtra,014134,India,Office
11079,8189,"H.No. 79, Behl Road",Ratlam,Jharkhand,507618,India,Home
11080,8189,"95/71, Dugar Chowk",Ambattur,West Bengal,614398,India,Home
11081,8190,"85, Toor Chowk",Dhanbad,Bihar,140296,India,Home
11082,8191,"755, Seshadri Road",Mirzapur,Meghalaya,991938,India,Home
11083,8192,"81/590, Shere Road",Mango,Jharkhand,392088,India,Home
11084,8193,"62/688
Bali Marg",Dewas,Maharashtra,699343,India,Home
11085,8193,"74/74, Prashad Marg",Kottayam,Himachal Pradesh,105885,India,Home
11086,8194,"H.No. 61
Agrawal Chowk",Dehri,Uttarakhand,094049,India,Office
11087,8195,"H.No. 000, Doctor Marg",Khora ,Kerala,889446,India,Home
11088,8195,"H.No. 303, Badal Chowk",Bhagalpur,Chhattisgarh,615073,India,Other
11089,8196,"85, Bandi Road",Khammam,Tamil Nadu,358792,India,Office
11090,8197,"16/50, Sani Circle",Jalandhar,Haryana,076333,India,Home
11091,8197,"H.No. 187
Shankar Path",Guntakal,Gujarat,168164,India,Home
11092,8198,"654
Pandit Marg",Durgapur,Punjab,026933,India,Home
11093,8199,"298, Saini Circle",Jehanabad,Arunachal Pradesh,668275,India,Home
11094,8200,"H.No. 31, Brar Road",Bardhaman,Himachal Pradesh,796953,India,Other
11095,8201,"72/651
Sodhi Nagar",Shahjahanpur,Nagaland,501327,India,Office
11096,8202,"84/75
Kuruvilla Ganj",Thrissur,Haryana,160251,India,Office
11097,8203,"H.No. 059
Srivastava Street",Ujjain,Uttarakhand,686186,India,Home
11098,8204,"71/923
Goel Circle",Danapur,Tamil Nadu,255155,India,Home
11099,8204,"22
Nanda Ganj",Gandhidham,Goa,677260,India,Home
11100,8205,"14/46
Gole Nagar",Bhilai,Andhra Pradesh,314048,India,Home
11101,8206,"H.No. 034, Biswas Road",Gaya,Himachal Pradesh,420861,India,Home
11102,8207,"33
Oak Street",Bahraich,Tripura,360577,India,Other
11103,8207,"63, Bath Street",Bathinda,Rajasthan,997605,India,Home
11104,8208,"32, Memon Path",Kozhikode,Arunachal Pradesh,945670,India,Home
11105,8209,"78/621, Rau Zila",Rourkela,Uttarakhand,115151,India,Office
11106,8209,"243
Gala Circle",Siliguri,West Bengal,001893,India,Home
11107,8209,"17, Cheema Zila",Udaipur,Arunachal Pradesh,885563,India,Home
11108,8210,"65/16
Johal Street",Ramagundam,Arunachal Pradesh,610433,India,Home
11109,8211,"43, Issac Road",Ajmer,West Bengal,002369,India,Home
11110,8211,"92, Hayre Nagar",Kozhikode,Bihar,296708,India,Home
11111,8212,"36
Bahri Zila",Medininagar,Arunachal Pradesh,438748,India,Other
11112,8212,"41/53, Walla Chowk",Raipur,Madhya Pradesh,358977,India,Home
11113,8212,"772, Lanka Road",Surendranagar Dudhrej,Rajasthan,182021,India,Home
11114,8213,"H.No. 759, Pant Circle",Jamshedpur,Madhya Pradesh,349057,India,Office
11115,8214,"285
Raghavan",Tirupati,Goa,878794,India,Home
11116,8215,"69/696
Parmar Zila",Dhanbad,Goa,793686,India,Home
11117,8216,"748
Mital Chowk",Giridih,Rajasthan,152148,India,Office
11118,8216,"H.No. 90, Savant Road",Varanasi,Madhya Pradesh,206359,India,Office
11119,8217,"67/67, Sahota Nagar",Bhatpara,Tamil Nadu,676250,India,Office
11120,8217,"50/29
Deshpande Street",Noida,West Bengal,495620,India,Home
11121,8218,"14
Gopal Zila",Guna,Madhya Pradesh,581152,India,Home
11122,8219,"740, Ravel Marg",Guna,Manipur,227335,India,Home
11123,8220,"48/50, Mallick",Bikaner,Gujarat,202512,India,Home
11124,8221,"H.No. 20, Kalita",Patna,Chhattisgarh,737188,India,Home
11125,8222,"29/660
Bhatia",Gwalior,Himachal Pradesh,766978,India,Office
11126,8223,"92
Chahal Ganj",Ujjain,Bihar,511745,India,Home
11127,8224,"762, Subramanian Chowk",Thiruvananthapuram,Odisha,315772,India,Other
11128,8225,"935, Krishnan Road",Aurangabad,Himachal Pradesh,295120,India,Home
11129,8226,"98/341, Gole Street",Bijapur,Maharashtra,356027,India,Home
11130,8227,"841, Choudhry Zila",Tadipatri,Chhattisgarh,302135,India,Home
11131,8228,"25/48
Maharaj Nagar",Giridih,Rajasthan,734123,India,Home
11132,8229,"49/59, Mukhopadhyay Street",Nizamabad,Chhattisgarh,240470,India,Office
11133,8230,"58/601, Raval Zila",Udupi,Karnataka,988290,India,Home
11134,8231,"77/75, Ram Chowk",Moradabad,Manipur,059143,India,Home
11135,8231,"H.No. 10, Grover Zila",Bettiah,Assam,521592,India,Home
11136,8232,"88/911, Borah Ganj",Hindupur,Uttar Pradesh,818143,India,Home
11137,8233,"H.No. 635
Char Nagar",Junagadh,Assam,131876,India,Home
11138,8234,"545
Tank Road",Thiruvananthapuram,Gujarat,990497,India,Home
11139,8235,"H.No. 338, Radhakrishnan Nagar",Kanpur,Nagaland,270407,India,Home
11140,8235,"H.No. 817, Sharaf Zila",Saharanpur,Rajasthan,057902,India,Home
11141,8236,"82/368
Khatri Marg",Panchkula,West Bengal,607673,India,Home
11142,8237,"51/080, Chokshi Chowk",Bongaigaon,Rajasthan,342652,India,Home
11143,8238,"H.No. 58, Saran Ganj",Nanded,Gujarat,856188,India,Other
11144,8238,"944, Gade Path",Nagpur,Haryana,617228,India,Home
11145,8239,"247, Sen Zila",Mangalore,Uttar Pradesh,598731,India,Office
11146,8240,"600
Rana Chowk",Navi Mumbai,Manipur,415220,India,Other
11147,8241,"88
Saini Chowk",Kota,Nagaland,881083,India,Home
11148,8241,"H.No. 138
Mody Ganj",Tiruchirappalli,Andhra Pradesh,001334,India,Office
11149,8242,"H.No. 58
Oza",Kavali,West Bengal,682951,India,Office
11150,8243,"H.No. 692
De Zila",Latur,Rajasthan,166053,India,Home
11151,8244,"H.No. 061
Gour",Hazaribagh,Manipur,537242,India,Home
11152,8244,"49
Raval Road",Pimpri-Chinchwad,Tamil Nadu,020745,India,Home
11153,8245,"829
Jha Zila",Raiganj,Andhra Pradesh,606312,India,Office
11154,8246,"69, Vora",Anantapuram,Chhattisgarh,511391,India,Home
11155,8246,"61/27
Lad Road",Delhi,Himachal Pradesh,398315,India,Home
11156,8247,"H.No. 74, Acharya Chowk",Thanjavur,Gujarat,436992,India,Home
11157,8248,"678
Keer Marg",Imphal,Uttar Pradesh,105119,India,Home
11158,8248,"323, Upadhyay Zila",Solapur,Telangana,407787,India,Other
11159,8249,"574, Basu Nagar",Farrukhabad,Meghalaya,297870,India,Office
11160,8249,"H.No. 75
Srivastava Zila",Singrauli,Manipur,258351,India,Office
11161,8249,"H.No. 126, Korpal Street",Sangli-Miraj & Kupwad,Haryana,205125,India,Home
11162,8250,"H.No. 45, Walla Street",Muzaffarpur,Andhra Pradesh,080735,India,Home
11163,8251,"84, Khosla",Hospet,Mizoram,368223,India,Home
11164,8252,"950, Mani Zila",Jalandhar,Uttar Pradesh,475198,India,Office
11165,8252,"59, Rau",Berhampur,Andhra Pradesh,225802,India,Other
11166,8253,"H.No. 65, Mammen Street",Medininagar,Tripura,005127,India,Home
11167,8254,"H.No. 576, Joshi Marg",Gaya,Odisha,305578,India,Home
11168,8255,"30/54, Nanda Path",Cuttack,Rajasthan,667629,India,Office
11169,8256,"86/169
Tripathi Street",Bhilai,Jharkhand,800623,India,Home
11170,8256,"66/46, Bhattacharyya Ganj",Raurkela Industrial Township,Odisha,248633,India,Home
11171,8256,"089, Rege Zila",Shimoga,Nagaland,565403,India,Office
11172,8257,"53, Barad Nagar",Patiala,Karnataka,654920,India,Home
11173,8258,"31
Iyer Street",Barasat,Karnataka,717121,India,Home
11174,8259,"H.No. 03
Choudhry Marg",Karaikudi,Rajasthan,340403,India,Home
11175,8260,"61/36, Nanda Chowk",Hajipur,Madhya Pradesh,365467,India,Other
11176,8260,"138, Thaman",Bangalore,Goa,393353,India,Home
11177,8261,"97/750, Kashyap Circle",Tezpur,Punjab,744585,India,Home
11178,8261,"66/18, Natarajan Ganj",Nadiad,Chhattisgarh,817199,India,Home
11179,8261,"29/079
Mistry",Baranagar,Himachal Pradesh,055609,India,Office
11180,8262,"20/923, Hari Ganj",Faridabad,Punjab,625812,India,Home
11181,8263,"H.No. 89, Varughese Chowk",Noida,Uttar Pradesh,209517,India,Home
11182,8264,"94/764, Mallick Chowk",Durgapur,Mizoram,987992,India,Home
11183,8265,"23, Lalla Circle",Raurkela Industrial Township,Telangana,621882,India,Office
11184,8266,"76/253, Chaudhari Street",Kamarhati,Kerala,619665,India,Home
11185,8267,"20
Balakrishnan Nagar",Gulbarga,Rajasthan,209861,India,Home
11186,8268,"H.No. 694, Samra Road",Lucknow,Haryana,524075,India,Home
11187,8268,"526, Deshmukh Chowk",Miryalaguda,Assam,906323,India,Home
11188,8269,"H.No. 38
Ghosh Circle",Tadepalligudem,Chhattisgarh,275938,India,Home
11189,8270,"20/372
Chander Ganj",Mango,Goa,747002,India,Office
11190,8271,"88/48, More Nagar",Avadi,Telangana,022447,India,Office
11191,8271,"23, Goel Circle",Varanasi,Arunachal Pradesh,533133,India,Home
11192,8272,"10, Soman",Asansol,Arunachal Pradesh,160508,India,Home
11193,8273,"799
Rattan Path",Satna,Uttarakhand,522386,India,Office
11194,8274,"68/83
Lala Marg",Kollam,Tripura,072628,India,Home
11195,8275,"865, Dasgupta Chowk",Giridih,Telangana,900771,India,Office
11196,8276,"73/220
Balan Nagar",Suryapet,Uttarakhand,759413,India,Home
11197,8276,"130, Chana Circle",Bareilly,Tamil Nadu,734594,India,Office
11198,8276,"51/813, Maharaj Road",Pimpri-Chinchwad,Meghalaya,826567,India,Home
11199,8277,"32/095, Dhar Zila",Khora ,Uttar Pradesh,432840,India,Home
11200,8278,"05/96
Dara Nagar",Berhampore,Arunachal Pradesh,478102,India,Home
11201,8279,"88
Dutta Road",Kadapa,Andhra Pradesh,457276,India,Home
11202,8280,"27/34, Edwin Street",Agartala,Maharashtra,499421,India,Office
11203,8281,"12/388
Raja Nagar",Cuttack,Tripura,221540,India,Home
11204,8282,"01/401
Dara Zila",Siliguri,Goa,124279,India,Other
11205,8283,"61, Kadakia Road",Surat,Meghalaya,161941,India,Other
11206,8284,"78/55
Taneja Marg",Durg,Karnataka,663105,India,Home
11207,8285,"21/55
Grewal Marg",Saharanpur,Madhya Pradesh,496648,India,Home
11208,8286,"03, Bumb Zila",Shimla,Nagaland,445918,India,Other
11209,8286,"851
Borra Chowk",Siliguri,Madhya Pradesh,384428,India,Home
11210,8287,"16
Nagarajan Zila",Guwahati,Odisha,151523,India,Home
11211,8288,"H.No. 708
Shere",Agartala,Meghalaya,912950,India,Office
11212,8289,"H.No. 38, Dube Circle",Mehsana,Uttar Pradesh,750516,India,Office
11213,8290,"36/355, Bath Nagar",Bhind,Assam,005649,India,Home
11214,8290,"H.No. 16
Kakar Nagar",Shimla,Telangana,286831,India,Home
11215,8290,"H.No. 451
Chauhan",Kalyan-Dombivli,Jharkhand,007062,India,Home
11216,8291,"94/242
Toor Zila",Muzaffarnagar,Gujarat,859088,India,Home
11217,8291,"36
Narain Road",Ramgarh,Manipur,283519,India,Home
11218,8292,"20
Sangha Road",Belgaum,Tripura,190722,India,Home
11219,8293,"829, Nayak Street",Medininagar,Andhra Pradesh,064045,India,Home
11220,8294,"49/86
Chakrabarti Zila",Nizamabad,Manipur,029899,India,Home
11221,8295,"85/22
Garg",Vijayanagaram,Uttarakhand,346249,India,Home
11222,8296,"87
Rajan Path",Siliguri,Gujarat,057227,India,Home
11223,8297,"638, Raman Chowk",Vijayanagaram,Manipur,102138,India,Home
11224,8297,"02/504, Gopal Nagar",Orai,Kerala,336653,India,Home
11225,8298,"67/259, Vyas Path",Nagaon,Meghalaya,277271,India,Home
11226,8298,"05, Deol Chowk",Imphal,Himachal Pradesh,857344,India,Home
11227,8298,"H.No. 203, More Zila",Mira-Bhayandar,Assam,322450,India,Office
11228,8299,"82/658, Sankaran Zila",Amaravati,Uttarakhand,993143,India,Home
11229,8300,"H.No. 80, Nagar Street",Asansol,Karnataka,551263,India,Home
11230,8301,"99/38, Talwar Ganj",Thanjavur,Uttar Pradesh,453571,India,Home
11231,8302,"01
Dewan",Srinagar,Himachal Pradesh,701647,India,Home
11232,8303,"H.No. 263, Krishnan Zila",Ahmedabad,West Bengal,324302,India,Office
11233,8304,"H.No. 41, Shah Marg",Ludhiana,Maharashtra,649232,India,Office
11234,8305,"H.No. 17, Kashyap Marg",Kadapa,Arunachal Pradesh,675574,India,Office
11235,8305,"40, Vyas Path",Medininagar,Bihar,229029,India,Office
11236,8306,"58/375, Dua Street",Rewa,Maharashtra,998941,India,Home
11237,8307,"112, Dora Path",Thane,Madhya Pradesh,317178,India,Home
11238,8307,"50
Ratta Nagar",Sirsa,Mizoram,418714,India,Home
11239,8307,"15
Prakash",Proddatur,Arunachal Pradesh,644867,India,Home
11240,8308,"09/559
Soni Circle",Berhampore,Andhra Pradesh,686696,India,Other
11241,8309,"759, Tara Street",Vasai-Virar,Bihar,917176,India,Home
11242,8309,"15, Char Zila",North Dumdum,Madhya Pradesh,924398,India,Office
11243,8310,"66/237, Sethi Zila",Bhiwani,Nagaland,628379,India,Home
11244,8311,"49/099, Mutti Chowk",Siliguri,Haryana,847349,India,Home
11245,8312,"585, Chand Path",Jammu,Kerala,051280,India,Home
11246,8313,"61/085
Cherian Zila",Maheshtala,Gujarat,941865,India,Home
11247,8314,"050
Bhakta Street",Danapur,Kerala,414920,India,Home
11248,8314,"H.No. 675
Bains",Solapur,Manipur,401881,India,Home
11249,8315,"94/215
Dhaliwal Nagar",Bongaigaon,Tripura,565452,India,Home
11250,8316,"697, Saxena Street",Nagaon,Andhra Pradesh,203969,India,Home
11251,8317,"H.No. 91, Saraf Zila",Bhatpara,Karnataka,008013,India,Home
11252,8318,"40
Samra Nagar",Korba,Punjab,421601,India,Office
11253,8318,"77/375
Balasubramanian Street",Vellore,Rajasthan,730656,India,Home
11254,8319,"170
Shroff Road",Raurkela Industrial Township,Nagaland,737374,India,Home
11255,8320,"H.No. 49, Cherian Chowk",Tadipatri,Arunachal Pradesh,168441,India,Home
11256,8320,"76
Patla Nagar",Solapur,Rajasthan,980667,India,Other
11257,8320,"H.No. 69, Sane Nagar",Deoghar,Punjab,582647,India,Home
11258,8321,"H.No. 50
Sood Path",Jalgaon,Sikkim,188152,India,Home
11259,8321,"71/562
Kumar Marg",Guntakal,Haryana,401571,India,Home
11260,8322,"664, Shah Ganj",Ajmer,Telangana,221139,India,Home
11261,8323,"31, Dugar Marg",Moradabad,Manipur,958820,India,Home
11262,8324,"15/10, Chad Ganj",Muzaffarnagar,Tamil Nadu,559241,India,Other
11263,8325,"11/572
Vaidya Road",Bareilly,Uttarakhand,448393,India,Home
11264,8325,"81/22
Krishna Ganj",Bhopal,Telangana,834654,India,Home
11265,8325,"60/115, Nazareth Ganj",Erode,Tripura,896912,India,Other
11266,8326,"43/732
Bhatti Nagar",Darbhanga,Uttarakhand,344461,India,Home
11267,8326,"23/46
Som Marg",Jaipur,Karnataka,684886,India,Office
11268,8327,"23, Chakrabarti Circle",Rajpur Sonarpur,Manipur,887131,India,Home
11269,8328,"223, Sani Street",Mau,Haryana,265714,India,Office
11270,8329,"58/703
Raj Chowk",Baranagar,West Bengal,241031,India,Home
11271,8330,"H.No. 00
Bhattacharyya",Gangtok,Madhya Pradesh,129439,India,Home
11272,8331,"36, Bhargava Ganj",Haridwar,Jharkhand,666536,India,Other
11273,8332,"70/01, Kannan",Amaravati,Telangana,761622,India,Home
11274,8333,"H.No. 693
Majumdar Marg",Dindigul,Meghalaya,965408,India,Home
11275,8334,"H.No. 316
Bir Nagar",Vadodara,Mizoram,182181,India,Home
11276,8335,"51/39, Ratta Chowk",Karaikudi,Madhya Pradesh,271613,India,Office
11277,8336,"64, Batra Street",Durg,Arunachal Pradesh,805973,India,Home
11278,8336,"H.No. 581, Vasa Path",Rewa,Tamil Nadu,858585,India,Home
11279,8337,"09, Soman Circle",Siwan,Jharkhand,035889,India,Home
11280,8338,"62, Aurora Road",Surat,Arunachal Pradesh,844059,India,Home
11281,8339,"21, Ramakrishnan Circle",Haldia,Himachal Pradesh,752489,India,Home
11282,8340,"H.No. 134, Din Marg",Kanpur,Tamil Nadu,044304,India,Home
11283,8340,"H.No. 74
Mallick Street",Jamnagar,Nagaland,452082,India,Home
11284,8341,"23/23, Raju Street",Cuttack,Meghalaya,422541,India,Home
11285,8341,"H.No. 10
Garg",Ratlam,Karnataka,376402,India,Home
11286,8342,"H.No. 886
Dixit",Patiala,Goa,965595,India,Home
11287,8343,"72/332, Kaur Chowk",Agra,Tamil Nadu,465202,India,Home
11288,8343,"H.No. 57
Naik Zila",Gulbarga,Punjab,712107,India,Home
11289,8343,"90/620, Chahal Nagar",Anantapuram,Sikkim,471599,India,Home
11290,8344,"73, Memon Path",Aligarh,Punjab,321180,India,Office
11291,8344,"41/090
Mitra Road",Khandwa,Arunachal Pradesh,052582,India,Home
11292,8345,"57/98
Dhaliwal Nagar",Phagwara,Bihar,340508,India,Home
11293,8345,"H.No. 223, Badami Ganj",Gurgaon,Kerala,220740,India,Home
11294,8346,"255
Bains",Shivpuri,Goa,290872,India,Home
11295,8347,"H.No. 86
Joshi Marg",Mahbubnagar,Goa,915981,India,Home
11296,8348,"40/158, Chakrabarti Street",Jhansi,Arunachal Pradesh,483784,India,Home
11297,8349,"969
Dani Marg",North Dumdum,West Bengal,555238,India,Home
11298,8350,"99/84
Sehgal Zila",Nellore,Manipur,020573,India,Home
11299,8350,"H.No. 695
Gaba Street",Hazaribagh,Jharkhand,615536,India,Office
11300,8351,"494
Raj Path",Satara,Andhra Pradesh,908605,India,Home
11301,8351,"89/15, Parikh Circle",Bathinda,Andhra Pradesh,169462,India,Home
11302,8352,"082, Lad Circle",Mumbai,Tripura,163782,India,Office
11303,8353,"91/15
Chowdhury Zila",Orai,Uttarakhand,694977,India,Other
11304,8354,"387, Chacko",Alwar,Uttarakhand,123705,India,Office
11305,8355,"H.No. 87, Gour Path",Miryalaguda,Mizoram,760849,India,Office
11306,8356,"37, Mander Zila",Siwan,West Bengal,502469,India,Other
11307,8356,"51
Baral Road",Aurangabad,Uttar Pradesh,867059,India,Home
11308,8357,"909, Raman",Hospet,Andhra Pradesh,124738,India,Office
11309,8358,"38/84, Vala",Kirari Suleman Nagar,Jharkhand,441077,India,Home
11310,8359,"H.No. 403
Sangha Zila",Hazaribagh,Sikkim,597449,India,Office
11311,8360,"262
Sodhi Nagar",Motihari,Odisha,763944,India,Office
11312,8361,"53/536
Mohan Nagar",Gorakhpur,Manipur,466997,India,Home
11313,8362,"60/933
Mall Street",Mirzapur,Uttar Pradesh,750639,India,Home
11314,8363,"64
Natarajan Street",Khora ,Tripura,418854,India,Home
11315,8364,"33/109
Sur Circle",Gudivada,Himachal Pradesh,660636,India,Home
11316,8364,"H.No. 856, Nagar Nagar",Firozabad,Karnataka,194887,India,Home
11317,8365,"81/15
Chauhan",Buxar,Telangana,232115,India,Office
11318,8365,"96/04
Parekh Chowk",Nagpur,Odisha,050332,India,Home
11319,8366,"H.No. 494, Barad Ganj",Cuttack,Sikkim,029155,India,Home
11320,8366,"91/390
Dugar Path",Baranagar,Bihar,368466,India,Home
11321,8366,"39, Bora Circle",Ghaziabad,Bihar,866286,India,Home
11322,8367,"91, Om Circle",Hapur,Tamil Nadu,485126,India,Home
11323,8368,"H.No. 489, Setty Ganj",Ramgarh,Punjab,138422,India,Home
11324,8368,"26/80, Borde Circle",Shimoga,Tripura,714817,India,Office
11325,8369,"H.No. 95, Batta Marg",Varanasi,Jharkhand,691669,India,Home
11326,8370,"82/863
Dora Street",Bhopal,Goa,724555,India,Office
11327,8371,"H.No. 556
Master Nagar",Nangloi Jat,Haryana,707205,India,Office
11328,8372,"H.No. 15
Pandey Path",Nagaon,Mizoram,887012,India,Home
11329,8373,"77
Srivastava Zila",Gandhidham,Tamil Nadu,113513,India,Home
11330,8374,"82/500, Chad Chowk",Pimpri-Chinchwad,Arunachal Pradesh,380213,India,Home
11331,8374,"38/422, Nadkarni Zila",Bokaro,Meghalaya,605244,India,Home
11332,8375,"H.No. 215
Dass Ganj",Guwahati,Mizoram,434620,India,Home
11333,8376,"H.No. 98, Kanda Nagar",Allahabad,Odisha,367325,India,Home
11334,8376,"66
Panchal Street",Alappuzha,Chhattisgarh,201208,India,Home
11335,8377,"H.No. 93
Saraf Ganj",Pudukkottai,Meghalaya,085056,India,Office
11336,8378,"04
Rattan Road",Berhampur,Meghalaya,066697,India,Office
11337,8378,"49/63, Zacharia",Bhavnagar,Goa,517414,India,Home
11338,8379,"H.No. 782
Ahuja Nagar",Hajipur,Tripura,802328,India,Office
11339,8380,"61/535
Saxena Ganj",Thiruvananthapuram,Odisha,372688,India,Home
11340,8381,"10, Nagarajan Circle",Bareilly,Manipur,466037,India,Home
11341,8382,"H.No. 064
Chana Road",Anand,Meghalaya,071880,India,Home
11342,8382,"H.No. 233
Kunda Nagar",Ramagundam,Gujarat,839475,India,Office
11343,8383,"54/88, Parekh",Visakhapatnam,Uttarakhand,344128,India,Home
11344,8384,"H.No. 66, Mukhopadhyay Street",Salem,Goa,177762,India,Home
11345,8385,"45/896, Dash Path",Khandwa,Nagaland,625407,India,Home
11346,8386,"25/002, Sood Zila",Sambhal,Arunachal Pradesh,731425,India,Home
11347,8387,"H.No. 52, Dube Marg",Phagwara,Bihar,026634,India,Home
11348,8387,"08/47
Ahluwalia Ganj",Barasat,Tamil Nadu,012989,India,Office
11349,8388,"20/456
Bahri Chowk",Gandhinagar,Rajasthan,136441,India,Home
11350,8389,"53/931, Thaman Path",Surendranagar Dudhrej,Karnataka,824122,India,Home
11351,8389,"57/148, Andra Nagar",Kamarhati,Bihar,896738,India,Home
11352,8390,"90/129
Mital Ganj",Tadipatri,Andhra Pradesh,268489,India,Home
11353,8391,"51/309, Walla Nagar",Gudivada,Punjab,120996,India,Home
11354,8391,"98
Shanker Road",Tenali,Nagaland,592777,India,Home
11355,8392,"H.No. 778, Shroff Path",Bidhannagar,Maharashtra,500703,India,Home
11356,8392,"43/19, Bajaj Street",Chinsurah,Kerala,621998,India,Home
11357,8393,"99/436, Aggarwal Circle",Guntakal,Arunachal Pradesh,509188,India,Home
11358,8394,"08
Sethi",Muzaffarnagar,Nagaland,189014,India,Other
11359,8395,"16/635
Pandey Path",Shivpuri,Uttarakhand,631992,India,Office
11360,8396,"385
Oza Zila",Nangloi Jat,Tripura,468381,India,Office
11361,8397,"939, Sama Nagar",Mahbubnagar,Himachal Pradesh,928491,India,Other
11362,8398,"H.No. 254
Deshpande Zila",Hyderabad,Karnataka,317738,India,Home
11363,8399,"12, Narayan",Sambalpur,Odisha,839699,India,Home
11364,8400,"43/51, Bose Marg",Allahabad,Karnataka,412216,India,Home
11365,8401,"36/24
Dube Street",Yamunanagar,Madhya Pradesh,219236,India,Home
11366,8402,"H.No. 629, Shroff Path",Adoni,Haryana,958813,India,Office
11367,8402,"H.No. 84
Singh Road",Jamshedpur,Haryana,139372,India,Home
11368,8403,"53/77
D’Alia Ganj",Gulbarga,Telangana,806665,India,Home
11369,8403,"H.No. 459, Mane Ganj",Meerut,Meghalaya,813495,India,Home
11370,8404,"86
Bhatnagar Ganj",Bellary,Kerala,376558,India,Home
11371,8404,"H.No. 78
Konda Marg",Tirunelveli,Meghalaya,586314,India,Home
11372,8405,"464, Chahal Circle",Bijapur,Bihar,973543,India,Home
11373,8405,"H.No. 065, Doshi Marg",Bhatpara,Sikkim,350966,India,Home
11374,8406,"68, Balay Chowk",Maheshtala,Nagaland,779313,India,Home
11375,8407,"77/14, Srivastava Ganj",Gandhinagar,Tripura,953333,India,Office
11376,8408,"67/67, Aurora",Orai,Chhattisgarh,697410,India,Office
11377,8409,"50/66, Rastogi Nagar",Bharatpur,Uttar Pradesh,221241,India,Home
11378,8409,"68
Majumdar Road",Akola,Punjab,930231,India,Office
11379,8409,"37/83
Kaul Circle",Dehradun,Telangana,656855,India,Home
11380,8410,"74
Mishra Nagar",Amroha,Goa,768031,India,Other
11381,8411,"830, Rajagopalan Path",Cuttack,Punjab,319624,India,Office
11382,8412,"197
Bhatti Path",Korba,Karnataka,417589,India,Office
11383,8413,"894, Dayal Street",Kota,Madhya Pradesh,309426,India,Home
11384,8414,"34/76, Master Ganj",Kochi,Punjab,878444,India,Office
11385,8415,"159, Brahmbhatt Chowk",Bongaigaon,West Bengal,725554,India,Home
11386,8416,"H.No. 018
Hari Ganj",Srinagar,Punjab,021530,India,Home
11387,8417,"26
Bhatia Marg",Sri Ganganagar,West Bengal,924429,India,Office
11388,8418,"H.No. 61, Pall Marg",Bijapur,Bihar,008972,India,Home
11389,8418,"69, Bose Road",Gandhidham,Goa,871710,India,Home
11390,8419,"51/65
Zacharia Nagar",Bhilwara,Nagaland,661892,India,Home
11391,8419,"107, Jha Path",Jaipur,Gujarat,539420,India,Home
11392,8420,"36/92
Kala Marg",Indore,Andhra Pradesh,075609,India,Office
11393,8420,"H.No. 126
Shan Path",Jalna,Manipur,501163,India,Office
11394,8421,"312, Chaudry Zila",Satna,Chhattisgarh,421940,India,Home
11395,8421,"47
Divan Street",Navi Mumbai,Maharashtra,137147,India,Home
11396,8422,"15
Lall",Bhusawal,Uttarakhand,932235,India,Home
11397,8422,"H.No. 36
Mody",Chennai,Mizoram,198805,India,Home
11398,8423,"H.No. 222
Luthra Zila",Ahmednagar,Rajasthan,004078,India,Other
11399,8423,"H.No. 060, Bose Marg",Gandhidham,Andhra Pradesh,000671,India,Home
11400,8423,"55/18
Divan Street",Surendranagar Dudhrej,Meghalaya,797800,India,Office
11401,8424,"H.No. 099, Rastogi Path",Tadipatri,Chhattisgarh,210656,India,Home
11402,8424,"64/02, Singh Street",Dewas,Chhattisgarh,485344,India,Office
11403,8425,"875
Warrior Nagar",Sasaram,Sikkim,424691,India,Home
11404,8425,"H.No. 34, Kar",Tinsukia,West Bengal,028309,India,Home
11405,8426,"71
Reddy Street",Malda,West Bengal,988983,India,Home
11406,8426,"88/61, Karnik Ganj",Hyderabad,Uttar Pradesh,324309,India,Home
11407,8427,"405
Vala",Kolkata,Haryana,043135,India,Home
11408,8427,"21
Mander Path",Mira-Bhayandar,Jharkhand,758383,India,Home
11409,8428,"H.No. 63
Basu Ganj",Noida,Kerala,602859,India,Office
11410,8429,"79
Chaudhry Nagar",Chapra,Tripura,695768,India,Home
11411,8429,"537, Tandon Road",Ballia,Bihar,113314,India,Office
11412,8430,"28, Kota Ganj",Bhubaneswar,Odisha,828902,India,Home
11413,8430,"H.No. 86, Ahluwalia",Begusarai,Uttar Pradesh,971252,India,Home
11414,8431,"H.No. 21
Chana Marg",Chandigarh,Meghalaya,680433,India,Home
11415,8432,"H.No. 68, Mittal Nagar",Suryapet,Uttar Pradesh,365490,India,Home
11416,8433,"H.No. 40
Manda Road",Aizawl,Haryana,276100,India,Office
11417,8434,"737
Nanda Chowk",Allahabad,West Bengal,318311,India,Home
11418,8435,"92, Khanna Circle",Aizawl,Andhra Pradesh,690555,India,Home
11419,8436,"H.No. 44
Deep Ganj",Allahabad,Odisha,506041,India,Home
11420,8437,"34/98, Varghese Marg",Coimbatore,Arunachal Pradesh,985278,India,Office
11421,8437,"12
Ratti Circle",Jalgaon,Punjab,324173,India,Home
11422,8438,"40/33
Gola Road",Rohtak,Himachal Pradesh,659334,India,Home
11423,8439,"42/93
Gulati Circle",Tiruvottiyur,Madhya Pradesh,642691,India,Office
11424,8440,"H.No. 68
Sankar Street",Salem,Chhattisgarh,596042,India,Home
11425,8440,"456
Patel Street",Silchar,Odisha,157209,India,Home
11426,8441,"465, Biswas Road",Bijapur,Gujarat,844298,India,Other
11427,8442,"H.No. 23, Nagarajan Circle",Gangtok,Telangana,721640,India,Office
11428,8443,"44/042, Prabhakar Marg",Nandyal,Andhra Pradesh,964742,India,Home
11429,8444,"16/32, Kata Street",Moradabad,Rajasthan,921745,India,Home
11430,8444,"H.No. 531
Muni Nagar",Ratlam,Jharkhand,632399,India,Home
11431,8444,"592
Khare Marg",Bhatpara,Mizoram,458186,India,Home
11432,8445,"550
Saini Marg",Bokaro,Himachal Pradesh,808683,India,Office
11433,8445,"H.No. 30
Badami Street",Sikar,Madhya Pradesh,438165,India,Home
11434,8446,"72/98, Bala Ganj",Sambhal,Rajasthan,106954,India,Home
11435,8447,"H.No. 236, Devi Path",Mathura,Karnataka,583330,India,Home
11436,8448,"94
Wason Zila",Nagpur,Goa,768236,India,Home
11437,8448,"39/819, Balay Circle",Avadi,Goa,888820,India,Home
11438,8449,"05/784, Bandi Street",Nandyal,Manipur,890774,India,Home
11439,8449,"60/793, Singh Circle",Satara,Tamil Nadu,854009,India,Home
11440,8450,"H.No. 97, Brahmbhatt Street",Bhavnagar,Bihar,909257,India,Home
11441,8451,"H.No. 935, Dewan Road",Sultan Pur Majra,Arunachal Pradesh,990426,India,Home
11442,8451,"H.No. 664, Ben Marg",Hazaribagh,Meghalaya,294154,India,Office
11443,8452,"76/94, Sawhney Chowk",Panihati,Bihar,922840,India,Home
11444,8452,"573
Chatterjee",Anand,Karnataka,583500,India,Home
11445,8453,"H.No. 354, Pathak Street",Amritsar,Maharashtra,025223,India,Home
11446,8454,"85/908
Chander Street",Deoghar,Haryana,027467,India,Home
11447,8454,"H.No. 558, Sarin Marg",Alwar,Assam,787783,India,Home
11448,8455,"30/141
Sarna Street",Sambalpur,Andhra Pradesh,215107,India,Office
11449,8455,"117
Kapur Street",Ghaziabad,Haryana,536029,India,Home
11450,8455,"76/80
Date",Sirsa,Telangana,867020,India,Home
11451,8456,"63, Madan Nagar",Srikakulam,Manipur,598240,India,Home
11452,8457,"27/955, Karpe Ganj",Nanded,Odisha,627232,India,Home
11453,8458,"47
Rastogi Ganj",Sambalpur,West Bengal,069198,India,Office
11454,8459,"89/763, Kumer Chowk",Kurnool,Sikkim,698132,India,Home
11455,8460,"H.No. 31, Bains Ganj",Bathinda,Manipur,063204,India,Office
11456,8460,"15/244, Hans Street",Dehri,Madhya Pradesh,695470,India,Home
11457,8461,"96/43, Borde Road",Bhiwandi,Goa,462231,India,Office
11458,8461,"79, Memon Circle",Bhusawal,Himachal Pradesh,868307,India,Home
11459,8461,"54/656
Roy Road",Satna,Haryana,994836,India,Home
11460,8462,"73/766
Bal Marg",Kavali,Madhya Pradesh,349626,India,Home
11461,8463,"045
Sethi Zila",Dehri,Karnataka,718875,India,Home
11462,8464,"39/255, Kara",Salem,Andhra Pradesh,738695,India,Home
11463,8465,"95, Savant Zila",Kulti,Arunachal Pradesh,625819,India,Office
11464,8466,"611, Lalla",Kulti,Telangana,099734,India,Home
11465,8466,"482
Natt Marg",Bahraich,Mizoram,366494,India,Home
11466,8467,"H.No. 934, Kunda Circle",Surendranagar Dudhrej,Meghalaya,589378,India,Home
11467,8468,"660, Mander",Unnao,Gujarat,239505,India,Home
11468,8469,"33/932
Krish Path",Agartala,Karnataka,656000,India,Office
11469,8470,"32/71
Pandey Street",Shivpuri,Chhattisgarh,681853,India,Home
11470,8471,"18/327, Pai Road",Nellore,Rajasthan,641311,India,Office
11471,8471,"H.No. 59
Choudhury Chowk",Bhind,Himachal Pradesh,184512,India,Home
11472,8471,"13, Parmar Ganj",Ballia,Bihar,872121,India,Home
11473,8472,"19/13
Kala Nagar",Rajahmundry,Odisha,257859,India,Home
11474,8473,"H.No. 67
Barad",Ulhasnagar,Tamil Nadu,575926,India,Home
11475,8474,"51, Hayre Ganj",Bhagalpur,Haryana,990449,India,Home
11476,8475,"63/03
Baria Chowk",Agartala,Meghalaya,957773,India,Home
11477,8476,"89, Narayanan Chowk",Alappuzha,Mizoram,197516,India,Home
11478,8477,"29/45
Biswas Chowk",Burhanpur,Kerala,949559,India,Home
11479,8477,"H.No. 552, Shetty",Surat,Punjab,203397,India,Home
11480,8478,"94, Sehgal Zila",Orai,Tripura,973224,India,Other
11481,8478,"83/958, Devi Road",Jamshedpur,Himachal Pradesh,905649,India,Home
11482,8479,"31/05, Dutt",Berhampur,Bihar,668159,India,Home
11483,8480,"H.No. 330
Sheth Chowk",Raebareli,Sikkim,944753,India,Home
11484,8481,"H.No. 28, Sood Path",Eluru,Kerala,241192,India,Home
11485,8482,"88/683
Memon Zila",Malda,Tamil Nadu,207102,India,Home
11486,8482,"76/763
Oak",Hajipur,Himachal Pradesh,431629,India,Home
11487,8483,"H.No. 78
Sachdeva Street",Pondicherry,Assam,768675,India,Home
11488,8484,"92/36, Dube Street",Guntakal,Telangana,073033,India,Office
11489,8485,"79/541
Gara",Haridwar,Jharkhand,514678,India,Home
11490,8486,"50
Raval Road",Ramgarh,Tamil Nadu,740093,India,Home
11491,8487,"151, Saraf Path",Suryapet,Gujarat,301090,India,Office
11492,8488,"H.No. 53
Bhandari Ganj",Bhilai,Rajasthan,625084,India,Home
11493,8488,"471, Prabhu Circle",Dewas,Arunachal Pradesh,533241,India,Home
11494,8489,"50/60, Grewal Nagar",Mathura,Odisha,060975,India,Home
11495,8490,"77/46
Chandra Street",Tirupati,Uttar Pradesh,426444,India,Office
11496,8490,"19/399
Mital Path",Karnal,Rajasthan,783142,India,Home
11497,8491,"H.No. 545
Biswas Road",Patna,Gujarat,072810,India,Home
11498,8492,"H.No. 39
Dhingra Street",Mirzapur,Telangana,144242,India,Home
11499,8492,"H.No. 024, Bhatti Marg",Silchar,West Bengal,442350,India,Office
11500,8492,"887
Peri Nagar",Kulti,Himachal Pradesh,547592,India,Home
11501,8493,"13/41, Dayal Street",Nashik,Bihar,127066,India,Home
11502,8494,"291
Doctor Ganj",Barasat,Rajasthan,361021,India,Home
11503,8495,"13
Venkataraman Street",Tiruvottiyur,Goa,163988,India,Home
11504,8496,"217
Tiwari Road",Rajkot,Gujarat,516142,India,Home
11505,8496,"H.No. 520, Kapoor Zila",Ghaziabad,Meghalaya,897047,India,Office
11506,8497,"56/00
Guha Road",Danapur,Manipur,103060,India,Home
11507,8498,"H.No. 87
Chaudry Road",Ghaziabad,Manipur,411852,India,Home
11508,8499,"44, Trivedi Path",Kolkata,Telangana,726905,India,Home
11509,8500,"01/913, Kale Zila",Anand,Tamil Nadu,402776,India,Office
11510,8501,"822, Varkey Nagar",Bettiah,Punjab,641808,India,Home
11511,8502,"92, Seth Zila",Siliguri,Maharashtra,503596,India,Home
11512,8503,"H.No. 48, Sankaran Marg",Suryapet,Jharkhand,056279,India,Office
11513,8504,"73/537, Rajan Street",Bhalswa Jahangir Pur,Uttarakhand,049001,India,Home
11514,8505,"604
Hans Street",Srinagar,Sikkim,787331,India,Home
11515,8506,"77/42
Rao Circle",Hosur,Sikkim,298381,India,Home
11516,8506,"89
Sami Ganj",Salem,Karnataka,181626,India,Home
11517,8507,"13, Seshadri Street",Salem,Sikkim,457983,India,Office
11518,8507,"85/271
Issac Circle",Gandhidham,Mizoram,643801,India,Office
11519,8508,"62, Walla Circle",Dewas,Nagaland,302929,India,Home
11520,8509,"H.No. 64
Trivedi Zila",Rohtak,Tamil Nadu,595548,India,Other
11521,8510,"87
Mukhopadhyay",Tiruvottiyur,Tamil Nadu,811392,India,Home
11522,8511,"62, Jhaveri Nagar",Sangli-Miraj & Kupwad,Madhya Pradesh,896507,India,Home
11523,8511,"42
Walla Street",Ambala,Madhya Pradesh,461744,India,Office
11524,8512,"86/333, Bir Chowk",Srinagar,Haryana,364525,India,Home
11525,8513,"03/653
Sanghvi Path",Ichalkaranji,Tripura,543344,India,Home
11526,8513,"549, Mukhopadhyay Ganj",Kadapa,Madhya Pradesh,549451,India,Home
11527,8514,"74/402, Hegde Marg",Rampur,Manipur,386696,India,Home
11528,8515,"47/84
Basu",Jamnagar,Manipur,974040,India,Home
11529,8516,"06/663, Ravel Chowk",Kota,Bihar,866032,India,Home
11530,8517,"39/475
Prakash Chowk",Madanapalle,Punjab,429975,India,Home
11531,8517,"07/53
Pandit Chowk",Aurangabad,Uttarakhand,612635,India,Home
11532,8518,"520
Mand Marg",Tinsukia,Gujarat,074275,India,Home
11533,8519,"H.No. 46, Lad",Saharsa,Andhra Pradesh,501934,India,Home
11534,8519,"H.No. 07, Butala Street",Srikakulam,Tripura,529935,India,Home
11535,8519,"44/52
Vala Circle",Tiruppur,Bihar,654732,India,Home
11536,8520,"92/130, Amble Nagar",Deoghar,Meghalaya,288573,India,Home
11537,8520,"H.No. 67
Salvi Chowk",Lucknow,Chhattisgarh,147390,India,Home
11538,8520,"14/56, Rastogi Ganj",Sambhal,Uttarakhand,011246,India,Home
11539,8521,"16/13
Aurora Street",Bhusawal,Sikkim,460664,India,Home
11540,8521,"60/603, Yogi Street",Haldia,Andhra Pradesh,504242,India,Home
11541,8522,"993, Keer Path",Varanasi,Odisha,408744,India,Home
11542,8522,"54/49, Keer Path",Ujjain,Telangana,578407,India,Office
11543,8523,"H.No. 91, Bal Street",Dharmavaram,Maharashtra,846151,India,Office
11544,8523,"621, Vora Circle",Dhanbad,Chhattisgarh,058005,India,Office
11545,8524,"27/546
Toor Marg",Chittoor,Haryana,441808,India,Office
11546,8525,"79, Srivastava Marg",Kota,Gujarat,111256,India,Office
11547,8526,"86/86
Prasad Marg",Serampore,Uttar Pradesh,369977,India,Home
11548,8526,"H.No. 249, Swamy Zila",Bahraich,Nagaland,410348,India,Office
11549,8527,"20/872, Sama Nagar",Mumbai,Jharkhand,913242,India,Home
11550,8528,"73/463, Trivedi Path",Asansol,Telangana,407234,India,Office
11551,8529,"76/567, Sagar",Madanapalle,Arunachal Pradesh,051773,India,Office
11552,8530,"751
Murty Street",Bhubaneswar,Madhya Pradesh,766890,India,Home
11553,8531,"35, Dayal Zila",Tirunelveli,Tripura,606326,India,Office
11554,8532,"01/705, Batta",Patna,Gujarat,056921,India,Home
11555,8533,"H.No. 066
Krishnamurthy Circle",Satara,Karnataka,259456,India,Other
11556,8534,"H.No. 89, Kaur Path",Tenali,Uttarakhand,913886,India,Home
11557,8534,"249
Ramakrishnan Street",Sagar,Maharashtra,629410,India,Home
11558,8535,"102, Randhawa Zila",Shimoga,Punjab,715354,India,Home
11559,8536,"H.No. 845, Sani Path",Katni,Arunachal Pradesh,257804,India,Home
11560,8536,"63/044
Krishnan Street",Barasat,Jharkhand,847943,India,Home
11561,8537,"H.No. 72
Doshi Path",Uluberia,Haryana,684050,India,Home
11562,8537,"H.No. 439, Krishnan Chowk",Naihati,Nagaland,101412,India,Home
11563,8538,"H.No. 61, Ganguly Circle",Etawah,Sikkim,347187,India,Home
11564,8538,"H.No. 344, Kale Marg",Aizawl,Madhya Pradesh,960720,India,Home
11565,8538,"43/07
Varughese Road",Nangloi Jat,Rajasthan,473626,India,Home
11566,8539,"41
Cheema Road",Ludhiana,Telangana,444028,India,Home
11567,8540,"05, Shanker Zila",Pune,Uttar Pradesh,404370,India,Other
11568,8540,"H.No. 360
Gala Nagar",Bathinda,Kerala,329566,India,Home
11569,8541,"H.No. 883
Manda Road",Tiruchirappalli,Maharashtra,041818,India,Home
11570,8542,"59
Bhagat Chowk",Hospet,Telangana,736377,India,Home
11571,8542,"941
Mitter Street",Visakhapatnam,Nagaland,506933,India,Home
11572,8543,"08/518
Murty Chowk",Jabalpur,Uttarakhand,109474,India,Home
11573,8544,"55/05, Bobal",Kavali,Meghalaya,049120,India,Home
11574,8544,"H.No. 93
Nazareth Path",Bahraich,Goa,066741,India,Home
11575,8544,"H.No. 118
Vyas Circle",Kharagpur,Haryana,868933,India,Home
11576,8545,"H.No. 377
Wason Ganj",Madurai,Arunachal Pradesh,583802,India,Home
11577,8546,"41/37, Dugar Zila",Malegaon,Rajasthan,950688,India,Home
11578,8547,"27/20, Loyal Ganj",Kalyan-Dombivli,Maharashtra,901398,India,Office
11579,8548,"72/38
Minhas Zila",Rohtak,Haryana,072215,India,Home
11580,8549,"35, Char Ganj",Mangalore,Punjab,606971,India,Home
11581,8549,"H.No. 61
Lalla Street",Bangalore,Sikkim,472809,India,Home
11582,8549,"073, Bora Chowk",Tinsukia,Tripura,937176,India,Home
11583,8550,"33/36, Khatri Circle",Bhatpara,Odisha,806044,India,Home
11584,8551,"H.No. 95, Kunda Marg",Karnal,Goa,498984,India,Home
11585,8551,"H.No. 740, Kar Marg",Danapur,Manipur,101041,India,Home
11586,8552,"157, Mangal Street",Phusro,Chhattisgarh,950707,India,Home
11587,8553,"68/51
Bhalla Path",Ghaziabad,Uttarakhand,961045,India,Other
11588,8553,"H.No. 10, Prabhu Marg",Bihar Sharif,Haryana,677700,India,Office
11589,8554,"H.No. 709
Khatri Ganj",Karimnagar,Bihar,035088,India,Home
11590,8554,"278
Patel Circle",Chandrapur,Uttarakhand,743548,India,Home
11591,8555,"804, Samra Zila",Naihati,Tripura,745429,India,Home
11592,8556,"60/271, Sethi Chowk",Sangli-Miraj & Kupwad,Tamil Nadu,964034,India,Other
11593,8557,"51
Chawla Path",Hyderabad,Maharashtra,809385,India,Home
11594,8557,"949, Bakshi Street",Gudivada,Telangana,537070,India,Home
11595,8558,"46, Dash Path",Rajkot,Sikkim,445680,India,Office
11596,8558,"04/73, Bali Road",Bhagalpur,Uttar Pradesh,393210,India,Office
11597,8559,"04/52, Kadakia Chowk",Sangli-Miraj & Kupwad,Chhattisgarh,259249,India,Office
11598,8559,"89/47, Solanki Circle",Chapra,Tripura,484538,India,Home
11599,8560,"247
Maharaj Nagar",Tadepalligudem,Tamil Nadu,517694,India,Home
11600,8561,"88
Joshi Circle",Baranagar,Odisha,144424,India,Home
11601,8562,"94, Brahmbhatt Street",Machilipatnam,Bihar,815310,India,Office
11602,8563,"22
Ganesan",Sasaram,Assam,916382,India,Home
11603,8564,"H.No. 027, Natarajan Circle",Berhampur,Madhya Pradesh,717415,India,Home
11604,8565,"H.No. 579
Sachdeva Marg",Bhusawal,Odisha,207004,India,Home
11605,8566,"08/55, Chaudhuri",Nandyal,Chhattisgarh,965300,India,Office
11606,8567,"H.No. 71
Rajagopal Zila",Kolhapur,Goa,655875,India,Office
11607,8567,"38
Bera Chowk",Bhiwani,Assam,571059,India,Home
11608,8568,"01/18
Reddy Nagar",Dharmavaram,Sikkim,514372,India,Home
11609,8568,"H.No. 729, Ramachandran Marg",Hubli–Dharwad,Uttar Pradesh,179880,India,Office
11610,8568,"20/27
Pandey Zila",Tumkur,Meghalaya,063099,India,Home
11611,8569,"50, Das Road",Anantapur,Rajasthan,917571,India,Home
11612,8570,"H.No. 716, Devi Road",Karimnagar,Madhya Pradesh,684570,India,Office
11613,8570,"08/708
Char Zila",Lucknow,Rajasthan,688988,India,Home
11614,8571,"46/05, Mahajan",Sonipat,Nagaland,315096,India,Home
11615,8572,"86/80
Prashad Chowk",Belgaum,Rajasthan,152005,India,Home
11616,8573,"34/58
Golla Street",Hospet,Meghalaya,967428,India,Home
11617,8574,"27/711
Narayan Marg",Kirari Suleman Nagar,Tripura,085745,India,Office
11618,8575,"826
Korpal Zila",Kottayam,West Bengal,939897,India,Home
11619,8576,"246, Bahri Street",Rajahmundry,Nagaland,467180,India,Home
11620,8576,"H.No. 722, Dhar Circle",Bhubaneswar,Madhya Pradesh,656541,India,Home
11621,8577,"937
Yogi Nagar",Kanpur,Punjab,577252,India,Home
11622,8578,"H.No. 60, Shankar Path",Karawal Nagar,Telangana,339982,India,Home
11623,8579,"20/38
Rana Circle",Firozabad,Goa,606290,India,Home
11624,8579,"52/519, Samra Zila",Bally,Mizoram,990473,India,Home
11625,8580,"H.No. 072, Verma Zila",Patna,West Bengal,600345,India,Office
11626,8581,"H.No. 628
Madan Circle",Eluru,Madhya Pradesh,525725,India,Office
11627,8581,"00/08, Krishnan Path",Visakhapatnam,Bihar,896622,India,Home
11628,8582,"187
Virk Zila",Thane,Tripura,428047,India,Home
11629,8582,"34/93
Keer Ganj",Faridabad,Jharkhand,757597,India,Office
11630,8583,"H.No. 24, Ganguly Marg",Akola,Mizoram,186332,India,Home
11631,8583,"05/33, Murthy Street",Chandigarh,Rajasthan,806740,India,Office
11632,8584,"H.No. 58
Dey Path",Dewas,Arunachal Pradesh,780450,India,Home
11633,8585,"89, Wagle Road",Alappuzha,Manipur,470519,India,Home
11634,8585,"164, Minhas Marg",Panipat,Sikkim,040817,India,Home
11635,8585,"H.No. 20, Bali Marg",Rourkela,Telangana,723970,India,Home
11636,8586,"H.No. 91
Bhavsar Path",Miryalaguda,Uttar Pradesh,353924,India,Home
11637,8587,"H.No. 25, Johal",Fatehpur,Kerala,939250,India,Home
11638,8588,"H.No. 898
Bahl Marg",Ranchi,Karnataka,133737,India,Office
11639,8589,"73/341, Doshi Marg",Hospet,Himachal Pradesh,377348,India,Home
11640,8590,"H.No. 85, Jain Road",Navi Mumbai,Uttar Pradesh,147294,India,Home
11641,8590,"H.No. 351, Naik Circle",Raurkela Industrial Township,Tamil Nadu,905281,India,Home
11642,8591,"29, Raju Road",Kochi,Sikkim,535481,India,Home
11643,8591,"92/88, Dubey Street",Aligarh,Goa,632365,India,Other
11644,8592,"H.No. 40
Bal Road",Bhalswa Jahangir Pur,Arunachal Pradesh,744082,India,Home
11645,8593,"25/135, Kanda Zila",Silchar,Maharashtra,631083,India,Home
11646,8594,"68/41
Kothari",Patna,Sikkim,393052,India,Home
11647,8595,"15/634
Badal Path",Ahmedabad,Nagaland,201428,India,Home
11648,8596,"88/97
Wali Circle",Dhanbad,Andhra Pradesh,774834,India,Office
11649,8596,"27/82
Ahluwalia Street",Arrah,Punjab,727755,India,Home
11650,8597,"H.No. 701
Golla Nagar",Munger,Maharashtra,775487,India,Home
11651,8598,"17/243
Aurora Zila",Jabalpur,West Bengal,847784,India,Office
11652,8599,"063, Hegde Road",Shivpuri,Manipur,438726,India,Home
11653,8600,"598, Saha Marg",Tiruchirappalli,Maharashtra,940000,India,Home
11654,8600,"H.No. 55, Kata Street",Alwar,Arunachal Pradesh,283333,India,Office
11655,8601,"07/83
Banerjee Road",Nashik,Andhra Pradesh,974572,India,Home
11656,8602,"746
Boase Circle",Parbhani,Manipur,009316,India,Home
11657,8602,"H.No. 16
Sundaram Nagar",Latur,Rajasthan,332316,India,Home
11658,8603,"138, Basu",Bhagalpur,Tripura,495979,India,Home
11659,8604,"H.No. 097
Chana Nagar",Tiruppur,Andhra Pradesh,634032,India,Home
11660,8605,"97
Taneja Road",Kharagpur,Punjab,255220,India,Home
11661,8605,"408, Mann Ganj",Nadiad,Manipur,783501,India,Home
11662,8606,"H.No. 984
Warrior Path",Mumbai,Andhra Pradesh,653367,India,Home
11663,8606,"26, Doshi Path",Dehri,Uttar Pradesh,310559,India,Home
11664,8607,"H.No. 19
Thakkar Circle",Sangli-Miraj & Kupwad,Andhra Pradesh,520715,India,Home
11665,8607,"81/553
Nayak",Thrissur,Goa,279807,India,Home
11666,8608,"H.No. 19, Sheth Road",Warangal,Karnataka,497589,India,Home
11667,8609,"254, Patla Circle",Secunderabad,Nagaland,116218,India,Home
11668,8610,"88/17
Bhattacharyya Path",Jorhat,Sikkim,727949,India,Home
11669,8611,"90
Ravel Zila",Phusro,Odisha,809695,India,Home
11670,8611,"H.No. 42, Mitter Zila",Bokaro,Arunachal Pradesh,661786,India,Home
11671,8612,"829
Kamdar Street",Jamalpur,Uttar Pradesh,913503,India,Home
11672,8612,"H.No. 91, Mane Circle",Baranagar,Himachal Pradesh,235381,India,Home
11673,8613,"18/659, Sur",Cuttack,Punjab,399339,India,Other
11674,8614,"603, Mall Street",Rewa,Haryana,670330,India,Home
11675,8615,"09/17
Virk Road",Mirzapur,Gujarat,997545,India,Home
11676,8615,"14
Parekh Ganj",Dibrugarh,Manipur,280416,India,Home
11677,8616,"H.No. 56
Singh Nagar",Danapur,Assam,022958,India,Home
11678,8617,"H.No. 90
Natt Marg",Gudivada,Andhra Pradesh,578692,India,Office
11679,8618,"32/34, Baria Chowk",Navi Mumbai,Madhya Pradesh,425935,India,Office
11680,8619,"H.No. 82
Borah Ganj",Shimla,Telangana,723014,India,Home
11681,8619,"50
Sethi Path",Berhampur,Karnataka,096189,India,Home
11682,8620,"H.No. 141
Tella Street",Erode,Tripura,670950,India,Home
11683,8620,"83/56
Nanda",Amroha,Goa,579111,India,Home
11684,8620,"H.No. 63
Bhandari Ganj",Amritsar,Manipur,656995,India,Home
11685,8621,"602
Ahuja Chowk",Kishanganj,Madhya Pradesh,227718,India,Home
11686,8622,"H.No. 19, Lad Ganj",Silchar,Arunachal Pradesh,379049,India,Home
11687,8622,"H.No. 420
Mangat Nagar",Narasaraopet,Jharkhand,493809,India,Home
11688,8623,"045
Thaman Zila",Patiala,Uttarakhand,631597,India,Home
11689,8624,"48/22, Kuruvilla Street",Kochi,Rajasthan,640248,India,Home
11690,8625,"07, Sunder Circle",Bangalore,Rajasthan,550468,India,Home
11691,8626,"50, Pai Street",Hyderabad,Chhattisgarh,125539,India,Home
11692,8627,"H.No. 30, Chakrabarti Marg",Haridwar,Odisha,048908,India,Home
11693,8628,"68/83
Kaur Road",Surat,Karnataka,397324,India,Other
11694,8629,"05, Nayak Street",Shahjahanpur,Nagaland,220758,India,Office
11695,8630,"92/411, Swaminathan",Haridwar,Kerala,512391,India,Home
11696,8631,"H.No. 55
Brar Street",Ratlam,Karnataka,104224,India,Home
11697,8631,"H.No. 494
Kaul Nagar",Bhagalpur,Mizoram,082385,India,Home
11698,8632,"75/77
Nayak Chowk",Gudivada,West Bengal,306958,India,Home
11699,8632,"H.No. 56
Lata",Jhansi,Uttar Pradesh,162337,India,Other
11700,8633,"03/64
Pant Nagar",Tiruchirappalli,Karnataka,138423,India,Home
11701,8634,"49/96
Kala Nagar",Mirzapur,Andhra Pradesh,723296,India,Home
11702,8634,"H.No. 28, Zacharia Path",Kota,Gujarat,779437,India,Office
11703,8635,"H.No. 349, Hegde Road",Satara,Telangana,842278,India,Home
11704,8636,"H.No. 064
Srivastava Road",Kadapa,Odisha,465482,India,Home
11705,8637,"92, Ahluwalia",Guna,Andhra Pradesh,239556,India,Home
11706,8638,"289
Wali Path",Kumbakonam,Mizoram,729985,India,Home
11707,8639,"74/095, Ramachandran Chowk",Dewas,Haryana,428060,India,Office
11708,8639,"825, Vyas Chowk",Ujjain,Madhya Pradesh,181678,India,Home
11709,8640,"04/03
Kala Zila",Bettiah,Goa,200076,India,Home
11710,8641,"25/44, Sarkar Circle",Avadi,Jharkhand,759701,India,Home
11711,8642,"H.No. 247
Sethi Zila",Hapur,Uttar Pradesh,573634,India,Home
11712,8643,"36/05
Dasgupta Path",Vijayanagaram,Mizoram,033902,India,Home
11713,8643,"34/08, Padmanabhan Circle",Pudukkottai,Telangana,494906,India,Home
11714,8644,"H.No. 42, Mallick Zila",Mathura,Kerala,661346,India,Office
11715,8644,"H.No. 63
Choudhry Path",Firozabad,Bihar,120141,India,Home
11716,8645,"36, Jayaraman Path",Amaravati,Chhattisgarh,493404,India,Other
11717,8645,"852, Oak Road",Sangli-Miraj & Kupwad,Odisha,353882,India,Home
11718,8646,"H.No. 63
Basu Zila",Rajpur Sonarpur,Arunachal Pradesh,707674,India,Home
11719,8647,"84
Rajagopal",Malegaon,Punjab,623895,India,Office
11720,8647,"H.No. 21, Sharma Marg",Shivpuri,Manipur,280241,India,Home
11721,8648,"90/19
Bora Zila",Fatehpur,Tripura,361421,India,Office
11722,8649,"84
Chander Road",Davanagere,Odisha,974873,India,Home
11723,8649,"H.No. 96
Viswanathan Street",Tadipatri,Manipur,667266,India,Home
11724,8650,"71/453
Raman Zila",Noida,West Bengal,086101,India,Home
11725,8651,"H.No. 950, Raja Road",Suryapet,Madhya Pradesh,539056,India,Office
11726,8652,"H.No. 50
Chhabra Street",Dehradun,Uttar Pradesh,682173,India,Home
11727,8653,"15, Kannan Nagar",Vijayanagaram,Arunachal Pradesh,722044,India,Office
11728,8654,"H.No. 05, Karpe Nagar",Bokaro,Haryana,595244,India,Home
11729,8655,"H.No. 80
Bail Path",Latur,Himachal Pradesh,191602,India,Home
11730,8656,"H.No. 07, Bava Path",Ranchi,Arunachal Pradesh,380205,India,Home
11731,8656,"09/44, Malhotra Circle",Srikakulam,Manipur,255400,India,Office
11732,8657,"813, Devan Marg",Delhi,Himachal Pradesh,776503,India,Home
11733,8657,"760
Sabharwal Path",Yamunanagar,Tripura,576762,India,Home
11734,8657,"02/79
Sura Chowk",Gandhinagar,Manipur,278246,India,Home
11735,8658,"32/03
Kothari Street",Uluberia,Arunachal Pradesh,855456,India,Home
11736,8658,"621
Chaudhary Road",Haridwar,Goa,917715,India,Home
11737,8659,"46/85
Kashyap Chowk",Ambarnath,Manipur,782402,India,Home
11738,8660,"14, Krishna Nagar",Katihar,West Bengal,609485,India,Home
11739,8660,"561, Mander Zila",Mira-Bhayandar,Tamil Nadu,251692,India,Home
11740,8661,"871
Pal Path",Madhyamgram,Punjab,965090,India,Home
11741,8662,"30/73, Bose Chowk",Kumbakonam,Andhra Pradesh,225307,India,Home
11742,8663,"H.No. 584
Pai Circle",Lucknow,Telangana,320343,India,Home
11743,8664,"80
Basak Nagar",Jabalpur,Telangana,424559,India,Home
11744,8665,"809, Setty Marg",Proddatur,Rajasthan,587780,India,Home
11745,8666,"852, Baral Street",Khora ,Kerala,988037,India,Other
11746,8667,"09, Morar Marg",Thanjavur,Sikkim,292837,India,Home
11747,8667,"79/66, Garde Marg",Jalandhar,Haryana,583569,India,Home
11748,8668,"40/95, Talwar Ganj",Dindigul,Kerala,284152,India,Home
11749,8669,"37/59, Wali",Bidhannagar,Jharkhand,475553,India,Office
11750,8670,"H.No. 825, Shankar Street",Loni,Tripura,595684,India,Office
11751,8670,"138
Varty Circle",Agra,Manipur,897811,India,Home
11752,8671,"H.No. 806
Sahota Nagar",Bikaner,Maharashtra,055002,India,Office
11753,8671,"H.No. 58
Zachariah Chowk",Durg,Meghalaya,568255,India,Home
11754,8671,"64/816, Tata Chowk",Kolhapur,Uttar Pradesh,074595,India,Home
11755,8672,"635
Samra Zila",Amaravati,Assam,777266,India,Office
11756,8673,"H.No. 73
Oza",Pali,Chhattisgarh,779795,India,Home
11757,8674,"39/506
Kuruvilla",Dhanbad,Uttarakhand,498745,India,Home
11758,8675,"407
Bandi Street",Bellary,Uttarakhand,043582,India,Home
11759,8676,"H.No. 746
Hans",Avadi,Meghalaya,652808,India,Home
11760,8676,"55
Kumer Chowk",Kishanganj,Bihar,842197,India,Office
11761,8677,"33/464
Ramanathan Road",Belgaum,Mizoram,567345,India,Home
11762,8678,"H.No. 04, Prashad Chowk",Ahmedabad,Tamil Nadu,627904,India,Home
11763,8678,"98/044
Aggarwal Path",Kottayam,Assam,501879,India,Home
11764,8679,"458, Krishnamurthy Circle",Gaya,Karnataka,805855,India,Office
11765,8680,"433, Jain",Berhampur,Tamil Nadu,819887,India,Home
11766,8681,"41/59
Nagi Path",Adoni,Karnataka,550754,India,Home
11767,8682,"33, Krishna Marg",Madurai,Punjab,764990,India,Home
11768,8683,"08
Dara Circle",Firozabad,Madhya Pradesh,387892,India,Home
11769,8684,"559, Sanghvi",Rampur,Mizoram,009490,India,Home
11770,8684,"H.No. 000
Sinha",Orai,Tamil Nadu,532597,India,Office
11771,8685,"H.No. 398
Date Street",Khora ,Gujarat,773157,India,Home
11772,8686,"29/41, Chokshi Ganj",North Dumdum,Kerala,342908,India,Office
11773,8687,"H.No. 918, Hora Path",Sri Ganganagar,Arunachal Pradesh,274533,India,Home
11774,8688,"993, Gaba Road",Jabalpur,Punjab,106009,India,Office
11775,8689,"60/05, Parsa Road",Madhyamgram,Chhattisgarh,678368,India,Office
11776,8690,"H.No. 520
Dugal Road",Bharatpur,Rajasthan,807147,India,Home
11777,8691,"H.No. 69, Badal Road",Machilipatnam,Goa,918596,India,Home
11778,8692,"33
Banik Path",Panchkula,Uttar Pradesh,799164,India,Home
11779,8693,"H.No. 51, Manda Ganj",Patiala,West Bengal,179980,India,Home
11780,8694,"125, Peri Path",Jaunpur,Sikkim,952168,India,Home
11781,8695,"090
Nigam Ganj",Karawal Nagar,Odisha,899967,India,Home
11782,8696,"540, Nagar Street",Bhopal,Meghalaya,776929,India,Office
11783,8696,"592, Tara Ganj",Anantapuram,Tripura,190413,India,Home
11784,8696,"23/871
Dass Road",Bhagalpur,Chhattisgarh,912621,India,Home
11785,8697,"88/52, Bal Nagar",Karimnagar,Punjab,067847,India,Home
11786,8698,"24/203
Andra Nagar",Agartala,Uttar Pradesh,581098,India,Office
11787,8699,"48/01, Khurana Road",Ajmer,Mizoram,248352,India,Home
11788,8700,"34
Dutt Chowk",Vadodara,Maharashtra,858784,India,Office
11789,8701,"81/61
Mann",Salem,Goa,929362,India,Home
11790,8702,"H.No. 970
Setty Chowk",Khammam,Tamil Nadu,516529,India,Home
11791,8703,"52/599
Nadkarni Ganj",Panihati,Jharkhand,611817,India,Office
11792,8703,"51/928
Parekh Chowk",Jalgaon,Gujarat,218944,India,Home
11793,8704,"335, Lata Road",Ajmer,Karnataka,801541,India,Home
11794,8705,"H.No. 812
Goda Marg",Dewas,Kerala,742996,India,Other
11795,8706,"H.No. 09
Sandal Road",Ramgarh,Arunachal Pradesh,009678,India,Office
11796,8707,"H.No. 875
Mandal Street",Ahmedabad,Meghalaya,255431,India,Home
11797,8707,"H.No. 872
Sarma",Aligarh,Sikkim,449770,India,Home
11798,8708,"H.No. 06
Bhattacharyya Road",Meerut,Gujarat,660779,India,Home
11799,8708,"936, Nayak Nagar",Ramgarh,Haryana,690941,India,Home
11800,8709,"H.No. 90
Pandya Street",Vasai-Virar,Uttarakhand,015660,India,Home
11801,8710,"64/89, Deshmukh Street",Vasai-Virar,Uttarakhand,996154,India,Home
11802,8711,"164, Sarna Road",Kolhapur,Goa,789563,India,Home
11803,8711,"76/060, Sinha Road",Bihar Sharif,Manipur,200709,India,Home
11804,8712,"H.No. 424, Nori Ganj",Nashik,Tripura,397843,India,Home
11805,8712,"H.No. 920
Sandhu Path",Thrissur,Jharkhand,366249,India,Home
11806,8712,"H.No. 56, Chawla",Bhusawal,Uttarakhand,399485,India,Home
11807,8713,"13
Kar Ganj",Mau,Uttar Pradesh,554856,India,Office
11808,8714,"11/446
Raval Road",South Dumdum,Odisha,478789,India,Office
11809,8715,"83/79, Tata Chowk",Hajipur,Assam,496181,India,Home
11810,8716,"59/059, Mall",Bahraich,Himachal Pradesh,168351,India,Home
11811,8717,"33/117
Deo Nagar",Dhule,Uttar Pradesh,401683,India,Home
11812,8718,"021, Sunder Path",Nadiad,Tamil Nadu,835303,India,Home
11813,8718,"85
Sathe Chowk",Chittoor,Sikkim,804248,India,Home
11814,8719,"12/15, Yadav Chowk",Vasai-Virar,Telangana,713262,India,Home
11815,8720,"30/109
Iyengar Road",Siwan,Punjab,150838,India,Home
11816,8721,"090, Tata Road",Surendranagar Dudhrej,Uttar Pradesh,662311,India,Home
11817,8721,"02/16
Padmanabhan Marg",Gaya,Nagaland,024998,India,Home
11818,8722,"20/674
Shan Nagar",Amravati,Chhattisgarh,753571,India,Home
11819,8723,"H.No. 39, Bhakta",Kavali,Mizoram,755212,India,Home
11820,8723,"H.No. 63, Mallick Ganj",Dhanbad,Goa,358914,India,Home
11821,8723,"H.No. 07, Hora Path",Jodhpur,Karnataka,940590,India,Home
11822,8724,"01/71, Lall Road",Mahbubnagar,Telangana,871669,India,Home
11823,8725,"860
Narasimhan Path",Bhopal,Meghalaya,017152,India,Home
11824,8726,"88
Deep",Nandyal,Punjab,817290,India,Office
11825,8727,"10/005
Ghose Chowk",Rajahmundry,Odisha,481555,India,Home
11826,8727,"29/22
Seth Zila",Moradabad,Assam,512402,India,Home
11827,8728,"748
Munshi Zila",Parbhani,Goa,918991,India,Home
11828,8729,"H.No. 019
Loke Marg",Kozhikode,Punjab,882387,India,Home
11829,8730,"28/193, Gour Circle",Ratlam,Meghalaya,331646,India,Office
11830,8731,"H.No. 604, Ramachandran Marg",Kota,Andhra Pradesh,987734,India,Home
11831,8731,"97/55
Saxena Road",Noida,West Bengal,770588,India,Home
11832,8731,"52, Saran Zila",Kumbakonam,Maharashtra,840438,India,Office
11833,8732,"10/64
Tiwari Street",Dindigul,Punjab,493503,India,Home
11834,8733,"89/87
Kothari Path",Sultan Pur Majra,Tamil Nadu,283112,India,Home
11835,8734,"74/580, Saini Street",Dhanbad,Telangana,026273,India,Home
11836,8735,"H.No. 54
Patla",Tezpur,Maharashtra,291218,India,Office
11837,8736,"H.No. 34
Iyengar Zila",Katni,Assam,845582,India,Office
11838,8737,"H.No. 04, Shere Nagar",Tadipatri,Himachal Pradesh,966125,India,Home
11839,8738,"51
Bhatnagar Nagar",Bardhaman,Manipur,639667,India,Home
11840,8739,"59/215
Hari Nagar",Faridabad,Himachal Pradesh,382818,India,Office
11841,8740,"23, Mukhopadhyay Circle",Pallavaram,Uttar Pradesh,837899,India,Home
11842,8741,"16/10, Mander",Warangal,Sikkim,853729,India,Home
11843,8742,"H.No. 774
Sengupta Chowk",Rewa,Arunachal Pradesh,166916,India,Home
11844,8742,"H.No. 560, Mittal Marg",Chennai,Rajasthan,624411,India,Office
11845,8743,"42/87, Kalla Circle",Shahjahanpur,Meghalaya,363100,India,Home
11846,8744,"H.No. 57, Cheema Nagar",Bhalswa Jahangir Pur,Chhattisgarh,196433,India,Home
11847,8745,"H.No. 29
Sandhu Road",Sambhal,Haryana,650951,India,Home
11848,8746,"770, Bajaj Chowk",Ozhukarai,Bihar,672628,India,Home
11849,8747,"096
Bobal Marg",Malda,Nagaland,146994,India,Home
11850,8748,"272
Bath",Hajipur,Punjab,511799,India,Home
11851,8749,"H.No. 717, Srivastava Path",Karimnagar,Bihar,119146,India,Home
11852,8749,"H.No. 126
Kamdar Ganj",Bijapur,Meghalaya,648076,India,Office
11853,8750,"45/844, Parekh Ganj",Siwan,Manipur,509418,India,Home
11854,8751,"H.No. 09, Suresh Street",Udupi,Arunachal Pradesh,357045,India,Office
11855,8752,"814, Ratta Road",Nagercoil,Uttar Pradesh,337202,India,Home
11856,8752,"93/30
Basak",Akola,Tamil Nadu,512999,India,Office
11857,8753,"65, Bandi Street",Ramgarh,Punjab,423380,India,Office
11858,8754,"H.No. 82, Sachdeva Nagar",Mysore,Arunachal Pradesh,443875,India,Home
11859,8755,"52/74, Parsa Circle",Jalgaon,Jharkhand,201904,India,Home
11860,8756,"H.No. 424
Sabharwal Street",Meerut,Madhya Pradesh,894408,India,Home
11861,8756,"H.No. 923
Chatterjee Road",Rajahmundry,Manipur,584868,India,Office
11862,8757,"35
Sen Path",Ambala,Kerala,703259,India,Home
11863,8758,"03
Nayar Road",Hosur,Madhya Pradesh,157421,India,Home
11864,8759,"23/17
Bath Ganj",Bhiwandi,Rajasthan,290289,India,Office
11865,8760,"H.No. 762, Dugar Chowk",Raiganj,Haryana,943887,India,Home
11866,8761,"36/20, Wable Road",Hospet,Madhya Pradesh,357830,India,Home
11867,8761,"64, Upadhyay Ganj",Madurai,Uttarakhand,192671,India,Home
11868,8762,"H.No. 387
Agrawal Circle",Latur,Bihar,842481,India,Home
11869,8763,"H.No. 26
Kamdar Path",Bokaro,Rajasthan,386908,India,Other
11870,8764,"H.No. 078
Doctor Road",Muzaffarnagar,Chhattisgarh,499403,India,Home
11871,8765,"57, Pathak Ganj",Erode,Tripura,083246,India,Home
11872,8766,"885
Mallick Chowk",Bikaner,Rajasthan,379627,India,Office
11873,8767,"25/38
Ravel",Dewas,Sikkim,636871,India,Home
11874,8768,"97/26
Khare Chowk",Dehri,Gujarat,839792,India,Home
11875,8769,"27/508
Arya Nagar",Dharmavaram,Andhra Pradesh,065463,India,Office
11876,8769,"579, Loke Road",Hazaribagh,Telangana,328322,India,Home
11877,8770,"306
Chacko Circle",Hapur,Uttar Pradesh,767308,India,Home
11878,8771,"H.No. 593, Modi Circle",Adoni,Chhattisgarh,193808,India,Home
11879,8772,"06
Jayaraman Zila",Serampore,Chhattisgarh,092068,India,Home
11880,8773,"48, Dass Path",Surat,Assam,156787,India,Office
11881,8774,"77/264
Contractor Street",Raiganj,Meghalaya,682373,India,Other
11882,8775,"H.No. 61
Lanka Street",Jehanabad,Jharkhand,517062,India,Home
11883,8775,"H.No. 68
Deo Circle",Jaipur,West Bengal,813934,India,Home
11884,8776,"H.No. 45, Krishnamurthy Circle",Mangalore,Uttar Pradesh,235314,India,Home
11885,8776,"H.No. 360, Verma Road",Sonipat,Meghalaya,859910,India,Office
11886,8777,"85/84
Vohra Zila",Shahjahanpur,Tamil Nadu,549733,India,Home
11887,8778,"14, Sampath Ganj",Sri Ganganagar,Sikkim,787615,India,Home
11888,8779,"47, Sarna Path",Satna,Manipur,701821,India,Home
11889,8780,"360
Ben Street",Haridwar,Odisha,369490,India,Home
11890,8781,"H.No. 68
Grover Chowk",Barasat,Tripura,752214,India,Other
11891,8781,"H.No. 608
Pillay Road",Maheshtala,Andhra Pradesh,961882,India,Office
11892,8782,"79/226, Bawa Circle",Bidar,Telangana,710000,India,Home
11893,8782,"H.No. 54
Murty",Kollam,Bihar,460278,India,Home
11894,8783,"10/21
Bail Chowk",Vijayanagaram,Himachal Pradesh,927233,India,Office
11895,8783,"H.No. 211, Vala Chowk",Kirari Suleman Nagar,Haryana,320075,India,Home
11896,8784,"H.No. 515
Sastry Marg",Bihar Sharif,Tripura,172330,India,Home
11897,8784,"473
Thakkar Ganj",Nagpur,Goa,058464,India,Home
11898,8785,"84/418, Sehgal Nagar",Adoni,Punjab,835127,India,Home
11899,8786,"23/268, Dada Street",Nellore,Odisha,127022,India,Home
11900,8787,"H.No. 906, Goyal Circle",Kadapa,Sikkim,762315,India,Home
11901,8788,"58
Verma",Surendranagar Dudhrej,West Bengal,468929,India,Other
11902,8789,"99
Chopra Nagar",Phagwara,Manipur,033996,India,Office
11903,8790,"H.No. 603
Savant Street",Pune,West Bengal,156925,India,Home
11904,8790,"47
Jani Chowk",Baranagar,Haryana,694930,India,Other
11905,8790,"52/798, Balasubramanian Ganj",Ahmednagar,Jharkhand,685981,India,Home
11906,8791,"H.No. 021
Hegde",Katihar,Punjab,415646,India,Home
11907,8792,"490
Nori Street",Bulandshahr,Telangana,367240,India,Home
11908,8792,"42/919, Anand Street",Rajahmundry,Manipur,548659,India,Home
11909,8793,"386
Kalita Circle",Dibrugarh,Goa,014382,India,Home
11910,8794,"H.No. 73
Prakash Nagar",Chandigarh,Mizoram,623990,India,Home
11911,8795,"82/663, Venkataraman Nagar",Kollam,Gujarat,485262,India,Home
11912,8795,"78/566, Mane Marg",Tadipatri,Chhattisgarh,786122,India,Home
11913,8796,"64/937
Solanki Path",Munger,Gujarat,243328,India,Home
11914,8797,"H.No. 06, Mistry Ganj",Deoghar,Assam,241427,India,Other
11915,8798,"27/598, Sawhney Street",Ahmedabad,Assam,791205,India,Office
11916,8799,"79/82, Verma Ganj",Dharmavaram,Arunachal Pradesh,606035,India,Home
11917,8799,"H.No. 46
Sinha Zila",Kavali,Nagaland,092115,India,Office
11918,8800,"197
Bir Street",Ratlam,Kerala,955233,India,Home
11919,8800,"35
Tank Zila",Bhimavaram,Assam,117422,India,Office
11920,8801,"H.No. 282
Nayak Road",Bhavnagar,Jharkhand,518493,India,Office
11921,8802,"91/675, Bhattacharyya Path",Hazaribagh,Assam,095973,India,Home
11922,8803,"89/667, Mangal Marg",Bellary,West Bengal,176763,India,Home
11923,8804,"H.No. 19
Sahni Road",Raipur,Punjab,633337,India,Home
11924,8804,"45/332, Raghavan Street",Vasai-Virar,Chhattisgarh,011069,India,Home
11925,8805,"47/745
Goel Circle",Raebareli,Maharashtra,194716,India,Home
11926,8805,"H.No. 22
Acharya Marg",Arrah,Punjab,630077,India,Home
11927,8805,"15
Brar Street",Vellore,Sikkim,384716,India,Home
11928,8806,"38/29
Kota",Asansol,Tripura,062413,India,Home
11929,8806,"61/434, Lad Zila",Tenali,Punjab,084709,India,Office
11930,8807,"87/49
Mane Circle",Bokaro,Punjab,129734,India,Office
11931,8807,"16/767, Khurana Marg",Hajipur,Maharashtra,086581,India,Home
11932,8808,"921, Varma Chowk",Junagadh,Uttarakhand,387593,India,Home
11933,8809,"73, Krishnan Street",New Delhi,Assam,933702,India,Office
11934,8809,"H.No. 602
Parmer Road",Singrauli,Tamil Nadu,125372,India,Home
11935,8810,"H.No. 052
Sinha Ganj",Bulandshahr,Arunachal Pradesh,424672,India,Home
11936,8810,"92
Chaudhry",Motihari,Punjab,584377,India,Home
11937,8811,"73/096
Dugar",Amritsar,Nagaland,025295,India,Office
11938,8812,"H.No. 625
Shah",Bareilly,Tamil Nadu,895579,India,Home
11939,8812,"45/16, Dara Nagar",Serampore,Andhra Pradesh,275656,India,Home
11940,8813,"54
Sarkar",Kurnool,West Bengal,266080,India,Home
11941,8814,"26/96
Gandhi Street",Bikaner,Goa,164605,India,Home
11942,8815,"13/809
Chandra Road",Hospet,Punjab,139984,India,Home
11943,8815,"78
Patil Nagar",Khammam,Kerala,785364,India,Home
11944,8816,"380, Bhat Ganj",Barasat,Haryana,853510,India,Home
11945,8817,"H.No. 956
Panchal Chowk",Mirzapur,Maharashtra,552982,India,Other
11946,8817,"84/71
Tailor Road",Sagar,Kerala,084532,India,Home
11947,8818,"38, Bail Marg",Nellore,Gujarat,542699,India,Home
11948,8819,"535, Kalla Street",Chittoor,Uttarakhand,635690,India,Office
11949,8820,"42/375, Barad Chowk",Kota,Punjab,469994,India,Home
11950,8821,"39/51
Lala Path",Kakinada,Goa,222780,India,Office
11951,8821,"97
Nair Nagar",Khandwa,Manipur,987514,India,Office
11952,8822,"H.No. 448, Korpal Nagar",Karnal,Rajasthan,801011,India,Office
11953,8823,"H.No. 36
Nagi Chowk",Eluru,Manipur,619182,India,Home
11954,8824,"92
Purohit Nagar",Chandrapur,Odisha,357013,India,Home
11955,8825,"58/25
Jayaraman",Sagar,Arunachal Pradesh,915340,India,Home
11956,8826,"85/535
Kant Nagar",Morbi,Telangana,106320,India,Home
11957,8827,"H.No. 685
Muni Chowk",Bilaspur,Maharashtra,693428,India,Home
11958,8828,"60/93
Modi Marg",Chandigarh,Gujarat,356115,India,Home
11959,8829,"H.No. 89, Kamdar Nagar",Kanpur,Kerala,584778,India,Home
11960,8830,"999
Char Circle",Srinagar,Andhra Pradesh,451067,India,Home
11961,8831,"702
Balan Path",Malegaon,Karnataka,320286,India,Office
11962,8831,"H.No. 041, Agrawal Marg",Sirsa,Nagaland,765701,India,Home
11963,8832,"H.No. 42
Doctor Chowk",Pallavaram,Odisha,260157,India,Home
11964,8833,"78, Soni Road",Phagwara,Gujarat,687627,India,Home
11965,8834,"344
Kade",Solapur,Uttar Pradesh,036661,India,Home
11966,8835,"89, Jhaveri Chowk",Panihati,Tripura,550859,India,Home
11967,8836,"99/458
Sane Nagar",Thanjavur,Uttar Pradesh,297400,India,Office
11968,8837,"H.No. 725
Shukla Chowk",Mira-Bhayandar,Nagaland,122217,India,Home
11969,8837,"27/64, Vora Road",Pondicherry,Tripura,123472,India,Home
11970,8837,"89/64, Master Street",Kharagpur,Kerala,412429,India,Office
11971,8838,"19/51, Srinivas Chowk",Chandigarh,Mizoram,577565,India,Home
11972,8839,"14/48, Desai",Karnal,Nagaland,641496,India,Home
11973,8839,"464
Kaur Chowk",Kishanganj,Tamil Nadu,838335,India,Home
11974,8840,"39
Khurana Zila",Mirzapur,Mizoram,349940,India,Home
11975,8841,"H.No. 72, Bali Marg",Kolhapur,Andhra Pradesh,622173,India,Office
11976,8842,"12
Borde Chowk",Bihar Sharif,Kerala,057270,India,Home
11977,8843,"403
Soni",Mirzapur,Chhattisgarh,433255,India,Home
11978,8844,"H.No. 78
Sastry Ganj",Bhatpara,Rajasthan,098874,India,Home
11979,8845,"H.No. 135
Subramanian Zila",Tadepalligudem,Manipur,645504,India,Home
11980,8846,"H.No. 465, Yogi",Bilaspur,West Bengal,468652,India,Home
11981,8847,"H.No. 579, Arora Nagar",Chandigarh,Manipur,131271,India,Home
11982,8848,"17, Buch Street",Ballia,Sikkim,211171,India,Office
11983,8849,"96
Rau Marg",Kadapa,Tripura,092667,India,Home
11984,8849,"H.No. 297, Dyal",Dehri,Kerala,132213,India,Home
11985,8849,"H.No. 242
Desai Marg",Sirsa,Meghalaya,420372,India,Home
11986,8850,"989
Gade Zila",Bahraich,Odisha,604748,India,Home
11987,8850,"70/720
Oommen Chowk",Gandhinagar,Maharashtra,247141,India,Home
11988,8851,"H.No. 72
Sachdev Road",Bharatpur,Sikkim,887369,India,Home
11989,8851,"70/46, Nigam Ganj",Jorhat,Sikkim,960187,India,Home
11990,8852,"08/20, Khalsa Path",Srikakulam,Assam,959943,India,Office
11991,8853,"001
Mallick Circle",Thiruvananthapuram,Haryana,900133,India,Office
11992,8854,"70/60
Ben Marg",Bhimavaram,Telangana,776581,India,Home
11993,8855,"84/53, Chaudhari Chowk",Proddatur,Madhya Pradesh,453056,India,Office
11994,8856,"H.No. 00, Ghose Path",New Delhi,Karnataka,403346,India,Home
11995,8857,"H.No. 27
Goda Path",Bhiwani,Meghalaya,146240,India,Home
11996,8858,"70, Chhabra Zila",Sagar,West Bengal,730734,India,Home
11997,8859,"00, Kapoor Marg",Sirsa,Kerala,346883,India,Home
11998,8860,"94, Gera Zila",Nizamabad,Goa,257899,India,Home
11999,8861,"H.No. 231, Sani Ganj",Bokaro,Tamil Nadu,252812,India,Home
12000,8861,"27/88, Bhalla Circle",Sirsa,Sikkim,520926,India,Other
12001,8862,"H.No. 42
Karnik Nagar",Bhalswa Jahangir Pur,Tamil Nadu,378224,India,Office
12002,8862,"H.No. 17, Dayal Path",Jalna,Karnataka,394407,India,Home
12003,8863,"93/73
Ahuja Road",Rajpur Sonarpur,Uttar Pradesh,060037,India,Home
12004,8863,"789
Venkataraman Marg",Pondicherry,Odisha,683345,India,Home
12005,8864,"H.No. 209, Dara Ganj",Berhampore,Madhya Pradesh,634386,India,Home
12006,8865,"62/90
Bhagat",Dindigul,Uttarakhand,779616,India,Home
12007,8866,"41/166, Dhingra Street",Miryalaguda,Tripura,617037,India,Home
12008,8867,"568, Tata Road",Etawah,Nagaland,733413,India,Home
12009,8867,"31/673
Gupta Chowk",Belgaum,Telangana,524274,India,Other
12010,8868,"58
Shenoy",Amaravati,Telangana,515174,India,Home
12011,8868,"61/078
Dhillon Chowk",Tirupati,Mizoram,471842,India,Home
12012,8868,"88/541, Bhavsar Road",Bhind,Meghalaya,446080,India,Home
12013,8869,"71, Shere Ganj",Sangli-Miraj & Kupwad,Uttar Pradesh,322113,India,Office
12014,8870,"H.No. 554
Patla Nagar",Fatehpur,Jharkhand,254492,India,Home
12015,8870,"48/859, Vasa Ganj",Vijayanagaram,Tripura,463111,India,Home
12016,8870,"92/88, Prakash Marg",Mysore,Bihar,129850,India,Home
12017,8871,"297, Sengupta",Pimpri-Chinchwad,Bihar,254973,India,Home
12018,8872,"H.No. 559
Natarajan",Aizawl,Bihar,842100,India,Office
12019,8873,"05/54, Virk Ganj",Aligarh,Manipur,151122,India,Office
12020,8873,"H.No. 274
Zacharia Street",Mysore,Uttarakhand,920075,India,Home
12021,8874,"H.No. 665
Hayre Ganj",Bijapur,Himachal Pradesh,262957,India,Home
12022,8875,"746
Shankar Marg",Raipur,Uttarakhand,854455,India,Home
12023,8876,"494
Kota Marg",Amritsar,Manipur,315033,India,Home
12024,8877,"59/02, Som Marg",Karnal,Uttar Pradesh,941127,India,Home
12025,8878,"16/91
Sur Chowk",Avadi,Manipur,643401,India,Home
12026,8879,"H.No. 394, Bail Street",Rewa,Punjab,631972,India,Office
12027,8880,"22, Prakash Chowk",Rajpur Sonarpur,Manipur,802979,India,Home
12028,8881,"27/33
Apte Zila",Dindigul,Rajasthan,391034,India,Home
12029,8881,"H.No. 556, Srinivas Nagar",Kirari Suleman Nagar,West Bengal,999311,India,Other
12030,8882,"H.No. 360
Mall Nagar",Kulti,Chhattisgarh,817825,India,Office
12031,8882,"H.No. 82, Sodhi Zila",Junagadh,Assam,569815,India,Home
12032,8883,"30/72, Pillai",Gulbarga,Meghalaya,257875,India,Office
12033,8884,"H.No. 285
Suresh Ganj",Gurgaon,Odisha,915703,India,Other
12034,8885,"71/190, Gopal Circle",Salem,Chhattisgarh,751600,India,Home
12035,8886,"H.No. 019, Nair Road",Jorhat,Uttarakhand,537193,India,Home
12036,8886,"H.No. 029, Arora Path",Sagar,Himachal Pradesh,566438,India,Office
12037,8887,"H.No. 42, Mangal",Darbhanga,Odisha,205670,India,Home
12038,8888,"664
Mohan Zila",Khora ,Haryana,809718,India,Home
12039,8888,"45/440, Yohannan",Ichalkaranji,Punjab,039418,India,Home
12040,8889,"35/41
Bhardwaj Nagar",Adoni,Mizoram,837972,India,Home
12041,8889,"64/392, Grewal Ganj",New Delhi,Karnataka,853513,India,Home
12042,8890,"H.No. 780
Ramaswamy Ganj",Coimbatore,Telangana,781504,India,Home
12043,8891,"H.No. 539
Rattan Chowk",Tiruppur,Mizoram,834358,India,Office
12044,8892,"179
Shroff Road",Ratlam,Punjab,337649,India,Office
12045,8892,"H.No. 82
Basak Circle",Dehradun,Rajasthan,768787,India,Office
12046,8893,"97/503
Gola Nagar",Baranagar,Uttarakhand,915850,India,Home
12047,8894,"H.No. 62, Barman Street",Guwahati,Manipur,448295,India,Home
12048,8895,"H.No. 50, Sule Ganj",Srikakulam,Rajasthan,696811,India,Home
12049,8895,"016, Wali Nagar",Bhagalpur,Bihar,670265,India,Other
12050,8896,"16, Dutt Nagar",Bangalore,Manipur,518465,India,Home
12051,8897,"360, Gandhi Ganj",Ajmer,Punjab,857839,India,Home
12052,8897,"H.No. 343, Dara Path",Nizamabad,Goa,856153,India,Home
12053,8898,"H.No. 78, Sachar Circle",Gangtok,Assam,306343,India,Home
12054,8898,"H.No. 61
Kala Street",Bathinda,Jharkhand,804169,India,Office
12055,8898,"05
Kumer Path",Thoothukudi,Madhya Pradesh,749986,India,Home
12056,8899,"13/825, Vasa Circle",Nangloi Jat,Andhra Pradesh,313103,India,Home
12057,8900,"99/605
Prashad Circle",Phusro,Himachal Pradesh,016939,India,Office
12058,8901,"42, Minhas Path",Sirsa,Uttar Pradesh,859521,India,Home
12059,8901,"35
Sethi",Panihati,Kerala,805386,India,Office
12060,8902,"H.No. 442, Varma Circle",Bareilly,Haryana,702661,India,Home
12061,8902,"98, Sen Nagar",Kota,Telangana,782812,India,Home
12062,8903,"H.No. 896
Kapadia Zila",Muzaffarnagar,Uttarakhand,398352,India,Home
12063,8904,"91/032, Biswas Chowk",Chinsurah,Nagaland,347164,India,Office
12064,8905,"H.No. 99, Dey Zila",Kadapa,Uttarakhand,685660,India,Home
12065,8906,"085
Sengupta Nagar",Hazaribagh,Uttarakhand,165537,India,Home
12066,8907,"H.No. 803
Kara Ganj",Nandyal,Uttar Pradesh,378026,India,Home
12067,8908,"92/34, Choudhary Circle",Shimoga,Telangana,439037,India,Home
12068,8909,"616
Brar Nagar",Ulhasnagar,Telangana,099612,India,Home
12069,8909,"53/438, Mohanty Path",Delhi,Himachal Pradesh,535456,India,Home
12070,8910,"H.No. 867
Dubey Street",Rewa,West Bengal,457620,India,Office
12071,8910,"H.No. 15, Ganesh",Nandyal,Tamil Nadu,026410,India,Home
12072,8911,"14/264
Narasimhan Marg",South Dumdum,Assam,617612,India,Home
12073,8911,"H.No. 72
Minhas Marg",Jammu,Meghalaya,444466,India,Other
12074,8912,"H.No. 96
Yadav",Kozhikode,Kerala,013845,India,Home
12075,8913,"H.No. 41
Patel Zila",Gandhidham,Manipur,290220,India,Home
12076,8914,"27/37
Sharma Nagar",Berhampur,Mizoram,837900,India,Home
12077,8915,"H.No. 44, Menon Path",Nashik,Chhattisgarh,927224,India,Home
12078,8916,"H.No. 591, Sachar Circle",Agra,Arunachal Pradesh,764688,India,Office
12079,8917,"H.No. 88, Shroff Circle",Dharmavaram,Bihar,934307,India,Home
12080,8918,"65, Dugar Marg",Amroha,Punjab,090301,India,Home
12081,8918,"H.No. 11, Pai Chowk",Mehsana,Maharashtra,007076,India,Office
12082,8919,"127
Lanka Street",Gaya,Tamil Nadu,921146,India,Other
12083,8920,"12/932, Bobal Ganj",Karnal,Goa,898538,India,Office
12084,8920,"H.No. 81, Lall Marg",Firozabad,Telangana,752517,India,Other
12085,8921,"73
Khurana Path",Sagar,Manipur,804403,India,Other
12086,8922,"H.No. 29
De Road",Naihati,Punjab,725764,India,Home
12087,8923,"65
Wali",Maheshtala,Maharashtra,992194,India,Home
12088,8923,"59/106, Prashad Path",Mumbai,Madhya Pradesh,747091,India,Home
12089,8924,"22/032, Kara Chowk",Proddatur,Andhra Pradesh,540335,India,Office
12090,8925,"H.No. 251, Mohanty Path",Tirupati,Telangana,746862,India,Home
12091,8926,"01/011
Bail Zila",Hazaribagh,Himachal Pradesh,743609,India,Home
12092,8927,"H.No. 40, Soman Circle",Rajahmundry,Himachal Pradesh,470533,India,Other
12093,8928,"H.No. 122, Mody Zila",Srinagar,Nagaland,022453,India,Office
12094,8929,"81/72, Handa Circle",Gandhinagar,Assam,052086,India,Home
12095,8929,"238
Chaudhary Street",Tinsukia,Uttarakhand,300116,India,Office
12096,8930,"95
Sha Marg",Katihar,Assam,072080,India,Home
12097,8930,"H.No. 71, Saraf Nagar",Raichur,Madhya Pradesh,605696,India,Home
12098,8931,"762
Hari Nagar",Bhagalpur,Telangana,386304,India,Home
12099,8931,"10/78
Sastry Ganj",Bhilwara,Andhra Pradesh,536000,India,Home
12100,8932,"66/604, Vyas Chowk",Agartala,Uttar Pradesh,171433,India,Home
12101,8933,"H.No. 204, Peri Road",Purnia,Goa,633069,India,Home
12102,8934,"H.No. 25, Varma",Ramgarh,Mizoram,350229,India,Home
12103,8935,"273, Deol Chowk",Gulbarga,Arunachal Pradesh,276073,India,Home
12104,8936,"H.No. 557
Kunda Marg",Indore,Meghalaya,921758,India,Home
12105,8937,"H.No. 249
Pandya Street",Kishanganj,Sikkim,060472,India,Home
12106,8938,"61/49, Zachariah Chowk",Hindupur,Maharashtra,115259,India,Home
12107,8938,"H.No. 239
Chand Street",Berhampore,Chhattisgarh,755424,India,Home
12108,8938,"396, Gupta Road",Bathinda,Madhya Pradesh,855258,India,Home
12109,8939,"822, Chaudry Road",Gandhinagar,Jharkhand,477350,India,Home
12110,8940,"47/378
Chopra Street",Surendranagar Dudhrej,Gujarat,027316,India,Home
12111,8940,"H.No. 362, Edwin Path",Pondicherry,Maharashtra,043161,India,Home
12112,8940,"16, Toor Ganj",Guntakal,Uttar Pradesh,916203,India,Home
12113,8941,"38/890
Savant Zila",Maheshtala,Gujarat,295193,India,Home
12114,8941,"H.No. 69, Sahota Path",Vasai-Virar,Sikkim,477237,India,Home
12115,8942,"54/840, Patla Ganj",Nellore,Telangana,456235,India,Home
12116,8943,"935
Bhardwaj Ganj",Phusro,Sikkim,823114,India,Home
12117,8944,"H.No. 982
Pingle Circle",Tirunelveli,Tamil Nadu,371906,India,Home
12118,8945,"56, Rau Zila",Bhiwani,Telangana,782579,India,Other
12119,8946,"09/00, Sheth Marg",Chandigarh,Maharashtra,335146,India,Home
12120,8947,"692, Wable Chowk",Khora ,Jharkhand,590757,India,Home
12121,8948,"H.No. 04, Walla Path",Varanasi,Himachal Pradesh,897241,India,Home
12122,8949,"13/792, Tak Nagar",Singrauli,Punjab,866435,India,Other
12123,8950,"14
Prakash Ganj",Satna,Tripura,965164,India,Home
12124,8951,"60, Sridhar Ganj",Moradabad,Gujarat,630464,India,Other
12125,8952,"85/82, Mandal Path",Ludhiana,Haryana,340215,India,Office
12126,8952,"H.No. 10, Sanghvi Marg",Moradabad,Meghalaya,953666,India,Home
12127,8953,"H.No. 48, Sethi Street",Ratlam,Tripura,192700,India,Home
12128,8954,"55
Kade Circle",Fatehpur,Odisha,989756,India,Home
12129,8954,"H.No. 75
Bala",Sultan Pur Majra,Bihar,349753,India,Office
12130,8955,"975, Kannan Zila",Orai,Jharkhand,956778,India,Other
12131,8956,"01/529
Bhardwaj Chowk",Malda,Assam,748575,India,Office
12132,8957,"03/46, Shenoy Path",Raebareli,Assam,950834,India,Home
12133,8957,"H.No. 11
Sur Marg",Kota,Nagaland,714456,India,Home
12134,8957,"746, Mangat Street",Thane,Uttarakhand,347533,India,Other
12135,8958,"11/923, Mani Road",Raurkela Industrial Township,Manipur,540690,India,Home
12136,8959,"54/34
Grover Marg",Haldia,Telangana,840211,India,Home
12137,8960,"H.No. 98
Gade Path",Mango,Kerala,196710,India,Other
12138,8961,"H.No. 54, Thaman Zila",Sirsa,Chhattisgarh,908074,India,Office
12139,8962,"716
Bhat Marg",Kalyan-Dombivli,Karnataka,774682,India,Home
12140,8963,"261, Roy Circle",Motihari,Manipur,785982,India,Home
12141,8964,"H.No. 75, Ranganathan Chowk",Solapur,Karnataka,893325,India,Home
12142,8964,"844
Chokshi Nagar",Secunderabad,Meghalaya,060972,India,Office
12143,8965,"H.No. 077
Jani Street",Sagar,Andhra Pradesh,689664,India,Office
12144,8966,"53
Nigam Circle",Nashik,Himachal Pradesh,079073,India,Home
12145,8967,"43/72
Loyal Ganj",Jamalpur,Sikkim,442520,India,Home
12146,8968,"34/56, Bhagat Chowk",Thiruvananthapuram,Karnataka,244851,India,Home
12147,8969,"H.No. 04, Rajan",Kochi,Manipur,103999,India,Home
12148,8969,"H.No. 106, Ray",Thane,Sikkim,916188,India,Home
12149,8970,"23
Mital Street",Dehri,Himachal Pradesh,974662,India,Home
12150,8971,"H.No. 055, Srinivas Marg",Bokaro,Arunachal Pradesh,971668,India,Home
12151,8972,"H.No. 10
Chahal Road",Thanjavur,Uttar Pradesh,148874,India,Home
12152,8972,"H.No. 063
Choudhury Street",Indore,West Bengal,760163,India,Home
12153,8973,"50/989, Grewal",Chinsurah,Goa,276908,India,Home
12154,8973,"07/96, Shroff Zila",Asansol,Punjab,046562,India,Home
12155,8974,"74/36
Chahal Chowk",Ambala,Gujarat,322057,India,Office
12156,8975,"66/040
Chaudhari",Varanasi,Mizoram,435493,India,Office
12157,8976,"H.No. 562
Kurian Circle",Dhanbad,Meghalaya,168074,India,Home
12158,8977,"40/17, Narasimhan Circle",Anantapuram,Meghalaya,229731,India,Home
12159,8977,"92/36
Chaudhuri Nagar",Mysore,Tripura,170334,India,Home
12160,8978,"618
Bala",Gopalpur,Telangana,468787,India,Office
12161,8979,"16/805, Borah Nagar",Bidar,Gujarat,704526,India,Home
12162,8979,"50/04
Sura Street",Tiruvottiyur,Himachal Pradesh,245490,India,Home
12163,8980,"H.No. 35
Randhawa Ganj",Surat,Uttarakhand,197339,India,Office
12164,8981,"H.No. 25, Varty Nagar",Dindigul,Arunachal Pradesh,325807,India,Home
12165,8982,"24/315
Kalita",Gandhidham,Uttarakhand,149687,India,Home
12166,8982,"33/04, Acharya Ganj",Suryapet,Madhya Pradesh,086079,India,Home
12167,8983,"39/212, Mangal Circle",Muzaffarnagar,Punjab,705511,India,Home
12168,8984,"100, Prakash Zila",Mysore,Karnataka,241087,India,Home
12169,8985,"630, Sidhu",Vadodara,Arunachal Pradesh,299171,India,Home
12170,8986,"30/35
Chokshi Marg",Naihati,Tamil Nadu,987197,India,Other
12171,8987,"29/746
Borah Chowk",Nagpur,Odisha,865831,India,Home
12172,8988,"H.No. 152, Hegde Road",Dewas,Rajasthan,189316,India,Home
12173,8988,"30, Rajagopalan Chowk",Unnao,Haryana,311171,India,Home
12174,8989,"H.No. 483, Sarin Street",Hospet,Mizoram,052591,India,Home
12175,8990,"71/04, Acharya Zila",Kumbakonam,Kerala,631880,India,Home
12176,8991,"47
Kata",Jamnagar,Uttarakhand,506073,India,Other
12177,8992,"23
Sur Nagar",Adoni,Kerala,556230,India,Office
12178,8993,"22/545, Bassi Chowk",Tiruvottiyur,Sikkim,107022,India,Home
12179,8994,"45/23
Bhakta Zila",Ambarnath,Tamil Nadu,908811,India,Office
12180,8995,"11/42, Balasubramanian Circle",Guntur,Nagaland,387286,India,Home
12181,8996,"369
Kapadia Zila",Alappuzha,Punjab,920016,India,Home
12182,8996,"135, Comar Chowk",Cuttack,Madhya Pradesh,638487,India,Home
12183,8997,"34/327, Vaidya Marg",Amravati,Karnataka,782365,India,Home
12184,8997,"H.No. 43, Comar Nagar",Bidar,Kerala,545285,India,Home
12185,8997,"503, Dixit Street",Ludhiana,Jharkhand,278362,India,Home
12186,8998,"29/16
Dass",Agra,Manipur,488918,India,Home
12187,8999,"H.No. 57, Dewan",Kolhapur,Gujarat,071941,India,Office
12188,9000,"H.No. 061, Sankar Circle",Tadepalligudem,Tamil Nadu,898553,India,Home
12189,9000,"H.No. 12, Savant Path",Faridabad,Haryana,013249,India,Other
12190,9001,"03
Ramesh Marg",Morbi,Chhattisgarh,738741,India,Home
12191,9001,"034, Bose Circle",Guna,Gujarat,276211,India,Home
12192,9002,"H.No. 144
Basu Road",Muzaffarnagar,Assam,654461,India,Home
12193,9002,"77
Keer Ganj",Raichur,Chhattisgarh,301516,India,Home
12194,9003,"H.No. 24, Reddy",Bhusawal,Tamil Nadu,221751,India,Home
12195,9004,"682
Bobal Chowk",Mahbubnagar,Arunachal Pradesh,837612,India,Home
12196,9005,"42/10
Bhatti Street",Sagar,Meghalaya,116241,India,Home
12197,9006,"35/51, Mahajan Street",Amravati,Nagaland,295331,India,Home
12198,9007,"H.No. 949
Bala Zila",Munger,Mizoram,181582,India,Home
12199,9008,"H.No. 264
Bains Circle",Thoothukudi,Maharashtra,901186,India,Home
12200,9009,"H.No. 430
Sastry Circle",Bhiwandi,Haryana,567921,India,Home
12201,9010,"79/58, Shanker Path",Jalandhar,Manipur,183489,India,Home
12202,9010,"76/328, Ghose Ganj",Kalyan-Dombivli,Odisha,390901,India,Home
12203,9010,"H.No. 00
Kashyap Ganj",Kolkata,Odisha,971523,India,Home
12204,9011,"H.No. 33
Bawa Zila",Raebareli,Uttar Pradesh,210932,India,Home
12205,9012,"47, Lad Chowk",Fatehpur,Maharashtra,343924,India,Home
12206,9013,"55/92
Ratti Ganj",Sultan Pur Majra,Punjab,122371,India,Home
12207,9013,"H.No. 09
Dave Circle",Begusarai,Punjab,508481,India,Home
12208,9014,"H.No. 39
Bava Street",Allahabad,West Bengal,659647,India,Home
12209,9014,"95
Lanka Zila",Phagwara,Rajasthan,196399,India,Home
12210,9014,"H.No. 61, Bajwa Nagar",Sikar,Odisha,355021,India,Office
12211,9015,"H.No. 055
Tiwari Street",New Delhi,Assam,557946,India,Office
12212,9015,"970, Chhabra Circle",Kota,Mizoram,313930,India,Office
12213,9016,"47
Dhar Nagar",Agra,Gujarat,716296,India,Office
12214,9017,"84
Dhingra Street",Mehsana,Uttarakhand,319468,India,Home
12215,9018,"H.No. 57
Kari Zila",Bhiwani,Manipur,234302,India,Home
12216,9018,"63/935, D’Alia Circle",Asansol,Chhattisgarh,665577,India,Home
12217,9019,"60/441, Chand Chowk",Bihar Sharif,Madhya Pradesh,314502,India,Home
12218,9020,"93/38, Palla Road",Patiala,Chhattisgarh,762560,India,Office
12219,9020,"82/80
Khare Ganj",Hindupur,Manipur,656890,India,Other
12220,9021,"18/79
Bhagat Street",Pimpri-Chinchwad,Kerala,556402,India,Home
12221,9022,"H.No. 675, Issac Path",Vellore,Sikkim,716403,India,Home
12222,9023,"18/555, Bhardwaj Marg",Bathinda,Mizoram,370949,India,Office
12223,9024,"H.No. 08
Jayaraman Path",Rampur,Sikkim,003781,India,Other
12224,9025,"83/76, Sarma",Hyderabad,Karnataka,801644,India,Home
12225,9026,"59/285
Bhakta Circle",Pali,Madhya Pradesh,409804,India,Home
12226,9026,"H.No. 859, Sachdeva Road",Jalna,Sikkim,705341,India,Home
12227,9027,"41/860, Bains Ganj",Mirzapur,Uttar Pradesh,475346,India,Home
12228,9028,"H.No. 784
Pillay Ganj",Pune,Punjab,427884,India,Home
12229,9029,"738
Mahal Chowk",Sikar,Kerala,761719,India,Home
12230,9030,"06, Tailor Circle",Dehri,West Bengal,049296,India,Office
12231,9031,"61
Venkataraman Path",Kishanganj,Karnataka,746197,India,Home
12232,9032,"16/25, Sankaran Path",Ramgarh,Karnataka,788508,India,Home
12233,9033,"41/255, Rau",Sikar,Nagaland,981183,India,Home
12234,9034,"541
Dani Circle",Parbhani,Mizoram,556900,India,Office
12235,9034,"79/67, Bhargava Circle",Kochi,Arunachal Pradesh,299284,India,Home
12236,9035,"H.No. 53, Jhaveri Road",Alwar,Karnataka,926378,India,Home
12237,9036,"87/96, Mital",Katni,Tripura,099198,India,Home
12238,9037,"804, Iyer Road",Rajkot,Mizoram,466460,India,Office
12239,9038,"14/03, Kadakia Zila",Phagwara,Himachal Pradesh,514101,India,Home
12240,9039,"142, Purohit",Chittoor,Andhra Pradesh,775596,India,Home
12241,9039,"54, Bath Road",Anand,Arunachal Pradesh,035212,India,Home
12242,9039,"77/79
Prabhu Ganj",Karawal Nagar,Karnataka,236022,India,Home
12243,9040,"34
Chopra Road",Purnia,Arunachal Pradesh,130966,India,Home
12244,9041,"54
Loke Circle",Kavali,Andhra Pradesh,954877,India,Home
12245,9042,"222, Sane Circle",Bettiah,Gujarat,120711,India,Office
12246,9043,"H.No. 13
Biswas",South Dumdum,Assam,892559,India,Home
12247,9044,"48/248, Dugar Path",Vijayawada,Andhra Pradesh,940504,India,Home
12248,9045,"H.No. 610, Bir Circle",Asansol,Arunachal Pradesh,886462,India,Home
12249,9046,"21/16
Brahmbhatt",Varanasi,Jharkhand,305547,India,Home
12250,9047,"64
Oza Nagar",Jhansi,Tamil Nadu,936354,India,Home
12251,9048,"02/306
Sha Nagar",Thoothukudi,Telangana,446136,India,Home
12252,9048,"23/45, Agrawal Chowk",Rajpur Sonarpur,Tamil Nadu,038030,India,Home
12253,9049,"H.No. 96
Borde Road",Durg,Assam,195292,India,Home
12254,9049,"46/41
Sodhi Chowk",Bangalore,Manipur,525359,India,Office
12255,9049,"13/67
Sood Marg",Erode,West Bengal,486288,India,Home
12256,9050,"95, Padmanabhan Circle",Bhagalpur,Rajasthan,523339,India,Home
12257,9051,"H.No. 53
Ghose Nagar",Bijapur,Odisha,441509,India,Other
12258,9051,"76, Randhawa Street",Jhansi,Bihar,249186,India,Home
12259,9052,"38, Mitra Path",Rajahmundry,Karnataka,613553,India,Home
12260,9053,"692, Merchant Chowk",Thoothukudi,Chhattisgarh,313087,India,Other
12261,9053,"95/006
Malhotra Marg",Gandhidham,Manipur,064781,India,Home
12262,9054,"H.No. 956
Chawla Road",Karimnagar,Arunachal Pradesh,709813,India,Home
12263,9055,"964
Varma",Suryapet,Nagaland,403328,India,Home
12264,9056,"60/299
Dutt Street",Kottayam,Rajasthan,243432,India,Home
12265,9057,"H.No. 222
Desai",Bettiah,Uttarakhand,174640,India,Home
12266,9057,"931, Bora",Giridih,Assam,064851,India,Home
12267,9058,"461
Chhabra Chowk",Allahabad,Rajasthan,609511,India,Home
12268,9059,"52/42
Dara Circle",Bhagalpur,Nagaland,318467,India,Office
12269,9059,"905
Srivastava Path",Kakinada,Chhattisgarh,114850,India,Office
12270,9060,"71/42
Wali Chowk",Khammam,Telangana,111493,India,Home
12271,9061,"38/86, Arya Chowk",Amroha,Punjab,017972,India,Home
12272,9061,"998
Pandit Circle",Mango,Haryana,382512,India,Home
12273,9062,"04
Dhar Chowk",Agartala,Mizoram,826741,India,Home
12274,9063,"29/72, Warrior Ganj",Raichur,Madhya Pradesh,274484,India,Home
12275,9064,"316
Dani Street",Ludhiana,Himachal Pradesh,572750,India,Home
12276,9065,"H.No. 105, Gera Road",Khandwa,Meghalaya,460547,India,Home
12277,9065,"H.No. 44
Narain",Khammam,Andhra Pradesh,679881,India,Office
12278,9065,"H.No. 43
Sastry Chowk",Agartala,Arunachal Pradesh,977061,India,Office
12279,9066,"946, Palla Marg",Loni,Assam,790178,India,Home
12280,9067,"H.No. 94, Chowdhury Path",Unnao,Uttar Pradesh,726616,India,Home
12281,9068,"H.No. 10, Chakraborty Nagar",Moradabad,Chhattisgarh,565990,India,Home
12282,9068,"92/54, Bala Ganj",Tirunelveli,Tripura,451329,India,Home
12283,9069,"06/60, Kalita Zila",Jammu,Andhra Pradesh,959432,India,Home
12284,9069,"90, Mutti Road",Rourkela,Kerala,273666,India,Home
12285,9070,"H.No. 021
Wagle Path",Mahbubnagar,Rajasthan,138691,India,Home
12286,9070,"78/747
Iyer",Rajkot,Haryana,213229,India,Home
12287,9071,"20/931
Majumdar Chowk",Jamshedpur,Uttar Pradesh,875427,India,Home
12288,9072,"H.No. 07
Lata Road",Gurgaon,Himachal Pradesh,340568,India,Home
12289,9073,"00/437
Batta Zila",Gorakhpur,Nagaland,885898,India,Home
12290,9074,"04/661
Brar Ganj",Rajkot,Kerala,618367,India,Home
12291,9075,"74/58, Mohanty",Amravati,Odisha,540921,India,Home
12292,9076,"88/287
Parmer Path",Ghaziabad,Madhya Pradesh,875934,India,Home
12293,9077,"28/97, Ram Street",Phusro,Rajasthan,049646,India,Home
12294,9078,"64/13, Rama Zila",Ambala,Mizoram,020007,India,Home
12295,9079,"665, Taneja Chowk",Gangtok,Goa,948262,India,Home
12296,9080,"99/842
Raja Chowk",Arrah,Tamil Nadu,648313,India,Home
12297,9081,"48/794
Bhargava Nagar",Sirsa,Telangana,971799,India,Home
12298,9082,"H.No. 15, Bhalla Circle",Panipat,Haryana,258734,India,Home
12299,9082,"H.No. 716, Kapadia Chowk",Hubli–Dharwad,Tamil Nadu,419867,India,Home
12300,9082,"18/845
Dave Chowk",Gulbarga,Jharkhand,460083,India,Home
12301,9083,"H.No. 964
Salvi Nagar",Hajipur,Rajasthan,059383,India,Home
12302,9083,"415
Varma",Aligarh,Tripura,246452,India,Other
12303,9084,"07/163, Palla Path",Vijayanagaram,West Bengal,443727,India,Home
12304,9085,"H.No. 70
Mahajan Road",Gandhidham,Assam,947332,India,Home
12305,9085,"H.No. 140
Swamy",Salem,Gujarat,002615,India,Office
12306,9086,"46/72, Jhaveri Nagar",Sambalpur,Uttarakhand,932368,India,Home
12307,9087,"H.No. 470, Boase Marg",Katni,Bihar,455776,India,Home
12308,9088,"42/118
Kalita Circle",Nashik,Tripura,468208,India,Other
12309,9089,"60
Chaudhary Path",Eluru,Madhya Pradesh,648573,India,Office
12310,9089,"52/55, Date",Gurgaon,Tripura,323947,India,Home
12311,9090,"438, Balakrishnan Marg",Giridih,Meghalaya,397133,India,Home
12312,9091,"56/612, Sheth Road",Surendranagar Dudhrej,Tripura,121861,India,Home
12313,9091,"718
Khanna Nagar",Mirzapur,Punjab,993373,India,Home
12314,9092,"445
Vyas Street",Indore,Manipur,163951,India,Home
12315,9093,"H.No. 068, Banik Path",Gandhidham,Mizoram,299448,India,Home
12316,9094,"H.No. 128
Dash Nagar",Durgapur,Telangana,991186,India,Home
12317,9095,"H.No. 84
Soman Road",Rajahmundry,Haryana,199955,India,Home
12318,9096,"H.No. 298, Thaker Street",Noida,Maharashtra,707649,India,Home
12319,9097,"92/263, Doctor Street",Gwalior,Mizoram,736053,India,Home
12320,9098,"49/778
Ratti Circle",Serampore,Mizoram,499731,India,Home
12321,9099,"72, Basu Circle",Gorakhpur,Gujarat,521021,India,Home
12322,9099,"735
Nayak Street",Salem,Tripura,885460,India,Home
12323,9100,"82/00, Saran Nagar",Vadodara,Manipur,385411,India,Home
12324,9101,"H.No. 71, Bhattacharyya Circle",Fatehpur,Sikkim,523737,India,Home
12325,9102,"973, Dugar Nagar",Ongole,Gujarat,730465,India,Home
12326,9103,"H.No. 19, Srinivas Ganj",Faridabad,Nagaland,166504,India,Home
12327,9104,"933
Balan Ganj",Bahraich,Kerala,687909,India,Home
12328,9104,"63/790, Mody Ganj",Khammam,Himachal Pradesh,939167,India,Home
12329,9105,"H.No. 006, Chacko Chowk",Thiruvananthapuram,Tripura,198090,India,Office
12330,9106,"005
Nagar Circle",Motihari,Kerala,592718,India,Home
12331,9107,"H.No. 581, Chaudhry Road",Madanapalle,Arunachal Pradesh,884480,India,Home
12332,9107,"91/48
Vohra",Shimoga,Meghalaya,629588,India,Home
12333,9108,"879, Sampath Marg",Sambalpur,Tripura,915257,India,Office
12334,9108,"787
Tella Chowk",Patna,Jharkhand,803463,India,Home
12335,9109,"26/708, Pandya",Panihati,Arunachal Pradesh,876585,India,Office
12336,9109,"72
Sen Chowk",Raiganj,Bihar,860315,India,Office
12337,9110,"85, Mander Ganj",Rourkela,Sikkim,404498,India,Home
12338,9110,"H.No. 170
Bera Path",Farrukhabad,Haryana,175276,India,Home
12339,9111,"79/477, Naidu",Solapur,Nagaland,324160,India,Home
12340,9112,"74, Kalla Ganj",Chandrapur,Uttarakhand,707163,India,Home
12341,9113,"12/161, Thaman Circle",Ratlam,Jharkhand,236896,India,Office
12342,9114,"77/120, Dyal Path",Coimbatore,Rajasthan,410084,India,Home
12343,9115,"04/906
Devi Nagar",Aligarh,Telangana,538836,India,Home
12344,9115,"H.No. 869, Bahl Street",Baranagar,Maharashtra,690819,India,Home
12345,9116,"630, Kakar Marg",Rajkot,Kerala,585881,India,Home
12346,9117,"H.No. 60, Bakshi Street",Ahmedabad,Sikkim,081033,India,Home
12347,9118,"37
Bhalla Circle",Nandyal,Punjab,124292,India,Home
12348,9118,"H.No. 65, Upadhyay Ganj",Sonipat,Karnataka,734820,India,Home
12349,9118,"820
Gaba Marg",Chittoor,Punjab,255211,India,Home
12350,9119,"63/202, Prabhakar Path",Jaipur,Goa,755683,India,Home
12351,9119,"00
Bhandari Nagar",Motihari,Nagaland,581766,India,Home
12352,9120,"57/89
Mann",Tirupati,Sikkim,053485,India,Home
12353,9121,"33, Vaidya Circle",Bhusawal,Chhattisgarh,600426,India,Home
12354,9122,"890, Buch Nagar",Tadipatri,Assam,964830,India,Office
12355,9123,"H.No. 951, Chandra Ganj",Ambarnath,Sikkim,262786,India,Home
12356,9124,"717
Varughese Road",Tinsukia,Telangana,931485,India,Home
12357,9125,"H.No. 373
Bhat Road",Bhubaneswar,Kerala,689164,India,Office
12358,9126,"H.No. 64, Samra Marg",Amravati,Maharashtra,825101,India,Home
12359,9127,"11/29
Vala Path",Mango,Rajasthan,692740,India,Office
12360,9128,"H.No. 82
Taneja Ganj",Amroha,Manipur,982869,India,Home
12361,9129,"H.No. 33
Sidhu Street",Thane,Tamil Nadu,080566,India,Home
12362,9130,"96, Reddy Chowk",Purnia,Telangana,529287,India,Other
12363,9131,"H.No. 34, Muni",Orai,Meghalaya,719707,India,Home
12364,9132,"H.No. 034, Deo",Mehsana,Karnataka,361485,India,Office
12365,9132,"H.No. 23, Chacko Street",Gandhinagar,Mizoram,209079,India,Other
12366,9133,"H.No. 99
Shenoy Ganj",Haldia,Gujarat,071816,India,Home
12367,9134,"48, Mutti Street",Unnao,Nagaland,182278,India,Home
12368,9134,"H.No. 89, Chhabra Chowk",Srikakulam,Rajasthan,749087,India,Home
12369,9135,"H.No. 13
Dave Ganj",Nagercoil,Goa,223278,India,Office
12370,9135,"H.No. 88
Parekh",Gopalpur,Karnataka,071461,India,Home
12371,9136,"15/46
Borde",Nandyal,Sikkim,742723,India,Home
12372,9137,"68/53, Date Ganj",Bhalswa Jahangir Pur,Telangana,579411,India,Home
12373,9137,"H.No. 97
Chacko Road",Bhavnagar,Telangana,809599,India,Home
12374,9138,"H.No. 09, Date Path",Kota,Jharkhand,796568,India,Home
12375,9139,"H.No. 791
Rama Chowk",Madurai,Uttarakhand,367565,India,Office
12376,9140,"H.No. 639, Raghavan Zila",Darbhanga,Gujarat,420772,India,Home
12377,9140,"187
Kar Street",Solapur,Nagaland,828268,India,Office
12378,9141,"27/100, Handa Zila",Jamnagar,Sikkim,500346,India,Home
12379,9142,"59/066
Om Zila",Eluru,Punjab,340484,India,Home
12380,9143,"67/646, Shroff Chowk",Tumkur,Maharashtra,196767,India,Home
12381,9144,"H.No. 29
Venkatesh Zila",Allahabad,Sikkim,450767,India,Home
12382,9145,"73/00, Sankar Marg",Udaipur,Goa,189791,India,Home
12383,9146,"H.No. 914
Modi Nagar",Giridih,Haryana,508539,India,Office
12384,9147,"65, Bedi Path",Shivpuri,Uttar Pradesh,734381,India,Office
12385,9148,"H.No. 10
Yadav Zila",Bellary,Kerala,623682,India,Home
12386,9149,"73
Apte Marg",Solapur,Chhattisgarh,922324,India,Home
12387,9149,"17, Soman Circle",Aizawl,Telangana,954609,India,Home
12388,9150,"H.No. 88
Mital",Panvel,West Bengal,929781,India,Home
12389,9150,"H.No. 97
Garg Marg",Morbi,Uttarakhand,780451,India,Office
12390,9151,"H.No. 405, Goda Street",Tinsukia,Telangana,766664,India,Home
12391,9152,"21, Shenoy Zila",Deoghar,Himachal Pradesh,185490,India,Home
12392,9153,"77/93, Dhar Path",Navi Mumbai,Mizoram,372463,India,Office
12393,9153,"H.No. 708
Vyas Street",Morbi,West Bengal,273200,India,Home
12394,9154,"H.No. 911
Narasimhan Nagar",Jalna,Tamil Nadu,246291,India,Office
12395,9155,"H.No. 71, Balasubramanian Marg",Hajipur,Uttarakhand,347376,India,Home
12396,9156,"299, Dyal Ganj",Mahbubnagar,Odisha,483404,India,Home
12397,9156,"H.No. 748
Chadha Road",Mirzapur,Arunachal Pradesh,820717,India,Home
12398,9157,"015
Bassi Chowk",Ichalkaranji,Haryana,950000,India,Office
12399,9157,"H.No. 49
Solanki Zila",Muzaffarpur,Assam,144031,India,Home
12400,9158,"H.No. 640, Bakshi Circle",Karawal Nagar,Nagaland,718170,India,Home
12401,9158,"69/353
Nanda Marg",Rajpur Sonarpur,Himachal Pradesh,080961,India,Home
12402,9158,"541, Sankar Zila",Begusarai,Punjab,979710,India,Home
12403,9159,"33
Ahluwalia Zila",Danapur,Chhattisgarh,854717,India,Home
12404,9160,"H.No. 520, Ganesh Chowk",Korba,Andhra Pradesh,554259,India,Home
12405,9161,"H.No. 151
Kashyap Nagar",Medininagar,Tripura,770904,India,Home
12406,9162,"H.No. 559, Dash Road",Gopalpur,Chhattisgarh,330152,India,Home
12407,9163,"171
Gala Ganj",Jorhat,Uttar Pradesh,212532,India,Home
12408,9163,"519, Dhar Circle",Panipat,Haryana,572988,India,Home
12409,9164,"H.No. 57, Puri Nagar",Giridih,Andhra Pradesh,594609,India,Home
12410,9164,"63
Chahal Circle",Ongole,Goa,996301,India,Office
12411,9165,"55/24, Kade Ganj",Udaipur,Uttarakhand,798730,India,Home
12412,9166,"25
Om Street",Siliguri,Kerala,016751,India,Home
12413,9167,"61
Sarkar Ganj",Navi Mumbai,Goa,276599,India,Home
12414,9168,"09/985, Keer Marg",Kolkata,Odisha,937510,India,Home
12415,9169,"18/45, Dey",Bhilwara,Assam,403125,India,Office
12416,9170,"274
Dutta",Alappuzha,Telangana,599187,India,Office
12417,9171,"H.No. 19, Tailor Road",Bhilwara,Himachal Pradesh,268757,India,Office
12418,9172,"H.No. 237, Jayaraman Circle",Shimla,Himachal Pradesh,046305,India,Home
12419,9172,"34/73, Pathak Marg",Nagaon,Madhya Pradesh,587578,India,Home
12420,9173,"131
Bala Ganj",Vijayanagaram,Odisha,067618,India,Home
12421,9174,"H.No. 72
Bhandari Path",Naihati,Mizoram,794024,India,Office
12422,9175,"39/73, Hans Nagar",Ramagundam,Sikkim,730943,India,Home
12423,9176,"913
Dada",Ambala,Nagaland,097856,India,Home
12424,9176,"69/75, Grewal Path",Kolkata,Chhattisgarh,958355,India,Office
12425,9177,"H.No. 501, Parikh Nagar",Howrah,Rajasthan,720288,India,Home
12426,9178,"54
Sachdeva Ganj",Kumbakonam,Meghalaya,970895,India,Office
12427,9179,"85/94, Sachdev Circle",Rajkot,West Bengal,452289,India,Home
12428,9180,"62/46
Saran Road",Kalyan-Dombivli,Odisha,066349,India,Home
12429,9180,"H.No. 57, Pandit Zila",Barasat,Gujarat,789045,India,Home
12430,9181,"H.No. 92
Majumdar Path",Nangloi Jat,Chhattisgarh,898035,India,Home
12431,9182,"19/82, Luthra Chowk",Nellore,Uttar Pradesh,742148,India,Home
12432,9183,"14/939, Choudhury Circle",Kanpur,Tamil Nadu,086776,India,Office
12433,9183,"66/619, Ramakrishnan",Solapur,Chhattisgarh,003396,India,Home
12434,9183,"82
Raj Marg",Loni,Andhra Pradesh,996675,India,Home
12435,9184,"H.No. 962, Patla Zila",Nandyal,Andhra Pradesh,257580,India,Home
12436,9185,"903, Mann Circle",Morena,Maharashtra,727763,India,Office
12437,9185,"88
Pathak",Panipat,Assam,013659,India,Home
12438,9186,"35
Karan Path",Tumkur,Andhra Pradesh,555594,India,Office
12439,9186,"269
Bandi Zila",Unnao,Himachal Pradesh,700470,India,Home
12440,9187,"43/58, Gala Zila",Dindigul,Mizoram,101260,India,Home
12441,9188,"H.No. 17
Bhandari",Arrah,Assam,587349,India,Home
12442,9189,"H.No. 62
Gala Chowk",Mehsana,Haryana,483130,India,Office
12443,9189,"881, Brahmbhatt Circle",Gaya,Uttarakhand,895721,India,Home
12444,9190,"H.No. 19, Sarma Marg",Uluberia,Kerala,618260,India,Home
12445,9190,"62, Dayal Street",Vijayanagaram,Telangana,826096,India,Home
12446,9191,"34
Chaudry Zila",Bettiah,Andhra Pradesh,418028,India,Home
12447,9192,"08/74
Tata Road",Hubli–Dharwad,Rajasthan,673356,India,Home
12448,9193,"H.No. 823, Bhandari",Hyderabad,Assam,309626,India,Home
12449,9193,"H.No. 60, Munshi Street",Bahraich,Andhra Pradesh,456106,India,Home
12450,9193,"H.No. 361
Borde Chowk",Tadepalligudem,Goa,749948,India,Home
12451,9194,"70/99
Chadha Ganj",Surendranagar Dudhrej,Chhattisgarh,280398,India,Other
12452,9195,"H.No. 946
Palan Chowk",New Delhi,Goa,832455,India,Home
12453,9196,"47/01, Chander Street",Bettiah,Goa,481644,India,Home
12454,9197,"435, Nagy Road",Munger,Nagaland,952846,India,Home
12455,9198,"55/30, Rajagopal Marg",Madanapalle,Kerala,766540,India,Home
12456,9199,"78
Swaminathan Zila",Nadiad,Madhya Pradesh,303237,India,Home
12457,9199,"45/049, Srinivasan Marg",Muzaffarpur,Assam,440864,India,Home
12458,9200,"H.No. 587, Wali Ganj",Serampore,Haryana,338388,India,Home
12459,9201,"09
Patla Street",Hosur,Goa,947303,India,Home
12460,9202,"93/850
Balasubramanian Road",Katihar,Uttarakhand,534922,India,Office
12461,9203,"11, Varughese Path",Sikar,Jharkhand,912497,India,Home
12462,9204,"38
Chana Marg",Kanpur,Sikkim,532570,India,Home
12463,9205,"H.No. 944, Guha Chowk",Silchar,Bihar,435889,India,Office
12464,9206,"77/93, Raval Ganj",Malda,Rajasthan,972861,India,Home
12465,9207,"H.No. 868
Narula Chowk",Surendranagar Dudhrej,West Bengal,171049,India,Office
12466,9208,"817
Dada Zila",Asansol,Tamil Nadu,283602,India,Office
12467,9209,"68
Buch Road",Chennai,West Bengal,375749,India,Home
12468,9210,"H.No. 02, Kapadia Nagar",Agartala,Telangana,928636,India,Home
12469,9211,"88/81
Gulati",Jabalpur,Sikkim,033666,India,Office
12470,9212,"42
Sur Nagar",Dibrugarh,Tripura,415748,India,Home
12471,9212,"61/040
Raghavan Circle",Gorakhpur,Himachal Pradesh,618083,India,Home
12472,9213,"504, Chaudhari Chowk",Udaipur,Punjab,929436,India,Home
12473,9214,"695, Tripathi Circle",Anantapur,Meghalaya,240598,India,Office
12474,9214,"059
Peri Circle",Serampore,Goa,148826,India,Home
12475,9215,"31/87
Ratta Circle",Mira-Bhayandar,Uttarakhand,013587,India,Home
12476,9215,"52/73
Sundaram Road",Alwar,Tripura,554930,India,Home
12477,9216,"H.No. 50
Morar Road",Thiruvananthapuram,Tamil Nadu,758791,India,Other
12478,9217,"92, Jayaraman Nagar",Kulti,Haryana,203730,India,Home
12479,9218,"096
Mand Chowk",Giridih,Telangana,235279,India,Home
12480,9219,"H.No. 377
Sane Circle",Chandigarh,Tripura,830234,India,Home
12481,9220,"90/450, Dash Ganj",Ballia,Arunachal Pradesh,918380,India,Home
12482,9220,"H.No. 919
Dada Chowk",Naihati,Madhya Pradesh,788831,India,Home
12483,9221,"91
Anand Street",Jammu,Tripura,284530,India,Home
12484,9222,"63/508, Shere Nagar",Satna,Assam,462032,India,Home
12485,9223,"86, Agate Path",Haldia,Punjab,278920,India,Home
12486,9224,"778
Pradhan Chowk",Unnao,Mizoram,095340,India,Office
12487,9225,"408
Chandra Chowk",Sagar,Odisha,892850,India,Home
12488,9225,"889, Rajan Street",Agra,Nagaland,558102,India,Office
12489,9226,"H.No. 40, Reddy Zila",Jhansi,Mizoram,815118,India,Home
12490,9227,"H.No. 209, Badal Chowk",Jhansi,West Bengal,484195,India,Home
12491,9228,"58/88
Kamdar",Haldia,Jharkhand,691854,India,Home
12492,9228,"189, Mallick Path",Ahmednagar,Assam,907616,India,Home
12493,9229,"597, Pathak Nagar",Agra,Haryana,660219,India,Other
12494,9229,"32, Kumer Nagar",Katni,Arunachal Pradesh,088806,India,Home
12495,9230,"16/75
Pathak Street",Maheshtala,Chhattisgarh,387329,India,Office
12496,9230,"84
Shankar Chowk",Panvel,Madhya Pradesh,608988,India,Office
12497,9231,"391, Narain Zila",Katni,Odisha,726174,India,Home
12498,9231,"959
Chand Circle",Bhind,Andhra Pradesh,779163,India,Home
12499,9232,"30/17
Dhillon Ganj",Vijayanagaram,Manipur,376654,India,Home
12500,9232,"70/249
Date Circle",Tiruppur,Tamil Nadu,145073,India,Home
12501,9232,"961
Narain Marg",Haridwar,Jharkhand,477409,India,Home
12502,9233,"86/53
Gokhale Zila",Hubli–Dharwad,Tamil Nadu,844484,India,Home
12503,9233,"15/04, Andra Chowk",Asansol,Uttarakhand,238902,India,Office
12504,9234,"H.No. 00
Lata Circle",Bulandshahr,Goa,406702,India,Home
12505,9235,"H.No. 047
Pal Circle",Nangloi Jat,Goa,417516,India,Office
12506,9236,"31, Dass Path",Pune,Goa,745375,India,Home
12507,9237,"H.No. 60
Nadkarni",Junagadh,Tamil Nadu,709098,India,Home
12508,9238,"H.No. 47, Kata Ganj",Amroha,Tripura,044487,India,Home
12509,9239,"H.No. 78, Ganguly Path",Thanjavur,Telangana,348255,India,Home
12510,9239,"H.No. 99
Behl Marg",Hubli–Dharwad,Assam,975221,India,Home
12511,9240,"550
Mangal",Bijapur,Manipur,496455,India,Home
12512,9241,"93/392, Nigam Road",Kottayam,Karnataka,385801,India,Home
12513,9241,"75/19, Loyal",Gurgaon,Punjab,092854,India,Office
12514,9242,"58/886
Krishnan Ganj",Udaipur,West Bengal,581409,India,Home
12515,9243,"H.No. 751, Sahni Path",Imphal,Assam,311555,India,Office
12516,9243,"11/49, Dhillon Path",Suryapet,West Bengal,449357,India,Home
12517,9244,"582
Datta Circle",Rampur,Punjab,105180,India,Office
12518,9245,"61/32
Badal Road",Phagwara,Rajasthan,647353,India,Home
12519,9246,"95/545, Prabhakar Path",Parbhani,Uttar Pradesh,351100,India,Home
12520,9247,"57, Dube Street",Gwalior,Nagaland,832467,India,Home
12521,9248,"H.No. 76
Chawla Ganj",Burhanpur,Sikkim,597755,India,Home
12522,9249,"66/920
Mody Nagar",Bulandshahr,Himachal Pradesh,425222,India,Home
12523,9250,"738, Kohli Nagar",Suryapet,Arunachal Pradesh,488872,India,Home
12524,9250,"H.No. 451, Bhatt Nagar",Ballia,Haryana,344317,India,Home
12525,9251,"43/047, Tiwari Road",Mira-Bhayandar,Bihar,725278,India,Home
12526,9252,"H.No. 74
Lad Ganj",Parbhani,Jharkhand,889692,India,Home
12527,9252,"66
Ramaswamy",Bidhannagar,Manipur,281296,India,Home
12528,9252,"70/600
Batta Street",Satna,Jharkhand,788023,India,Home
12529,9253,"27/39
Karpe",Durgapur,Maharashtra,275134,India,Home
12530,9254,"H.No. 988, Majumdar Zila",Panvel,Jharkhand,744645,India,Home
12531,9255,"32/488, Bhalla Path",Kamarhati,Tamil Nadu,130279,India,Office
12532,9255,"459, Mitter Circle",Bhilai,Uttarakhand,444410,India,Home
12533,9256,"H.No. 43
Wason Road",Thoothukudi,Sikkim,071420,India,Home
12534,9257,"19/06, Ratta Road",Uluberia,Haryana,956039,India,Home
12535,9258,"33/53
Ranganathan Ganj",Bhopal,Jharkhand,372500,India,Home
12536,9259,"747, Dyal Street",Bettiah,Manipur,709487,India,Home
12537,9259,"H.No. 973
Kibe",Purnia,Kerala,644636,India,Home
12538,9260,"41/276
Mand Ganj",Vasai-Virar,Bihar,448107,India,Office
12539,9261,"43/25, Barman Road",Malegaon,Jharkhand,464240,India,Office
12540,9262,"52/779, Saxena Circle",Fatehpur,Punjab,747690,India,Home
12541,9263,"H.No. 279
Mistry Nagar",Patna,Odisha,586308,India,Home
12542,9263,"233
Tak Circle",Madhyamgram,Sikkim,893547,India,Home
12543,9264,"57/577
Sinha Path",Nizamabad,Andhra Pradesh,889920,India,Home
12544,9265,"11/12
Mani",Shahjahanpur,Punjab,981498,India,Home
12545,9266,"16/248, Nigam Street",Gulbarga,Karnataka,086775,India,Home
12546,9267,"70
Jain Chowk",Tiruchirappalli,Uttar Pradesh,924193,India,Home
12547,9268,"H.No. 999
Dewan Ganj",Adoni,Kerala,411373,India,Other
12548,9269,"H.No. 39, Jaggi Path",Chinsurah,Jharkhand,725597,India,Home
12549,9270,"153, Basak Ganj",Kanpur,Meghalaya,477073,India,Home
12550,9271,"H.No. 522
Prakash Ganj",Anantapur,Madhya Pradesh,134967,India,Office
12551,9272,"H.No. 26
Devi Chowk",Tezpur,Nagaland,878354,India,Home
12552,9273,"09
Merchant Zila",Phagwara,Tamil Nadu,619138,India,Home
12553,9274,"H.No. 51
Garde Path",Yamunanagar,Sikkim,867507,India,Office
12554,9274,"89/789, Sem Street",Navi Mumbai,Rajasthan,066086,India,Home
12555,9275,"570, Nori Zila",Gopalpur,Madhya Pradesh,026146,India,Office
12556,9276,"046, Bansal Circle",Bidhannagar,Punjab,982187,India,Office
12557,9277,"868, Chaudhary Zila",Mumbai,Mizoram,356436,India,Home
12558,9278,"H.No. 86, Keer Nagar",Latur,Uttarakhand,200728,India,Home
12559,9279,"716, Trivedi Zila",Ongole,Karnataka,244045,India,Other
12560,9280,"H.No. 165, Sule Marg",Rajkot,Manipur,206344,India,Home
12561,9281,"634
Wadhwa Ganj",Bijapur,Uttarakhand,439177,India,Home
12562,9282,"H.No. 277
Upadhyay Road",Yamunanagar,Maharashtra,427960,India,Office
12563,9282,"901, Tata Zila",Thiruvananthapuram,Haryana,504518,India,Home
12564,9283,"H.No. 052
Tak Marg",Shimoga,Karnataka,604165,India,Home
12565,9284,"22/260, Mannan Circle",Raurkela Industrial Township,Madhya Pradesh,357585,India,Home
12566,9284,"10/11, Tandon Path",Salem,Andhra Pradesh,842950,India,Office
12567,9285,"13/28
Tank Ganj",Durgapur,Nagaland,498700,India,Home
12568,9286,"20, Dar Circle",Motihari,Bihar,970969,India,Home
12569,9287,"H.No. 008, Vasa Ganj",Bhubaneswar,Odisha,910444,India,Home
12570,9288,"20/249, Devan Marg",Dhanbad,Telangana,383147,India,Home
12571,9289,"82
Batta Ganj",Jaunpur,Nagaland,246349,India,Other
12572,9290,"29
Bala Road",Sri Ganganagar,Uttar Pradesh,470437,India,Office
12573,9291,"H.No. 81
Borde Chowk",Katihar,Haryana,754922,India,Home
12574,9291,"30/660, Nadkarni",Nellore,Tripura,432041,India,Home
12575,9292,"225
Garde Nagar",Faridabad,Goa,151366,India,Home
12576,9293,"23/26
Apte Ganj",Aligarh,Maharashtra,757676,India,Home
12577,9294,"79/759, Kata Circle",Bidhannagar,Assam,933042,India,Home
12578,9295,"H.No. 55, Ramaswamy Marg",Alappuzha,Jharkhand,988447,India,Home
12579,9296,"H.No. 55, Dave Street",Hospet,Telangana,773770,India,Home
12580,9297,"439
Mittal Chowk",North Dumdum,Telangana,725014,India,Home
12581,9298,"16, Bose Chowk",Pimpri-Chinchwad,Jharkhand,293836,India,Home
12582,9298,"10/419, Upadhyay Circle",Patiala,Gujarat,131743,India,Home
12583,9299,"94/153
Kumar Marg",Bhavnagar,Tripura,777603,India,Home
12584,9300,"16/862, Parikh Road",Serampore,Tamil Nadu,161836,India,Other
12585,9301,"81
Edwin Street",Bhatpara,Himachal Pradesh,250603,India,Home
12586,9301,"16/75, Butala Chowk",Tadipatri,Kerala,614060,India,Home
12587,9302,"H.No. 55
Vyas Marg",Amaravati,Maharashtra,163260,India,Home
12588,9303,"H.No. 02, Venkatesh Ganj",Dehri,Uttarakhand,162174,India,Office
12589,9303,"24/83, Sachdev Circle",Bharatpur,Nagaland,698841,India,Home
12590,9304,"47/32, Verma Path",Katihar,Madhya Pradesh,868913,India,Office
12591,9304,"75, Chana Road",Sri Ganganagar,Himachal Pradesh,680423,India,Home
12592,9305,"815
Sachar",Jalgaon,Arunachal Pradesh,692011,India,Home
12593,9306,"01/79, Loke Nagar",Serampore,Chhattisgarh,632805,India,Home
12594,9307,"H.No. 57
Sane Zila",Bikaner,Telangana,074533,India,Other
12595,9307,"45/84, Dass Circle",Baranagar,Punjab,730683,India,Home
12596,9308,"68/01, Rau Street",Hosur,Manipur,120952,India,Home
12597,9308,"47/621, Dey Marg",Rajahmundry,Chhattisgarh,233017,India,Office
12598,9309,"H.No. 27
Gole Road",Indore,Chhattisgarh,420219,India,Home
12599,9310,"H.No. 903, Gole Road",Danapur,Sikkim,235152,India,Home
12600,9311,"61
Mody Path",Hindupur,Goa,567951,India,Office
12601,9311,"97/22, Goda Street",Kurnool,Chhattisgarh,651652,India,Home
12602,9311,"H.No. 459
Karnik Ganj",Aizawl,Nagaland,152136,India,Home
12603,9312,"149
Bansal Road",Mangalore,Tripura,672546,India,Home
12604,9313,"18/452
Oza Road",Bidhannagar,Goa,222811,India,Home
12605,9314,"87/123
Arya Ganj",Fatehpur,Tamil Nadu,657364,India,Home
12606,9315,"71, Narayanan Circle",Loni,Jharkhand,464433,India,Home
12607,9316,"H.No. 266
Ranganathan Circle",Tiruchirappalli,Odisha,214377,India,Home
12608,9317,"69
Thaker Nagar",Burhanpur,Sikkim,537103,India,Office
12609,9317,"74/381
Suresh Nagar",Rohtak,Uttarakhand,086773,India,Home
12610,9317,"77/290
Mangal Road",Begusarai,Nagaland,419839,India,Home
12611,9318,"18, Raja Marg",Amravati,Assam,919884,India,Home
12612,9318,"46/49, Rege Street",Rohtak,Himachal Pradesh,996818,India,Home
12613,9319,"23/934, Chakraborty Ganj",Rampur,Odisha,423297,India,Home
12614,9320,"372, Mani Marg",Davanagere,Gujarat,301190,India,Office
12615,9321,"H.No. 34
Tripathi Chowk",Malegaon,Madhya Pradesh,109201,India,Home
12616,9321,"898, Keer Path",Munger,Arunachal Pradesh,740974,India,Home
12617,9321,"H.No. 125, Krishnamurthy Nagar",New Delhi,Tamil Nadu,134763,India,Home
12618,9322,"H.No. 14
Edwin Ganj",Bilaspur,Telangana,983180,India,Home
12619,9323,"H.No. 45
Sant Road",Vadodara,Mizoram,353446,India,Office
12620,9324,"52/94, Mutti Road",Karnal,Arunachal Pradesh,172655,India,Home
12621,9324,"96/220
Bir Nagar",Amravati,Goa,474216,India,Home
12622,9325,"H.No. 447, Sundaram Circle",Dindigul,Rajasthan,810715,India,Home
12623,9326,"H.No. 96, Hari",Karnal,Manipur,656918,India,Home
12624,9326,"H.No. 30
Sangha Ganj",Bhilai,Jharkhand,452854,India,Home
12625,9327,"87/291, Keer Street",Mangalore,Uttar Pradesh,793555,India,Office
12626,9328,"00/692
Soman Ganj",Bally,Bihar,567964,India,Home
12627,9329,"22
Bhatti Circle",Bhubaneswar,Telangana,423404,India,Office
12628,9330,"21/24, Palla Marg",Kozhikode,Assam,204110,India,Home
12629,9331,"966, Nadkarni Circle",Nashik,Punjab,784248,India,Home
12630,9331,"H.No. 95
Kibe Nagar",Muzaffarpur,Mizoram,708464,India,Home
12631,9332,"H.No. 66, Madan Circle",Jaipur,Maharashtra,589420,India,Home
12632,9332,"05, Maharaj Circle",Bangalore,Madhya Pradesh,630209,India,Office
12633,9333,"29/009
Taneja Circle",Jammu,Gujarat,175752,India,Home
12634,9333,"79
Jhaveri Road",Gopalpur,Arunachal Pradesh,435781,India,Home
12635,9333,"037
Apte Nagar",Bhiwandi,Tripura,575249,India,Home
12636,9334,"H.No. 421, Panchal Nagar",Rajahmundry,Bihar,911761,India,Home
12637,9335,"H.No. 487
Char Ganj",Mira-Bhayandar,Haryana,508851,India,Home
12638,9336,"56, Mallick Street",Ulhasnagar,Goa,688158,India,Home
12639,9337,"31
Narasimhan Path",Serampore,Uttar Pradesh,961175,India,Home
12640,9338,"H.No. 05, Bahl Zila",Junagadh,Sikkim,439331,India,Home
12641,9338,"H.No. 88, Kala Nagar",Ulhasnagar,Chhattisgarh,952090,India,Office
12642,9339,"35, Butala Marg",Bareilly,Telangana,045409,India,Home
12643,9340,"55/42, Magar Circle",Dehradun,Haryana,002939,India,Home
12644,9341,"40/44, Thaker Street",Rohtak,Punjab,376958,India,Home
12645,9341,"38/24, Dixit Road",Kolkata,Rajasthan,156661,India,Home
12646,9342,"52/743
Ganesh Nagar",Bally,West Bengal,265090,India,Home
12647,9343,"68/97, Sawhney Ganj",Bardhaman,West Bengal,138283,India,Office
12648,9343,"H.No. 732, Soman Chowk",Raiganj,Jharkhand,533628,India,Office
12649,9344,"88
Lala Chowk",Tenali,Telangana,548657,India,Home
12650,9344,"H.No. 38
Murthy Chowk",Danapur,Jharkhand,731162,India,Home
12651,9344,"555
Narasimhan Nagar",Kavali,Goa,676982,India,Home
12652,9345,"H.No. 89
Wable Chowk",Bharatpur,Chhattisgarh,009676,India,Home
12653,9345,"56/39, Ahuja",Patna,Goa,231154,India,Home
12654,9346,"H.No. 51, Tella Road",Mathura,Chhattisgarh,665246,India,Office
12655,9346,"62
Uppal",Morbi,Sikkim,768428,India,Home
12656,9347,"31/17
Sha Chowk",Mango,Haryana,775461,India,Home
12657,9347,"95/45, Wali",Shimoga,Karnataka,512402,India,Home
12658,9348,"H.No. 99
Bhat Chowk",Bhubaneswar,Assam,861467,India,Home
12659,9349,"H.No. 352
Samra",Bhilwara,Nagaland,564414,India,Home
12660,9349,"578
Divan Ganj",Shimoga,Punjab,915127,India,Office
12661,9350,"H.No. 846, Mangat Chowk",Chinsurah,Rajasthan,331096,India,Home
12662,9351,"405
Karnik Ganj",Noida,Assam,849846,India,Home
12663,9352,"38/005
Khare Circle",Shivpuri,Assam,833661,India,Home
12664,9353,"632, Wali Circle",Jorhat,Sikkim,266480,India,Home
12665,9354,"92/334
Khalsa Zila",Akola,Goa,086456,India,Home
12666,9355,"290
Murty Circle",Tadepalligudem,Haryana,171275,India,Home
12667,9356,"76, Shah Chowk",Malda,Sikkim,223046,India,Other
12668,9357,"H.No. 209
Bhatti Street",Kota,Uttar Pradesh,865696,India,Home
12669,9358,"H.No. 55, Bhatia Circle",Gandhinagar,Karnataka,882043,India,Home
12670,9359,"H.No. 732
Nori Zila",Thanjavur,Odisha,503904,India,Home
12671,9359,"20/709
Garg Nagar",Kirari Suleman Nagar,Rajasthan,611895,India,Home
12672,9360,"H.No. 41, Misra Street",Cuttack,Manipur,243961,India,Home
12673,9361,"36/120
Din Chowk",Hindupur,Andhra Pradesh,391926,India,Home
12674,9362,"H.No. 95, Dhar Street",Jammu,Sikkim,209019,India,Other
12675,9363,"93/701, Oommen Marg",Kumbakonam,Telangana,167120,India,Home
12676,9364,"84/929, Mitra Marg",Hosur,Himachal Pradesh,391735,India,Office
12677,9365,"10, Ahuja Marg",Bhilwara,Manipur,397096,India,Home
12678,9366,"68/291
Sehgal Zila",Ramgarh,Gujarat,086749,India,Home
12679,9367,"83/971, Jha Circle",Ghaziabad,Gujarat,707205,India,Home
12680,9367,"H.No. 672, Dalal Marg",Bhopal,Sikkim,618751,India,Home
12681,9368,"H.No. 800
Saini Street",Motihari,Tripura,750282,India,Office
12682,9369,"67/48, Kulkarni Zila",Vellore,Telangana,695874,India,Other
12683,9370,"44
Singh Nagar",Amritsar,Goa,397166,India,Home
12684,9370,"94/98, Atwal",Dehri,Punjab,629489,India,Home
12685,9371,"H.No. 102, Ramanathan Road",Ghaziabad,Mizoram,380893,India,Home
12686,9372,"999
Mann Chowk",Hubli–Dharwad,Assam,415116,India,Home
12687,9372,"66/56
Vohra Chowk",Adoni,Manipur,766152,India,Home
12688,9372,"69
Gera",Siwan,Tamil Nadu,124390,India,Office
12689,9373,"08/306, Bala Road",Bareilly,Assam,639285,India,Office
12690,9373,"07
Tella Circle",Bijapur,Uttarakhand,020536,India,Home
12691,9373,"646, Bumb Marg",Jamalpur,Himachal Pradesh,350484,India,Office
12692,9374,"639
Sandal Marg",Bongaigaon,Haryana,668004,India,Office
12693,9374,"H.No. 168, Narula Zila",Mehsana,Andhra Pradesh,131666,India,Home
12694,9374,"H.No. 995
Gade Street",Madurai,Bihar,845238,India,Home
12695,9375,"327, Gaba Road",Anantapuram,Assam,175548,India,Home
12696,9376,"38/54
Taneja Street",Jorhat,Haryana,338913,India,Home
12697,9377,"91, Gupta",Bareilly,Himachal Pradesh,184870,India,Office
12698,9378,"65
Palla",Hindupur,Manipur,819824,India,Office
12699,9379,"H.No. 729, Pathak",Salem,Kerala,129176,India,Home
12700,9380,"H.No. 619, Kibe Zila",Noida,Madhya Pradesh,194816,India,Office
12701,9381,"H.No. 62
Merchant Ganj",Pali,Goa,152393,India,Home
12702,9382,"661
Bumb Road",Chandigarh,Manipur,843374,India,Home
12703,9383,"50/60, Vohra Ganj",Panipat,Rajasthan,155685,India,Office
12704,9383,"19/209, Palla Circle",Ludhiana,West Bengal,078532,India,Home
12705,9383,"43/803, Gulati Ganj",Karimnagar,Andhra Pradesh,419546,India,Home
12706,9384,"10, Sagar Marg",Gorakhpur,Nagaland,821349,India,Home
12707,9385,"22/189, Saran Ganj",Ratlam,Punjab,844713,India,Office
12708,9386,"766, Goel Ganj",Warangal,Kerala,477210,India,Home
12709,9387,"18
Nair Street",Saharsa,Arunachal Pradesh,455766,India,Home
12710,9387,"14/16, Dey Road",Hindupur,Karnataka,072272,India,Home
12711,9387,"H.No. 151
Keer Path",Shimoga,Manipur,313513,India,Home
12712,9388,"07, Grover",Thanjavur,Goa,656929,India,Home
12713,9388,"58/054
Tripathi",Ludhiana,Telangana,085853,India,Home
12714,9389,"H.No. 739, Nagi Path",Maheshtala,Karnataka,591369,India,Home
12715,9390,"33/035, Parekh Road",Etawah,Sikkim,999544,India,Home
12716,9391,"09/765, Bumb Zila",Jaipur,Kerala,692318,India,Home
12717,9391,"56/81, Goyal Chowk",Tirupati,Manipur,689812,India,Home
12718,9392,"H.No. 46, Manne Circle",Buxar,Chhattisgarh,100607,India,Home
12719,9393,"H.No. 06
Dixit Zila",Sangli-Miraj & Kupwad,Tripura,053505,India,Home
12720,9394,"256, Balasubramanian Nagar",Rajahmundry,Goa,363326,India,Home
12721,9395,"H.No. 85
Swaminathan Chowk",Sri Ganganagar,Odisha,695541,India,Home
12722,9396,"10
Sami Ganj",Pallavaram,Goa,849460,India,Home
12723,9397,"66/957
Ramesh Zila",Gulbarga,Tripura,598134,India,Office
12724,9398,"16/555, Ganesan Marg",Chapra,Haryana,265494,India,Home
12725,9399,"32/941
Shroff Circle",Vadodara,Uttar Pradesh,534091,India,Home
12726,9399,"H.No. 880, Datta Zila",Bikaner,Uttar Pradesh,246448,India,Home
12727,9400,"H.No. 680
Morar Path",Farrukhabad,Manipur,972616,India,Home
12728,9401,"87/540, Kala Chowk",Parbhani,Chhattisgarh,816014,India,Office
12729,9401,"04
Oak Path",Kanpur,Karnataka,809828,India,Home
12730,9402,"57/11
Aggarwal Ganj",Amritsar,Bihar,877673,India,Home
12731,9403,"59/65
Narang Path",Surendranagar Dudhrej,Bihar,562421,India,Home
12732,9404,"217, Karpe Zila",Ambarnath,Karnataka,543401,India,Office
12733,9404,"H.No. 762, Verma Street",Siliguri,Tamil Nadu,419648,India,Home
12734,9405,"H.No. 739, Manne Ganj",Nellore,Odisha,201800,India,Home
12735,9405,"66/36
Kunda Circle",Howrah,Gujarat,761521,India,Home
12736,9406,"42/052
Chatterjee Chowk",Jabalpur,Tripura,520056,India,Home
12737,9407,"29/103
Sampath Nagar",Guntur,Punjab,454613,India,Home
12738,9408,"118
Chaudhary",Darbhanga,Himachal Pradesh,756891,India,Home
12739,9408,"80, Goswami Road",Nanded,Jharkhand,250842,India,Home
12740,9409,"H.No. 92
Ganesan Chowk",Madhyamgram,Goa,882974,India,Home
12741,9410,"81/60
De",Amravati,Telangana,709047,India,Home
12742,9410,"22
Goda Chowk",Dhule,Assam,171250,India,Home
12743,9410,"17/623, Kalla Path",Ajmer,Sikkim,273867,India,Home
12744,9411,"H.No. 161
Mallick Chowk",Agra,Mizoram,071751,India,Home
12745,9412,"H.No. 03
Pillai Chowk",North Dumdum,Goa,487665,India,Other
12746,9412,"656, Walla Path",Kishanganj,Odisha,967039,India,Office
12747,9412,"647, Banerjee Road",Nagpur,Assam,981109,India,Home
12748,9413,"822, Oza Street",Gangtok,Punjab,788885,India,Other
12749,9414,"05, Anne Street",Barasat,Andhra Pradesh,184877,India,Other
12750,9415,"143, Sha Nagar",Ghaziabad,Punjab,540553,India,Home
12751,9415,"62/58, Ravi Path",Shimoga,Rajasthan,344067,India,Home
12752,9416,"36
Rege Ganj",Kirari Suleman Nagar,Tripura,429543,India,Office
12753,9417,"38
Mahajan Path",Bahraich,Punjab,512010,India,Office
12754,9418,"66/74
Raja Marg",Bidar,Uttarakhand,994490,India,Home
12755,9419,"44, Rattan Chowk",Ahmednagar,Telangana,370400,India,Home
12756,9420,"63
Sura Circle",Delhi,West Bengal,916292,India,Home
12757,9420,"10/91
Kashyap Road",Nagaon,Punjab,518595,India,Other
12758,9420,"52/00, Narasimhan Circle",Gandhidham,Tripura,187074,India,Home
12759,9421,"H.No. 65, Iyengar",Secunderabad,Goa,290377,India,Home
12760,9421,"77/04, Balan Ganj",Ramgarh,Arunachal Pradesh,645275,India,Office
12761,9421,"05/75
Aggarwal Nagar",Udupi,Himachal Pradesh,718121,India,Home
12762,9422,"97
Vohra Street",Nadiad,Andhra Pradesh,044335,India,Office
12763,9422,"40/91, Nazareth Chowk",Hindupur,Telangana,668908,India,Home
12764,9423,"H.No. 910
Saini Road",Malegaon,Andhra Pradesh,596505,India,Home
12765,9423,"H.No. 678
Pillay Circle",Hazaribagh,Chhattisgarh,865837,India,Home
12766,9424,"428, Gade Ganj",Navi Mumbai,Jharkhand,687879,India,Home
12767,9424,"80, Ravel Ganj",Sultan Pur Majra,Sikkim,750391,India,Home
12768,9424,"H.No. 17, Rattan Nagar",Madanapalle,Punjab,757081,India,Home
12769,9425,"H.No. 433
Sarna Circle",Rourkela,Sikkim,393166,India,Home
12770,9425,"61/34, Sachdev Nagar",Bhilwara,Haryana,525453,India,Home
12771,9426,"80/75
Kashyap Road",Gudivada,Jharkhand,252292,India,Home
12772,9427,"52/06, Khatri Ganj",Rajahmundry,Nagaland,529913,India,Home
12773,9428,"89, Prasad Street",Bihar Sharif,Rajasthan,817306,India,Home
12774,9428,"H.No. 84, Naidu Nagar",Durgapur,Uttar Pradesh,008991,India,Office
12775,9429,"85/007, Khare Path",Nashik,Goa,625823,India,Home
12776,9430,"65/881, Trivedi Ganj",Malda,Manipur,717716,India,Home
12777,9431,"H.No. 40
Chauhan Path",Patiala,Rajasthan,352119,India,Home
12778,9432,"81/576, Kothari Marg",Bhalswa Jahangir Pur,Goa,190265,India,Home
12779,9433,"33/24
Hans",Sri Ganganagar,Arunachal Pradesh,099461,India,Office
12780,9434,"19/36
Saraf Nagar",Kochi,Goa,124413,India,Home
12781,9435,"H.No. 03
Sarin",Orai,Tamil Nadu,151789,India,Home
12782,9436,"37
Sachdev Road",Patna,Uttarakhand,043906,India,Home
12783,9436,"50, Deshmukh",Bhimavaram,Jharkhand,109809,India,Office
12784,9437,"70/387
Bail Chowk",Madhyamgram,Bihar,029349,India,Home
12785,9437,"12/966, Sagar",Dhule,Jharkhand,146748,India,Home
12786,9438,"852, Padmanabhan Path",Nandyal,Manipur,361957,India,Home
12787,9439,"14/541, Gour Circle",Pimpri-Chinchwad,Chhattisgarh,846105,India,Home
12788,9440,"55
Kara Ganj",Jabalpur,West Bengal,368069,India,Home
12789,9440,"H.No. 76, Toor Street",Avadi,Rajasthan,563669,India,Office
12790,9441,"067
Bobal Road",Nagaon,Manipur,121070,India,Home
12791,9442,"76/89
Kumer Ganj",Gwalior,Chhattisgarh,163825,India,Home
12792,9443,"25
Shere",Korba,Punjab,467674,India,Home
12793,9444,"28, Bhardwaj",Bhubaneswar,Mizoram,016574,India,Home
12794,9445,"H.No. 74, Bhat Ganj",Kollam,Uttarakhand,835670,India,Office
12795,9445,"H.No. 66
Deol Zila",Mysore,Jharkhand,908644,India,Home
12796,9446,"575, Bath Ganj",Howrah,Uttar Pradesh,015254,India,Home
12797,9447,"83, Naik Circle",Suryapet,Himachal Pradesh,862485,India,Office
12798,9447,"52, Varma Zila",Serampore,Bihar,372701,India,Office
12799,9448,"21/95
Pradhan Nagar",Farrukhabad,Arunachal Pradesh,132206,India,Other
12800,9449,"74/45, Kaul Nagar",Jalandhar,Karnataka,660749,India,Home
12801,9449,"48/472
Nayak Circle",Bally,Uttar Pradesh,865669,India,Home
12802,9450,"H.No. 38, Naik Circle",Amaravati,Gujarat,011639,India,Home
12803,9450,"32, Desai Ganj",Akola,Assam,738310,India,Office
12804,9451,"31, Krishnan Street",Bijapur,Punjab,032869,India,Office
12805,9451,"58/035, Ravi Street",Phagwara,Himachal Pradesh,689131,India,Office
12806,9451,"57/044
Bava Street",Guna,Uttar Pradesh,384403,India,Home
12807,9452,"H.No. 876
Nayar Chowk",Vijayawada,Tamil Nadu,381543,India,Home
12808,9453,"H.No. 774, Gulati Zila",Narasaraopet,Nagaland,416118,India,Office
12809,9454,"H.No. 02
Manda Ganj",Ulhasnagar,Odisha,512902,India,Home
12810,9455,"H.No. 80, Mall Road",Gudivada,Arunachal Pradesh,038426,India,Home
12811,9456,"H.No. 68
Boase Path",Kochi,Chhattisgarh,685388,India,Home
12812,9457,"H.No. 848, Kaur Street",Rourkela,Kerala,702165,India,Home
12813,9458,"56/782, Raghavan Road",Durgapur,Uttar Pradesh,506904,India,Home
12814,9458,"H.No. 89, Korpal Chowk",Guntur,Uttar Pradesh,892202,India,Home
12815,9459,"H.No. 55
Grover Marg",Madurai,Assam,083911,India,Office
12816,9460,"38, Barad Path",Bidar,Nagaland,657367,India,Home
12817,9461,"97/953
Patil",Sambalpur,Chhattisgarh,714415,India,Office
12818,9462,"H.No. 19, Singhal",Pali,Kerala,570966,India,Home
12819,9463,"77, Ben Road",Sikar,Tamil Nadu,787121,India,Home
12820,9464,"17/17, Sastry Zila",Gurgaon,Manipur,852351,India,Office
12821,9465,"H.No. 47, Doshi Nagar",Firozabad,Karnataka,211313,India,Home
12822,9466,"01, Bir Street",Bareilly,Haryana,474576,India,Home
12823,9467,"H.No. 764, Garde Nagar",Hosur,Madhya Pradesh,796382,India,Home
12824,9468,"H.No. 080, Sandhu Path",Pudukkottai,Madhya Pradesh,518243,India,Home
12825,9469,"H.No. 97
Kade Zila",Satna,Gujarat,498358,India,Office
12826,9470,"47/26
Ghose Ganj",Kumbakonam,Jharkhand,022782,India,Home
12827,9471,"H.No. 105
Uppal Street",Agra,Punjab,845912,India,Home
12828,9471,"71/050
Deshmukh Path",Guntur,Jharkhand,545297,India,Other
12829,9472,"H.No. 04, Lala Circle",Navi Mumbai,Maharashtra,639737,India,Home
12830,9473,"18
Mangal",Bhilai,Assam,891645,India,Home
12831,9474,"142, Dara Road",Kirari Suleman Nagar,Karnataka,226245,India,Home
12832,9475,"H.No. 856, Solanki Chowk",Bhubaneswar,Rajasthan,460314,India,Home
12833,9476,"78/441
Sengupta Zila",Avadi,Meghalaya,195916,India,Office
12834,9477,"H.No. 099, Mammen Zila",Thiruvananthapuram,Tamil Nadu,124297,India,Office
12835,9478,"H.No. 418
Sodhi Chowk",Pali,Sikkim,346168,India,Home
12836,9479,"59/516
Reddy Marg",Ambattur,Himachal Pradesh,762941,India,Home
12837,9480,"392
Kakar Ganj",Jodhpur,Karnataka,324057,India,Home
12838,9481,"36/460
Grewal Nagar",Bhimavaram,Meghalaya,330672,India,Home
12839,9482,"82/670, Karnik",Singrauli,Haryana,494977,India,Home
12840,9483,"H.No. 518, Nigam",Katihar,Mizoram,374558,India,Home
12841,9484,"69/285, Kanda Nagar",Amaravati,Bihar,898108,India,Office
12842,9485,"H.No. 79
Verma Circle",Kumbakonam,Andhra Pradesh,178094,India,Home
12843,9485,"08, Kuruvilla Nagar",Bhind,Himachal Pradesh,701853,India,Home
12844,9486,"65, Narang Zila",Shimla,Karnataka,651187,India,Home
12845,9486,"H.No. 16
Anne Chowk",Uluberia,Odisha,779205,India,Office
12846,9487,"51/267
Kulkarni Zila",Kolkata,Punjab,858356,India,Home
12847,9488,"35/86
Keer Path",Madhyamgram,Himachal Pradesh,296487,India,Home
12848,9489,"H.No. 85, Pau Circle",Jhansi,Uttarakhand,280752,India,Home
12849,9490,"H.No. 56
Dugar Circle",Nagercoil,Gujarat,865415,India,Home
12850,9490,"74, Murty Road",Udupi,Punjab,878518,India,Home
12851,9490,"16/68
Yohannan Marg",Nizamabad,Rajasthan,662945,India,Home
12852,9491,"24/484
Sahota Nagar",Rampur,Assam,752070,India,Office
12853,9491,"341
Kara Road",Mysore,Uttarakhand,157484,India,Home
12854,9492,"295, Choudhury Circle",Bettiah,Gujarat,907749,India,Office
12855,9493,"193, Varma Path",Bhatpara,Punjab,953475,India,Home
12856,9494,"642, Sarin Street",Kavali,Haryana,504239,India,Office
12857,9495,"152
Khalsa Zila",Firozabad,Arunachal Pradesh,894437,India,Home
12858,9496,"68/88
Vig Marg",Amravati,Jharkhand,312695,India,Home
12859,9497,"627
Hari Marg",Indore,Sikkim,821922,India,Home
12860,9498,"687
Anne Nagar",Aurangabad,Rajasthan,288783,India,Home
12861,9499,"H.No. 919
Raj Street",Nellore,Tripura,603243,India,Home
12862,9499,"08
Dixit Street",Machilipatnam,Sikkim,438683,India,Office
12863,9499,"H.No. 14, Pant Chowk",Tadepalligudem,Uttar Pradesh,602294,India,Home
12864,9500,"H.No. 287
Palla Circle",Gandhinagar,Manipur,027956,India,Home
12865,9500,"H.No. 558
Shankar Road",Bhimavaram,Uttar Pradesh,308359,India,Home
12866,9501,"H.No. 586, Kakar Chowk",Navi Mumbai,West Bengal,136621,India,Home
12867,9502,"H.No. 68, Nagarajan Road",Phagwara,Odisha,164634,India,Home
12868,9502,"23
Comar Zila",Moradabad,Himachal Pradesh,526515,India,Other
12869,9502,"87
Shah Path",Dhanbad,West Bengal,900031,India,Home
12870,9503,"84/928
Datta Nagar",Pali,Punjab,879803,India,Home
12871,9504,"522, Morar Circle",Raipur,Bihar,770292,India,Home
12872,9505,"328, Kale Chowk",Ichalkaranji,Uttar Pradesh,198384,India,Home
12873,9506,"523, Soni Street",Giridih,Goa,152978,India,Home
12874,9507,"04/975
Grover",Tirunelveli,Madhya Pradesh,306847,India,Office
12875,9508,"H.No. 07
Walla Circle",Etawah,Tamil Nadu,469894,India,Home
12876,9509,"01/973
Golla Road",Patiala,Goa,696261,India,Home
12877,9510,"81/038, Swaminathan Chowk",South Dumdum,West Bengal,892696,India,Home
12878,9511,"876, Nadkarni Zila",Ulhasnagar,Himachal Pradesh,330795,India,Home
12879,9512,"545, Choudhry Zila",Rajpur Sonarpur,Chhattisgarh,829262,India,Office
12880,9512,"564
Baria Path",Fatehpur,Telangana,630283,India,Home
12881,9512,"43, Parmer",Asansol,Meghalaya,902541,India,Home
12882,9513,"92
Jhaveri Nagar",Bhimavaram,Nagaland,809161,India,Office
12883,9514,"68/116
Balay Street",Surendranagar Dudhrej,Odisha,020293,India,Home
12884,9515,"53
Rajagopalan Marg",Kirari Suleman Nagar,Mizoram,368991,India,Home
12885,9516,"H.No. 244, Sagar Circle",Ahmednagar,Karnataka,160943,India,Home
12886,9517,"81/719, Kaur Marg",Gopalpur,Uttar Pradesh,267159,India,Home
12887,9517,"75/01
Zacharia Street",Ambala,Chhattisgarh,159981,India,Home
12888,9518,"40
Chacko Nagar",Ranchi,Goa,407368,India,Home
12889,9519,"H.No. 43, Dash Zila",Chittoor,Odisha,925479,India,Home
12890,9520,"68
Sarraf",Sri Ganganagar,Odisha,747270,India,Home
12891,9521,"83
Sastry Street",Farrukhabad,Himachal Pradesh,611046,India,Home
12892,9521,"47
Kakar",Visakhapatnam,Tripura,310549,India,Home
12893,9522,"H.No. 87, Lall Circle",Siliguri,Assam,271604,India,Home
12894,9523,"62/578, Manda Marg",Eluru,Bihar,803600,India,Home
12895,9524,"00/98, Biswas Chowk",Uluberia,Telangana,308475,India,Home
12896,9524,"96, Bava Path",Muzaffarnagar,Mizoram,032738,India,Home
12897,9525,"H.No. 76, Choudhary Road",Ghaziabad,Rajasthan,156012,India,Home
12898,9526,"92, Koshy Circle",Madhyamgram,Bihar,652786,India,Home
12899,9527,"204, Wason Path",Bhimavaram,Punjab,190582,India,Home
12900,9528,"86
Vyas Street",Bahraich,Punjab,966815,India,Home
12901,9528,"H.No. 616, Pau Street",Mehsana,Arunachal Pradesh,400715,India,Home
12902,9529,"32/367, Rout Path",Pallavaram,Tamil Nadu,124014,India,Other
12903,9530,"54
Gade Circle",Jorhat,Chhattisgarh,707951,India,Home
12904,9531,"74/32, Kamdar Zila",Darbhanga,Madhya Pradesh,470780,India,Home
12905,9531,"00/886, Mutti Circle",Indore,West Bengal,779096,India,Office
12906,9532,"53/12
Mital Chowk",Srikakulam,Chhattisgarh,673184,India,Home
12907,9533,"94/42
Naik Path",Nanded,Nagaland,719450,India,Office
12908,9533,"H.No. 906, Dugar Marg",Bulandshahr,Nagaland,626894,India,Home
12909,9534,"H.No. 34, Kumer Nagar",Kozhikode,Tripura,302956,India,Home
12910,9535,"H.No. 94
Chakrabarti Ganj",Kamarhati,Bihar,601334,India,Home
12911,9536,"278, Borra",Panipat,Jharkhand,425638,India,Home
12912,9536,"33
Prabhu Marg",Kumbakonam,Arunachal Pradesh,066090,India,Home
12913,9537,"295, Dyal Road",Kolkata,Maharashtra,359799,India,Home
12914,9537,"H.No. 23, Rajagopalan Ganj",Bellary,Telangana,428136,India,Home
12915,9538,"28, Raj Ganj",Jabalpur,Bihar,069616,India,Office
12916,9538,"332
Din Circle",Bihar Sharif,Karnataka,917999,India,Office
12917,9539,"H.No. 915
Chauhan Ganj",Kamarhati,Karnataka,420367,India,Home
12918,9539,"983, Loke Marg",Gwalior,Uttarakhand,700915,India,Home
12919,9540,"H.No. 19
Kaul Path",Mysore,Andhra Pradesh,926209,India,Home
12920,9541,"124, Sama Circle",Parbhani,Maharashtra,952921,India,Home
12921,9542,"H.No. 97
Sathe Circle",New Delhi,Odisha,616050,India,Home
12922,9543,"45/145, Nayar Chowk",Allahabad,Punjab,407055,India,Office
12923,9543,"H.No. 711
Sehgal Ganj",Guntur,Madhya Pradesh,436353,India,Home
12924,9544,"H.No. 021, Ramaswamy Marg",Chandigarh,Rajasthan,327007,India,Home
12925,9544,"67/71, Sengupta Zila",Jamshedpur,Mizoram,984613,India,Home
12926,9545,"02/514, Gade",Pali,Sikkim,754913,India,Office
12927,9546,"959, Raman Circle",Panvel,Jharkhand,331456,India,Home
12928,9546,"04, Sridhar Path",Phagwara,Punjab,944076,India,Office
12929,9547,"00/56, Hayer Nagar",Satara,Gujarat,510021,India,Home
12930,9548,"73, Kumar Zila",Jaunpur,Sikkim,439075,India,Home
12931,9549,"11/493
Bhat Circle",Hindupur,Uttar Pradesh,168077,India,Home
12932,9550,"H.No. 47, Karnik Marg",Anand,Telangana,408673,India,Other
12933,9550,"709, Mangat Circle",Tiruchirappalli,Tamil Nadu,540014,India,Home
12934,9551,"H.No. 67, Kamdar Circle",Gudivada,Madhya Pradesh,272833,India,Home
12935,9552,"250, D’Alia Chowk",Asansol,Meghalaya,254184,India,Office
12936,9553,"00/475
Handa",Munger,Haryana,855098,India,Home
12937,9554,"H.No. 041, Purohit Chowk",Raiganj,Mizoram,545185,India,Home
12938,9555,"56
Dyal Zila",Anand,Uttar Pradesh,113876,India,Home
12939,9556,"77, Basak Ganj",Shimla,Karnataka,511434,India,Home
12940,9556,"75/975
Bose Marg",Amritsar,Punjab,793579,India,Home
12941,9557,"058
Sani Ganj",Siliguri,Meghalaya,043872,India,Home
12942,9558,"H.No. 31
Bahri Chowk",Chandigarh,Chhattisgarh,894316,India,Home
12943,9559,"52/060, Mammen Marg",Aurangabad,Punjab,798633,India,Office
12944,9559,"H.No. 945
Chad Path",Pudukkottai,Assam,869674,India,Office
12945,9560,"H.No. 950, Peri",Junagadh,Chhattisgarh,173361,India,Home
12946,9561,"H.No. 056, Kannan Zila",Hospet,Mizoram,992487,India,Home
12947,9561,"16, Malhotra Ganj",Bhavnagar,Goa,544485,India,Home
12948,9562,"H.No. 25, Mander Road",Bhatpara,Assam,158858,India,Office
12949,9563,"H.No. 063
Desai Circle",Proddatur,Telangana,866214,India,Home
12950,9564,"56/22, Date",Silchar,Haryana,331067,India,Home
12951,9565,"H.No. 781
Bansal Marg",Bellary,Goa,949995,India,Office
12952,9566,"H.No. 058, Ahluwalia Zila",Machilipatnam,Madhya Pradesh,624268,India,Home
12953,9567,"123
Comar Marg",Imphal,Haryana,885757,India,Home
12954,9568,"H.No. 111
Deshmukh Nagar",Bhopal,Goa,019759,India,Home
12955,9568,"981, Salvi Ganj",Hindupur,Nagaland,886286,India,Home
12956,9569,"09
Zachariah Circle",Tirupati,Andhra Pradesh,679345,India,Home
12957,9570,"27/84, Sinha Street",Gurgaon,Rajasthan,594807,India,Home
12958,9571,"H.No. 195
Savant Chowk",Deoghar,Punjab,621847,India,Home
12959,9571,"11, Singh Chowk",Bathinda,Arunachal Pradesh,669668,India,Home
12960,9572,"60
Uppal Path",Hazaribagh,Arunachal Pradesh,974752,India,Home
12961,9572,"H.No. 290, Gera Ganj",Barasat,Kerala,687988,India,Home
12962,9573,"342
Bhatia Ganj",Hindupur,Manipur,262693,India,Other
12963,9573,"82/47, Mani Circle",Erode,Jharkhand,896161,India,Home
12964,9573,"04
Singhal",Guntur,Punjab,671513,India,Home
12965,9574,"H.No. 571, Kurian Chowk",Thiruvananthapuram,West Bengal,176352,India,Office
12966,9574,"52/392, Shah Ganj",Danapur,Odisha,203943,India,Home
12967,9575,"H.No. 820
Bakshi Road",Adoni,Haryana,406688,India,Home
12968,9576,"H.No. 264
Som",Sirsa,Chhattisgarh,242422,India,Home
12969,9576,"379
Lal Nagar",Miryalaguda,Kerala,448562,India,Other
12970,9577,"59/43, Kade Nagar",Rajkot,Uttar Pradesh,231148,India,Home
12971,9578,"45, Borah Circle",Srinagar,Maharashtra,366372,India,Home
12972,9578,"61/27
Bhakta",Gorakhpur,Arunachal Pradesh,174948,India,Home
12973,9579,"47/853, Mammen Zila",Hapur,Gujarat,686807,India,Home
12974,9579,"H.No. 52, Madan Path",Ozhukarai,Kerala,738494,India,Home
12975,9580,"H.No. 356, Oak Path",Mumbai,Maharashtra,717272,India,Office
12976,9581,"83, Kadakia Road",Hindupur,Uttar Pradesh,287983,India,Home
12977,9581,"70/58
Ramanathan Street",Tinsukia,Madhya Pradesh,482610,India,Office
12978,9582,"90/36
Bava Zila",Madurai,Madhya Pradesh,364606,India,Home
12979,9583,"33/790, Biswas Circle",Panipat,Kerala,424406,India,Home
12980,9584,"885
Mallick Marg",Ratlam,Maharashtra,219981,India,Other
12981,9585,"H.No. 34, Chadha Zila",Rampur,Goa,885441,India,Home
12982,9586,"00
Sanghvi Path",Bellary,Chhattisgarh,543624,India,Home
12983,9586,"H.No. 026, Bala Circle",Warangal,Rajasthan,133167,India,Home
12984,9587,"75/44, Brahmbhatt Road",Jehanabad,Madhya Pradesh,894999,India,Home
12985,9588,"H.No. 30, Sharma",Jammu,Telangana,338436,India,Home
12986,9589,"55/78, Wadhwa Circle",Imphal,Gujarat,438473,India,Office
12987,9590,"47/985
Saraf Nagar",Chittoor,Tamil Nadu,652448,India,Home
12988,9591,"H.No. 74, Ghosh Chowk",Howrah,Madhya Pradesh,484323,India,Home
12989,9592,"346, Prabhu Nagar",Latur,Himachal Pradesh,035334,India,Home
12990,9592,"76/09, Shetty Circle",Noida,Haryana,425418,India,Home
12991,9592,"83
Banik Path",Jalna,Uttar Pradesh,670966,India,Office
12992,9593,"07/933, Arora Nagar",Vellore,Tamil Nadu,531382,India,Home
12993,9594,"11
Ahuja Marg",Adoni,Kerala,891754,India,Home
12994,9594,"36/59, Mohan Ganj",Alwar,Assam,992997,India,Home
12995,9595,"H.No. 146, Baral Ganj",Warangal,Assam,474591,India,Office
12996,9596,"H.No. 633
Deep Road",Unnao,Mizoram,329632,India,Home
12997,9597,"04/84, Joshi Path",Bikaner,Punjab,774966,India,Home
12998,9598,"94, Khare",Buxar,Arunachal Pradesh,909653,India,Home
12999,9599,"H.No. 58, Kale",Ahmedabad,Odisha,655522,India,Home
13000,9599,"97/92, Balay Circle",Jodhpur,Madhya Pradesh,008688,India,Home
13001,9600,"H.No. 725
Nadig Nagar",Imphal,Jharkhand,443687,India,Home
13002,9601,"20, Agarwal Marg",Nagpur,Himachal Pradesh,092406,India,Home
13003,9602,"90/258, Krishna Street",Dehradun,Assam,468065,India,Office
13004,9603,"26/794, Saxena Zila",Kollam,Haryana,527474,India,Home
13005,9604,"H.No. 978
Soman Ganj",Raichur,Assam,999198,India,Office
13006,9604,"12/004, Tak Path",Chapra,Goa,545284,India,Home
13007,9604,"84/00
Munshi Ganj",Delhi,Sikkim,209837,India,Home
13008,9605,"55/748
Rout Marg",Bharatpur,Chhattisgarh,908232,India,Home
13009,9606,"83/285, Palan Road",Sultan Pur Majra,West Bengal,010478,India,Home
13010,9607,"56/44, Munshi Nagar",Belgaum,Chhattisgarh,288594,India,Home
13011,9608,"40/203
Varughese Marg",Rajkot,Goa,870179,India,Home
13012,9609,"H.No. 69
Taneja Ganj",Tenali,Uttarakhand,662876,India,Office
13013,9610,"832, Wadhwa Ganj",Kochi,Odisha,062076,India,Home
13014,9611,"H.No. 54
Solanki Marg",Haridwar,Odisha,684940,India,Home
13015,9611,"H.No. 22
Sodhi Chowk",Nadiad,Uttar Pradesh,509619,India,Office
13016,9612,"19/44, Devi Chowk",Orai,Maharashtra,938609,India,Home
13017,9613,"H.No. 059
Pandey Street",Ranchi,West Bengal,946917,India,Office
13018,9613,"H.No. 872
Lanka Ganj",Madanapalle,Andhra Pradesh,838782,India,Office
13019,9614,"44/261, Shankar Circle",Mira-Bhayandar,Sikkim,305446,India,Home
13020,9615,"30/483
Wable Ganj",Siliguri,Jharkhand,117175,India,Other
13021,9616,"H.No. 20
Seth Circle",Gandhidham,Haryana,210682,India,Home
13022,9616,"91/02, Subramaniam Street",Jorhat,Andhra Pradesh,494063,India,Home
13023,9617,"H.No. 335
Mane Circle",Dindigul,Himachal Pradesh,813074,India,Other
13024,9618,"23/70
Barad",Kottayam,Arunachal Pradesh,506330,India,Home
13025,9618,"34
Sunder Marg",Bhavnagar,Mizoram,118988,India,Office
13026,9619,"H.No. 78
Parmer Road",Jamalpur,West Bengal,676928,India,Home
13027,9619,"H.No. 935, Sengupta Zila",Katni,Telangana,519982,India,Home
13028,9620,"H.No. 154, Dhillon Ganj",Kamarhati,Goa,251172,India,Home
13029,9621,"24/25, Balay Ganj",Raiganj,Arunachal Pradesh,434627,India,Home
13030,9622,"H.No. 073
Dhar Nagar",Fatehpur,Assam,958496,India,Home
13031,9623,"H.No. 887
Karpe Chowk",Warangal,Himachal Pradesh,606692,India,Home
13032,9623,"64/12, Lad Ganj",Salem,Punjab,893233,India,Office
13033,9623,"H.No. 31
Deep Circle",Malegaon,Rajasthan,697430,India,Office
13034,9624,"763
Magar Path",Nagaon,Madhya Pradesh,708628,India,Office
13035,9625,"H.No. 995, Mane Circle",Nashik,Bihar,576203,India,Home
13036,9626,"828, Pillai",Morena,Karnataka,794489,India,Home
13037,9626,"733
Pau Chowk",Visakhapatnam,Kerala,149648,India,Home
13038,9627,"H.No. 43, Kala Nagar",Kavali,Meghalaya,112246,India,Home
13039,9628,"H.No. 580
Mutti Circle",Ajmer,Assam,490747,India,Home
13040,9629,"272
Ganguly Nagar",Mango,Uttar Pradesh,048142,India,Home
13041,9629,"H.No. 59, Soni Marg",Rourkela,Gujarat,187850,India,Home
13042,9630,"H.No. 12
Sem Zila",Dehradun,Kerala,548670,India,Home
13043,9630,"H.No. 66, Joshi Zila",Morena,Kerala,276874,India,Home
13044,9631,"43
Bhasin Circle",Katihar,Meghalaya,233354,India,Home
13045,9631,"H.No. 135, Kurian Street",Noida,Uttar Pradesh,266946,India,Home
13046,9632,"96/06, Zachariah Ganj",Kumbakonam,Chhattisgarh,254844,India,Home
13047,9632,"H.No. 44
Virk",Muzaffarnagar,Mizoram,035708,India,Office
13048,9632,"H.No. 50, Sane Road",Berhampur,Tripura,239146,India,Home
13049,9633,"09, Virk Nagar",Chapra,Rajasthan,516430,India,Home
13050,9634,"H.No. 38, Dani Chowk",Miryalaguda,Uttarakhand,852205,India,Office
13051,9635,"446, Khurana Chowk",Bhind,Goa,012692,India,Home
13052,9636,"37
Vala Nagar",Udaipur,Maharashtra,157545,India,Home
13053,9637,"026, Zacharia Street",Jamnagar,Uttarakhand,940594,India,Home
13054,9637,"07/815, Jhaveri Marg",Malda,Goa,548624,India,Other
13055,9638,"84/069, Dhaliwal Circle",Kurnool,Haryana,279513,India,Home
13056,9639,"84/43, Mandal Chowk",Sambhal,Assam,177701,India,Home
13057,9640,"74
Nadkarni",Chittoor,Rajasthan,072997,India,Home
13058,9641,"H.No. 73
Gokhale Path",Kottayam,Haryana,984793,India,Office
13059,9642,"H.No. 76
Parmer Path",Bhalswa Jahangir Pur,Manipur,318512,India,Office
13060,9643,"628
Prabhu Marg",Pali,Goa,294449,India,Home
13061,9644,"36, Murty Street",Gulbarga,Telangana,784080,India,Other
13062,9645,"56, Bhandari Ganj",Farrukhabad,Nagaland,967100,India,Home
13063,9646,"21/626, Krishnamurthy Ganj",Kota,Manipur,701983,India,Home
13064,9647,"77/67, Hora Marg",Bathinda,Maharashtra,178164,India,Home
13065,9648,"334, Tak Ganj",Bhopal,Telangana,678744,India,Home
13066,9648,"22/537, Sheth Chowk",Ulhasnagar,Gujarat,693040,India,Home
13067,9649,"50/395
Bajwa",Bhopal,Madhya Pradesh,674195,India,Home
13068,9649,"H.No. 825
Wali Marg",Secunderabad,Bihar,229374,India,Home
13069,9650,"96
Bhardwaj Chowk",Vijayanagaram,Manipur,480298,India,Home
13070,9651,"H.No. 080
Menon Path",Buxar,Maharashtra,613352,India,Home
13071,9652,"884
Mahal",Morbi,Bihar,640566,India,Home
13072,9653,"76
Mani Street",Tadepalligudem,Nagaland,930854,India,Home
13073,9654,"H.No. 43
Butala Road",Loni,Punjab,874810,India,Office
13074,9655,"H.No. 39
Dutt Zila",Thanjavur,Tamil Nadu,694280,India,Home
13075,9656,"47/43, Basu Path",Jhansi,Nagaland,302969,India,Home
13076,9657,"H.No. 80, Chhabra",Miryalaguda,Himachal Pradesh,858452,India,Home
13077,9658,"068
Gera Street",Nadiad,Bihar,123846,India,Office
13078,9658,"32/02, Gandhi Street",Ahmedabad,West Bengal,541900,India,Home
13079,9659,"H.No. 101
Sur Street",Sambalpur,Punjab,972820,India,Home
13080,9660,"78, Peri Ganj",Aurangabad,Meghalaya,103761,India,Home
13081,9661,"39/10, Garde Nagar",Purnia,Meghalaya,238177,India,Home
13082,9661,"92/228, Wali Ganj",Silchar,Maharashtra,859543,India,Home
13083,9662,"482
Ramaswamy Circle",Muzaffarnagar,Andhra Pradesh,821051,India,Other
13084,9663,"76/653, Chaudry",Tiruppur,Arunachal Pradesh,976955,India,Other
13085,9664,"282
Pingle",Buxar,Meghalaya,960251,India,Home
13086,9665,"H.No. 519, Grewal Circle",Asansol,Jharkhand,050485,India,Home
13087,9665,"35/632
Rajagopal Marg",Naihati,Odisha,533252,India,Home
13088,9665,"H.No. 27
Iyer Zila",Dehri,Jharkhand,101221,India,Home
13089,9666,"078
Muni Nagar",Salem,Andhra Pradesh,765595,India,Office
13090,9666,"264
Agarwal Zila",Katihar,Meghalaya,804379,India,Home
13091,9667,"19
Sood",Raurkela Industrial Township,Telangana,367166,India,Home
13092,9668,"409, Dutt Marg",Tiruvottiyur,Sikkim,279687,India,Office
13093,9668,"30/87, Brar",Visakhapatnam,Uttarakhand,758748,India,Home
13094,9669,"96/75
Behl Street",Bareilly,Haryana,806097,India,Home
13095,9670,"H.No. 152, Parmer Road",Cuttack,Meghalaya,448495,India,Home
13096,9671,"H.No. 84
Natarajan Zila",Rourkela,Assam,882437,India,Home
13097,9671,"77, Chatterjee Road",Jamshedpur,Madhya Pradesh,492370,India,Home
13098,9672,"328
Bal Path",Dehri,West Bengal,639654,India,Office
13099,9673,"15/77, Rastogi Nagar",Bathinda,Tamil Nadu,053015,India,Home
13100,9674,"46/979
Goda Ganj",Delhi,Nagaland,136890,India,Office
13101,9675,"H.No. 818, Prasad Marg",Berhampore,Goa,499546,India,Home
13102,9676,"H.No. 317
Prakash Marg",Jalgaon,Odisha,755556,India,Home
13103,9676,"H.No. 51, Srivastava Ganj",Hapur,Uttar Pradesh,921406,India,Office
13104,9677,"53/845, Sur Road",Hapur,Sikkim,797057,India,Other
13105,9678,"232, Johal Road",Karnal,Haryana,421648,India,Home
13106,9679,"H.No. 171, Mukhopadhyay Road",Anand,Kerala,259002,India,Home
13107,9680,"39, Sha Ganj",Secunderabad,Kerala,560654,India,Office
13108,9681,"H.No. 86, Chada Nagar",Kottayam,Nagaland,613555,India,Home
13109,9681,"603, Gade Street",Ichalkaranji,Tamil Nadu,400489,India,Home
13110,9682,"H.No. 84, Ramaswamy Marg",Kavali,Mizoram,491829,India,Home
13111,9682,"H.No. 12
Sanghvi Circle",Raebareli,West Bengal,719844,India,Home
13112,9683,"H.No. 319, Bhatia Road",Dewas,Odisha,526685,India,Other
13113,9684,"H.No. 864
Tailor Nagar",Adoni,Sikkim,943531,India,Home
13114,9684,"16/083, Gala",Hajipur,Jharkhand,844817,India,Home
13115,9685,"446
Vig Chowk",Rohtak,Kerala,452881,India,Home
13116,9686,"H.No. 108
Bansal Road",Korba,Punjab,550807,India,Home
13117,9687,"H.No. 040
Chakraborty Ganj",Pondicherry,Bihar,042002,India,Home
13118,9688,"89, Gola Street",Orai,Maharashtra,175599,India,Home
13119,9688,"187
Bhargava Circle",Tiruppur,Jharkhand,965897,India,Home
13120,9689,"10/13, Dutt Street",Hajipur,Andhra Pradesh,626991,India,Home
13121,9690,"05/08, Mishra Road",Vijayawada,Assam,421716,India,Home
13122,9691,"H.No. 04
Dhar Marg",Bongaigaon,Mizoram,354109,India,Home
13123,9692,"275, Bhat Circle",Patna,Himachal Pradesh,106667,India,Home
13124,9692,"564, Rege",Bulandshahr,Himachal Pradesh,731080,India,Home
13125,9693,"657, Chakraborty Zila",Chennai,West Bengal,026228,India,Home
13126,9694,"18/38
Maharaj Road",Udaipur,Kerala,537675,India,Home
13127,9695,"22
Babu Ganj",Tirupati,Tripura,999524,India,Office
13128,9696,"267, Subramaniam Path",Davanagere,Himachal Pradesh,861617,India,Home
13129,9697,"H.No. 02, Mukhopadhyay Road",Loni,Rajasthan,794892,India,Home
13130,9698,"H.No. 174
Datta Marg",Hyderabad,Bihar,101918,India,Home
13131,9698,"08
Shah",Secunderabad,Manipur,330273,India,Office
13132,9699,"H.No. 486
Chacko",South Dumdum,Sikkim,808144,India,Home
13133,9700,"H.No. 338
Rajagopalan Ganj",Hazaribagh,Himachal Pradesh,102978,India,Office
13134,9700,"H.No. 97, Ramesh Circle",Jhansi,Gujarat,864453,India,Home
13135,9701,"64/745
Goda Circle",Raurkela Industrial Township,Bihar,144305,India,Office
13136,9701,"90/85
Sekhon Path",Singrauli,Nagaland,233532,India,Office
13137,9701,"822
Sachar Chowk",Mau,Maharashtra,269924,India,Home
13138,9702,"H.No. 99, Kalla Zila",Kishanganj,Kerala,555205,India,Home
13139,9703,"H.No. 59, Virk Ganj",Raichur,Maharashtra,627005,India,Home
13140,9703,"78/72
Amble Zila",Allahabad,Uttarakhand,254647,India,Office
13141,9704,"08/138
Dass Chowk",Rewa,Tripura,398677,India,Home
13142,9705,"444
Mukhopadhyay Chowk",Bhubaneswar,Tripura,016052,India,Home
13143,9705,"20/226, Andra Road",Shimla,Haryana,981210,India,Home
13144,9706,"99/554
Aurora",Suryapet,West Bengal,330334,India,Home
13145,9706,"95/184, Jhaveri Zila",Machilipatnam,West Bengal,251505,India,Home
13146,9706,"38/63
Nagar Path",Rajkot,Himachal Pradesh,702492,India,Home
13147,9707,"331
Guha Ganj",Visakhapatnam,Madhya Pradesh,248573,India,Home
13148,9708,"98, Sethi",Rewa,Uttarakhand,213066,India,Home
13149,9708,"11/513
Sem Ganj",Bhopal,Uttarakhand,166080,India,Home
13150,9709,"H.No. 812
Sathe Nagar",Kochi,Tripura,115198,India,Office
13151,9710,"35/52, Srinivasan Chowk",Bhavnagar,Gujarat,480507,India,Home
13152,9710,"610
Chanda Ganj",Hospet,Assam,529203,India,Home
13153,9711,"721, Vora Ganj",Raiganj,Uttarakhand,681101,India,Office
13154,9712,"74/831
Balan Ganj",Cuttack,Bihar,160465,India,Office
13155,9713,"591, Prabhu Marg",Orai,Chhattisgarh,182410,India,Home
13156,9713,"725, Cheema Marg",Jorhat,Nagaland,966816,India,Home
13157,9714,"04/955, Kala Zila",Panchkula,Nagaland,025408,India,Home
13158,9715,"45/40, Jain Path",Jamalpur,Meghalaya,960515,India,Home
13159,9715,"18/29
Pathak Zila",Durg,Meghalaya,489777,India,Office
13160,9716,"08/934
Rege Nagar",Ramgarh,Haryana,603118,India,Home
13161,9717,"34/708
Chowdhury Marg",Serampore,Bihar,546626,India,Home
13162,9718,"14, Singhal Path",Jehanabad,Madhya Pradesh,052646,India,Home
13163,9719,"785, Sarkar Marg",Gopalpur,Assam,110562,India,Home
13164,9720,"H.No. 05, Gulati Circle",Sri Ganganagar,Madhya Pradesh,314613,India,Other
13165,9721,"21
Nadkarni Road",Jhansi,West Bengal,091748,India,Home
13166,9722,"32/226
Vala Chowk",Anand,Goa,573859,India,Other
13167,9723,"062, Bhatia",Ahmednagar,Mizoram,747047,India,Home
13168,9724,"145, Chandran Street",Ahmedabad,Himachal Pradesh,404334,India,Home
13169,9725,"H.No. 76, Oommen Zila",Darbhanga,Assam,092218,India,Home
13170,9726,"92/293
Sha Street",Parbhani,Himachal Pradesh,619455,India,Home
13171,9726,"56/496
Loke Path",Gwalior,Jharkhand,321523,India,Home
13172,9727,"H.No. 914
Roy Road",Sambalpur,Nagaland,701823,India,Home
13173,9727,"99, Solanki Street",Nagpur,Uttar Pradesh,188795,India,Home
13174,9728,"H.No. 851, Tak Ganj",Saharsa,Haryana,856434,India,Home
13175,9729,"H.No. 911, Tiwari Zila",Mirzapur,Arunachal Pradesh,335040,India,Home
13176,9729,"769, Kashyap Circle",Sirsa,Punjab,747436,India,Other
13177,9730,"17/139
Sunder Marg",Panihati,Meghalaya,838105,India,Office
13178,9730,"298, Shah Nagar",Mangalore,Chhattisgarh,682876,India,Home
13179,9731,"24/264
Batta Zila",Pondicherry,Manipur,780346,India,Office
13180,9732,"H.No. 690
Salvi",Agartala,Telangana,536448,India,Home
13181,9733,"010, Mani Nagar",Rajkot,Mizoram,549674,India,Home
13182,9734,"H.No. 388, Deo Circle",Bathinda,Tripura,858785,India,Home
13183,9734,"33, Pau Path",Morbi,Gujarat,750255,India,Home
13184,9735,"07/37, Pillay Chowk",Davanagere,Uttar Pradesh,852890,India,Home
13185,9736,"H.No. 60
Vyas Road",Pune,Gujarat,930311,India,Home
13186,9737,"H.No. 04
Dhaliwal Chowk",Vadodara,Rajasthan,757417,India,Home
13187,9738,"H.No. 22, Aggarwal Nagar",Farrukhabad,Chhattisgarh,224499,India,Home
13188,9739,"283
Deo Chowk",Jorhat,Jharkhand,139520,India,Home
13189,9740,"97/479
Ram Path",Firozabad,Karnataka,705124,India,Home
13190,9741,"57
Kara Chowk",Nagpur,Rajasthan,770316,India,Home
13191,9741,"26
Mukherjee Ganj",Kottayam,Madhya Pradesh,355354,India,Office
13192,9742,"62/814
Char Path",Thanjavur,Punjab,156833,India,Home
13193,9743,"140, Rau Circle",Noida,Manipur,361779,India,Home
13194,9744,"03
Rai Nagar",Gandhidham,Kerala,039520,India,Home
13195,9745,"472
Roy Path",Guwahati,Mizoram,631475,India,Home
13196,9746,"H.No. 973, Shetty Chowk",Jodhpur,Maharashtra,660401,India,Home
13197,9747,"48/805
Lanka Zila",Morena,Karnataka,953822,India,Home
13198,9748,"71, Dar",Jorhat,Meghalaya,230179,India,Home
13199,9749,"H.No. 841
Lata Road",Farrukhabad,Madhya Pradesh,932194,India,Home
13200,9750,"69/29, Gupta",Nangloi Jat,Meghalaya,322206,India,Office
13201,9751,"71/45, Sathe Marg",Malda,Jharkhand,852482,India,Home
13202,9752,"H.No. 22
Merchant Circle",Agartala,West Bengal,532895,India,Home
13203,9752,"94/75, Chanda Marg",Dindigul,Chhattisgarh,021911,India,Office
13204,9753,"89, Naik Zila",Avadi,West Bengal,419443,India,Office
13205,9754,"23/25
Patla Nagar",Hazaribagh,Sikkim,972435,India,Home
13206,9755,"44/21, Padmanabhan Ganj",Madanapalle,Assam,147973,India,Home
13207,9756,"H.No. 70, Kala Circle",Satara,Mizoram,046851,India,Home
13208,9756,"H.No. 63
Jaggi Circle",New Delhi,Punjab,458848,India,Home
13209,9757,"75
Din Nagar",Kalyan-Dombivli,Madhya Pradesh,754473,India,Home
13210,9758,"H.No. 26, Kothari Ganj",Saharanpur,West Bengal,051471,India,Home
13211,9759,"97/978, Gade Circle",Berhampore,Bihar,600708,India,Home
13212,9760,"459
Narula Street",Srinagar,Punjab,684631,India,Office
13213,9761,"419
Balakrishnan Road",Pallavaram,Mizoram,901029,India,Home
13214,9762,"H.No. 06
Sani",Karimnagar,Bihar,664828,India,Home
13215,9763,"H.No. 655, Sharma Road",Patiala,Telangana,254316,India,Other
13216,9764,"32/44
Dutta Path",Chennai,Sikkim,364437,India,Home
13217,9764,"83/797
Doctor Chowk",Avadi,West Bengal,791644,India,Office
13218,9765,"05, Luthra Ganj",South Dumdum,Odisha,659850,India,Home
13219,9766,"H.No. 514, Bhatia Nagar",Hyderabad,Jharkhand,218888,India,Home
13220,9767,"94/038
Chhabra Nagar",Bhubaneswar,Karnataka,435911,India,Home
13221,9768,"94, Kibe Nagar",Patiala,Rajasthan,834379,India,Home
13222,9768,"88, Kaur Chowk",Khora ,Meghalaya,521152,India,Home
13223,9769,"924
Doshi Street",Arrah,Andhra Pradesh,897058,India,Home
13224,9769,"72, Varghese",Jammu,Telangana,854894,India,Home
13225,9770,"85/905, Ramanathan Circle",Bellary,Sikkim,586316,India,Home
13226,9771,"33/190, Krishnamurthy Ganj",Berhampore,Arunachal Pradesh,210444,India,Home
13227,9772,"819, Kala Ganj",Barasat,Arunachal Pradesh,051800,India,Home
13228,9772,"33/905
Vyas Ganj",Tenali,Gujarat,066062,India,Home
13229,9773,"88
Sandal Marg",Kozhikode,Telangana,034725,India,Home
13230,9774,"27
Jani Nagar",Mahbubnagar,Bihar,368646,India,Home
13231,9774,"H.No. 397
Talwar Circle",Thane,Tamil Nadu,931984,India,Home
13232,9775,"H.No. 38
Boase Marg",Gorakhpur,Chhattisgarh,553049,India,Home
13233,9775,"31, Kashyap Street",Bardhaman,Bihar,432834,India,Home
13234,9776,"H.No. 00
Setty Street",Rampur,Uttarakhand,673175,India,Home
13235,9777,"52/88, Pandey Marg",Ujjain,Tamil Nadu,128054,India,Home
13236,9778,"H.No. 357
Vala Circle",Fatehpur,Kerala,927942,India,Home
13237,9779,"H.No. 91
Bumb Circle",Pune,Meghalaya,152758,India,Home
13238,9780,"H.No. 25, Sehgal Circle",Orai,Goa,616225,India,Office
13239,9781,"H.No. 55
Rajan Marg",Chennai,Mizoram,063312,India,Home
13240,9781,"98/907, Mital Zila",Tiruchirappalli,Tripura,124838,India,Home
13241,9782,"797, Pillai Road",Dhanbad,Mizoram,030262,India,Home
13242,9783,"36/48
Bal Zila",Tumkur,Sikkim,006300,India,Home
13243,9784,"43/32, Sachdev Nagar",Danapur,Odisha,566039,India,Home
13244,9784,"41/58, Kulkarni Street",Bathinda,Tamil Nadu,459485,India,Home
13245,9784,"H.No. 007
Sagar Zila",Thiruvananthapuram,Tamil Nadu,174548,India,Home
13246,9785,"58
Bhatia",Bhubaneswar,Rajasthan,201068,India,Home
13247,9786,"H.No. 11, Thakur Street",Surendranagar Dudhrej,Haryana,628686,India,Office
13248,9787,"H.No. 482
Ramanathan",Muzaffarpur,Jharkhand,763283,India,Home
13249,9788,"452, Singhal",Miryalaguda,Uttar Pradesh,681932,India,Office
13250,9789,"73/700
Jha Road",Miryalaguda,Himachal Pradesh,651289,India,Home
13251,9789,"95/03
Murty Zila",Tirupati,Goa,186755,India,Home
13252,9790,"452
Raval Road",Dehri,Tamil Nadu,427268,India,Home
13253,9791,"02/95, Kata Street",Haldia,Kerala,137578,India,Home
13254,9792,"H.No. 72, Sheth",Shahjahanpur,Meghalaya,932821,India,Home
13255,9793,"751, Mukherjee Marg",New Delhi,Mizoram,935373,India,Home
13256,9794,"H.No. 37, Contractor Nagar",Jalgaon,Haryana,129398,India,Home
13257,9795,"69, Gole Ganj",Hapur,Himachal Pradesh,170807,India,Home
13258,9796,"H.No. 416
Radhakrishnan Ganj",Bidar,Himachal Pradesh,846567,India,Home
13259,9797,"13/203
Zachariah Nagar",Bhimavaram,Mizoram,088596,India,Home
13260,9798,"81/733
Purohit Marg",Tenali,Sikkim,544318,India,Office
13261,9799,"57/627, Bhatti Nagar",Pallavaram,Sikkim,191800,India,Home
13262,9800,"05
Wable Street",Sonipat,Goa,607996,India,Home
13263,9801,"969, Kaul",Vellore,Uttar Pradesh,238945,India,Home
13264,9802,"H.No. 853
Chanda Chowk",Gopalpur,Goa,669793,India,Home
13265,9802,"62/26, Nagarajan Nagar",Mehsana,Himachal Pradesh,970641,India,Home
13266,9802,"64/456, Lata Street",Bhiwandi,Himachal Pradesh,353390,India,Home
13267,9803,"01/05
Khalsa Zila",Dehradun,Haryana,108259,India,Office
13268,9804,"98/974
Kaul Road",Bally,Himachal Pradesh,573894,India,Home
13269,9805,"16/196, Dyal Nagar",Lucknow,Jharkhand,155524,India,Home
13270,9805,"H.No. 357, Vohra Chowk",Muzaffarpur,Andhra Pradesh,268880,India,Other
13271,9806,"01/91, Shan Chowk",Bokaro,Meghalaya,584998,India,Home
13272,9807,"00, Jha Path",Korba,Nagaland,986240,India,Home
13273,9807,"781
Dash Road",Darbhanga,Sikkim,312090,India,Home
13274,9807,"678
Mohanty Circle",Bellary,Gujarat,650489,India,Office
13275,9808,"36/133
Borah",Phusro,Mizoram,205502,India,Home
13276,9809,"39/640
Guha Ganj",Tinsukia,Karnataka,269259,India,Home
13277,9810,"H.No. 46, Yadav Ganj",Sultan Pur Majra,Madhya Pradesh,517595,India,Office
13278,9810,"39/95
Ravi Nagar",Parbhani,Mizoram,341948,India,Home
13279,9811,"H.No. 806
Chokshi Nagar",Hindupur,West Bengal,140646,India,Home
13280,9811,"62/079, Gola Zila",Aurangabad,Andhra Pradesh,304082,India,Home
13281,9812,"390, Mohanty Path",Satara,Himachal Pradesh,464760,India,Home
13282,9812,"H.No. 008
Oza Marg",Tiruchirappalli,Meghalaya,331187,India,Home
13283,9813,"33/40, Borah Street",Nizamabad,Punjab,827708,India,Office
13284,9813,"47/112
Mand Chowk",Rajahmundry,Himachal Pradesh,893294,India,Home
13285,9814,"16, Chahal Ganj",Patna,Karnataka,312105,India,Home
13286,9814,"H.No. 350, Shanker Street",Thoothukudi,Sikkim,109353,India,Home
13287,9814,"92/08, Lalla Marg",Gangtok,Kerala,767520,India,Home
13288,9815,"88/475, Rau Street",Adoni,Haryana,555123,India,Home
13289,9816,"H.No. 91, Chandra Ganj",Hosur,Jharkhand,876438,India,Office
13290,9817,"H.No. 579
Sura Road",Hazaribagh,Tamil Nadu,333326,India,Home
13291,9818,"125, Thaman Nagar",Silchar,Gujarat,218416,India,Home
13292,9818,"375
Varma Street",Kirari Suleman Nagar,Sikkim,016190,India,Home
13293,9819,"11/96
Khalsa Street",Satna,Assam,507804,India,Home
13294,9819,"H.No. 84, Kala Circle",Jehanabad,Assam,583212,India,Home
13295,9820,"H.No. 684
Issac Zila",Thiruvananthapuram,Nagaland,927136,India,Home
13296,9821,"070
Raju Marg",Uluberia,Karnataka,814766,India,Home
13297,9821,"H.No. 718
Kalla Street",Katni,Manipur,273900,India,Home
13298,9822,"51, Pal Ganj",Dehradun,Telangana,842492,India,Home
13299,9823,"935, Kohli",Kulti,Arunachal Pradesh,874197,India,Home
13300,9824,"20
Sur",Korba,Bihar,010841,India,Home
13301,9824,"90/39, Mahal",Burhanpur,Arunachal Pradesh,658592,India,Home
13302,9825,"H.No. 55
Pradhan Chowk",Phusro,Uttar Pradesh,966704,India,Home
13303,9826,"190, Dass Chowk",Farrukhabad,Sikkim,280088,India,Home
13304,9827,"15/10, Bhavsar Zila",Morena,Maharashtra,046572,India,Home
13305,9828,"85/50, Yohannan Marg",Ramagundam,Uttar Pradesh,401542,India,Home
13306,9829,"81/91
Kannan",Kozhikode,Punjab,470432,India,Home
13307,9830,"550
Gole Ganj",Udupi,Tamil Nadu,822418,India,Home
13308,9830,"23/444
Subramaniam Marg",Amroha,Rajasthan,515979,India,Home
13309,9831,"H.No. 76
Dora Path",Guna,Mizoram,162301,India,Home
13310,9832,"80/560, Din",Ujjain,Tamil Nadu,987469,India,Home
13311,9832,"H.No. 56, Bhatt Nagar",Gudivada,Jharkhand,322869,India,Home
13312,9833,"76, Suri Chowk",Silchar,Odisha,332016,India,Home
13313,9834,"703, Dugar Marg",Aurangabad,Uttarakhand,946175,India,Home
13314,9835,"69
Bhatnagar",Berhampore,Sikkim,132405,India,Home
13315,9835,"68/31
Basu Chowk",Munger,Odisha,028533,India,Home
13316,9836,"23/470, Sabharwal Marg",Ozhukarai,Kerala,440246,India,Home
13317,9836,"255
Srinivas Chowk",Uluberia,Andhra Pradesh,701420,India,Home
13318,9837,"H.No. 029, Mallick Circle",Kollam,Bihar,746455,India,Home
13319,9837,"04
Kale Ganj",Malda,Karnataka,625409,India,Home
13320,9838,"23/23, Chand Road",Bareilly,Bihar,440942,India,Home
13321,9839,"677
Bala Path",Khammam,Madhya Pradesh,514544,India,Home
13322,9840,"H.No. 871, Butala Marg",Hubli–Dharwad,Karnataka,669064,India,Home
13323,9841,"88/402, Yogi Road",Mumbai,Tamil Nadu,809491,India,Home
13324,9842,"56
Goel Circle",Phusro,Madhya Pradesh,638547,India,Home
13325,9843,"99/786
Chahal Ganj",Lucknow,Andhra Pradesh,773173,India,Home
13326,9843,"55/90
Manne Path",Satara,Punjab,246031,India,Home
13327,9843,"68, Raghavan Road",Nellore,Gujarat,554331,India,Home
13328,9844,"11
Borra Circle",Raurkela Industrial Township,Chhattisgarh,426925,India,Home
13329,9845,"H.No. 00
Edwin Circle",Bhubaneswar,West Bengal,637870,India,Home
13330,9846,"58/99, Bera Nagar",Dehri,Gujarat,181312,India,Home
13331,9846,"H.No. 948
Mahajan Path",Munger,Uttar Pradesh,717700,India,Home
13332,9847,"12/50, Golla Street",Rampur,Tripura,943918,India,Home
13333,9848,"67/036
Warrior Street",Tiruvottiyur,Tripura,945546,India,Home
13334,9849,"H.No. 56
Das Street",Haridwar,West Bengal,396982,India,Office
13335,9849,"11/013, Naidu Road",Dhule,Andhra Pradesh,835855,India,Office
13336,9850,"95/82
Borah Ganj",Dibrugarh,Assam,634319,India,Home
13337,9851,"H.No. 124, Gill Ganj",Jalna,Jharkhand,165950,India,Home
13338,9852,"305
Iyer Road",Bokaro,Manipur,369928,India,Office
13339,9852,"H.No. 507, Mane Chowk",Ghaziabad,Chhattisgarh,130262,India,Office
13340,9853,"H.No. 300, Kapadia Marg",Rohtak,Jharkhand,209391,India,Office
13341,9854,"685, Brar Ganj",Phagwara,Uttar Pradesh,366497,India,Other
13342,9855,"H.No. 609, Banerjee Zila",Udaipur,Meghalaya,774604,India,Home
13343,9856,"862, Chad Nagar",Howrah,Himachal Pradesh,461288,India,Office
13344,9856,"23
Ganesh Path",Muzaffarpur,Sikkim,628103,India,Home
13345,9856,"69/29, Wagle Path",Ozhukarai,Karnataka,951196,India,Office
13346,9857,"695, Ray",Phusro,Karnataka,233674,India,Home
13347,9858,"34, Varkey Zila",Bhilwara,Nagaland,319670,India,Home
13348,9858,"H.No. 787
Goyal Zila",Sri Ganganagar,Odisha,619861,India,Other
13349,9859,"48/15
Om Circle",Belgaum,West Bengal,437028,India,Home
13350,9860,"H.No. 26
Narasimhan Path",Chandigarh,Goa,827860,India,Home
13351,9861,"92/29, Minhas Ganj",Bhimavaram,Sikkim,569158,India,Office
13352,9862,"06/92, Bajwa Road",Parbhani,Madhya Pradesh,623428,India,Home
13353,9863,"H.No. 405, Varkey Nagar",Rampur,Nagaland,220227,India,Home
13354,9863,"41
Sachar Circle",Lucknow,Sikkim,918292,India,Home
13355,9864,"34/38, Dugar Street",Meerut,Telangana,679884,India,Home
13356,9865,"55, Roy Nagar",Loni,Punjab,826980,India,Home
13357,9866,"09/85, Barman",Karnal,Punjab,291650,India,Home
13358,9867,"H.No. 75
Kamdar Street",Thiruvananthapuram,West Bengal,001544,India,Home
13359,9868,"H.No. 01
Magar Marg",Sagar,Himachal Pradesh,625364,India,Office
13360,9869,"018, Dave",Aizawl,Nagaland,385536,India,Home
13361,9870,"H.No. 69, Vig Chowk",Khammam,West Bengal,166246,India,Home
13362,9871,"H.No. 51
Aurora Path",Pondicherry,Uttar Pradesh,906349,India,Home
13363,9872,"03/07
Bhattacharyya Chowk",Delhi,Punjab,893589,India,Home
13364,9873,"H.No. 284, Sachdeva Circle",Barasat,Tripura,740067,India,Home
13365,9874,"15
Jayaraman Zila",Surat,Bihar,747512,India,Office
13366,9875,"H.No. 53
Rai Nagar",Kolkata,Jharkhand,256224,India,Office
13367,9876,"H.No. 576, Bir Chowk",Secunderabad,Assam,386951,India,Home
13368,9876,"52
Keer Circle",Khammam,Punjab,589030,India,Home
13369,9877,"64/51
Wali",Agartala,Haryana,377841,India,Office
13370,9878,"79, Apte",Proddatur,Tamil Nadu,900910,India,Office
13371,9879,"H.No. 27, Tara Path",Udupi,Jharkhand,971810,India,Office
13372,9880,"35/30, Kara Nagar",Siwan,Rajasthan,289880,India,Home
13373,9881,"73, Morar Nagar",Thane,Madhya Pradesh,995519,India,Office
13374,9882,"H.No. 088
Menon Road",Malda,Uttarakhand,145188,India,Home
13375,9882,"H.No. 76
Khanna Road",Tiruppur,Uttar Pradesh,814369,India,Home
13376,9883,"H.No. 76, Iyengar Path",Muzaffarnagar,Bihar,061130,India,Office
13377,9884,"06, Badami Path",Amroha,Punjab,161362,India,Home
13378,9884,"45, Dugar Ganj",Jalgaon,Maharashtra,751456,India,Home
13379,9884,"314
Maharaj",Lucknow,Punjab,764895,India,Office
13380,9885,"75
Ravel Street",Nangloi Jat,Andhra Pradesh,560889,India,Office
13381,9886,"17, Sandal Zila",Burhanpur,Rajasthan,666528,India,Home
13382,9887,"H.No. 355
Kaur",Jehanabad,Haryana,898029,India,Home
13383,9888,"28
Ray Zila",Tirupati,Odisha,567007,India,Home
13384,9889,"H.No. 288, Nigam Road",Faridabad,Nagaland,218888,India,Home
13385,9890,"H.No. 329, Batta Circle",Agartala,Bihar,283634,India,Office
13386,9891,"586
Char Street",Morbi,Rajasthan,880448,India,Home
13387,9891,"32/312, Kala Zila",Dewas,Manipur,031464,India,Home
13388,9891,"70/82, Hayre Zila",Bhatpara,Nagaland,827158,India,Home
13389,9892,"01/834
Narula Zila",Srikakulam,Arunachal Pradesh,660879,India,Home
13390,9892,"67/593, Mani Street",Hubli–Dharwad,Assam,254700,India,Home
13391,9893,"H.No. 71
Swamy Street",Aizawl,Assam,552121,India,Home
13392,9894,"98
Deep Marg",Ongole,Nagaland,215619,India,Home
13393,9895,"159, Raja Ganj",Jamnagar,Himachal Pradesh,692045,India,Home
13394,9896,"974
Ramaswamy Circle",Belgaum,Haryana,514821,India,Home
13395,9896,"646, Nadkarni Circle",Nangloi Jat,Arunachal Pradesh,464061,India,Home
13396,9897,"42/49, Chaudhuri Road",Faridabad,Arunachal Pradesh,140400,India,Home
13397,9898,"13/23, Ramesh Road",Gandhinagar,Assam,475931,India,Office
13398,9898,"76/94
Sengupta Marg",Proddatur,Chhattisgarh,313871,India,Office
13399,9899,"43/143
Bhargava Ganj",Kolhapur,Meghalaya,317217,India,Home
13400,9900,"05, Balan Path",Rourkela,Nagaland,410419,India,Home
13401,9901,"08
Sampath Ganj",Sambhal,Chhattisgarh,470810,India,Home
13402,9901,"H.No. 500
Mand Road",Bardhaman,Bihar,471824,India,Office
13403,9902,"231, Devi Ganj",Bijapur,Sikkim,340607,India,Office
13404,9902,"H.No. 63, Nath Marg",Bettiah,Maharashtra,588836,India,Home
13405,9903,"H.No. 20
Chokshi Zila",Gopalpur,Chhattisgarh,258771,India,Home
13406,9904,"910, Anand Nagar",Panipat,Arunachal Pradesh,528629,India,Home
13407,9905,"78, Som Marg",Hospet,Uttarakhand,394123,India,Other
13408,9906,"34/42, Khosla Marg",Karimnagar,Mizoram,085848,India,Home
13409,9907,"H.No. 17
Sridhar Ganj",Vasai-Virar,Tripura,526063,India,Home
13410,9907,"H.No. 34
Bali Nagar",Sirsa,Assam,356097,India,Home
13411,9908,"78/042, Garde Street",Thoothukudi,Gujarat,272435,India,Home
13412,9909,"34/595
Ghose",Amaravati,Chhattisgarh,964347,India,Home
13413,9909,"03/971, Kapoor Zila",Nashik,Uttarakhand,131240,India,Other
13414,9910,"726, Acharya",Ambattur,Kerala,563553,India,Home
13415,9911,"67/10, Murty Road",Vijayawada,Punjab,205225,India,Home
13416,9911,"80/51
Oommen Zila",Yamunanagar,Himachal Pradesh,449150,India,Home
13417,9912,"953
Bhatt Road",Dharmavaram,Himachal Pradesh,526152,India,Office
13418,9913,"78/344
Bhakta Ganj",Noida,Meghalaya,342717,India,Home
13419,9914,"501, Bandi",Allahabad,Haryana,125371,India,Office
13420,9914,"H.No. 23, Jain Zila",Aligarh,Tamil Nadu,621833,India,Office
13421,9915,"63/596
Chokshi Road",Tezpur,Arunachal Pradesh,298965,India,Home
13422,9916,"169, Mohanty",Munger,Mizoram,479330,India,Office
13423,9916,"H.No. 144
Ramesh Nagar",Lucknow,Uttarakhand,458787,India,Home
13424,9916,"H.No. 412, Sharaf Chowk",Aizawl,Rajasthan,671476,India,Home
13425,9917,"H.No. 056, Bhagat Marg",Bhagalpur,Bihar,294564,India,Office
13426,9918,"H.No. 545
Sethi Street",Tezpur,Andhra Pradesh,291873,India,Home
13427,9919,"87/512, Mangat Road",Karaikudi,Arunachal Pradesh,858112,India,Home
13428,9919,"58/33, Suresh Circle",Chapra,Jharkhand,723174,India,Home
13429,9920,"01, Lala Chowk",Berhampur,Manipur,780900,India,Home
13430,9921,"530, Shetty Zila",Shimla,West Bengal,848054,India,Office
13431,9922,"577
Walia Ganj",Purnia,Odisha,923637,India,Home
13432,9923,"H.No. 20
Bhavsar Chowk",Kalyan-Dombivli,Madhya Pradesh,417019,India,Home
13433,9924,"H.No. 151
Mohan Zila",Machilipatnam,Karnataka,989174,India,Office
13434,9925,"06/75, Dutta Road",Thanjavur,Tripura,771819,India,Home
13435,9926,"73/762, Gour Path",Panvel,Odisha,380881,India,Home
13436,9926,"H.No. 788, Mangal Chowk",Khora ,Goa,224741,India,Office
13437,9927,"23/12
Dara Road",Satna,Karnataka,862551,India,Home
13438,9928,"160, Krish Path",Kurnool,Himachal Pradesh,417540,India,Home
13439,9929,"H.No. 498, Narula",Madanapalle,Uttarakhand,949207,India,Home
13440,9929,"66/480
Trivedi Marg",Hyderabad,Rajasthan,633332,India,Home
13441,9930,"480, Munshi Zila",Nagpur,Bihar,198092,India,Home
13442,9931,"51/516
Kalita",Bhilai,Kerala,538447,India,Home
13443,9932,"486, Misra Path",Thrissur,Meghalaya,393568,India,Office
13444,9933,"249, Joshi Road",Allahabad,Himachal Pradesh,824523,India,Home
13445,9934,"80/64
Mistry Circle",Chandigarh,Tripura,270610,India,Home
13446,9934,"76/59, Radhakrishnan Zila",Gaya,Tamil Nadu,018533,India,Home
13447,9935,"616, Joshi Chowk",Firozabad,Assam,714830,India,Home
13448,9936,"87, Goda Chowk",Jalgaon,Madhya Pradesh,429539,India,Home
13449,9937,"H.No. 01, Nori Road",Nellore,Chhattisgarh,246148,India,Home
13450,9938,"H.No. 53, Sinha Chowk",Malegaon,Chhattisgarh,093877,India,Home
13451,9939,"H.No. 634, Bail Street",Bharatpur,Arunachal Pradesh,652479,India,Office
13452,9940,"06/63, Khosla Circle",Bhilai,Himachal Pradesh,795744,India,Home
13453,9941,"H.No. 25, Goyal Street",Bidar,Punjab,069219,India,Home
13454,9942,"132
Wason Path",Rourkela,Nagaland,624409,India,Home
13455,9942,"H.No. 89
Seshadri Marg",Satara,Rajasthan,295064,India,Home
13456,9943,"593
Iyengar Path",Bhavnagar,Meghalaya,455514,India,Office
13457,9944,"353, Anne Path",Vadodara,Jharkhand,725192,India,Office
13458,9945,"24/705
Chad Chowk",Machilipatnam,Punjab,920079,India,Home
13459,9945,"H.No. 851
Comar Zila",Eluru,Chhattisgarh,242433,India,Home
13460,9946,"H.No. 94, Sunder Chowk",Barasat,Gujarat,510520,India,Home
13461,9947,"293, Agate",Sambhal,Telangana,803912,India,Home
13462,9948,"14
Chokshi Street",Nangloi Jat,Assam,002026,India,Home
13463,9948,"41, Bir Circle",Munger,Rajasthan,138379,India,Home
13464,9949,"H.No. 42
Toor Path",Srinagar,Assam,511345,India,Home
13465,9950,"10, Srinivasan Nagar",Gopalpur,Telangana,078544,India,Home
13466,9950,"53
Padmanabhan",Guntakal,Madhya Pradesh,937825,India,Home
13467,9950,"63/158, Dutt Ganj",Dindigul,Jharkhand,642594,India,Home
13468,9951,"42
Yogi Nagar",Ongole,Manipur,742270,India,Office
13469,9952,"H.No. 91, Toor Nagar",Jabalpur,Mizoram,997831,India,Home
13470,9953,"H.No. 628, Bhatt Circle",Thane,Rajasthan,536282,India,Home
13471,9953,"80/195, Virk Chowk",Yamunanagar,Madhya Pradesh,651793,India,Home
13472,9954,"63/080, Dube Road",Khandwa,Tripura,574168,India,Home
13473,9955,"H.No. 56
Dada Street",Kozhikode,Manipur,130710,India,Home
13474,9955,"H.No. 139
Keer Road",Saharsa,Mizoram,684157,India,Office
13475,9956,"H.No. 311, Mammen Ganj",Aurangabad,Goa,098698,India,Other
13476,9957,"35/07
Murthy Circle",Bidar,Gujarat,338294,India,Home
13477,9958,"59/50, Agrawal Chowk",Nangloi Jat,Tripura,885121,India,Home
13478,9959,"H.No. 45, Borah Nagar",Bhiwandi,Uttar Pradesh,585297,India,Home
13479,9960,"14/407
Virk Zila",Panvel,Uttarakhand,232651,India,Home
13480,9961,"75/50
Deshpande Nagar",Deoghar,Meghalaya,375374,India,Home
13481,9962,"23
Pandey Street",Karaikudi,Bihar,582360,India,Home
13482,9963,"74
Shanker",Warangal,Himachal Pradesh,593510,India,Office
13483,9964,"43/43, Mangal Road",Ramagundam,Meghalaya,477558,India,Home
13484,9965,"40/162
Shenoy Road",Phagwara,Himachal Pradesh,448086,India,Home
13485,9966,"H.No. 113, Narayan Zila",Delhi,Goa,304307,India,Office
13486,9967,"58, Sama Circle",Naihati,Uttar Pradesh,834066,India,Home
13487,9967,"04/08, Dua Marg",Proddatur,Uttar Pradesh,339034,India,Home
13488,9968,"H.No. 18, Kibe Street",Avadi,Assam,969343,India,Home
13489,9969,"762, Grover Road",Chandigarh,Manipur,517754,India,Home
13490,9970,"85/57
Baral Path",Bikaner,Bihar,927689,India,Home
13491,9971,"04/69
Narasimhan Nagar",Phagwara,Tamil Nadu,343065,India,Office
13492,9972,"077, Kaur Zila",Dewas,Himachal Pradesh,236426,India,Home
13493,9972,"54/86, Menon Zila",Agra,Chhattisgarh,617401,India,Office
13494,9973,"256
Date Marg",Shimoga,Himachal Pradesh,482980,India,Home
13495,9974,"88/71
Ahluwalia Chowk",Kozhikode,Madhya Pradesh,279022,India,Home
13496,9974,"39/08
Dugal Road",Belgaum,Assam,206433,India,Office
13497,9975,"491, Dutt Road",Aurangabad,Himachal Pradesh,768160,India,Home
13498,9976,"06/47, Purohit Ganj",Vellore,Kerala,164562,India,Home
13499,9977,"05/855
Varkey Ganj",Moradabad,Punjab,261831,India,Home
13500,9978,"31/790
Venkatesh Marg",Vijayawada,West Bengal,831894,India,Home
13501,9978,"22/258, Chauhan Ganj",Arrah,Andhra Pradesh,517778,India,Home
13502,9979,"H.No. 64, Krishna Path",Malda,Nagaland,524543,India,Home
13503,9979,"98/267
Yogi Chowk",Eluru,Mizoram,823414,India,Home
13504,9980,"H.No. 571, Sachar Circle",Tirupati,Goa,876128,India,Home
13505,9981,"307
Srivastava Road",Firozabad,Kerala,920717,India,Home
13506,9981,"H.No. 71, Bhagat Marg",Dharmavaram,Gujarat,280014,India,Home
13507,9982,"H.No. 31, Oak",Rampur,Karnataka,517633,India,Home
13508,9982,"H.No. 072, Puri Zila",Bhatpara,Chhattisgarh,503604,India,Home
13509,9983,"H.No. 269
Goswami Ganj",Ranchi,Goa,608487,India,Office
13510,9984,"H.No. 84, Khatri Path",Bidhannagar,Madhya Pradesh,519600,India,Home
13511,9984,"H.No. 415
Baral Marg",Gudivada,Gujarat,213460,India,Office
13512,9985,"035
Rai Zila",Khammam,Arunachal Pradesh,419908,India,Office
13513,9986,"22
Baral Path",Gangtok,Kerala,206302,India,Other
13514,9986,"H.No. 004, Barad Road",Bally,Assam,822586,India,Office
13515,9987,"928, Bhat Nagar",Bhind,Meghalaya,733559,India,Office
13516,9988,"H.No. 79, Ravel",Durg,Karnataka,098156,India,Home
13517,9988,"80/07, Kamdar Nagar",Kottayam,Rajasthan,012328,India,Office
13518,9988,"33, Basak Circle",Jalna,Sikkim,845063,India,Home
13519,9989,"051, Tripathi Street",Cuttack,Chhattisgarh,972149,India,Home
13520,9990,"H.No. 76
Sridhar Nagar",Berhampur,Maharashtra,032900,India,Home
13521,9990,"H.No. 528, Kala Path",Jabalpur,Madhya Pradesh,359241,India,Office
13522,9991,"71
Butala Nagar",Gandhinagar,Maharashtra,630844,India,Office
13523,9992,"H.No. 185, Khurana Marg",Kamarhati,Rajasthan,053935,India,Home
13524,9993,"698
Raj",Maheshtala,Himachal Pradesh,659390,India,Home
13525,9994,"47/617, Boase Road",Darbhanga,Andhra Pradesh,216575,India,Home
13526,9994,"H.No. 521
Kalla Zila",Amaravati,Kerala,923422,India,Home
13527,9995,"98/22, Issac Path",Hapur,Manipur,033942,India,Home
13528,9996,"86/16, Hayer Zila",Vasai-Virar,Manipur,286782,India,Office
13529,9997,"H.No. 699, Pingle Path",Bhilai,Karnataka,206451,India,Home
13530,9997,"019, Dubey Marg",Kanpur,Karnataka,290356,India,Home
13531,9997,"H.No. 26, Shanker Street",Serampore,Chhattisgarh,270365,India,Office
13532,9998,"19/32
Varghese Circle",Phagwara,Assam,903354,India,Home
13533,9999,"406
Deshmukh",Ranchi,Maharashtra,075918,India,Office
13534,10000,"H.No. 357
Tailor",Parbhani,Madhya Pradesh,927799,India,Office
13535,10000,"19/60, Comar Zila",Ludhiana,Assam,931222,India,Office
