customer_id,first_name,last_name,email,phone,join_date,is_active
1,Isaac,Bakshi,yash32@example.net,9181960013,2023-07-17,True
2,Yashasvi,Bala,onikannan@example.com,9940265423,2024-06-04,True
3,Harsh,Chanda,wchatterjee@example.com,9940781618,2024-01-21,False
4,Janaki,Handa,bathvedant@example.com,9131647525,2024-08-01,True
5,Shaurya,Loke,gargyash@example.org,9764835030,2024-03-31,True
6,Nandini,Loyal,kakardivya@example.org,9767242388,2023-10-19,True
7,Priya,Rastogi,theodore28@example.com,9101226916,2024-10-22,True
8,Upadhriti,Wadhwa,advay18@example.com,9514627048,2023-01-31,True
9,Yashica,Cherian,yashica93@example.org,9528809570,2022-07-07,False
10,Janani,Mohanty,dalbirkhosla@example.net,9117182278,2022-12-20,True
11,Alka,Wable,ikakar@example.net,9346578713,2023-06-23,True
12,Devansh,Nigam,karpethomas@example.org,9103105183,2023-12-07,True
13,Vedika,Kala,urvashikibe@example.com,9631165667,2022-01-09,True
14,Guneet,Bhat,znori@example.org,9333872624,2025-07-01,True
15,Zaid,Borra,dchaudhari@example.net,9801326773,2024-12-21,True
16,Daniel,Gala,yagate@example.com,9746872343,2022-01-22,True
17,Darsh,Murthy,bedivansha@example.net,9820812191,2023-07-25,False
18,Netra,Dar,balveerbumb@example.com,9998543534,2024-12-05,True
19,Karan,Mital,wmutti@example.org,9079911838,2023-10-26,False
20,Kevin,Palla,kondakala@example.com,9278498084,2022-06-11,False
21,Krish,Lalla,chhabranachiket@example.com,9493534874,2021-12-29,True
22,George,Sampath,chaitanya05@example.org,9427868011,2022-10-31,True
23,Balendra,Pingle,qushidatta@example.org,9450533158,2025-01-07,False
24,Mohammed,Khalsa,petersachar@example.org,9256342160,2025-07-26,False
25,Tristan,Iyengar,tpalla@example.org,9303654145,2025-11-23,False
26,Mugdha,Yadav,ayaan14@example.org,9940196556,2025-11-29,True
27,Jack,Rajan,aachalbasu@example.net,9608835615,2024-03-26,True
28,Jeet,Mital,nilima56@example.net,9482366299,2024-02-15,False
29,Nidra,Acharya,bhavini36@example.net,9957773872,2022-04-14,True
30,Bhanumati,Varma,girik34@example.org,9320037917,2025-02-01,True
31,Robert,Rajagopalan,pratta@example.org,9016328708,2023-09-07,False
32,Jairaj,Shan,ucchalwali@example.net,9957986872,2025-08-07,True
33,Shivani,Lad,aradhanaverma@example.com,9347143455,2026-02-27,False
34,Faris,Devi,vihaanrajagopal@example.net,9231665876,2022-02-03,False
35,Samuel,Salvi,wbahri@example.net,9670546688,2023-06-10,False
36,Vinaya,Kanda,rajata70@example.com,9562729806,2026-05-13,True
37,Avi,Chacko,ddeshmukh@example.org,9046537556,2023-12-06,False
38,Oviya,Krishnan,singhalanirudh@example.net,9805310033,2021-09-26,True
39,Michael,Khare,urvashicontractor@example.net,9374529912,2024-03-17,False
40,Hritik,Bal,keya63@example.org,9931491905,2026-02-04,True
41,Priya,Prabhakar,toorharita@example.org,9671657262,2026-01-01,False
42,Anamika,Yohannan,bshroff@example.net,9945314737,2026-05-30,False
43,Ladli,Nayar,talwarekta@example.org,9735454948,2021-08-25,True
44,Zansi,Halder,khurananiharika@example.com,9837770143,2025-01-01,True
45,Yagnesh,Mohan,urvashi88@example.com,9685574443,2022-08-03,True
46,Reyansh,Mutti,wasonqasim@example.org,9374989413,2024-01-31,True
47,Utkarsh,Patel,chasmumatwal@example.net,9824008427,2022-06-08,False
48,Advik,Mane,csrinivas@example.com,9204711671,2026-06-21,True
49,Chatresh,Doshi,dakshachada@example.org,9186999386,2025-05-24,True
50,Saanvi,Mishra,kmody@example.net,9091334123,2023-01-16,True
51,Falan,Dugar,regeshravya@example.net,9974034471,2023-07-20,False
52,Aishani,Hora,icontractor@example.org,9242102499,2024-01-07,False
53,Reva,Dash,smodi@example.com,9488771906,2024-04-21,False
54,Zashil,Bal,karnikansh@example.net,9490278742,2026-07-17,False
55,Rajata,Swamy,singhalijaya@example.com,9551256746,2026-03-30,True
56,Balhaar,Sha,murtyzayyan@example.com,9168087603,2025-12-21,False
57,Janaki,Tara,nbehl@example.com,9824771093,2022-11-29,False
58,Deepa,Atwal,ochander@example.org,9712748467,2025-07-31,True
59,Yagnesh,Shan,leelahalder@example.net,9821465840,2023-12-20,False
60,Chanchal,Suri,sanyayohannan@example.com,9558867533,2026-06-05,True
61,Leela,Kaur,ubassi@example.net,9766270289,2024-05-21,True
62,Harish,Sarraf,voratanmayi@example.org,9262174596,2022-03-31,True
63,Falguni,Walla,onadig@example.net,9780913431,2025-04-03,True
64,Guneet,Chaudhry,sganesan@example.com,9005045562,2023-08-22,False
65,Nisha,Gole,parthbrar@example.net,9693792374,2025-06-21,False
66,Aadhya,Andra,rmani@example.net,9217594647,2024-02-18,False
67,Rushil,Rajagopalan,pchhabra@example.com,9959440640,2026-05-18,True
68,Chandran,Taneja,victor95@example.org,9394210470,2026-06-29,False
69,Janya,Deep,merchanteta@example.net,9623285884,2022-12-18,True
70,Aarini,Subramaniam,hamsini17@example.org,9236851604,2026-02-16,True
71,Jatin,Sha,adweta96@example.net,9513709859,2023-06-12,True
72,Dev,Shetty,nilima12@example.org,9047113826,2025-06-03,False
73,Kamala,Zachariah,adubey@example.net,9179640537,2025-05-06,False
74,Warinder,Patil,pillaijagrati@example.org,9643171390,2021-12-29,False
75,Gauri,Kohli,sameshbiswas@example.net,9393352904,2022-10-17,True
76,Kalpit,Zachariah,owen10@example.org,9053950240,2022-08-22,True
77,Oviya,Vora,bhattvamakshi@example.com,9589178390,2025-12-31,False
78,Charvi,Shanker,bhatvarenya@example.com,9617711592,2022-02-14,True
79,Jonathan,Maharaj,lakshmi98@example.com,9789611836,2025-05-27,False
80,Vedant,Sachdev,sudiksha66@example.net,9156545271,2022-05-04,False
81,Frederick,Chander,vchar@example.net,9528098851,2025-01-21,False
82,Irya,Sampath,manidevika@example.com,9198327315,2026-04-18,True
83,Jhalak,Contractor,upkaar68@example.net,9980940244,2024-06-14,False
84,Indali,Ahuja,lukerattan@example.org,9201836675,2022-11-26,True
85,Kala,Muni,frado02@example.org,9901476797,2025-01-31,True
86,Anjali,Kale,paiqushi@example.org,9497840369,2022-01-11,False
87,Abhimanyu,Jayaraman,siddharth24@example.com,9510762268,2023-07-09,False
88,Xiti,Pandya,ranganathanbrijesh@example.com,9071596966,2024-01-10,False
89,Ishwar,Ravel,naironveer@example.net,9751613696,2026-01-07,False
90,Farhan,Randhawa,harinakshi35@example.org,9181883552,2023-07-29,True
91,Harshil,Dhingra,rudra29@example.org,9127799799,2024-04-24,True
92,Diya,Dora,ebir@example.com,9449058147,2025-05-29,False
93,Baljiwan,Bhandari,bhavini11@example.net,9986798079,2023-03-01,True
94,Ekanta,Soni,davidseshadri@example.org,9518203778,2026-01-04,True
95,Nathan,Patla,barkha66@example.com,9905151864,2023-09-15,True
96,Mason,Nath,dhaliwalinaya@example.com,9629148652,2026-01-15,True
97,Girik,Sampath,andrew54@example.org,9357332214,2022-06-04,True
98,Yashica,Zacharia,nayarkaran@example.net,9622292706,2024-08-29,False
99,Wazir,Sawhney,saumya38@example.org,9473597746,2025-11-03,True
100,Omya,Edwin,lakshitkrishna@example.org,9758181412,2023-11-19,False
101,Shivani,Varghese,rajeshrichand@example.org,9750606853,2024-11-05,False
102,Finn,Prasad,ayaannagar@example.org,9522047277,2021-08-10,False
103,Fariq,Bahl,tanveer28@example.net,9986143410,2023-08-04,False
104,Oni,Shankar,choudhryxalak@example.net,9808932460,2024-07-25,True
105,Wridesh,Saha,frederickviswanathan@example.com,9188888067,2021-12-07,True
106,Lila,Prakash,amol51@example.com,9319520585,2023-01-19,False
107,Ucchal,Srinivas,krishnabhatnagar@example.net,9704303054,2025-12-12,False
108,Mitali,Solanki,balhaar34@example.com,9054156676,2024-06-12,True
109,Rachit,Taneja,zpillai@example.net,9416169284,2024-04-17,False
110,Harshil,Buch,chakrika47@example.net,9627570596,2023-11-25,False
111,Dakshesh,Borde,gpatla@example.net,9202970213,2024-09-05,True
112,Janaki,Rajagopal,dubeshivani@example.com,9571928565,2023-12-07,False
113,Zaid,Comar,grewalxalak@example.net,9681447394,2025-09-28,True
114,Ryan,Das,ethanseth@example.org,9715518844,2022-11-26,False
115,Owen,Pathak,jairajiyer@example.org,9370589578,2022-09-01,True
116,Gabriel,Bhatti,mitali78@example.com,9691251778,2024-06-29,True
117,Kabir,Gopal,rachitathakkar@example.org,9182422535,2025-12-23,False
118,Bhanumati,Brar,ronith84@example.org,9498182992,2023-01-07,True
119,Geetika,Barman,bumbchakradev@example.net,9943969078,2024-01-10,True
120,Chasmum,Subramanian,nidramishra@example.com,9102767735,2022-10-14,False
121,Dhriti,Nagar,mohini25@example.net,9815371473,2022-10-05,True
122,Gunbir,Bedi,leena96@example.org,9259532787,2025-10-21,True
123,Darika,Tank,chanamaya@example.net,9733950047,2025-07-26,False
124,Bhavika,Yadav,chokshiraagini@example.org,9456506098,2023-03-21,False
125,Janani,Mani,rajuyamini@example.com,9849912165,2024-06-12,True
126,Jasmit,Dhawan,yashodhararatti@example.net,9000257872,2025-12-12,True
127,Logan,Narang,nicholas69@example.net,9495888794,2025-08-08,False
128,Anay,Pillay,imaran69@example.com,9097499309,2025-08-25,False
129,Onkar,Viswanathan,rdivan@example.org,9091307562,2025-01-28,True
130,Samar,Roy,tbhatia@example.org,9838578652,2025-06-22,True
131,Hema,Pandya,veda33@example.com,9843443757,2024-07-12,True
132,Anusha,Mani,raghavanmegha@example.com,9240415747,2023-05-20,True
133,Saksham,Yohannan,anita21@example.net,9933083301,2025-01-29,True
134,Ganga,Sodhi,devanabdul@example.net,9267734540,2022-04-28,False
135,Vincent,Warrior,gillomisha@example.org,9067240049,2022-06-23,True
136,Gautami,Mane,fviswanathan@example.org,9874315274,2023-02-23,True
137,Akshay,Nazareth,reyansh29@example.net,9668516122,2025-08-16,True
138,Ekiya,Kothari,lalleela@example.org,9745499045,2023-07-29,False
139,David,Dani,kmohanty@example.com,9841459332,2025-08-18,True
140,Michael,Sha,ojasvi87@example.net,9339187851,2026-05-12,False
141,Isaac,Bhatia,masongala@example.com,9871397187,2022-01-13,False
142,Sudiksha,Deo,kshan@example.org,9874064039,2022-03-08,True
143,Chakradev,Sampath,devansh80@example.org,9704622656,2025-05-18,True
144,Krishna,Prashad,zachariakiaan@example.net,9512868230,2021-10-03,False
145,Chanchal,Sheth,ywali@example.org,9375243106,2021-09-11,False
146,Wridesh,Jhaveri,chaudhuribahadurjit@example.com,9903067383,2022-01-16,False
147,Logan,Thakur,vivaan95@example.net,9953428364,2023-11-26,False
148,Darsh,Gill,dtandon@example.com,9685662462,2026-02-20,False
149,Urvashi,Khosla,charitadhawan@example.com,9086688263,2023-09-25,True
150,Samar,Narayanan,senguptakamala@example.org,9830469901,2023-03-01,True
151,Teerth,Srinivas,gaurangimitter@example.org,9331739363,2026-04-05,True
152,Ekanta,Mandal,ishukla@example.net,9544587717,2024-04-14,True
153,Samar,Prabhakar,odika09@example.org,9204899642,2023-03-26,False
154,Forum,Karpe,fkorpal@example.net,9547772522,2026-03-19,True
155,Vrinda,Gour,viswanathanbahadurjit@example.org,9006231203,2025-11-12,True
156,Tamanna,Prakash,subramanianvinaya@example.org,9088600848,2024-01-01,True
157,Anay,Thakkar,ggola@example.org,9823398454,2024-12-09,True
158,Farhan,Prakash,ksharaf@example.org,9341016668,2025-08-11,True
159,Daksh,Andra,fitantata@example.com,9591803397,2023-11-14,True
160,Chakradhar,Borde,bachittar25@example.org,9392614293,2026-05-20,True
161,Lopa,Zachariah,leena21@example.net,9501631599,2024-12-08,True
162,Eta,Balan,shravya73@example.com,9866296194,2023-08-29,True
163,Ethan,Butala,mitesh62@example.net,9655110475,2023-11-10,False
164,Harsh,Deo,groverraagini@example.com,9888610158,2022-05-10,True
165,Ekta,Rajan,manneodika@example.com,9183982622,2023-11-07,True
166,Charvi,Loyal,edhingra@example.org,9646471543,2025-10-12,False
167,Rohan,Shankar,deshmukhdaksha@example.org,9659657569,2022-09-20,False
168,Charita,Nagi,varenyamurthy@example.org,9654793564,2024-11-26,True
169,Janya,Comar,pranitbala@example.net,9737416724,2023-08-15,True
170,Zayyan,Dube,epurohit@example.com,9979688680,2024-08-15,False
171,Frederick,Chopra,ishaganesan@example.net,9909656101,2023-10-06,True
172,Tristan,Uppal,sanayaprasad@example.com,9798250714,2025-02-06,False
173,Frederick,D’Alia,ijayamuni@example.com,9738757177,2024-04-10,False
174,Ekalinga,Mital,contractorarin@example.com,9123828258,2025-03-10,True
175,Turvi,Kata,lgour@example.net,9660937966,2021-08-07,True
176,Tanish,Jha,dev91@example.net,9255371478,2024-03-24,True
177,Lipika,Ramanathan,pallindira@example.com,9924991251,2023-08-05,False
178,Dalaja,Dada,kashvidhaliwal@example.net,9669296627,2026-02-18,False
179,Oscar,Ganesan,imani@example.org,9579050723,2024-10-29,False
180,Yashasvi,Talwar,aswamy@example.net,9772190340,2023-11-25,False
181,Umang,Yogi,om79@example.net,9788191485,2026-03-05,False
182,Benjamin,Sastry,pavanichaudry@example.net,9340745171,2023-07-31,True
183,Shaurya,Panchal,ngandhi@example.org,9330958498,2022-12-30,True
184,Ekiya,Master,amara81@example.org,9604223253,2024-11-26,True
185,Vrishti,Dhar,oeshi67@example.org,9168457759,2021-08-01,False
186,Girik,Shanker,dev86@example.org,9637454589,2022-09-03,False
187,Vedhika,Oza,batrahardik@example.net,9701277063,2022-09-07,True
188,Chasmum,Dutt,girik54@example.org,9520643611,2021-07-28,True
189,Tanay,Sood,deoupkaar@example.net,9700516271,2023-07-06,True
190,Leela,Chakraborty,chauhandhriti@example.com,9426221890,2022-12-16,True
191,Ria,Panchal,maxsabharwal@example.net,9731121965,2025-03-20,False
192,Divya,Dey,aradhanachad@example.org,9899940438,2025-11-24,True
193,Ranbir,Ramanathan,chatura37@example.com,9137918055,2022-09-08,False
194,Lila,Salvi,orinder71@example.org,9910430068,2024-01-01,True
195,Yachana,Sagar,fratti@example.net,9889241418,2023-04-17,False
196,Nachiket,Yadav,mahika91@example.com,9630316179,2022-01-11,False
197,Dayamai,Gill,aroralaksh@example.net,9027588425,2022-08-23,True
198,Amruta,Dalal,nayakpushti@example.com,9814917785,2022-01-13,True
199,Xalak,Ganesan,nakul41@example.net,9138000307,2024-08-28,False
200,Leela,Doctor,balendrasaini@example.org,9536541951,2025-10-31,True
201,Charles,Gola,zaitrabatra@example.com,9174451870,2024-09-13,True
202,Sai,Manne,xavier75@example.net,9738320603,2026-03-03,True
203,Hiral,Andra,aarav64@example.org,9383670241,2021-12-08,True
204,Vincent,Venkatesh,dpradhan@example.net,9191826199,2022-02-03,True
205,Radhika,De,bishakhalal@example.com,9655743132,2026-07-15,True
206,Ikbal,Dugal,galashivani@example.com,9561853747,2023-10-26,False
207,Jagdish,Chana,dakshabaria@example.org,9521356804,2023-10-11,False
208,Owen,Balasubramanian,jsethi@example.net,9831712100,2023-06-15,False
209,Kalpit,Hora,rpradhan@example.net,9199410137,2022-08-29,True
210,George,Narula,basaktriya@example.org,9296670662,2024-07-28,False
211,Tanish,Grover,ati72@example.org,9999347687,2022-01-30,True
212,Gagan,Mammen,adevan@example.org,9838065787,2024-06-27,True
213,Yadavi,Nagy,lmadan@example.org,9593040785,2026-07-13,False
214,Viraj,Dutta,kotawridesh@example.com,9803965223,2024-04-08,True
215,Jagrati,Bala,lucky93@example.com,9842701039,2023-06-04,False
216,Anmol,Vyas,vacharya@example.net,9325250029,2022-10-08,False
217,Indrajit,Vora,elijah56@example.net,9154522675,2023-01-17,False
218,Ishanvi,Kapoor,kritikamohanty@example.net,9422096902,2024-04-08,False
219,Timothy,Chawla,vdhaliwal@example.net,9135521570,2023-10-26,False
220,Shaurya,Krish,pallaaahana@example.org,9006762676,2024-07-20,False
221,Keya,Chaudhuri,kkar@example.com,9104054115,2023-01-04,True
222,Keya,Dyal,chanderhamsini@example.net,9970629620,2022-06-04,True
223,Garima,Jha,nimratzachariah@example.com,9443106987,2022-11-14,False
224,Chatura,Patel,sanegagan@example.com,9973103241,2025-08-04,True
225,Jack,Morar,fsinha@example.net,9418625652,2025-05-09,True
226,Chaitanya,Lall,qshroff@example.org,9490211586,2023-07-01,True
227,Darsh,Ram,rwason@example.com,9937416089,2025-12-16,False
228,Manan,Dara,kghose@example.org,9320616329,2023-10-04,True
229,Ekaja,Bhavsar,ramamekhala@example.net,9548709986,2022-07-09,True
230,Oeshi,Doctor,harishcherian@example.net,9148564679,2025-08-02,False
231,Baljiwan,Gera,neha29@example.net,9606530745,2021-09-25,True
232,Geetika,Mitter,avni71@example.org,9247546913,2025-04-27,True
233,Siddharth,Ray,xvarty@example.org,9821486289,2021-10-22,True
234,Oscar,Hans,dalbirkrish@example.org,9705345786,2022-08-13,True
235,Azaan,Khurana,vrinda97@example.org,9798552414,2021-10-18,True
236,Libni,Bawa,tanishkant@example.net,9334680072,2023-01-14,True
237,Abhiram,Kapur,dalaja46@example.com,9574374896,2026-07-14,True
238,Harsh,Amble,barkha41@example.com,9154544432,2025-12-18,False
239,Wridesh,Bhandari,rnagarajan@example.org,9074466609,2026-06-06,True
240,Ranveer,Oza,vamakshiparmer@example.net,9428241724,2026-04-26,True
241,Qadim,Nayak,kapadiaisha@example.org,9465549471,2025-07-25,True
242,Chatresh,Bobal,ghayer@example.org,9684602235,2025-01-16,True
243,Tanvi,Dhar,pranit17@example.com,9250074329,2022-11-29,False
244,Vrishti,Chakrabarti,radhasanghvi@example.com,9676008350,2024-04-21,False
245,Rayaan,Badami,kothariupkaar@example.net,9542168942,2022-02-12,False
246,Chakradev,Misra,tamanna89@example.net,9562575326,2021-09-22,True
247,Vedant,Kapur,siddharthbains@example.net,9821506489,2021-12-22,False
248,Chanakya,Chokshi,bavajack@example.com,9761847230,2024-02-15,True
249,Osha,Chaudhuri,laksh61@example.net,9914117393,2023-10-20,False
250,Saksham,Parmar,kmerchant@example.org,9873753001,2022-07-03,False
251,Wakeeta,Dixit,vaidyafalan@example.net,9143744701,2023-01-18,True
252,Balveer,Mannan,dhriti61@example.org,9002255794,2022-05-09,False
253,Kashish,Oommen,ishaanrattan@example.com,9746762120,2022-12-02,False
254,Hemang,Saha,lsarma@example.net,9659027716,2025-04-24,False
255,Chakradhar,Bhatnagar,dipta08@example.net,9993588916,2023-09-05,True
256,Vasatika,Pal,jdixit@example.net,9002877217,2024-04-16,True
257,Wridesh,Narayanan,chandresh83@example.net,9663177971,2025-10-20,False
258,Sanya,Mutti,tankandrew@example.org,9660880199,2024-02-26,True
259,Yashoda,Jhaveri,xom@example.org,9375899757,2022-07-14,True
260,Gunbir,Kapadia,omisha@example.net,9488510272,2025-01-16,True
261,Hredhaan,Kumar,raghavdara@example.com,9373516091,2025-05-24,False
262,Tanvi,Thaman,wishiagrawal@example.net,9086978292,2022-08-27,True
263,Hemang,Ram,yamini66@example.net,9346547226,2025-12-02,False
264,Chandani,Murthy,saikadakia@example.net,9452288515,2026-05-06,True
265,Varsha,Sahni,pahal08@example.org,9062003424,2023-09-11,True
266,Madhav,Bhatia,samar80@example.com,9719838638,2024-01-04,False
267,Champak,Raj,ysaha@example.net,9580043973,2024-09-09,False
268,Ronith,Hari,saumya21@example.org,9281606484,2022-09-02,True
269,Naveen,Kumer,narayananunnati@example.net,9202590947,2026-06-08,False
270,Ishita,Bora,thomas28@example.org,9826886153,2023-05-18,False
271,Garima,Narula,chaaya39@example.net,9780157399,2023-08-21,True
272,Balveer,Nagi,ycomar@example.com,9840858877,2021-12-08,False
273,Chaman,Hans,yoshita11@example.org,9880133613,2026-02-19,True
274,Radhika,Bora,arjunsharaf@example.net,9501102481,2026-06-15,True
275,Vedant,Kuruvilla,crama@example.net,9665061809,2022-02-06,False
276,Chakradev,Bora,yadavi14@example.net,9491476607,2022-11-22,True
277,Thomas,Deshpande,omerchant@example.org,9450882100,2026-06-08,True
278,Meera,Yogi,modyshivansh@example.net,9536822239,2023-09-18,True
279,Rishi,Contractor,chaturashenoy@example.net,9814141397,2024-05-17,False
280,Ishanvi,Dave,harishmane@example.net,9135775949,2022-11-10,False
281,Janya,Mutti,aganguly@example.com,9336452577,2025-05-08,True
282,Jagrati,Mody,lchopra@example.net,9914283411,2021-09-20,False
283,Yashica,Balasubramanian,ckala@example.net,9488725639,2024-01-15,True
284,Krish,Shetty,ranganathanjanuja@example.net,9039282722,2026-05-19,False
285,Madhav,Sule,banjeet37@example.org,9145303856,2025-07-23,False
286,Suhani,Batra,naikharshil@example.net,9844989266,2024-09-01,False
287,Faras,Varughese,krisha38@example.com,9557790827,2022-12-21,True
288,Victor,Bose,siddharth22@example.org,9591365177,2025-08-21,True
289,Shivansh,Edwin,pbains@example.org,9299228092,2022-01-14,False
290,Ojas,Kuruvilla,zansiravi@example.net,9904137977,2023-01-05,False
291,Theodore,Roy,qabilvaidya@example.com,9257991366,2022-09-08,True
292,Ikbal,Babu,yaminisaini@example.org,9912799088,2022-07-25,True
293,Girik,Subramaniam,aaravsankar@example.net,9650863765,2026-06-18,False
294,Guneet,Sandal,aachalsood@example.org,9149864300,2026-06-24,True
295,Jacob,Venkatesh,prashadsamesh@example.net,9565126944,2026-02-14,False
296,Pallavi,Pau,mekhala36@example.net,9872588744,2026-06-23,True
297,Hemangini,Rao,jagatkarpe@example.com,9213865890,2022-12-06,False
298,Lopa,Ahluwalia,dhillonurishilla@example.net,9611435190,2024-10-31,False
299,Nandini,Verma,dakshesh27@example.com,9038430988,2023-07-14,True
300,Omkaar,Banik,william02@example.org,9465669380,2022-02-23,True
301,Gautam,Mane,idika43@example.net,9376904268,2022-06-20,True
302,Elijah,Thakur,harini18@example.com,9894769735,2025-06-19,True
303,Triveni,Bala,qdada@example.org,9633565880,2023-10-21,True
304,Yuvraj,Mani,rastogihema@example.org,9827553942,2023-03-07,False
305,Wishi,Iyengar,wyattlanka@example.org,9333952111,2025-10-02,True
306,Abeer,Basak,nprabhu@example.com,9794728463,2026-06-20,False
307,Kabir,Bhagat,isridhar@example.org,9856271875,2021-08-20,True
308,Advik,Kade,uchaudhuri@example.com,9942843479,2024-06-24,True
309,Jasmit,Gour,nsamra@example.com,9556472929,2023-07-05,False
310,Harish,Madan,rachanaraj@example.org,9227026728,2026-02-08,False
311,Diya,Sur,zashil89@example.org,9612034717,2024-05-29,True
312,Abha,Patel,aarini50@example.com,9159399824,2024-08-01,False
313,Ekta,Uppal,fsekhon@example.com,9947225699,2025-01-02,True
314,Ekbal,Buch,hemalkari@example.com,9544964759,2025-12-29,True
315,Shravya,Sachdev,qarinbajaj@example.org,9341326111,2025-08-03,True
316,Chatura,Bal,wviswanathan@example.org,9149216433,2023-12-24,False
317,Saanvi,Date,onkarbalakrishnan@example.org,9557784872,2026-02-24,False
318,Peter,Shan,oviswanathan@example.net,9845783174,2024-09-03,True
319,Nitara,Lad,chavvianne@example.org,9825478077,2024-02-10,True
320,Aditya,Sani,vihaan08@example.com,9368663266,2023-06-10,True
321,Adya,Buch,hkhatri@example.net,9448463122,2024-01-10,True
322,Indrajit,Shah,smagar@example.net,9735020802,2022-06-07,False
323,Baghyawati,Luthra,rakshaanand@example.org,9120735647,2024-09-20,True
324,Ubika,Balay,faris20@example.com,9618723460,2022-08-07,True
325,Yuvraj,Rajan,vkota@example.org,9371837645,2022-11-29,False
326,Brijesh,Verma,kulkarnivasana@example.net,9435031365,2021-09-09,False
327,Oliver,Majumdar,randhawaxavier@example.org,9097925132,2025-10-25,True
328,Gavin,Nigam,bhasinishani@example.net,9281273585,2025-04-18,False
329,Reyansh,Bail,uparmar@example.org,9407784873,2026-05-20,True
330,Rachit,Pall,upadhriti49@example.net,9218274485,2025-06-04,True
331,Aadi,Toor,bgoyal@example.net,9593518638,2025-10-17,False
332,Mitesh,Mandal,nimrat51@example.org,9810220317,2023-03-12,True
333,Hardik,Balay,hsuri@example.net,9940539103,2025-09-28,False
334,Fariq,Sidhu,patelojasvi@example.com,9094801413,2025-12-24,True
335,Gunbir,Chaudhuri,lekhagupta@example.org,9839288619,2024-08-10,True
336,Tara,Sane,ganesanpranit@example.net,9685289755,2026-03-30,False
337,Ekta,Prabhu,usani@example.com,9939836845,2025-05-30,False
338,Sara,Ranganathan,banerjeebhavani@example.net,9082404335,2021-09-30,False
339,Anya,Vaidya,girindrabarad@example.com,9522459334,2024-02-13,True
340,George,Ratta,farasnair@example.com,9279194096,2022-03-25,True
341,Daksh,Natt,radha61@example.org,9906048058,2026-05-15,True
342,Mason,Narain,michaelbedi@example.net,9679981364,2024-12-01,True
343,Manbir,Deo,fitan79@example.net,9086416862,2022-09-17,False
344,Vasana,Hora,prana@example.net,9389833146,2024-04-24,False
345,Gaurav,Chowdhury,xsampath@example.com,9355904259,2025-04-28,False
346,Madhav,Sastry,kaurryan@example.net,9521103924,2021-09-05,True
347,Hemal,Choudhry,shivani70@example.com,9383388487,2022-10-07,False
348,Andrew,Puri,kumeronkar@example.org,9439407016,2023-11-14,False
349,Jagvi,Chokshi,masterlibni@example.org,9681579812,2023-04-03,False
350,Xiti,Shankar,baralyug@example.net,9457620555,2024-02-19,False
351,Warinder,Thaker,david46@example.org,9843256216,2025-12-28,True
352,Utkarsh,Sahni,michaelsandhu@example.com,9957823298,2023-04-14,True
353,Lakshit,More,qushidhillon@example.net,9925188125,2022-10-20,False
354,Ayushman,Nagar,tsabharwal@example.com,9423122099,2023-11-01,True
355,Vihaan,Kata,atharvparmer@example.org,9728975267,2025-08-05,False
356,Laksh,Gade,upkaarbali@example.com,9046333127,2025-09-24,True
357,Ekta,Shankar,prisharavel@example.org,9965699988,2021-11-21,True
358,Ikbal,Seth,pbasak@example.net,9860868034,2025-04-20,False
359,Mitali,Modi,triya26@example.com,9908277181,2023-02-03,False
360,Krishna,Ramaswamy,cnaik@example.org,9279371452,2022-08-12,False
361,Gavin,Comar,fpatil@example.net,9689268602,2024-05-31,False
362,Mason,Gaba,praneelbehl@example.com,9447421230,2023-09-19,True
363,Advik,Shanker,itara@example.org,9973397767,2022-03-28,False
364,Abeer,Konda,sarthak02@example.org,9050209945,2022-04-23,True
365,Chandran,Chopra,kgokhale@example.net,9499982795,2021-11-13,False
366,Girik,Mistry,jyoti61@example.com,9814721458,2025-01-30,True
367,Shaurya,Kadakia,chopragagan@example.com,9946954899,2024-07-28,False
368,Kai,Taneja,ztailor@example.org,9934301071,2023-04-30,True
369,Oeshi,Sachdev,nathinaya@example.net,9303441448,2026-03-29,True
370,Ekiya,Ahuja,nathharita@example.com,9990235577,2021-11-12,False
371,Laban,Subramaniam,triveniyadav@example.com,9760849588,2021-09-21,False
372,Sathvik,Narula,dominic24@example.org,9568299629,2022-07-23,True
373,Darika,Murty,magarodika@example.org,9735743842,2022-07-08,False
374,Kavya,Barad,georgesawhney@example.net,9078235784,2024-05-07,False
375,Luke,Chaudhari,sameshbansal@example.com,9681040915,2025-07-14,True
376,Chakradhar,Chauhan,arin94@example.net,9353344857,2022-07-25,False
377,Anjali,Dixit,anushacontractor@example.org,9988138585,2023-11-14,False
378,Lohit,Mander,onveerbobal@example.com,9958702070,2022-06-19,False
379,Leela,Bhagat,sandhumanya@example.org,9997954538,2022-03-26,False
380,Udyati,Deep,sidhugunbir@example.com,9477332945,2024-11-24,False
381,Qadim,Narayanan,sudiksha70@example.org,9715772459,2026-06-14,False
382,Joshua,Trivedi,ravihredhaan@example.com,9814876963,2023-08-21,True
383,Nathan,Subramaniam,vbhatti@example.org,9966958321,2026-06-12,True
384,Vidhi,Contractor,jnanda@example.org,9724619196,2024-05-07,False
385,Warda,Bhat,kallaliam@example.net,9022784699,2025-05-14,False
386,Rohan,Jha,chandani94@example.com,9519098624,2022-02-03,True
387,Kala,Bera,parmerimaran@example.com,9036965666,2025-04-07,False
388,Siddharth,Ghose,mdewan@example.net,9656242201,2021-09-11,False
389,Maanas,Sur,fdeshpande@example.org,9679692786,2026-04-05,True
390,Shivani,Rajagopalan,upkaar26@example.net,9097384689,2024-09-07,False
391,Bahadurjit,Barad,hpillay@example.net,9712847818,2022-04-25,False
392,Yatan,Sodhi,zachariadevika@example.net,9058077879,2024-05-19,True
393,Oviya,Pandit,bimala20@example.net,9949407929,2022-01-01,False
394,Bishakha,Bala,vedhika12@example.net,9144294440,2022-07-06,False
395,Owen,Dora,zpingle@example.org,9437280512,2022-11-15,False
396,Warhi,Sachar,qkhanna@example.com,9239504102,2025-07-05,False
397,Mohini,Soni,vamakshi83@example.com,9674286047,2024-10-23,False
398,Diya,Wagle,chatterjeeirya@example.com,9945441496,2025-06-26,True
399,Wyatt,Hayer,pranit58@example.org,9010618175,2023-06-06,False
400,Bhanumati,Krishnamurthy,bahadurjitbajwa@example.net,9109391119,2022-09-01,True
401,Keya,Goyal,gourzehaan@example.com,9717465421,2023-12-03,True
402,David,Raja,dnatarajan@example.com,9427173962,2025-09-30,False
403,Ikbal,Dhawan,nkamdar@example.net,9174101194,2025-05-10,False
404,Anirudh,Tank,aadibarad@example.net,9642569087,2025-08-18,True
405,Rajata,Raval,zachariahupkaar@example.org,9671985546,2022-01-12,True
406,Gautam,Pau,faris74@example.net,9328063461,2024-08-14,False
407,Vidhi,Chad,igupta@example.org,9309376184,2025-10-24,True
408,Shivani,Babu,noridaksh@example.com,9061387829,2023-07-18,True
409,Ekbal,Bansal,vrindabahl@example.com,9903202041,2025-06-11,True
410,Onkar,Bhatt,comarwidisha@example.net,9931365651,2026-06-18,True
411,Laksh,Nagy,chakradevghose@example.com,9114262582,2025-04-17,True
412,Yagnesh,Baria,harishpuri@example.org,9071002194,2025-02-07,True
413,Vamakshi,Date,lukemadan@example.net,9763290927,2022-04-24,False
414,Charvi,Pall,jagrawal@example.org,9318195883,2025-07-06,True
415,Sathvik,Malhotra,hariisaiah@example.org,9772200543,2025-04-05,False
416,Zayan,Natt,gbassi@example.net,9082207811,2023-07-26,False
417,Sai,Nanda,vissac@example.net,9531531363,2024-10-03,True
418,Thomas,Borah,dsundaram@example.com,9239726527,2023-03-20,False
419,Jagrati,Madan,gautamidatta@example.org,9904217762,2024-06-26,False
420,Thomas,Merchant,onkarkarpe@example.org,9687397740,2025-03-16,False
421,Yatin,Kota,radha93@example.net,9290600780,2025-03-08,True
422,Meera,Srinivas,sethiwarhi@example.org,9180632543,2022-05-02,True
423,Amol,Srinivasan,neel79@example.net,9907726257,2021-07-29,True
424,Ekavir,Rajan,bachittar46@example.com,9989319508,2024-08-28,True
425,Charan,Choudhry,dpau@example.net,9055281832,2024-05-30,False
426,William,Zacharia,sridharshaurya@example.net,9355486401,2024-09-25,True
427,Hemani,Sethi,hthaker@example.org,9788479513,2025-06-16,True
428,Gagan,Buch,sgola@example.org,9124127238,2021-10-03,False
429,Chaaya,Saha,urvipalan@example.com,9704310385,2025-01-24,True
430,Hemal,Narain,jwagle@example.com,9749242437,2024-09-22,True
431,Bhavya,Batta,iramane@example.com,9292842222,2023-08-03,True
432,Jackson,Barman,jonathan74@example.com,9238055257,2026-02-26,False
433,Nicholas,Walla,jairaj06@example.com,9275208854,2025-08-05,True
434,Bimala,Din,snigam@example.org,9702814069,2023-06-09,False
435,Sanaya,Parikh,narainchristopher@example.net,9398343018,2025-05-08,False
436,Gagan,Vala,fhayer@example.com,9998056265,2024-11-05,False
437,Kashish,Arora,hemani54@example.com,9813767426,2025-01-31,False
438,Liam,Chadha,sarthakmitter@example.com,9851961064,2025-02-01,False
439,Parth,Shere,ryangrewal@example.com,9487049478,2025-07-03,True
440,Udarsh,Bala,dubeadweta@example.com,9714627301,2023-12-03,False
441,Waida,Bhavsar,vasana96@example.com,9715890429,2022-01-22,False
442,Madhav,Nagarajan,wdeshmukh@example.org,9045650448,2022-03-20,False
443,Yoshita,Hari,girindraganesh@example.net,9554451895,2022-10-14,True
444,Agastya,Devan,kashish76@example.com,9213283389,2026-01-13,False
445,Ishaan,Sahni,hbose@example.org,9075452798,2024-06-21,False
446,Orinder,Modi,danitristan@example.org,9234232161,2022-03-23,True
447,Anirudh,Sule,mbasak@example.org,9089071401,2024-02-17,False
448,Advaith,Char,jharyan@example.org,9501249552,2025-10-27,False
449,Wyatt,Tiwari,chaudharyakshay@example.net,9334280138,2025-08-07,True
450,Jeevika,Goyal,lchhabra@example.com,9663836151,2025-07-11,False
451,Imaran,Venkatesh,warhipatel@example.net,9480157164,2025-06-13,True
452,Devika,Sawhney,nikitamannan@example.com,9317520716,2025-04-15,False
453,Frederick,Dar,megharattan@example.net,9912153539,2025-01-01,False
454,Jason,Kaul,rtata@example.net,9994657967,2025-11-29,False
455,Arya,Din,hchokshi@example.com,9773201017,2021-10-16,True
456,Praneel,Raja,michael49@example.net,9118773477,2025-11-09,True
457,Advika,Oza,balayqushi@example.org,9675677002,2026-04-19,True
458,Chavvi,Gala,isankar@example.com,9671978897,2025-08-11,True
459,Naksh,Toor,ramanadya@example.com,9969545009,2021-12-12,False
460,Kabir,Peri,avi56@example.org,9655650333,2024-03-20,True
461,Frado,Bhatti,ishwar52@example.org,9850769864,2021-09-26,True
462,Upasna,Bains,krishna96@example.com,9917135785,2022-12-24,True
463,Chandani,Patla,fjaggi@example.net,9183440496,2023-06-26,False
464,George,Chandran,anjali19@example.net,9763514846,2026-02-26,False
465,Dhriti,Iyengar,qratti@example.net,9878208297,2023-05-17,False
466,Unni,Loyal,hbhasin@example.org,9572324665,2022-02-10,False
467,Samar,Sachar,bhavini24@example.net,9936312303,2024-03-15,False
468,Ucchal,Sunder,psami@example.org,9324204482,2021-12-03,True
469,Vedika,Bahri,chackodipta@example.net,9416516231,2026-06-02,True
470,Xiti,Dara,watika13@example.net,9155963632,2022-06-21,False
471,Parth,Kala,ria64@example.net,9078515867,2023-08-29,False
472,Arunima,Dhillon,vaishnavi54@example.org,9900348645,2022-08-08,True
473,Warjas,Savant,zanand@example.com,9413432756,2021-11-07,False
474,Anusha,Buch,vsinha@example.com,9561248156,2026-03-22,False
475,Eta,Setty,benqarin@example.net,9720634591,2022-07-04,True
476,Nakul,Krish,nirjanagarajan@example.com,9724295431,2025-02-01,False
477,Jhalak,Gopal,kpurohit@example.org,9008931734,2022-12-31,False
478,Chandran,Rattan,jlad@example.org,9529108677,2022-07-28,False
479,Udarsh,Jani,amairamani@example.net,9762639343,2025-02-13,False
480,Pranit,Rege,ayushmannan@example.com,9397359710,2025-07-20,True
481,Kiaan,Naik,tkala@example.com,9694118005,2023-07-24,False
482,Urishilla,Pandya,ahluwaliazehaan@example.net,9964652809,2023-02-02,True
483,Abha,Gara,dnori@example.org,9158624150,2022-08-26,False
484,Xalak,Mand,qushi44@example.net,9485625728,2025-04-22,False
485,Chatresh,Gulati,chaturakarpe@example.org,9074276170,2025-04-26,False
486,Ishanvi,Sundaram,htailor@example.net,9215134228,2023-11-19,True
487,Simon,Agrawal,omajabose@example.org,9715041659,2022-06-19,False
488,Ekiya,Dube,bumbtriveni@example.net,9774905097,2024-04-29,False
489,Kai,Kakar,mandalekantika@example.org,9189616423,2024-12-15,False
490,Gaurav,Bail,nicholasrama@example.com,9421476492,2024-08-13,True
491,Gopal,Pillai,vrishtisehgal@example.com,9749961659,2023-02-23,False
492,Radha,Sandhu,bariayochana@example.com,9732788147,2025-04-13,True
493,Fariq,Sridhar,manthan24@example.org,9864908108,2022-06-24,True
494,Yashvi,Sandal,dchandra@example.net,9945491801,2025-07-02,False
495,Praneel,Gopal,fbath@example.com,9459779452,2023-05-11,True
496,Qasim,Brar,hitesh68@example.org,9061027769,2025-09-14,True
497,Chavvi,Patel,fmittal@example.org,9203103037,2022-10-18,False
498,Wyatt,Sarin,gabrielmitra@example.com,9276012277,2025-07-28,True
499,Anmol,Sengupta,sakshammenon@example.net,9605016679,2026-04-12,False
500,Bina,Bansal,fratta@example.net,9997308069,2024-04-01,True
501,Devansh,Loyal,hsolanki@example.com,9957602437,2024-06-27,True
502,Raksha,Kata,harinakshisidhu@example.org,9466572934,2022-04-18,False
503,Vasudha,Dayal,ryandugar@example.net,9716743380,2021-09-19,False
504,Jagrati,Lal,nathan28@example.org,9156193183,2025-09-13,False
505,Aarna,Oak,chakradhar84@example.org,9891077119,2022-06-06,True
506,Benjamin,Tripathi,ganeshjacob@example.org,9524787125,2024-05-29,False
507,Lakshit,Das,revasagar@example.org,9375482145,2025-02-03,False
508,Jalsa,Korpal,oviyakari@example.org,9666785072,2021-08-24,False
509,Zansi,Boase,nigamdivya@example.com,9260602908,2024-01-29,False
510,Oni,Ratti,dipta50@example.com,9892673899,2025-04-28,False
511,Hemani,Ravel,charvichad@example.org,9856288431,2025-11-30,False
512,Devika,Verma,nathaniel00@example.net,9943468105,2023-10-10,False
513,Yashica,Pandya,battajeet@example.com,9490753998,2023-07-21,True
514,Inaya,Mistry,logan68@example.net,9315893571,2022-10-23,False
515,Pavani,Sabharwal,chandadavid@example.com,9273715869,2026-04-26,True
516,Zilmil,Rana,wishi67@example.net,9762282772,2025-12-05,True
517,Jacob,Kala,csolanki@example.net,9285196115,2026-06-05,False
518,Bimala,Baria,jacobprabhu@example.com,9544702296,2021-12-23,True
519,Dalaja,Mander,qadimsuresh@example.org,9185106794,2026-05-17,True
520,Sneha,Nazareth,usoman@example.net,9228777251,2025-01-17,True
521,Lila,Kaul,inori@example.org,9741209481,2026-04-27,True
522,Frederick,Hans,vigranbir@example.com,9801820433,2026-06-29,True
523,Sachi,Chad,neelima90@example.com,9056260856,2023-10-02,True
524,Gavin,Contractor,gangulybhavika@example.org,9241246209,2024-04-30,True
525,Pratyush,Bala,misramadhavi@example.org,9526546103,2023-08-08,True
526,Warjas,Tailor,rcontractor@example.org,9578617063,2021-09-20,True
527,Amruta,Chaudhuri,jeremiahmodi@example.net,9671832582,2023-08-25,True
528,Pallavi,Seth,agarwalucchal@example.net,9420074946,2024-07-20,False
529,Simon,Uppal,chakradev28@example.net,9141612846,2023-05-11,True
530,Yamini,Nadkarni,advika74@example.org,9553795020,2025-08-13,True
531,Aayush,Andra,odikasuresh@example.com,9811807156,2024-08-10,False
532,Lila,Goel,dashturvi@example.com,9370304531,2024-02-21,False
533,Timothy,Kaur,cpatil@example.com,9793036149,2025-10-26,False
534,Wakeeta,Garde,parthbhattacharyya@example.net,9212493843,2021-10-04,True
535,Zayyan,Setty,sanecharles@example.com,9664187758,2021-12-07,True
536,Udarsh,Batta,osha87@example.com,9063519036,2022-03-13,True
537,Zaid,Hegde,forummukhopadhyay@example.org,9107609543,2022-06-25,False
538,Urvashi,Khare,chatura58@example.org,9199717911,2022-01-29,True
539,Bahadurjit,Purohit,dhruv20@example.com,9049611080,2024-01-27,True
540,Lakshmi,Ratti,royviraj@example.net,9907676991,2024-06-14,False
541,Atharv,Setty,reyansh11@example.org,9919392845,2025-02-22,False
542,Vasana,Saxena,xavierdevan@example.org,9024968549,2026-03-02,False
543,Madhav,Din,mmore@example.com,9450892038,2026-04-28,True
544,Chatura,Sami,rohan33@example.org,9537795995,2024-02-10,True
545,Omya,Narasimhan,henrysha@example.org,9730337933,2025-08-26,True
546,Garima,Prashad,mugdhagour@example.org,9501508124,2025-04-23,True
547,Robert,Parsa,balanrushil@example.org,9423425832,2023-03-25,False
548,Anthony,Goda,harrison02@example.com,9153473552,2026-01-17,True
549,Radha,Bhattacharyya,dhawankalpit@example.org,9386559630,2026-07-23,True
550,Ranbir,Wason,manthan53@example.org,9428973179,2022-02-11,False
551,Oliver,Trivedi,xupadhyay@example.com,9872558777,2023-11-05,False
552,Nandini,Bansal,theodorejain@example.com,9363466925,2023-09-23,False
553,Frado,Desai,merchantsai@example.net,9539078956,2025-05-26,True
554,Unni,Sankaran,zpillai@example.com,9546027341,2024-08-13,False
555,Fitan,Menon,malhotravedant@example.org,9115083535,2023-09-09,True
556,Chasmum,Maharaj,lakshitlal@example.org,9445669078,2022-10-31,False
557,Mitali,Kari,shauryasom@example.org,9898775153,2025-03-18,False
558,Omisha,Kadakia,jsengupta@example.org,9529240755,2023-06-25,True
559,Oni,Sandal,tyogi@example.com,9909022599,2026-06-11,False
560,Mahika,Raj,mahikabhatt@example.net,9637159741,2023-01-08,False
561,Hemang,Goel,sureshavi@example.org,9316433481,2025-06-06,False
562,Dakshesh,Pillay,gargeta@example.com,9621286716,2023-04-27,True
563,Kalpit,Jha,rachana72@example.net,9949387430,2022-10-11,False
564,Sanaya,Bhatt,hkoshy@example.com,9977790147,2024-07-06,True
565,Chameli,Raman,ojasvikrish@example.org,9967629160,2023-08-08,False
566,Nakul,Mahal,ekalinga37@example.com,9815118567,2022-12-19,False
567,Zayyan,Johal,shereavi@example.org,9765636004,2022-07-16,False
568,Laban,Narain,dsundaram@example.org,9183727422,2021-09-19,False
569,Harish,Goel,jeet86@example.org,9104275230,2026-02-02,False
570,Tarak,Sathe,virkharshil@example.com,9470900633,2024-09-30,False
571,William,Iyengar,babuoviya@example.org,9053131220,2025-02-05,True
572,Yauvani,Chokshi,ekantika83@example.net,9386613315,2024-04-24,True
573,Oscar,Aurora,amutti@example.com,9373149501,2023-06-04,False
574,Nirja,Mitra,tchaudry@example.net,9924195625,2023-01-20,False
575,Eesha,Subramaniam,nayakandrew@example.net,9976838903,2021-09-28,True
576,Jeet,More,priyakohli@example.net,9102574326,2023-04-21,False
577,Baljiwan,Khanna,inarasimhan@example.com,9508640355,2023-08-16,False
578,Samesh,Zacharia,kotharitristan@example.net,9685270171,2023-03-14,False
579,Charles,Dhaliwal,jeremiahchand@example.org,9983381674,2022-12-17,True
580,Rudra,Konda,mgoda@example.org,9449734715,2024-12-13,False
581,Krishna,Ganesh,bsastry@example.net,9962706614,2026-02-18,False
582,Michael,Gill,lajita74@example.com,9468971527,2023-03-25,True
583,Mohammed,Gupta,aryaxiti@example.net,9576665674,2022-03-03,False
584,Nilima,Barad,rajannicholas@example.org,9645875066,2023-08-30,True
585,Xavier,Sridhar,pathakayaan@example.net,9249724399,2022-12-08,False
586,Advik,Dada,rajagopalanmitali@example.net,9918362644,2025-10-27,False
587,Lavanya,Morar,gchakraborty@example.net,9952436402,2025-09-29,False
588,Aarav,Chatterjee,sahniomaja@example.net,9462252237,2023-02-10,False
589,Yadavi,Choudhary,lkala@example.org,9023467912,2022-03-29,False
590,Chaaya,Chada,rdash@example.org,9509377100,2023-10-29,True
591,Abhimanyu,Barman,kakarabhimanyu@example.com,9984775965,2024-09-18,True
592,Hemal,Murty,jalsarastogi@example.com,9905510762,2021-10-12,True
593,Jason,Wali,yuvraj57@example.net,9786305050,2024-05-01,True
594,Sachi,Kaur,vratta@example.net,9156716493,2022-10-12,False
595,Zinal,Thaman,dattawidisha@example.org,9487271783,2023-08-20,False
596,Siddharth,Garde,cherianradhika@example.net,9025643471,2022-09-19,True
597,Vyanjana,Chana,udarsh99@example.org,9566863341,2024-01-15,False
598,Gagan,Choudhury,oakraghav@example.net,9195256904,2022-02-02,False
599,Ranveer,Rama,xnagarajan@example.com,9289931608,2025-06-25,False
600,Diya,Dhillon,theodore77@example.org,9942095481,2023-11-21,True
601,Vanya,Kale,tmanne@example.com,9052330276,2024-02-09,True
602,Nathaniel,Bains,bnazareth@example.net,9756618443,2026-03-23,False
603,Meera,Chatterjee,ekiyabhagat@example.net,9472927742,2023-05-07,True
604,Tejas,Hayre,pathakharsh@example.net,9266201572,2022-01-04,False
605,Jacob,Varma,radha26@example.org,9013674926,2022-04-29,True
606,Ubika,Raja,sai50@example.org,9111783099,2026-06-08,False
607,Varsha,Mahal,gollaleena@example.com,9649215182,2025-01-04,False
608,Anmol,Ramesh,hbhatt@example.net,9813129208,2025-05-14,False
609,Dipta,Das,davesamuel@example.net,9218401184,2024-08-27,False
610,Onveer,Sampath,kotharicharita@example.org,9848729758,2024-07-22,False
611,Yashvi,Kadakia,basuwarjas@example.org,9324329839,2024-08-13,False
612,Arunima,Dave,jborde@example.com,9462671462,2026-02-13,False
613,Samar,Bobal,reyansh59@example.net,9892625660,2023-09-01,False
614,Faras,Madan,waliimaran@example.net,9861515542,2023-06-26,False
615,Anusha,Anne,purohittristan@example.com,9112849718,2024-07-12,False
616,Baghyawati,Madan,bavaonkar@example.com,9625889679,2022-08-25,False
617,Aashi,Andra,jonathandhar@example.com,9940539672,2025-04-18,True
618,Irya,Sidhu,anya68@example.net,9341465111,2023-08-09,True
619,Girik,Gandhi,chadbhavika@example.net,9706827788,2022-08-16,True
620,Nidra,Atwal,abhimanyusandal@example.net,9853890972,2026-01-06,False
621,Umang,Gill,perikiaan@example.net,9506762515,2023-09-08,True
622,Jacob,Mannan,vasudha44@example.org,9096348079,2025-09-18,True
623,Dakshesh,Parekh,sharmafalguni@example.com,9510526501,2025-03-24,True
624,Vyanjana,Hora,wadhwayoshita@example.org,9617024376,2024-09-29,True
625,Chandani,Patla,igopal@example.com,9177225605,2023-04-02,False
626,Indrajit,Gupta,banjeet26@example.com,9502374167,2026-03-30,False
627,Warhi,Datta,mugdha86@example.org,9110225803,2022-01-02,False
628,Hema,Sanghvi,sarafvarsha@example.com,9471639282,2023-09-08,True
629,Avni,Contractor,yug63@example.com,9189239231,2022-09-09,True
630,Nandini,Barad,rehaan26@example.org,9931066843,2023-06-14,False
631,Gayathri,Sandhu,gbhat@example.com,9041454563,2024-04-13,True
632,Champak,Gopal,acharyacharles@example.net,9534749162,2023-09-16,False
633,Vyanjana,Patla,daksha11@example.net,9082555989,2024-09-21,True
634,Wazir,Majumdar,leenachahal@example.org,9291093371,2022-03-14,False
635,Hemal,Mitra,ijaggi@example.net,9202368485,2024-09-04,True
636,Saumya,Dalal,ganesananusha@example.net,9240903678,2025-12-06,True
637,Falan,Gandhi,yupadhyay@example.net,9669432029,2023-06-01,False
638,Aditya,Varghese,tthakur@example.net,9844344812,2023-06-20,True
639,Chakradev,Walla,bishakhabaral@example.net,9242403381,2021-07-29,True
640,Idika,Pillay,fiyaz84@example.net,9269450053,2023-12-10,False
641,Patrick,Kunda,yogihitesh@example.net,9649837354,2023-04-19,True
642,Megha,Dugal,ukata@example.net,9652717272,2023-01-23,False
643,Ranbir,Swaminathan,baghyawatibail@example.com,9226931216,2023-08-25,True
644,Suhani,Rau,vyaslaksh@example.net,9091660100,2022-09-08,True
645,Yuvraj,Chacko,luke90@example.org,9185132797,2022-12-13,False
646,Damyanti,Narula,pdubey@example.org,9848100184,2022-06-08,False
647,Yasti,Sagar,aaravkapur@example.org,9366254361,2025-09-30,False
648,Omkaar,Choudhary,harshmanda@example.com,9195151092,2023-01-29,False
649,Priya,Wali,pratyush62@example.net,9494514754,2022-03-19,False
650,Aarnav,Dixit,ekajadivan@example.com,9771196421,2024-04-23,True
651,Joshua,Gopal,upandit@example.com,9676952366,2026-03-27,True
652,Widisha,Yohannan,iwalia@example.org,9619689313,2024-08-21,False
653,Aarnav,Jani,patilurvi@example.org,9105524728,2025-02-22,False
654,Xavier,Kade,dakshdevi@example.org,9260650191,2025-08-14,True
655,Nakul,Balan,jasmitdhaliwal@example.org,9310962272,2026-01-18,True
656,Chandani,Singhal,cnazareth@example.net,9041200928,2022-12-05,False
657,Advay,Randhawa,jsha@example.net,9498436241,2025-12-31,False
658,Krishna,Dass,nandinibhalla@example.org,9628917756,2024-10-19,True
659,Nitesh,Bhagat,panini34@example.org,9115950342,2026-03-03,True
660,Hredhaan,Bhattacharyya,advaymore@example.org,9830341990,2026-05-11,True
661,Veda,Bath,murtygirik@example.com,9054683565,2022-08-31,True
662,Gunbir,Narula,gthakur@example.net,9209679042,2022-11-07,False
663,Ubika,Brar,katatanveer@example.net,9228898572,2024-06-12,True
664,Bina,Parsa,tbaral@example.net,9633991297,2022-05-23,True
665,Alexander,Dhar,gagan71@example.com,9524214955,2022-04-28,True
666,Ekavir,Gola,ekuruvilla@example.com,9721970546,2025-01-15,False
667,Kai,Sastry,yauvani95@example.com,9168740903,2026-05-02,True
668,Abhiram,Dubey,mannankeya@example.org,9961367157,2025-07-19,False
669,Udyati,Chopra,golehritik@example.com,9636515597,2023-05-16,False
670,Vamakshi,Contractor,suhani08@example.org,9723590960,2024-08-21,False
671,Qushi,Solanki,chaturakakar@example.org,9644212146,2022-04-04,False
672,Chanchal,Seth,nvohra@example.net,9420165423,2024-07-14,False
673,Oni,Subramaniam,swason@example.org,9659608931,2026-06-26,False
674,Maanav,Naik,akshay27@example.org,9751648072,2025-05-21,True
675,Gunbir,Bansal,raghavsalvi@example.net,9829635339,2021-09-07,True
676,Kamala,Patla,mittaldamyanti@example.net,9177665586,2026-01-05,True
677,Gautami,Comar,tarasangha@example.com,9289286646,2023-12-22,True
678,Hardik,Chahal,chakrabortyamol@example.net,9617981789,2021-11-03,False
679,Bimala,Salvi,udantsha@example.net,9613715766,2021-08-17,True
680,Kavya,Kapur,amrita44@example.com,9306000258,2024-04-06,True
681,Gautami,Garde,jkhurana@example.com,9396096262,2024-12-28,True
682,Eesha,Varughese,rajeshrikashyap@example.org,9281964825,2023-04-19,True
683,Girik,Chander,sarkaradvay@example.net,9920981960,2022-09-03,True
684,Sudiksha,Parmar,wriddhishkapadia@example.com,9383640412,2021-10-04,True
685,Harshil,Choudhry,gdas@example.org,9442117536,2022-06-02,True
686,Vritti,Bains,fborah@example.net,9136657224,2021-08-25,False
687,Pranav,Balay,ozaidika@example.com,9998028413,2021-10-24,False
688,Arin,Vasa,tarakpatla@example.org,9305231244,2025-08-29,False
689,Ryan,Chanda,chaitaly77@example.com,9863423461,2026-07-12,False
690,Devika,Gandhi,vinayasant@example.com,9694591966,2023-04-06,True
691,Ira,Prakash,senguptaoliver@example.org,9849649856,2021-10-26,True
692,Ishwar,Gole,pushti25@example.org,9135525105,2021-08-27,False
693,Falguni,Kala,onagy@example.net,9164938318,2023-12-05,False
694,Falan,Sama,unadkarni@example.org,9307704611,2025-05-31,False
695,Onveer,Narain,kkhalsa@example.org,9409074260,2026-02-06,True
696,Balveer,Nazareth,boaseupma@example.org,9644556185,2025-10-06,True
697,Champak,Ramaswamy,suhani71@example.com,9910300215,2025-04-08,False
698,Upkaar,Garde,halderjyoti@example.net,9004010414,2024-05-13,True
699,Ladli,Madan,lakshitsharma@example.org,9252967188,2023-08-11,False
700,Vanya,Suri,ekanta73@example.org,9441583311,2025-10-08,True
701,Darpan,Kala,kalitaupadhriti@example.com,9371539885,2024-03-19,True
702,Sudiksha,Dube,detheodore@example.com,9679836314,2025-02-28,True
703,Nitesh,Mohanty,dintriya@example.org,9130724078,2025-05-31,False
704,Indira,Lanka,chadirya@example.com,9326868507,2023-11-18,True
705,Kala,Chaudhari,rajapahal@example.org,9436294897,2025-12-22,True
706,Rachita,Chopra,kothariindrajit@example.org,9100943181,2023-11-27,True
707,Upkaar,Ravel,gramaswamy@example.org,9473235494,2021-08-03,True
708,Girindra,Goyal,smody@example.org,9251225720,2025-08-07,False
709,Priya,Natt,goelaishani@example.org,9209579073,2025-08-01,False
710,Imaran,Bath,mannanvedant@example.net,9822114577,2024-07-18,False
711,Aarini,Sur,janya70@example.com,9458971480,2022-10-27,True
712,Nirja,Kannan,ishanvitank@example.org,9396531361,2023-11-23,False
713,Shivani,Vyas,alkapalla@example.com,9696443098,2024-06-25,False
714,Jason,Sant,spalan@example.org,9072728498,2022-12-12,False
715,Chavvi,Sur,dhruv40@example.com,9034910740,2025-03-22,False
716,Indira,Acharya,krishnamurthylakshit@example.com,9488214236,2026-07-17,False
717,Faris,Mannan,azadsolanki@example.com,9366614494,2023-01-14,False
718,Rajata,Naidu,ryankrishna@example.org,9683441497,2026-03-16,True
719,Qadim,Prashad,ichar@example.net,9758575676,2025-01-19,True
720,Triya,Bala,samagaurang@example.org,9943985298,2026-05-17,False
721,Chaaya,Bera,zdass@example.net,9078701041,2024-05-26,False
722,Gunbir,Mannan,dnarula@example.org,9980382872,2023-06-19,False
723,Mohammed,Mitra,abeer79@example.net,9311029181,2023-09-01,True
724,Samarth,Chawla,gbakshi@example.com,9601467238,2023-10-11,True
725,Reva,Dasgupta,odhingra@example.org,9223288377,2024-01-12,True
726,Bimala,Chaudhry,qpillai@example.com,9661766204,2025-06-14,True
727,Jai,Ramachandran,mitterbahadurjit@example.net,9970527740,2022-11-28,False
728,Ishita,Tella,ikshitavohra@example.com,9812259572,2023-12-06,True
729,Chavvi,Ramesh,sulekrisha@example.com,9929884259,2026-07-03,True
730,Ijaya,Raval,bathayushman@example.net,9231177533,2022-06-17,False
731,Owen,Rajagopalan,dbhatt@example.net,9410175902,2024-04-17,False
732,Hritik,Sengupta,odeol@example.net,9833477433,2022-12-10,False
733,Radha,Wadhwa,gabrielbajwa@example.net,9130205698,2022-03-05,True
734,Harini,Goyal,ngupta@example.net,9785598217,2025-03-14,False
735,Krisha,Bobal,dattazansi@example.com,9117309850,2023-06-21,False
736,Bimala,Krishnamurthy,eparmar@example.org,9418938984,2024-12-16,True
737,Dakshesh,Choudhry,plall@example.org,9056435023,2026-03-20,False
738,Forum,Bhatia,wakeetabora@example.net,9905169918,2025-08-20,False
739,Kai,Madan,chawlabalendra@example.com,9835674300,2021-10-14,False
740,Rohan,Warrior,jbadami@example.com,9066266821,2025-04-15,False
741,Jacob,Pillai,rishi56@example.org,9331903689,2021-12-14,False
742,Alexander,Krish,bosedakshesh@example.org,9724055934,2022-09-01,True
743,Mitali,Srinivas,bosefaraj@example.com,9837537458,2024-01-20,True
744,Yash,Vyas,eiravati88@example.org,9056974132,2025-12-29,False
745,Vihaan,Mody,jasonpradhan@example.net,9203771070,2023-11-11,False
746,Arunima,Rajagopalan,frado04@example.net,9670667033,2024-10-15,False
747,Qarin,Sankar,modyazad@example.net,9509549305,2025-04-03,False
748,Prisha,Bhandari,ramabhavna@example.net,9769984267,2023-08-04,False
749,Kevin,Aurora,anusha13@example.net,9459609454,2023-09-11,True
750,Advik,Dash,ekani42@example.com,9707070578,2023-06-01,False
751,Nilima,Bhardwaj,malhotradipta@example.org,9724447232,2022-10-24,True
752,Chandran,Kaul,baradqarin@example.net,9879508304,2023-10-02,False
753,Amol,Pandit,keerinaya@example.org,9187181335,2026-06-01,False
754,Kamya,Sagar,sandhubarkha@example.org,9059556574,2021-10-29,False
755,Naveen,Pillay,mannanmason@example.net,9019358895,2023-05-23,True
756,Kritika,Bali,lakshmibrar@example.org,9398986818,2021-12-31,False
757,Urmi,Vohra,rnadig@example.org,9943535375,2022-07-18,True
758,Wridesh,Saxena,fpathak@example.com,9881579376,2023-07-08,False
759,Jeremiah,Yogi,nikitadevi@example.net,9445511668,2022-10-29,False
760,Warda,Hora,sudikshaaurora@example.org,9164871206,2021-10-07,True
761,Ojas,Bora,yutikawagle@example.com,9652683415,2024-06-04,True
762,Hritik,Bath,pantsaumya@example.com,9764722981,2022-11-10,False
763,Abhimanyu,Pingle,uraghavan@example.com,9289413475,2021-12-22,False
764,Zarna,Vohra,umangal@example.com,9522036849,2024-03-27,False
765,Hardik,Palan,noah14@example.com,9773244913,2023-12-07,True
766,Lohit,Char,yashodaganguly@example.org,9908830705,2023-04-17,True
767,Baghyawati,Sandhu,iverma@example.com,9411767412,2023-12-07,False
768,Jackson,Pandya,kapadiafalan@example.com,9285478150,2025-04-01,True
769,Harish,Verma,ranveer80@example.net,9032963347,2022-11-07,False
770,Vedhika,Grover,imandal@example.org,9183061789,2023-05-03,False
771,Pranav,Barad,nlall@example.com,9935782434,2025-09-09,False
772,Vrishti,Ramanathan,vasana41@example.org,9146753612,2025-07-07,True
773,Eiravati,Comar,mitali27@example.com,9963044836,2022-01-29,True
774,Ekantika,Lal,nisha67@example.com,9640473504,2025-05-15,True
775,Nimrat,Kant,samuelchoudhary@example.net,9952980061,2024-05-25,True
776,Ira,Bhatnagar,venkataramanshivansh@example.com,9832863425,2024-05-19,False
777,Odika,Kale,agastyabanik@example.org,9818670244,2021-10-08,True
778,Victor,Kota,magarjatin@example.com,9624111860,2021-09-08,False
779,Max,Chandran,mhari@example.com,9568044731,2023-10-24,True
780,Urishilla,Puri,pushti13@example.com,9847488360,2025-10-16,True
781,Meera,Pradhan,sethiudarsh@example.net,9063757914,2024-05-22,True
782,Maanas,Chacko,garasarthak@example.com,9931269789,2023-07-17,False
783,Daniel,Tak,nisha45@example.org,9059960438,2025-09-20,True
784,Xalak,Munshi,ekantashenoy@example.net,9788116162,2021-09-05,True
785,Neel,Venkatesh,ganesanrudra@example.com,9106728728,2025-02-13,False
786,Mohini,Andra,jacob64@example.net,9485959224,2026-01-05,False
787,Samarth,Prabhu,urmi73@example.com,9228705622,2025-07-25,False
788,Ekalinga,Ahluwalia,raghav31@example.net,9751097921,2024-07-17,False
789,Upkaar,Pai,hansanvi@example.com,9694596488,2023-04-15,False
790,Faras,Dua,kalitaati@example.org,9491289659,2023-12-03,False
791,Urvashi,Kadakia,aarnavkata@example.org,9192227051,2022-01-03,True
792,Laksh,Vaidya,qsandal@example.com,9548138666,2025-08-07,False
793,Isha,Muni,farhan93@example.org,9426877418,2025-04-07,True
794,Ijaya,Gokhale,pauunnati@example.net,9563983652,2021-08-27,False
795,Rohan,Sathe,robert09@example.com,9515480940,2023-11-26,True
796,Varenya,Rao,kulkarnianusha@example.net,9090797727,2026-03-16,True
797,Hemang,Barad,ayush92@example.net,9221610705,2022-05-23,True
798,Arunima,Hari,natarajanedhitha@example.net,9295806601,2023-03-16,False
799,Yachana,Divan,fiyaz27@example.org,9493862044,2026-05-01,False
800,Indali,Dalal,unnati91@example.net,9711121259,2021-09-25,False
801,Omkaar,Anne,kavyasharma@example.org,9343240642,2023-12-08,False
802,Logan,Mutti,mkara@example.com,9324474175,2026-06-26,True
803,Januja,Palla,cgarde@example.net,9628936543,2024-06-22,False
804,Yahvi,Luthra,vargheseshivansh@example.com,9374018272,2025-07-15,False
805,Ekantika,Pradhan,ubandi@example.net,9150267551,2023-02-26,False
806,Ishita,Mohan,unnigrewal@example.org,9797996673,2023-09-17,True
807,Kashvi,Nazareth,trattan@example.org,9381664969,2021-10-21,False
808,Nihal,Vala,charitaviswanathan@example.org,9922501425,2025-06-19,False
809,Meghana,Gandhi,qacharya@example.org,9324412336,2022-05-01,False
810,Yash,Dube,abdul72@example.com,9178637673,2022-05-18,False
811,Lila,Dave,kiaan65@example.com,9696815790,2023-06-13,False
812,Pranav,Keer,janaki58@example.org,9996132730,2023-05-12,False
813,Chasmum,Saran,norileena@example.net,9262446704,2025-02-24,False
814,Praneel,Gade,gvarughese@example.com,9151602529,2025-11-16,True
815,Leena,Sha,sunderneelima@example.com,9046419785,2025-08-04,True
816,Gautami,Warrior,isaac26@example.net,9612059438,2025-06-07,False
817,Radhika,Bava,cmanda@example.org,9775095465,2024-01-31,True
818,Arjun,Loke,chaayaparikh@example.com,9075409150,2026-01-30,False
819,Meghana,Kothari,fradowarrior@example.org,9227645793,2026-01-06,True
820,Tara,Baria,narainkashish@example.org,9291681546,2024-12-21,False
821,Anthony,Gour,fariq61@example.org,9944988305,2026-06-10,False
822,Urvashi,Kale,vmaharaj@example.net,9248096244,2021-08-09,False
823,Niharika,Johal,sachdevakai@example.com,9479513305,2023-06-11,False
824,Devansh,Mani,osalvi@example.net,9586780555,2024-07-05,True
825,Sai,Doshi,ntara@example.net,9264609178,2024-07-01,False
826,Fiyaz,Johal,daksha45@example.com,9702992959,2025-03-26,True
827,Ojasvi,Bajaj,vritti36@example.net,9269116331,2026-06-02,True
828,Bimala,Gokhale,nandinirege@example.com,9369455158,2026-02-13,False
829,Manya,Kar,wtalwar@example.com,9472264085,2025-07-05,True
830,Orinder,Chaudhari,asahota@example.com,9309329981,2026-06-01,False
831,Nilima,Bajaj,zaid29@example.net,9715096883,2022-12-08,True
832,Tanvi,Pillay,parthsodhi@example.net,9352410397,2025-06-20,False
833,Yash,Sawhney,petershenoy@example.net,9195237100,2025-01-07,True
834,Zinal,Singhal,ybobal@example.com,9481980770,2024-01-21,True
835,Mitali,Baral,mugdha87@example.com,9112491256,2024-06-14,False
836,Lucky,Kibe,qkade@example.org,9517734547,2024-05-17,True
837,Shravya,Kuruvilla,balendra22@example.net,9403595442,2026-05-23,True
838,Dalaja,Soman,jmenon@example.net,9229464303,2026-07-11,False
839,Chavvi,Divan,ladjanuja@example.net,9886792529,2025-10-28,False
840,Dipta,Virk,kritika72@example.net,9727601534,2023-04-27,False
841,Udarsh,Doctor,jagdish35@example.com,9790833506,2022-05-28,False
842,Forum,Tripathi,madanfariq@example.org,9798334233,2025-06-10,True
843,Peter,Baria,arunima13@example.net,9128403339,2026-07-04,False
844,Vansha,Shetty,yadavcharan@example.com,9137171731,2026-03-06,False
845,Tanveer,Sur,aditya96@example.org,9739970469,2023-11-13,False
846,Waida,Goda,yashica78@example.com,9448354884,2025-04-22,False
847,Isaac,Gopal,uahuja@example.net,9772216417,2024-06-22,True
848,Qadim,Hari,katatanay@example.com,9845871493,2026-06-03,True
849,Mohammed,Naik,rehaanrandhawa@example.org,9292587964,2023-07-05,True
850,Adya,Sodhi,kamala24@example.com,9557469660,2024-12-31,False
851,Christopher,Rege,logan74@example.org,9334450566,2024-05-01,True
852,Ryan,Kale,gmahal@example.org,9325797067,2023-09-09,True
853,Ati,Prashad,chaudhuridaksh@example.net,9548574172,2022-03-11,False
854,Ekta,Sachdev,matthewmistry@example.net,9381735984,2026-04-19,True
855,Bishakha,Bains,ekanshmurthy@example.com,9732573755,2023-04-04,True
856,Aashi,Kumer,deyjagdish@example.net,9666708085,2021-09-13,False
857,Rajeshri,Balay,vyanjana49@example.com,9119181828,2022-04-23,True
858,Upadhriti,Halder,sankararadhana@example.com,9725129578,2025-03-29,False
859,Ansh,Ratti,abeer96@example.org,9035624395,2026-02-02,True
860,Tanvi,Iyer,michael32@example.org,9421089028,2024-07-11,True
861,Ekapad,Narang,victor33@example.com,9264335027,2022-08-11,False
862,Keya,Bal,yjoshi@example.org,9776336911,2023-01-20,True
863,Yashawini,Varty,gabashaurya@example.org,9795563318,2024-08-16,False
864,Vanya,Kumer,shanamol@example.org,9666155416,2024-02-14,False
865,Veer,Chad,bsinha@example.com,9502329028,2022-11-20,False
866,Logan,Singhal,bhatshaurya@example.net,9459626228,2022-11-07,False
867,Pratyush,Patla,gabaayushman@example.com,9346549500,2024-05-20,True
868,Ayush,Singhal,dhawannikita@example.org,9869822105,2023-06-16,True
869,George,Saini,chowdhuryvamakshi@example.com,9687290477,2023-10-01,False
870,Kabir,Naidu,gopal77@example.net,9932382231,2022-05-15,True
871,Netra,Mandal,krishupkaar@example.com,9245798894,2022-09-07,True
872,Falak,Sami,maanav90@example.net,9603202032,2024-12-08,True
873,Ekantika,Apte,wsule@example.org,9967379487,2022-07-26,True
874,Ati,Varkey,geetika24@example.com,9787158415,2025-03-11,False
875,Atharv,Date,karantanvi@example.org,9184254768,2022-04-08,True
876,Yamini,Gopal,mvaidya@example.org,9303589298,2026-01-11,False
877,Champak,Walia,victor82@example.com,9212932896,2023-04-14,True
878,Arya,Bawa,yminhas@example.net,9677524014,2026-04-16,True
879,Devika,Joshi,bhargavanirja@example.org,9272362669,2023-03-17,False
880,Yuvraj,Palla,karaanya@example.org,9619237245,2021-08-27,False
881,Jacob,Verma,harshil97@example.org,9741897215,2023-11-17,False
882,Banjeet,Raj,isaiah76@example.net,9274381199,2024-08-24,False
883,Wyatt,Talwar,dsama@example.net,9144485645,2022-04-09,True
884,Agastya,Chaudhuri,lkibe@example.com,9396417899,2024-10-04,False
885,Zilmil,Raja,chokshiguneet@example.net,9113599660,2024-07-08,False
886,Ria,Sharma,rastogirachana@example.net,9039205146,2021-10-21,True
887,Tanmayi,Kulkarni,hemangini53@example.com,9705742388,2024-04-20,True
888,Nandini,Pall,xalakchakraborty@example.com,9598354116,2024-03-23,False
889,Widisha,Grewal,qjain@example.net,9755752250,2022-07-06,False
890,Ranveer,Mukherjee,pranav69@example.net,9131196425,2026-02-04,False
891,Irya,Ranganathan,lekhachawla@example.net,9499153703,2026-03-23,False
892,Mohammed,Mahal,talwarudarsh@example.net,9333732043,2021-09-27,False
893,Vasudha,Sarna,ahanda@example.org,9896964546,2024-09-17,False
894,Janya,Keer,ishanvi12@example.com,9389218785,2022-06-15,False
895,Vedant,Pall,udyatiluthra@example.net,9079779612,2021-10-01,True
896,Saumya,Bhandari,vansha21@example.net,9514940976,2022-09-12,False
897,Meghana,Kale,imukherjee@example.net,9453986289,2024-03-27,False
898,Abeer,Bera,jagdish19@example.org,9862339220,2025-10-09,True
899,Jagdish,Narula,chandranetra@example.net,9666725214,2024-08-01,True
900,Peter,Sani,xalak12@example.com,9633515718,2023-10-03,False
901,Anmol,Bhat,prakashgirish@example.org,9080056409,2026-05-10,False
902,Kavya,Boase,ranbirtara@example.org,9835129592,2025-04-24,False
903,Peter,Tripathi,saibalasubramanian@example.net,9081441529,2025-12-21,False
904,Oliver,Chaudhry,mhans@example.org,9957867181,2024-06-10,True
905,Yatin,Pau,wriddhishswaminathan@example.org,9605079181,2024-04-15,False
906,Meera,Iyer,ekani27@example.org,9466661707,2022-06-14,False
907,Ekanta,Sule,fmohan@example.com,9080314998,2023-01-14,True
908,Dipta,Bava,battachavvi@example.com,9358068828,2024-09-19,True
909,Chaitanya,Kala,shankarquincy@example.org,9513739900,2024-10-22,False
910,Samesh,Dada,aayush35@example.org,9635602293,2023-10-05,False
911,Pahal,Mukherjee,anjalirout@example.net,9066643749,2021-08-26,True
912,Megha,Barman,qdave@example.net,9311127128,2024-05-07,False
913,Oliver,Kunda,imane@example.com,9494116318,2025-10-19,True
914,Sai,Datta,singhvarenya@example.org,9130621136,2024-09-19,True
915,Raksha,Dhar,qbarman@example.net,9335090254,2023-01-21,False
916,Inaya,Shere,dakshraman@example.com,9248132357,2021-10-11,True
917,Ridhi,Boase,bhavnadyal@example.org,9850116880,2023-01-03,True
918,Ekanta,Prabhakar,dharhemang@example.net,9306090691,2023-06-22,True
919,Balendra,Borah,sonilibni@example.com,9967379457,2025-08-21,False
920,Michael,Sha,udarsh24@example.net,9264250642,2021-12-04,False
921,Tripti,Roy,neelimadass@example.net,9536667776,2025-07-04,True
922,Januja,Nazareth,mohini28@example.org,9333939578,2025-01-13,False
923,Kavya,Mohanty,mayadhaliwal@example.com,9187496033,2024-06-08,True
924,Naksh,Rajagopalan,cgole@example.org,9369249269,2023-03-31,True
925,Matthew,Sabharwal,upadhriti32@example.com,9599801110,2021-08-20,False
926,Chatresh,Narula,munshiishanvi@example.org,9234159597,2025-08-09,False
927,Hamsini,Gill,chavvi18@example.org,9226189628,2026-04-06,False
928,Upasna,Mand,ishaandin@example.com,9102676720,2026-07-20,True
929,Janani,Sastry,sarabahri@example.com,9955151229,2024-02-12,True
930,Meera,Doctor,hegdeekani@example.com,9159709962,2024-09-01,True
931,Zayyan,Handa,zinal07@example.com,9203447650,2023-11-19,False
932,Tara,Buch,azad29@example.org,9904637660,2023-11-11,False
933,Keya,Nayak,yauvani66@example.net,9525483744,2022-04-09,True
934,Shivani,Chad,yashodhara10@example.org,9131251293,2022-04-22,False
935,Faqid,Andra,omekavir@example.org,9975191023,2022-04-03,False
936,Quincy,Chand,aggarwalrachita@example.net,9330165837,2023-03-29,False
937,Warhi,Grewal,umani@example.net,9907280123,2023-10-20,False
938,Maanas,Gulati,borraraghav@example.org,9532694968,2023-12-28,True
939,Tejas,Sandhu,hemani38@example.org,9442101750,2025-03-22,False
940,Fariq,Sehgal,chakrabartieiravati@example.net,9591945757,2024-09-17,True
941,Xalak,Mital,imunshi@example.net,9339205677,2024-04-27,True
942,Neha,Sheth,jsethi@example.org,9660256265,2021-09-06,True
943,Radha,Gera,qarinkalla@example.org,9067245307,2024-11-24,False
944,Nathan,Mitter,vedant37@example.net,9766270511,2024-04-24,False
945,Vansha,Mann,wahabvenkataraman@example.com,9367042549,2025-03-18,True
946,Jairaj,Dayal,harita52@example.com,9971075633,2024-05-03,False
947,Vivaan,Munshi,jmand@example.com,9953259399,2023-07-31,True
948,Zaid,Suresh,ubahl@example.net,9162951877,2023-10-29,False
949,Ekalinga,Sengupta,yhans@example.com,9250733055,2025-09-01,True
950,Madhav,Mahajan,vedhika59@example.net,9339914038,2025-11-07,False
951,Barkha,Kothari,ssampath@example.org,9443240061,2024-09-12,False
952,Udyati,Divan,jraja@example.org,9975147439,2025-06-02,False
953,Bhavani,Gaba,ekantikabadal@example.org,9058752568,2021-10-12,False
954,Radha,Naik,ugokhale@example.net,9045990802,2025-10-15,False
955,Devansh,Bir,maxchaudry@example.net,9231555165,2022-02-26,True
956,Waida,Rattan,vohraomaja@example.net,9628137214,2023-07-01,True
957,Wriddhish,Bhalla,benumang@example.com,9003322855,2024-11-09,False
958,Meghana,Bahl,waida06@example.net,9103903397,2021-08-16,True
959,Ikshita,Buch,yashodhara26@example.org,9280944858,2024-11-12,False
960,Nathaniel,Jaggi,gaurika35@example.com,9614707986,2023-04-21,True
961,Qasim,Chowdhury,ramhredhaan@example.net,9339439457,2022-01-09,True
962,Victor,Krishnan,yastibajwa@example.com,9032537657,2024-11-20,False
963,Noah,Swamy,ymangal@example.net,9319100900,2023-11-24,False
964,Aadi,Mitter,uraj@example.net,9210533651,2023-12-11,False
965,Omisha,Bains,bakhshi14@example.org,9473107201,2022-04-18,True
966,Wahab,Shah,anamika09@example.com,9123166007,2025-03-29,True
967,Udyati,Sachar,agastyabasu@example.net,9144734043,2023-07-24,True
968,Sara,Agarwal,saranvrinda@example.org,9045195778,2022-12-16,True
969,Kashvi,Prabhu,ekanipalan@example.com,9296575427,2026-03-05,False
970,Nikita,Parsa,mchadha@example.com,9255778205,2025-11-14,False
971,Maanav,Om,liamjha@example.net,9616188081,2026-06-16,True
972,Aayush,Kumar,utkarshnatt@example.com,9155868639,2024-07-19,True
973,Nikita,Cherian,sudikshadugal@example.net,9308172143,2025-01-06,True
974,Chavvi,Kadakia,halderarjun@example.org,9041321147,2022-07-29,True
975,Pahal,Parmar,sanne@example.net,9456534699,2025-08-19,False
976,Benjamin,Swamy,tataekaja@example.com,9047681699,2024-07-19,False
977,Vritti,Bala,fbarad@example.org,9748113176,2024-06-07,False
978,Wyatt,Singh,naidudayita@example.net,9739610290,2025-11-14,False
979,Sai,Biswas,ubikamaharaj@example.net,9968049187,2023-01-16,True
980,Siya,Memon,balveermannan@example.net,9561213773,2021-08-11,False
981,Lila,Goda,tbassi@example.org,9359737112,2022-09-30,True
982,Kevin,Bajwa,xtaneja@example.net,9608581670,2023-12-08,False
983,Rajata,Sami,bhattacharyyagagan@example.com,9576832102,2022-04-19,False
984,Rachit,Hegde,jprakash@example.com,9712961803,2023-04-14,False
985,Manan,Mital,mahikaapte@example.com,9080184980,2024-02-22,True
986,Laksh,Nagarajan,varshakala@example.org,9777312688,2022-03-02,False
987,Madhav,Datta,ekanshsridhar@example.net,9192365346,2022-01-26,True
988,Rachana,Basak,megha03@example.net,9567932798,2025-01-08,False
989,Nakul,Khurana,widisha16@example.net,9061812054,2024-11-27,False
990,Avni,Shetty,chavvi89@example.com,9478769899,2026-06-12,True
991,Laksh,Singh,gavin75@example.net,9891444498,2023-07-02,False
992,Dhriti,Naik,rayaanpall@example.com,9358644963,2022-09-30,True
993,Chakrika,Gupta,ekani37@example.net,9821433952,2025-10-15,False
994,Kavya,Korpal,tsule@example.com,9978524914,2022-08-15,False
995,Krisha,Ramaswamy,bhavsarranbir@example.com,9778948963,2023-10-28,True
996,Charan,Sane,echokshi@example.com,9651221500,2022-02-28,False
997,Arunima,Chokshi,joshua16@example.org,9090015944,2025-03-21,False
998,Wridesh,Kashyap,amarapandya@example.org,9208953263,2026-03-04,True
999,Anay,Dyal,madanvedika@example.org,9136337922,2023-06-09,True
1000,Ati,Chhabra,kharedarika@example.com,9996733116,2025-05-04,False
1001,Saanvi,Doctor,brai@example.net,9437685507,2025-11-17,True
1002,Lipika,Sathe,kashishdhawan@example.net,9196263355,2025-01-03,True
1003,Anusha,Kothari,vihaan69@example.com,9093170695,2024-08-14,True
1004,Lakshmi,Bahri,usarin@example.com,9616453454,2025-08-19,True
1005,Nakul,Ganguly,zansiwali@example.org,9065031219,2026-04-07,False
1006,Chandresh,Krishna,vohraaadhya@example.com,9242642364,2022-12-24,True
1007,Ekalinga,Kata,benpatrick@example.com,9876230391,2022-02-19,True
1008,Harrison,Luthra,jeetshere@example.net,9522823052,2023-11-18,True
1009,Yochana,Bail,rameshkrishna@example.org,9072239594,2025-06-30,True
1010,Yatan,Sha,imarankothari@example.org,9901620478,2025-09-24,True
1011,Megha,Raval,wvenkatesh@example.net,9964862872,2021-11-15,True
1012,Samuel,Borah,chanchal19@example.com,9664505730,2023-05-25,True
1013,Radhika,Din,pdey@example.com,9632037476,2025-07-12,False
1014,Udyati,Prabhu,ubikade@example.com,9032145057,2024-11-06,True
1015,Rachita,Brahmbhatt,isha88@example.com,9071553482,2021-08-28,True
1016,Harrison,Dhingra,darpan08@example.org,9850765975,2024-05-04,False
1017,Bhavani,Pillai,varughesejatin@example.com,9768089812,2024-10-11,True
1018,Ganga,Sarraf,maanas23@example.org,9964630040,2022-09-11,True
1019,Robert,Sahota,omishadoshi@example.com,9894301204,2025-09-01,False
1020,Dominic,Kanda,rgandhi@example.com,9117595749,2026-04-25,True
1021,Ganga,Narain,zinalmallick@example.net,9330674584,2025-10-21,True
1022,Nidhi,Behl,aarini12@example.net,9333721885,2025-01-27,True
1023,Mugdha,Saini,chandani13@example.org,9971506662,2025-01-31,True
1024,Urvashi,Balasubramanian,kamala14@example.org,9776936634,2023-08-19,True
1025,Nitesh,Nayar,etapuri@example.org,9111028671,2022-11-08,False
1026,Charan,Agate,cgoel@example.org,9455910245,2022-05-31,True
1027,Balvan,Butala,acharyarehaan@example.org,9671494981,2023-12-25,False
1028,Lakshit,Bhattacharyya,klad@example.net,9817934065,2022-12-12,True
1029,Urvashi,Sethi,yashodhara44@example.net,9663453372,2022-11-19,True
1030,Balhaar,Buch,dalalmanbir@example.org,9722145593,2025-08-29,False
1031,Radhika,Rout,mittalshaurya@example.com,9052635100,2023-09-16,True
1032,Lopa,Grover,qsheth@example.com,9572565920,2022-12-17,True
1033,Zashil,Sagar,surgaurika@example.org,9023897432,2025-02-12,False
1034,Balvan,Andra,hemal95@example.com,9017833258,2023-11-21,True
1035,Mahika,Wadhwa,radhikabaral@example.com,9984870450,2025-01-10,True
1036,Dev,Som,msheth@example.net,9359374403,2026-06-29,False
1037,Aachal,Rana,aayush83@example.org,9373606014,2026-02-11,False
1038,Omaja,Babu,charan79@example.org,9884136852,2026-03-14,False
1039,Sai,Atwal,vbuch@example.net,9370124244,2025-02-05,True
1040,Neel,Sandhu,nihalpathak@example.org,9448811210,2023-08-08,False
1041,Dominic,Madan,ishaanseth@example.com,9188781794,2022-04-09,True
1042,Ishani,Chanda,patrick63@example.net,9409112252,2026-01-02,True
1043,Rishi,Srinivas,ayushman56@example.com,9186323979,2022-02-17,False
1044,Utkarsh,Talwar,uram@example.net,9530073095,2021-09-16,False
1045,Kashish,Nigam,uamble@example.com,9121988192,2025-08-03,True
1046,Warda,Oak,baliedhitha@example.org,9486401042,2023-10-05,True
1047,Ladli,Dua,harini61@example.net,9517446004,2024-05-08,False
1048,Qasim,Chander,harishpatil@example.org,9145512939,2022-03-26,False
1049,Vincent,Bawa,deepa88@example.org,9898484160,2024-03-20,False
1050,Osha,Chander,amruta02@example.org,9190170756,2026-03-04,True
1051,Hredhaan,Lalla,yugbumb@example.com,9229107322,2025-11-24,False
1052,William,Reddy,virkanjali@example.net,9378306396,2023-03-14,False
1053,Brinda,Padmanabhan,nidhisabharwal@example.net,9443916497,2021-07-29,True
1054,Ishwar,Ravi,zehaandave@example.net,9291320330,2022-03-06,True
1055,Megha,Deol,aradhanachowdhury@example.net,9031061537,2022-10-16,False
1056,Manan,Dasgupta,ekta66@example.net,9847323653,2023-08-18,True
1057,Vrishti,Suresh,rajeshri04@example.org,9672007843,2025-01-29,True
1058,Indrajit,Mani,bhanumatimammen@example.org,9607819754,2023-06-21,True
1059,Shivani,Iyer,vansha64@example.org,9737203763,2026-04-04,False
1060,Yashodhara,Dhillon,loyalkamala@example.net,9414846019,2022-06-22,False
1061,Wyatt,Mandal,yash89@example.net,9827802058,2025-02-18,False
1062,Harita,Agarwal,lhari@example.org,9464493699,2026-05-12,False
1063,Ishanvi,Char,nsodhi@example.org,9350557385,2025-10-04,False
1064,Vedant,Sankar,boseharshil@example.net,9236037681,2022-06-08,False
1065,Ridhi,Deshmukh,tanishkamdar@example.com,9104096149,2025-05-22,True
1066,Shaurya,Chander,warjas91@example.org,9498307482,2021-08-13,True
1067,Vrishti,Kalita,gnarayanan@example.org,9893940655,2025-05-30,True
1068,Nitesh,Bala,bailanvi@example.org,9223023332,2024-01-27,False
1069,Triveni,Bhat,nkara@example.org,9013546212,2025-08-04,False
1070,Kritika,Amble,kavyabanerjee@example.net,9261123126,2022-06-26,True
1071,Radhika,Karnik,amairavenkatesh@example.net,9889957298,2026-05-22,False
1072,Tanveer,Sen,ngera@example.com,9454930364,2024-10-03,False
1073,Udyati,Chand,datechatura@example.org,9818769208,2023-02-03,False
1074,Vincent,Date,chandreshtrivedi@example.net,9813881588,2022-05-11,False
1075,Aashi,Lal,laban20@example.com,9732318297,2022-03-03,False
1076,Pahal,Buch,triveni24@example.com,9000000152,2026-07-19,True
1077,Finn,Butala,vasanachaudhari@example.com,9850902556,2022-07-17,False
1078,Yamini,Mann,advika21@example.net,9299874781,2022-11-04,False
1079,Parth,Mani,murthyladli@example.com,9086700900,2023-10-14,False
1080,Yatan,Purohit,harita15@example.net,9848266913,2025-01-28,False
1081,Manthan,Luthra,ekantapingle@example.net,9054296080,2025-07-23,False
1082,Chatresh,Ray,wrideshroy@example.net,9987950982,2022-08-19,True
1083,Dhruv,Bhat,champak16@example.com,9818804428,2025-08-04,False
1084,Wishi,Kothari,kritikaguha@example.net,9164321269,2024-01-28,True
1085,Onkar,Vig,nikita42@example.org,9362586314,2023-09-15,True
1086,Fitan,Shere,ramakrishnanbishakha@example.net,9625540263,2024-09-13,True
1087,Harini,Grover,rehaan01@example.com,9646448988,2021-10-02,True
1088,Upkaar,Chopra,wyatt88@example.net,9245279050,2024-01-11,False
1089,Dakshesh,Manne,samarthkalita@example.org,9538495163,2022-10-07,True
1090,Harsh,Chana,shaunnati@example.net,9180933913,2025-10-02,False
1091,Tarak,Desai,onaidu@example.org,9601198756,2022-05-17,True
1092,Triya,Tella,avohra@example.org,9230091561,2026-03-28,True
1093,Joshua,Viswanathan,kondakrishna@example.com,9774491609,2023-05-19,False
1094,Manya,Pillai,krish01@example.com,9911894184,2023-06-26,True
1095,Vihaan,Ranganathan,boza@example.net,9263223998,2022-10-27,False
1096,Ethan,Khatri,vmaharaj@example.com,9611404288,2025-01-10,False
1097,Brijesh,Peri,nazarethwazir@example.com,9666081126,2021-09-18,False
1098,Brijesh,Hans,venkateshsamar@example.com,9669106271,2024-04-15,True
1099,Simon,Chaudhry,tejaskumar@example.com,9506882691,2025-09-10,False
1100,Vedhika,Samra,shivanshvohra@example.com,9401348087,2023-03-19,False
1101,Hema,Misra,vanshawadhwa@example.org,9603359101,2024-09-18,False
1102,Siya,Badami,tripathijyoti@example.net,9914492074,2026-07-10,True
1103,Noah,Rau,xprashad@example.net,9489971842,2026-02-12,True
1104,Jasmit,Rajagopalan,manannarayanan@example.net,9140849932,2023-03-08,True
1105,Hritik,Goyal,chaitalydhaliwal@example.com,9698069087,2022-11-18,False
1106,Mitali,Dalal,bsahni@example.net,9723483893,2024-05-02,True
1107,Janaki,Kohli,anaymane@example.org,9561299650,2026-03-27,True
1108,Manan,Ravi,manan64@example.org,9869656130,2026-05-05,False
1109,Vasatika,Sandhu,dhingraranveer@example.net,9595143468,2022-10-30,False
1110,Wridesh,Mukhopadhyay,banjeet02@example.com,9300869661,2022-01-12,True
1111,Jackson,Ram,falanbumb@example.net,9395001680,2023-12-09,False
1112,Faris,Memon,nagychatura@example.com,9628397620,2024-09-11,True
1113,Thomas,Mammen,anay77@example.com,9946207266,2022-09-01,False
1114,Laksh,Padmanabhan,chandavyanjana@example.net,9760299140,2024-12-10,True
1115,Adya,Bhavsar,rushiljain@example.com,9312552356,2022-06-27,False
1116,Unni,Buch,nanne@example.org,9119206136,2023-08-03,True
1117,Yochana,Nadkarni,unnitandon@example.net,9956133718,2024-02-01,True
1118,Damyanti,Lalla,gangulyekantika@example.org,9264801644,2022-01-05,False
1119,Warjas,Seth,zashilchaudry@example.com,9781277822,2022-03-15,False
1120,Akshay,Edwin,swamyqabil@example.org,9348629857,2025-04-15,False
1121,Vivaan,Sandhu,xaviercontractor@example.net,9285605397,2021-10-04,False
1122,Waida,Sangha,ddani@example.com,9067368205,2021-07-31,True
1123,Krisha,Zachariah,fradogarg@example.org,9355216505,2026-02-23,True
1124,Sara,Cheema,nidhi92@example.net,9182192596,2025-06-12,True
1125,Balveer,Warrior,wahab69@example.net,9848022050,2023-07-08,False
1126,Rachita,Krishna,kalpit49@example.com,9988114578,2025-11-17,True
1127,Tanvi,Banik,wchand@example.org,9386767382,2021-10-14,True
1128,Siya,Maharaj,nbrahmbhatt@example.org,9779876829,2026-06-14,True
1129,Rajata,Tiwari,idube@example.com,9893708580,2024-12-14,True
1130,Quincy,Khanna,charles40@example.net,9566957900,2022-08-16,True
1131,Oliver,Mammen,hemaprasad@example.com,9428679632,2024-07-25,False
1132,Chaitaly,Grewal,kiaanwalia@example.net,9946338915,2025-01-02,False
1133,Nitesh,Lad,narangrachit@example.net,9572562926,2023-06-13,False
1134,Tristan,Oza,harsh38@example.org,9865507846,2026-04-25,False
1135,Ekta,Babu,vinaya44@example.org,9034918911,2025-08-28,True
1136,Veda,Gala,issacgauri@example.net,9340153641,2024-04-30,False
1137,Chaaya,Setty,narainfalak@example.org,9132593678,2022-05-23,False
1138,Wazir,Sandhu,cnadig@example.org,9942141052,2025-06-12,False
1139,Leela,Wadhwa,viswanathanurvashi@example.net,9092704523,2025-12-08,True
1140,Ijaya,Ratti,lakshnarayanan@example.net,9660598678,2025-04-28,True
1141,Ati,Misra,lakshittailor@example.net,9585485965,2024-04-05,True
1142,Bhavna,Gokhale,dakshadani@example.org,9650200024,2024-09-24,True
1143,Victor,Kata,khalsakaran@example.net,9155130557,2021-11-06,True
1144,Samar,Sandal,harishmander@example.com,9488966997,2022-10-15,True
1145,Xalak,Kapadia,osen@example.com,9462025825,2024-01-05,False
1146,Shaurya,Boase,oscarcherian@example.net,9231239204,2022-05-08,False
1147,Daniel,Purohit,chanazinal@example.org,9647238750,2026-02-03,False
1148,Noah,Sinha,tvenkataraman@example.org,9722577545,2026-05-06,False
1149,Amaira,Sule,ladlidubey@example.net,9052918768,2023-08-13,False
1150,Harsh,Ramanathan,gopalria@example.org,9721733739,2026-07-08,False
1151,Quincy,Balakrishnan,qabil22@example.net,9993621659,2022-03-16,False
1152,Chavvi,Keer,warjasganesan@example.com,9539835844,2025-02-12,True
1153,Jason,Suresh,otailor@example.org,9643095449,2025-10-19,True
1154,Jackson,Gole,asarna@example.org,9927120539,2025-07-19,False
1155,Widisha,Chowdhury,vrittinarain@example.org,9988322012,2024-08-29,False
1156,Mekhala,Bhagat,oscarbarad@example.org,9487978889,2025-04-16,True
1157,Ikshita,Kade,yoshita52@example.org,9860030443,2024-11-11,False
1158,Finn,Nagi,sharmaekalinga@example.com,9239102929,2024-07-10,False
1159,Arjun,Chanda,rushil74@example.net,9830930967,2022-04-07,False
1160,Shivansh,Tata,contractormaanav@example.com,9022132176,2025-07-13,True
1161,Liam,Bera,chakrabortyjack@example.org,9661220190,2025-05-12,True
1162,Laban,Oza,mkothari@example.net,9304936653,2026-02-14,False
1163,Agastya,Gola,xmitra@example.net,9124211408,2024-12-02,True
1164,Logan,Nazareth,narainkrish@example.org,9946209355,2024-10-19,True
1165,Dominic,Agarwal,hemanidave@example.net,9970137124,2023-03-09,True
1166,Panini,Parmer,jeevika64@example.org,9304120270,2025-02-26,False
1167,Jatin,Pathak,varenyakashyap@example.net,9740299071,2025-03-25,True
1168,Pooja,Bains,ikari@example.org,9481554203,2023-12-28,True
1169,Bachittar,Krish,dashanay@example.net,9567975649,2022-02-11,False
1170,Kamala,Savant,kamya46@example.org,9347124760,2022-07-03,False
1171,Chaitanya,Bhargava,varkeyjason@example.org,9306831764,2022-04-30,False
1172,Vrinda,Edwin,cvarty@example.net,9081571290,2022-06-26,True
1173,Hema,Bhat,mchad@example.net,9067130735,2022-03-29,True
1174,Champak,Mani,anya74@example.org,9621300962,2024-07-13,False
1175,Isha,Sekhon,msanghvi@example.com,9703180533,2024-12-26,False
1176,Naksh,Sarraf,rajeshri66@example.org,9159183270,2021-11-01,True
1177,Dakshesh,Lata,bsachdeva@example.org,9459011079,2025-09-10,True
1178,Unni,Dash,baljiwan04@example.net,9388194905,2023-09-07,False
1179,Dominic,Nadig,brijeshkumer@example.net,9980949769,2026-01-24,True
1180,Waida,Kapur,issacubika@example.net,9716698416,2024-10-23,False
1181,Hardik,Dixit,vedhikamangat@example.org,9779433256,2023-02-13,True
1182,Shivansh,Varma,ishaan97@example.org,9142620370,2025-12-12,False
1183,Triveni,Zachariah,hiteshchakraborty@example.com,9020418135,2026-06-04,True
1184,Yochana,Thaman,hdin@example.org,9708894801,2026-03-19,False
1185,Mohini,Lad,lakshit21@example.com,9588397857,2021-08-29,True
1186,Orinder,Bhatia,ladchakradhar@example.com,9757123691,2024-02-10,False
1187,Neha,Chand,dugaryasti@example.com,9942968827,2024-11-24,True
1188,Vansha,Bedi,caleb95@example.org,9141961560,2025-10-07,False
1189,Yuvraj,Goel,rmander@example.net,9883565179,2024-12-13,False
1190,Qabil,Master,samabarkha@example.net,9668349604,2025-06-01,False
1191,Yasti,Muni,dhruvsawhney@example.org,9285162259,2023-08-19,False
1192,Niharika,Maharaj,aadithakkar@example.net,9348688390,2025-04-09,False
1193,Laksh,Kuruvilla,jsrinivasan@example.net,9799160911,2024-02-11,True
1194,Ethan,Kala,kothariishita@example.net,9923613376,2021-07-26,False
1195,Harita,Grover,calebkumar@example.com,9881650254,2024-02-18,True
1196,Warhi,Dhillon,jeet91@example.com,9503440966,2022-02-06,False
1197,Upma,Sule,vartyjonathan@example.net,9498980880,2024-12-20,True
1198,Triya,Dhillon,magarfariq@example.com,9468135926,2024-10-06,False
1199,Alka,Sami,meghanasarraf@example.com,9869415594,2024-03-25,False
1200,Chandran,Choudhry,deshmukhpranit@example.org,9753605117,2022-03-26,True
1201,Pahal,Bhatia,meghajohal@example.com,9536218945,2024-09-23,False
1202,Daksh,Raghavan,damble@example.org,9994248942,2021-12-17,True
1203,Chaaya,Puri,ymahal@example.net,9896676056,2023-10-17,True
1204,Neel,Atwal,divya65@example.com,9758097453,2023-03-14,False
1205,Yashawini,Balakrishnan,pde@example.com,9466226540,2022-06-26,False
1206,Mekhala,Natt,veer00@example.net,9622122427,2025-03-16,True
1207,Vanya,Som,nandini25@example.net,9160112411,2024-09-24,False
1208,Yahvi,Krishnamurthy,abhasin@example.net,9017986778,2022-08-26,False
1209,Rohan,Buch,ishitasawhney@example.org,9472642612,2022-07-04,False
1210,Nitesh,Bera,zayankarnik@example.net,9753659680,2025-06-26,True
1211,Inaya,Ganguly,alka82@example.com,9218385454,2021-12-18,False
1212,Azad,Sanghvi,dalaja54@example.net,9752311232,2025-05-15,True
1213,Bhavika,Yogi,cchad@example.com,9633427203,2026-04-14,True
1214,Ladli,Gara,somanirya@example.net,9080196304,2024-05-12,True
1215,Robert,Bali,ukarpe@example.net,9882493534,2021-08-30,True
1216,Balendra,Chawla,randhawaridhi@example.com,9848165244,2023-09-23,False
1217,Jagvi,Lal,prisha08@example.org,9851799378,2022-06-22,False
1218,Alexander,Nagi,jatindin@example.net,9788486999,2025-03-08,True
1219,Yoshita,Dubey,mohandivya@example.com,9927147246,2023-07-17,True
1220,Balhaar,Chakraborty,lkrishnan@example.com,9238397283,2023-08-04,True
1221,Harshil,Dora,tataayushman@example.com,9293288098,2023-05-14,True
1222,Oliver,Dhingra,basujackson@example.org,9232001867,2025-04-03,False
1223,Ladli,Contractor,balanyashoda@example.net,9987610814,2023-03-05,True
1224,Kashish,Rajagopal,manidavid@example.net,9384531980,2025-09-01,True
1225,Anya,Sama,robertmurty@example.com,9695100307,2025-01-01,True
1226,Qabil,Aggarwal,arya59@example.com,9715006666,2023-11-06,True
1227,George,Borah,ramaswamykamala@example.com,9113407851,2024-12-15,True
1228,Amruta,Singh,virkalexander@example.com,9836683482,2024-10-11,False
1229,Nidhi,Dutta,ysharaf@example.org,9838688891,2025-07-31,False
1230,Vedhika,Bora,azaan59@example.com,9257197609,2023-07-30,False
1231,Jonathan,Bains,deoraagini@example.net,9578982604,2022-03-26,False
1232,Abdul,Pillay,elijahshenoy@example.com,9585177741,2022-09-26,False
1233,Vinaya,Minhas,ygoyal@example.org,9188241996,2022-09-26,True
1234,Rajata,Lata,nicholasdhaliwal@example.net,9758917045,2023-10-30,False
1235,Kevin,Cheema,chaaya57@example.org,9568209225,2025-10-15,True
1236,Aadi,Badami,bhatnagarmohini@example.org,9564072324,2025-07-24,False
1237,Peter,Thakur,falakmammen@example.org,9017882247,2023-08-10,False
1238,Gautam,Deshpande,ybora@example.net,9507105801,2022-07-20,False
1239,Kamya,Agarwal,ubikachopra@example.net,9152610537,2022-01-06,False
1240,Laban,Iyengar,baliturvi@example.org,9695007418,2026-06-12,True
1241,Devika,Narang,utkarsh29@example.net,9769893652,2023-10-01,False
1242,Arya,Sodhi,sachdevgaurang@example.net,9827348131,2021-11-12,True
1243,Aarna,Natarajan,dubeindira@example.net,9963217435,2025-04-15,False
1244,Aahana,Viswanathan,geetikadoshi@example.com,9806486067,2023-03-18,False
1245,Theodore,Krishnamurthy,yahvi38@example.com,9253646280,2024-05-17,False
1246,Gaurika,Bera,rsawhney@example.net,9065795515,2024-12-09,True
1247,Nathaniel,Jha,adityabandi@example.net,9551074091,2023-07-20,True
1248,Harish,Chacko,shereyashica@example.com,9190254760,2023-01-26,False
1249,Om,Bajwa,oprabhakar@example.com,9412012275,2026-05-18,False
1250,Ishanvi,Bhargava,dugaromisha@example.net,9015153259,2023-10-09,True
1251,Ria,Nori,sarmabarkha@example.org,9717327980,2024-07-28,True
1252,Jasmit,Bala,dominicbava@example.org,9649340391,2021-08-03,False
1253,Arunima,Pall,azadkala@example.com,9089411849,2022-05-12,False
1254,Timothy,Nayar,jagratipal@example.org,9595205610,2022-01-25,True
1255,Nikita,Sur,bahlmitali@example.net,9680186774,2021-12-08,False
1256,Wyatt,Srinivas,jeremiah33@example.net,9449530067,2025-06-18,True
1257,Krishna,Dugar,falak03@example.org,9501736542,2024-11-21,False
1258,Qarin,Mangal,sharafaachal@example.org,9902923345,2022-05-16,False
1259,Ekaraj,Aurora,baraloviya@example.net,9053088684,2023-08-18,True
1260,Akshay,Doshi,chakrabartileena@example.com,9732904575,2026-05-07,True
1261,Shravya,Naik,gagangarg@example.net,9964260336,2023-02-01,False
1262,Abhiram,Dhaliwal,wpingle@example.net,9214770920,2025-05-07,True
1263,Ishwar,Chand,neel38@example.org,9236219215,2026-01-09,False
1264,Jeet,Vig,ragrawal@example.com,9916118638,2024-09-20,True
1265,Gaurangi,Bumb,ubika72@example.net,9168800537,2026-02-11,True
1266,Tarak,Bhavsar,gdubey@example.net,9728454018,2022-09-27,True
1267,Om,Sood,aaravbhagat@example.org,9839482322,2022-01-24,True
1268,Zayyan,Chakrabarti,arya74@example.net,9328116599,2023-03-26,False
1269,Advaith,Date,dattabalendra@example.net,9304232277,2024-08-13,False
1270,Joshua,Chauhan,kashishhari@example.org,9281650646,2023-03-29,True
1271,Aarnav,Bhandari,vihaan77@example.com,9569198321,2021-10-04,False
1272,Neel,Chakraborty,eborah@example.com,9690298310,2023-10-22,False
1273,Yug,Majumdar,rammanya@example.org,9291316708,2022-01-14,False
1274,Jeevika,Ravi,omisha67@example.org,9636219865,2024-08-21,False
1275,Darpan,Mitter,aachal40@example.com,9663493396,2024-06-27,False
1276,Abhiram,Mittal,dganesh@example.org,9226261142,2023-09-27,False
1277,Tarak,Roy,hemalnagi@example.com,9218808799,2022-05-25,True
1278,Nikita,Divan,deepachad@example.net,9996433853,2022-09-14,False
1279,Baghyawati,Sharma,jasmitbhandari@example.com,9833343031,2022-03-26,True
1280,Jasmit,Wadhwa,bravi@example.com,9457694757,2024-12-23,False
1281,Amrita,Nayak,jalsakhatri@example.com,9597466986,2022-02-07,True
1282,Raagini,Joshi,jonathan12@example.com,9450809594,2025-11-19,False
1283,Gagan,Om,mohinidhar@example.com,9596647213,2021-09-05,False
1284,Sudiksha,Majumdar,wriddhishpillai@example.net,9914261404,2026-03-12,False
1285,Rohan,Kota,ojasvidada@example.com,9543079637,2023-06-27,True
1286,Hemang,Badami,wallajairaj@example.com,9852211587,2022-05-08,False
1287,Avni,Nadkarni,shauryapatil@example.net,9426874470,2022-07-09,True
1288,Widisha,Hari,aryanwadhwa@example.com,9523777296,2024-12-19,True
1289,Ekiya,Ray,robertsidhu@example.org,9140052781,2021-10-09,False
1290,Jhalak,Nanda,bansalaryan@example.org,9722142573,2022-08-01,False
1291,Pavani,Bala,utkarsh91@example.org,9681720313,2024-10-11,False
1292,Hiral,Panchal,zarnaraman@example.org,9092973525,2024-07-23,True
1293,Tanay,Keer,omkaardora@example.net,9739389920,2024-01-03,True
1294,Januja,Som,iryakar@example.org,9366185076,2022-05-05,False
1295,Chandran,Sharaf,vaidyarachit@example.com,9971823601,2021-09-06,False
1296,Vyanjana,Dash,meghanachaudhry@example.com,9838821764,2026-02-08,False
1297,Aarna,Rau,uiyer@example.com,9422332228,2021-09-15,True
1298,Hitesh,Master,mitesh58@example.net,9922256062,2024-06-07,True
1299,Siddharth,Prabhu,ramachandranxavier@example.net,9731180467,2023-11-28,False
1300,Henry,Keer,sunderdivya@example.org,9841852013,2024-11-03,False
1301,Owen,Rattan,trivedibhavini@example.net,9639756154,2025-08-12,True
1302,Chakradev,Pathak,zayan91@example.org,9151641195,2024-05-15,False
1303,Priya,Magar,chandkeya@example.net,9395787520,2025-08-15,False
1304,Aadi,Devan,kulkarniom@example.com,9201971212,2024-03-06,True
1305,Ethan,Jaggi,qushiraval@example.com,9897609873,2022-03-12,True
1306,Nitesh,Sandhu,osule@example.org,9922760759,2026-01-27,False
1307,Vaishnavi,Salvi,warjas39@example.net,9431916543,2021-10-28,False
1308,Yauvani,Natt,virajdash@example.org,9021915057,2024-10-11,True
1309,Anita,Mandal,emander@example.org,9002687644,2026-03-13,True
1310,Radhika,Taneja,kmishra@example.com,9974163656,2021-11-06,True
1311,Aarini,Narayanan,bajajniharika@example.org,9553730964,2026-05-15,True
1312,Pooja,Grewal,fsastry@example.org,9952963530,2024-09-19,True
1313,Unnati,Anand,jhalakpalla@example.org,9282763643,2022-03-25,False
1314,Dipta,Mann,maya54@example.com,9634544344,2022-03-08,True
1315,Dalaja,Dara,wkonda@example.net,9344974394,2025-01-18,True
1316,Aishani,Badal,madhavkapur@example.org,9958629739,2026-02-05,False
1317,Anamika,Chaudhry,nakulchawla@example.org,9972021707,2024-05-05,True
1318,Charvi,Venkataraman,reyansh46@example.com,9579220300,2024-02-17,False
1319,Arunima,Sant,lakshmi12@example.net,9939002512,2022-07-16,True
1320,Samar,Shenoy,maya58@example.net,9963595708,2025-03-22,True
1321,Farhan,Kamdar,laljalsa@example.net,9434566311,2023-06-17,True
1322,Kamala,Bava,chamangoswami@example.org,9622033474,2023-02-13,True
1323,Alka,Ray,hritikbahl@example.com,9379686800,2026-04-05,False
1324,Dipta,Dhaliwal,lakshmi90@example.org,9177417430,2024-02-18,True
1325,Sarthak,Nagar,dubeyvedant@example.net,9502289466,2024-06-10,False
1326,Pratyush,Sen,nathaniel33@example.org,9829302025,2024-12-22,False
1327,Hritik,Kale,advaithkarpe@example.org,9334677116,2025-06-11,True
1328,Janya,Anne,jsane@example.com,9995530245,2023-05-10,False
1329,Daksh,Brar,vihaankuruvilla@example.com,9230342028,2024-01-30,False
1330,Tara,Bir,chandsuhani@example.net,9222405076,2023-10-07,False
1331,Turvi,Chaudry,utandon@example.com,9619924065,2026-03-03,True
1332,Utkarsh,Yadav,ydube@example.net,9725812259,2021-11-26,True
1333,Hemal,Rajan,swalla@example.net,9482373379,2022-03-19,False
1334,Quincy,Chaudhry,fradochadha@example.org,9187803586,2021-12-27,False
1335,Ethan,Sha,sundarambishakha@example.net,9039251999,2023-09-15,True
1336,Isha,Gokhale,imaran71@example.org,9227643387,2023-02-09,False
1337,Nihal,Bail,bimala22@example.org,9626549633,2021-07-29,False
1338,Rohan,Jain,chaitaly47@example.org,9488789950,2023-11-13,False
1339,Ucchal,Bail,advaithprasad@example.net,9685195377,2023-10-02,False
1340,Qabil,Ranganathan,kkadakia@example.net,9563427775,2023-01-05,False
1341,Nathaniel,Parmer,anaysahota@example.org,9658129205,2026-06-08,False
1342,Nakul,Dora,jackson15@example.com,9302955963,2025-04-09,True
1343,Yash,Sheth,nilimagera@example.net,9420661549,2025-12-09,True
1344,Avi,Nori,hayersamarth@example.net,9138004983,2022-11-24,True
1345,Devansh,Chacko,maxchandra@example.org,9154815826,2026-03-09,False
1346,Omisha,Wason,tratti@example.org,9191854880,2024-11-16,True
1347,Dayamai,Mody,aadibasak@example.com,9298778735,2025-12-29,False
1348,Falak,Rama,zmanda@example.net,9419623421,2022-10-05,False
1349,Rajata,Dhillon,falanhans@example.org,9041042948,2023-05-30,True
1350,Isaiah,Manda,kvaidya@example.net,9117972699,2023-12-04,True
1351,Gopal,Dyal,indrajitbahri@example.org,9366602000,2024-07-09,False
1352,Ronith,Edwin,rishi86@example.org,9105052438,2023-07-24,True
1353,Aarav,Pant,omishagarg@example.net,9990076862,2025-06-15,True
1354,Rajata,Kohli,peterjhaveri@example.net,9963376185,2022-07-14,False
1355,Neha,Goel,gsha@example.org,9684101328,2022-11-24,False
1356,Sai,Kara,hardikzachariah@example.net,9352791875,2021-09-24,True
1357,Nidra,Subramaniam,grajan@example.net,9065920881,2023-10-30,False
1358,Yug,Borde,unnisaxena@example.com,9178159698,2023-08-31,True
1359,Chandani,Palla,vgokhale@example.net,9026656862,2024-07-28,True
1360,Girindra,Devi,sara34@example.net,9899255394,2025-04-06,False
1361,Aditya,Saxena,laban99@example.org,9747296694,2022-02-05,False
1362,Raksha,Randhawa,jbains@example.org,9897474859,2026-06-02,True
1363,Bhavani,Ravi,faqid83@example.net,9841673478,2024-06-25,False
1364,Samuel,Rastogi,raibrinda@example.net,9804450928,2024-12-01,True
1365,Advaith,Narain,jagatbalay@example.org,9627066489,2022-01-31,False
1366,Andrew,Gola,zayyan58@example.org,9308898305,2025-08-31,False
1367,Dalaja,Zachariah,urvilala@example.net,9185630275,2021-09-02,True
1368,Champak,Acharya,chakradharpai@example.net,9661995305,2024-11-09,False
1369,Brinda,Chatterjee,rehaan78@example.net,9467908701,2026-01-29,True
1370,Urmi,Edwin,bbanerjee@example.org,9365103444,2023-09-16,False
1371,Karan,Bassi,rsule@example.net,9568652406,2022-10-08,True
1372,Jonathan,Dada,hemangini99@example.com,9725622219,2021-08-18,True
1373,Garima,Keer,chaitalysarraf@example.org,9474764845,2024-09-23,False
1374,Udant,Sarkar,onkar13@example.net,9350712455,2023-06-02,True
1375,Harsh,Ganesan,aggarwalzaid@example.com,9221173277,2022-11-24,False
1376,Pavani,Madan,hiralnagi@example.net,9585229425,2022-10-02,True
1377,Dhriti,Chaudhuri,gdalia@example.com,9759171050,2026-01-23,True
1378,Champak,Patil,george47@example.com,9447353524,2025-04-16,True
1379,Chakrika,Choudhury,wdani@example.net,9497344930,2024-05-25,False
1380,Vihaan,Suresh,kapadiarobert@example.org,9836113389,2023-02-11,False
1381,Prisha,Barad,itoor@example.org,9815278730,2023-12-28,True
1382,Radhika,Gour,dev52@example.org,9746535378,2021-12-27,False
1383,Harrison,Vala,parekhpavani@example.net,9734467177,2024-10-14,False
1384,Nicholas,Rao,mukherjeeudarsh@example.org,9629994664,2024-06-19,True
1385,Charles,Balakrishnan,choudhurychanakya@example.net,9985739083,2024-06-16,True
1386,Nihal,Chandran,zachariahnimrat@example.net,9844246488,2024-02-04,True
1387,Tanvi,Prabhakar,jgarde@example.com,9759582819,2021-12-31,False
1388,Praneel,Dhar,sastryturvi@example.net,9891248839,2025-05-28,True
1389,Finn,Shere,narasimhanchandani@example.com,9514367286,2026-01-06,True
1390,Henry,Butala,teerthbalan@example.org,9885681193,2025-09-29,False
1391,Fariq,Maharaj,advay09@example.net,9921779055,2022-10-27,True
1392,Pavani,Sampath,timothyprakash@example.org,9588070532,2024-12-01,False
1393,Anmol,Dara,khoslafariq@example.org,9382974255,2022-08-05,True
1394,Yagnesh,Sandhu,bhargavafalak@example.net,9181045024,2023-05-15,False
1395,Triya,Jhaveri,vboase@example.net,9873662713,2024-07-12,True
1396,Yashodhara,Rattan,shauryapandit@example.org,9900585615,2024-01-17,True
1397,Shravya,Koshy,nattlibni@example.com,9397925511,2024-10-17,True
1398,Bina,Koshy,qbasak@example.org,9837727028,2025-02-24,False
1399,Kritika,Rout,ozazaid@example.com,9281644161,2021-11-10,False
1400,Henry,Shenoy,samarth58@example.net,9464051038,2026-03-20,True
1401,Aarav,Deshmukh,akala@example.com,9276362814,2023-10-08,True
1402,Anika,Setty,wadhwavictor@example.net,9530969067,2024-12-25,False
1403,Abha,Aggarwal,oscartiwari@example.net,9498745513,2024-05-11,True
1404,Sudiksha,Deshpande,ddasgupta@example.com,9306881164,2021-11-11,True
1405,Samaksh,Mody,yahvivirk@example.org,9873877583,2023-07-22,True
1406,Tanish,Ravel,vaishnavi70@example.com,9130909153,2025-12-03,False
1407,Oni,Bajaj,joshuarandhawa@example.org,9542041231,2021-11-10,False
1408,Ishani,Seshadri,adesai@example.com,9410079419,2023-05-24,True
1409,Nathaniel,Madan,wriddhish81@example.org,9979412248,2025-07-10,False
1410,Ayaan,Soman,madhavikumer@example.net,9632251742,2023-02-21,True
1411,Bimala,Atwal,tanish26@example.org,9189003468,2025-03-27,False
1412,Hardik,Raj,chandreshsoman@example.org,9286720200,2024-05-31,True
1413,Warjas,Raman,edeshmukh@example.net,9536890057,2025-08-11,True
1414,Dhriti,Balan,charwarda@example.org,9259007397,2022-04-28,False
1415,Ranveer,Banerjee,kgarg@example.org,9138690871,2024-11-17,True
1416,Warhi,Dhar,jagdishbakshi@example.com,9546171928,2022-02-22,True
1417,Urvi,Ahuja,tkunda@example.org,9602344225,2022-10-16,False
1418,Girik,Ranganathan,dhawanhema@example.org,9394120944,2025-05-10,False
1419,Urvi,Gole,nbajaj@example.net,9265513276,2022-03-27,True
1420,Udyati,Mital,desaianamika@example.com,9598516021,2022-06-20,False
1421,Indrajit,Nagarajan,gardequshi@example.net,9649864786,2025-12-06,False
1422,Oviya,Date,ubikaraghavan@example.org,9088447408,2023-07-11,False
1423,Raksha,Chakrabarti,balivritti@example.com,9992164006,2026-06-03,True
1424,Saksham,Ramaswamy,rudrananda@example.org,9484864708,2022-11-27,False
1425,Jacob,Kapur,rnagar@example.com,9220212372,2021-09-08,True
1426,Jagrati,Narasimhan,joshitejas@example.org,9000886346,2025-06-02,False
1427,Wriddhish,Choudhry,aggarwalzaitra@example.net,9991141600,2026-06-29,True
1428,George,Rajagopalan,wahabdewan@example.net,9737989790,2024-11-12,True
1429,Aditya,Nayar,fitan86@example.com,9463000998,2023-12-03,False
1430,Theodore,Krish,gdani@example.net,9371181519,2026-04-15,True
1431,Kala,Lad,yachana29@example.com,9203401535,2023-08-07,True
1432,Arunima,Sachar,cbalan@example.com,9699944946,2025-03-27,False
1433,Riya,Divan,chandrandalbir@example.net,9240281822,2023-06-16,False
1434,Yochana,Sekhon,aarav26@example.org,9085817452,2025-07-16,True
1435,Utkarsh,Parmer,nishamuni@example.org,9357004129,2022-05-15,False
1436,Liam,Narula,daliaomya@example.org,9255904610,2022-01-29,False
1437,Ucchal,Ghose,christopherlalla@example.com,9600128382,2025-06-17,True
1438,Gabriel,Balan,gillsai@example.org,9961512048,2024-09-29,True
1439,Advay,Tank,wsaran@example.com,9344604227,2025-02-15,True
1440,Theodore,Mital,gbakshi@example.net,9153057347,2022-10-30,False
1441,Aashi,Keer,oviya17@example.com,9822512726,2025-06-01,True
1442,Aarush,Upadhyay,tsahota@example.com,9562241976,2026-03-16,False
1443,Riya,Uppal,chaaya77@example.org,9290350061,2025-11-26,True
1444,Chavvi,Tella,jmitra@example.org,9354340466,2026-03-22,True
1445,Michael,Choudhry,gabrielnayar@example.net,9649525492,2021-09-16,True
1446,Mugdha,Malhotra,gaurang11@example.net,9973881827,2023-09-06,True
1447,Aarnav,Sanghvi,damyantikar@example.com,9948821884,2026-07-21,False
1448,Oni,Yadav,ravelnidhi@example.com,9051102125,2024-03-17,False
1449,Rohan,Mallick,grewalyug@example.org,9160498603,2025-10-15,False
1450,Lucky,Chaudhry,dbera@example.org,9203197899,2021-12-25,False
1451,Faris,Chakraborty,bachittar03@example.com,9713171978,2025-02-03,False
1452,Chakradev,Cheema,wdugal@example.com,9908419478,2024-05-11,True
1453,Janya,Andra,bosesamesh@example.com,9535821072,2026-04-23,True
1454,Sachi,Virk,sinhalaksh@example.com,9903716160,2026-04-06,False
1455,Yauvani,Choudhry,idubey@example.org,9996477183,2025-09-09,False
1456,Hamsini,Karan,semoni@example.net,9102480855,2025-07-10,True
1457,Xiti,Balay,garaaarini@example.net,9432362216,2026-07-16,False
1458,Baljiwan,Rajagopalan,dpandey@example.com,9670675169,2022-07-27,False
1459,Yatan,Patla,gauravnagy@example.org,9164261070,2023-06-01,True
1460,Rudra,Patla,virkaarna@example.org,9431983924,2026-03-04,False
1461,Brinda,Thakur,kannanarjun@example.org,9416910530,2022-10-25,False
1462,Harrison,Pillay,purohitvamakshi@example.net,9586463395,2023-07-17,False
1463,Dayita,Chana,aggarwaleshana@example.org,9147642789,2025-03-04,False
1464,Jason,Nagarajan,jkoshy@example.com,9512817751,2022-09-14,False
1465,Vivaan,Pradhan,gtoor@example.com,9542609723,2024-10-28,False
1466,Anirudh,Dube,brinda65@example.com,9677205171,2021-10-17,True
1467,Triveni,Jani,tellaubika@example.org,9564783703,2022-05-24,False
1468,Vidhi,Nadkarni,vedant80@example.org,9741485726,2021-12-26,False
1469,Neel,Gera,aashi68@example.com,9272884076,2025-03-17,False
1470,Zashil,Deshpande,sehgalkrishna@example.net,9327135386,2025-08-11,False
1471,Omisha,Devi,jeremiah38@example.com,9879060488,2024-11-28,True
1472,Vivaan,Goda,nattkamala@example.org,9405089273,2026-06-23,False
1473,Omya,Chacko,shivani64@example.org,9535670789,2025-07-03,True
1474,Xalak,Nori,aachal26@example.org,9903842273,2024-12-26,False
1475,Kalpit,Shah,pranitbhasin@example.net,9222711175,2025-09-24,True
1476,Pooja,Dara,bchhabra@example.org,9042985144,2026-04-06,False
1477,Netra,Kaul,prasadparth@example.org,9690392202,2025-01-28,False
1478,Akshay,Chandran,qarin64@example.com,9106801770,2023-05-27,True
1479,Faris,Ratta,sanayabaral@example.com,9004933267,2023-02-15,True
1480,Zehaan,Mammen,hkapur@example.com,9294763808,2023-06-15,False
1481,Bachittar,Rao,abha02@example.com,9998519393,2022-08-24,False
1482,Turvi,Dugar,igole@example.org,9291635049,2025-03-19,False
1483,Daniel,Dass,csaini@example.com,9527284539,2025-09-22,False
1484,Alka,Prakash,sethiaadi@example.net,9864067560,2023-01-03,False
1485,Chaitanya,Anne,gargchakradhar@example.org,9215439044,2026-03-05,True
1486,Bakhshi,Kar,nakshpall@example.org,9332023510,2022-11-15,False
1487,Kavya,Narula,daniel19@example.net,9354503698,2026-04-12,False
1488,Bhavani,Joshi,yatanhans@example.org,9436296208,2021-10-15,False
1489,Idika,Yohannan,jasondate@example.com,9412907596,2024-03-23,True
1490,Krish,Bhalla,dharxavier@example.com,9631774954,2022-12-04,False
1491,Dominic,Aurora,mgopal@example.com,9193759192,2023-02-06,False
1492,Meghana,Sekhon,karnikharish@example.com,9536264752,2025-11-21,False
1493,Mohini,Krishnamurthy,jchauhan@example.net,9096173009,2022-11-28,True
1494,Amruta,Murty,anamikabhat@example.org,9211535505,2022-05-13,True
1495,Anika,Kadakia,harishcheema@example.com,9308779724,2025-07-12,False
1496,Jonathan,Prasad,karan21@example.net,9834581920,2024-02-19,False
1497,Vasudha,Tailor,sankarwaida@example.net,9693332998,2025-03-21,True
1498,Irya,Chandran,dakshesh25@example.com,9846408585,2026-01-18,True
1499,Rehaan,Garg,rajeshri72@example.com,9208467292,2024-08-23,True
1500,Dalaja,Kalita,kashvi19@example.com,9282225018,2023-02-14,False
1501,Ira,Ravi,charitasekhon@example.org,9863942012,2022-12-11,True
1502,Yatan,Mahal,maniparth@example.net,9009662702,2025-01-18,True
1503,Mohini,Acharya,hema09@example.com,9632174003,2022-03-14,True
1504,Chandresh,Chad,yatanprabhakar@example.org,9892224711,2023-06-15,True
1505,Lavanya,Ahluwalia,sainiansh@example.net,9277056461,2025-02-12,False
1506,Christopher,Som,zdayal@example.com,9385009537,2023-01-14,False
1507,Ryan,Madan,cchana@example.com,9231336109,2023-10-07,False
1508,Barkha,Chander,imistry@example.org,9165441372,2025-07-05,True
1509,Upma,Rama,vansha60@example.com,9349429046,2022-02-25,True
1510,Urvashi,Narang,harish88@example.com,9017999324,2023-02-12,False
1511,Benjamin,Ganguly,theodore74@example.com,9417234565,2023-03-27,False
1512,Yachana,Ramachandran,saumya90@example.org,9548536268,2026-05-24,False
1513,Benjamin,Mand,mghose@example.net,9641009538,2024-06-06,False
1514,Dhriti,Subramaniam,owen16@example.net,9435990093,2025-08-14,True
1515,Faras,Lala,tbedi@example.com,9614378844,2023-05-15,True
1516,Tanvi,Behl,fprashad@example.net,9756467263,2024-12-31,False
1517,Ekalinga,Pillai,gagan85@example.net,9990027729,2022-07-01,False
1518,Advay,Varughese,gaurika07@example.net,9860435660,2024-06-07,False
1519,Balhaar,Kari,sachiloke@example.com,9983306773,2021-10-02,False
1520,Nidhi,Sinha,deshmukhqadim@example.net,9266794190,2025-12-01,True
1521,Siya,Trivedi,nnarasimhan@example.net,9590673963,2024-02-26,True
1522,Omkaar,Varma,bratta@example.net,9550492217,2022-01-23,True
1523,Adweta,Sami,rattisaanvi@example.org,9663201629,2021-09-09,True
1524,Urvi,Handa,yashodharabuch@example.net,9982718265,2023-04-20,False
1525,Viraj,Sheth,shankarabeer@example.net,9649426942,2021-10-26,False
1526,Samuel,Wason,gagankhanna@example.com,9490145996,2025-05-21,True
1527,Avi,Rai,devanshoak@example.net,9730549824,2023-07-15,False
1528,Yauvani,Mall,chaturadin@example.net,9178167806,2024-10-08,False
1529,Anika,Kapadia,ozacharles@example.org,9649281503,2025-05-19,False
1530,Chakradhar,Contractor,mbhagat@example.org,9640703088,2021-10-30,True
1531,Zarna,Bhatti,zdutta@example.org,9829682448,2024-05-03,False
1532,Ayushman,Bahl,hdin@example.net,9959274116,2026-02-26,False
1533,Aarnav,Sampath,rajanimaran@example.org,9766208082,2021-09-15,True
1534,Wriddhish,Dar,obhandari@example.org,9634443596,2023-02-16,True
1535,Zehaan,Natt,fahuja@example.org,9042425369,2021-09-20,True
1536,Gautam,Dugal,tarapatla@example.org,9028497603,2024-10-07,True
1537,Saumya,Acharya,chaayakibe@example.com,9524055364,2025-10-29,False
1538,Fariq,Walia,xpillai@example.com,9036488215,2026-05-30,True
1539,Siya,Tara,zarnapingle@example.com,9662323606,2024-12-28,False
1540,Ubika,Wadhwa,lmander@example.org,9259497220,2023-09-30,True
1541,Quincy,Vohra,kgour@example.com,9992066617,2026-05-28,False
1542,Nikita,Goel,hemanipurohit@example.net,9992998335,2026-04-07,False
1543,Vansha,Ratta,ctandon@example.net,9256041348,2023-01-12,True
1544,Chandran,Virk,yatin15@example.org,9983912260,2021-10-24,False
1545,Aayush,Bhavsar,chameli07@example.com,9291430491,2023-06-01,False
1546,Charita,Dani,jayaramanzaitra@example.net,9752872099,2026-02-27,True
1547,Radhika,Narang,kmishra@example.net,9240592082,2023-07-20,True
1548,Gayathri,Kata,sundarampooja@example.com,9919489629,2026-03-14,False
1549,Bahadurjit,Pingle,iwalla@example.org,9175307966,2022-06-02,True
1550,Qushi,Nath,wdua@example.net,9404347412,2024-04-07,True
1551,Umang,Bora,vasatikamutti@example.com,9100777321,2025-10-14,True
1552,Inaya,Bhatia,onichadha@example.net,9202599919,2023-04-02,True
1553,Zaitra,Sule,shivanshsharaf@example.org,9342444748,2021-07-25,True
1554,Anika,Tak,cbal@example.net,9862351076,2024-04-18,False
1555,Faraj,Bora,sbandi@example.net,9517328951,2023-11-04,True
1556,Indira,Rajagopal,aadhyabansal@example.net,9185805581,2022-05-17,False
1557,Ekani,Seth,anika96@example.net,9539160770,2021-12-29,False
1558,Bhavani,Apte,advikmukhopadhyay@example.com,9418403982,2023-01-29,False
1559,Finn,Zacharia,kadakialavanya@example.com,9203858864,2021-09-28,True
1560,Sai,Walla,doshimanya@example.com,9295164693,2023-04-18,True
1561,Warjas,Oommen,mdeo@example.org,9397440880,2025-03-28,True
1562,Vinaya,Basak,dalalgeorge@example.net,9431132661,2022-05-20,False
1563,Gautami,Yogi,hamsini80@example.com,9263211960,2024-01-28,False
1564,Suhani,Dutt,andrewmurthy@example.org,9970774544,2025-08-25,False
1565,Dakshesh,Wali,ronithbuch@example.com,9146199539,2023-11-18,False
1566,Oviya,Sunder,ireddy@example.com,9235960530,2022-09-26,False
1567,Leena,Borah,amol25@example.com,9870368605,2022-01-02,True
1568,Maya,Khalsa,randhawameghana@example.org,9605028164,2021-08-18,True
1569,Jai,Apte,calebdani@example.org,9030252094,2024-06-12,False
1570,Nakul,Iyengar,kprabhakar@example.com,9953192600,2026-02-06,True
1571,Qushi,Bassi,ubikapalla@example.com,9454492054,2026-04-20,False
1572,Baghyawati,Mangal,umang81@example.org,9808189655,2026-01-24,False
1573,Siddharth,Mander,ganga66@example.org,9295217970,2024-03-29,False
1574,Nikita,Rai,keernilima@example.org,9624860704,2025-05-19,True
1575,Mitesh,Sama,ibabu@example.org,9515850153,2021-08-07,True
1576,Ekansh,Sastry,gautamsampath@example.com,9156058790,2024-09-27,True
1577,Kai,Gola,chasmum13@example.org,9954794064,2024-09-02,False
1578,Tanay,Chatterjee,unni90@example.com,9719189866,2024-02-13,True
1579,Nidhi,Kala,ynarayanan@example.org,9833597487,2024-12-06,True
1580,Abhimanyu,Prasad,xbawa@example.org,9377184301,2026-05-11,True
1581,Quincy,Gade,parsarachana@example.com,9333297323,2026-05-17,False
1582,Nidhi,Mann,balveer28@example.org,9532676992,2023-10-05,True
1583,Noah,Sarna,nkhalsa@example.net,9238520232,2021-09-30,True
1584,Girindra,Krishnamurthy,bhattacharyyapallavi@example.net,9332844234,2025-10-08,False
1585,Ekavir,Vohra,adityasubramanian@example.com,9515452607,2024-04-25,True
1586,Rajata,Boase,timothydash@example.org,9064332262,2022-08-27,False
1587,Waida,Sengupta,nsibal@example.org,9168066470,2025-05-01,False
1588,Aarush,Johal,charles36@example.org,9595298424,2022-04-14,True
1589,Baljiwan,Solanki,chatresh27@example.com,9067582676,2022-09-25,False
1590,Kamya,Agate,adutta@example.org,9363856461,2023-12-20,True
1591,Sara,Loke,vedika93@example.org,9839979849,2022-03-22,False
1592,Aarini,Toor,lbanerjee@example.net,9955049326,2025-04-11,True
1593,Chaman,Kalita,karankapadia@example.net,9461212898,2022-03-13,False
1594,Hemang,Narayan,harinakshi34@example.org,9012762239,2026-01-29,True
1595,Daksha,Tank,orinder25@example.com,9787188822,2023-04-23,True
1596,Shravya,Vora,vbhardwaj@example.net,9841680613,2023-09-26,True
1597,Kala,Rattan,unni99@example.net,9460586794,2026-05-22,True
1598,Lila,Hans,aarushsaxena@example.org,9361080926,2022-04-10,False
1599,Leena,Rattan,abhimanyuchaudhary@example.com,9555786457,2026-01-04,True
1600,Mohini,Naidu,jagrati75@example.org,9247640006,2026-01-07,True
1601,Sanya,Nazareth,iwali@example.com,9051665451,2022-11-15,True
1602,Parth,Kunda,abha18@example.net,9974023386,2026-02-09,True
1603,Pooja,Badal,eeshasinghal@example.org,9170363094,2023-11-03,False
1604,Mitesh,Kala,lbhat@example.org,9508983094,2022-02-24,True
1605,Simon,Luthra,santdominic@example.net,9797972452,2026-04-15,False
1606,Amruta,Choudhary,jananiramachandran@example.net,9480450735,2024-10-10,True
1607,Vyanjana,Mistry,nagywishi@example.net,9394059802,2025-03-28,False
1608,Aarav,Ganguly,anamika20@example.org,9158925849,2021-09-17,False
1609,Upadhriti,Halder,mitesh03@example.org,9977748675,2024-09-01,False
1610,Ishaan,More,varghesepavani@example.net,9482308829,2024-04-14,False
1611,Zinal,Randhawa,hitesh96@example.org,9332605869,2023-12-11,True
1612,Noah,Sharaf,ssrivastava@example.net,9317306629,2023-05-19,False
1613,Gabriel,Prabhu,waglegautam@example.com,9882426559,2024-03-21,False
1614,Oeshi,Bajaj,pdua@example.org,9723717989,2021-10-16,False
1615,Max,Garg,urishillabhalla@example.org,9654870847,2025-05-12,True
1616,Ekantika,Lad,saxenaosha@example.com,9553981889,2021-11-25,True
1617,Sneha,Kade,evarkey@example.com,9915790894,2024-09-15,True
1618,Yashvi,Ramakrishnan,nidhikade@example.net,9488763802,2021-09-15,False
1619,Varenya,Rastogi,dorawazir@example.net,9612190518,2026-03-19,False
1620,Harish,Dubey,gchaudhari@example.org,9070669010,2025-06-06,False
1621,Kevin,Kanda,ldin@example.net,9268933486,2024-02-23,False
1622,Suhani,Batra,diyabasu@example.com,9757896833,2024-06-10,True
1623,Irya,Sehgal,surriya@example.org,9123155505,2025-04-21,False
1624,Bachittar,Parmar,girikvohra@example.com,9993844404,2024-09-09,True
1625,Yashodhara,Yogi,henrybose@example.com,9147012350,2023-04-02,False
1626,Nandini,Wason,ucomar@example.net,9689109779,2025-05-11,False
1627,Chatresh,Dhar,chasmumloke@example.com,9684467940,2023-07-15,False
1628,Pallavi,Sane,anthony16@example.org,9295737831,2024-08-01,False
1629,Wishi,Pau,mdyal@example.net,9273186830,2022-09-22,True
1630,Gaurang,Narula,daksha23@example.org,9241651854,2026-02-19,False
1631,Yug,Sant,dbajwa@example.org,9446746215,2026-06-07,True
1632,Ishanvi,Mander,suramrita@example.net,9916170502,2022-12-21,False
1633,Faraj,Varghese,ravelekbal@example.net,9413447609,2023-09-25,True
1634,Samar,Sur,bmani@example.net,9292864330,2022-11-07,False
1635,Panini,Pall,rajagopalanrachit@example.org,9836677196,2025-02-04,True
1636,Odika,Saran,agarwalliam@example.com,9634202223,2023-11-06,False
1637,Balveer,Bora,rakshasampath@example.net,9367590177,2022-03-06,False
1638,Falak,Doctor,anya61@example.com,9409233517,2024-02-24,True
1639,Megha,Patel,imohanty@example.com,9018637263,2022-02-16,True
1640,Ishanvi,Raj,ishani92@example.net,9277641490,2021-10-14,True
1641,Tarak,Naik,golagaurika@example.com,9134448672,2023-02-06,True
1642,Veer,Acharya,upasna33@example.org,9454615749,2023-04-01,False
1643,Manthan,Parmar,contractorabha@example.net,9978879531,2022-09-14,False
1644,Abhiram,Mann,nagybhavika@example.org,9776618308,2024-09-28,False
1645,Yadavi,Behl,chaudhryvarsha@example.org,9143915114,2023-07-05,True
1646,Rachita,Srivastava,ogarde@example.org,9078187109,2025-01-04,True
1647,Ekaja,Sampath,kabir57@example.org,9680269331,2024-09-23,False
1648,Adya,Gola,advikraval@example.org,9023028655,2021-09-21,False
1649,Eta,Devi,bhavyachandran@example.org,9420667015,2022-03-16,True
1650,Aahana,Nagarajan,anirudhchandran@example.com,9633822224,2021-11-18,True
1651,Azad,Nagarajan,kalpitgour@example.net,9205620190,2022-03-16,False
1652,Ishaan,Johal,damyanti33@example.net,9133252861,2023-05-22,False
1653,Nathan,Kohli,gautami64@example.com,9234286449,2025-04-30,False
1654,Priya,Ahluwalia,aishanivala@example.com,9634209536,2025-06-03,False
1655,Urvashi,Kibe,jalsa29@example.com,9356152665,2024-05-23,False
1656,Dominic,Loke,kramakrishnan@example.com,9380966414,2025-08-01,True
1657,Kala,Kanda,nidhiprabhakar@example.org,9474665353,2026-05-03,True
1658,Nikita,Datta,zaid24@example.org,9679241571,2022-11-23,False
1659,Tanvi,Sahota,udarshnaik@example.com,9346858639,2021-10-14,False
1660,Nitara,Chaudhuri,jyohannan@example.com,9979399816,2022-05-19,True
1661,Irya,Kapur,chaudhurimeera@example.net,9371030737,2022-09-04,True
1662,Ladli,Bhargava,xganesan@example.org,9148967808,2022-10-02,False
1663,Libni,Maharaj,jacobdeep@example.org,9463947625,2023-12-05,True
1664,Maanas,Gala,wminhas@example.com,9339172994,2021-08-29,True
1665,Tanveer,Rana,yashasvi11@example.org,9664971967,2021-10-12,False
1666,Nisha,Kapur,falgunikannan@example.net,9101612590,2022-07-12,False
1667,Nandini,Koshy,bahadurjit13@example.org,9344376734,2026-02-06,False
1668,Harish,Manda,lankagaurang@example.net,9016793014,2026-03-12,False
1669,Gavin,Chawla,bakshichampak@example.com,9202886616,2026-03-12,True
1670,Bachittar,Bora,koshybishakha@example.org,9134854842,2022-01-27,True
1671,Shaurya,Nagar,falansandal@example.org,9791791386,2022-01-23,False
1672,Fariq,Naik,schaudhary@example.org,9713219402,2024-02-22,True
1673,Ucchal,Agrawal,gaurangmann@example.org,9128745271,2023-05-18,False
1674,Rajata,Soni,vritti64@example.com,9391381074,2022-07-05,False
1675,Ladli,Das,omkaar32@example.org,9540131535,2021-12-31,False
1676,Nirja,Sant,lipikabhavsar@example.com,9845525274,2022-03-15,False
1677,Aarnav,Dewan,barkha71@example.net,9798994885,2025-03-09,True
1678,Madhavi,Mandal,dalbirbalasubramanian@example.com,9195675635,2024-08-29,False
1679,Yamini,Minhas,qarinsen@example.net,9172662565,2021-10-13,True
1680,Aashi,Raja,soniarin@example.net,9014413068,2025-02-21,True
1681,Pranit,Lad,valasai@example.org,9006689041,2025-09-11,False
1682,Krishna,Yadav,abhimanyusodhi@example.com,9238115223,2022-10-11,False
1683,Manbir,Golla,mohammedmander@example.org,9847528359,2024-02-03,True
1684,Azad,Agarwal,george08@example.com,9791351135,2021-10-25,False
1685,Dipta,Hari,saanvi22@example.net,9892064157,2026-04-19,False
1686,Banjeet,Shetty,ayushdatta@example.net,9010419453,2024-02-16,False
1687,Faras,Natarajan,yashvichandran@example.net,9447867428,2021-11-15,True
1688,Parth,Chada,arinrajan@example.org,9578037891,2022-10-21,True
1689,Gunbir,Kapadia,pkrishna@example.net,9699055855,2025-10-03,True
1690,Kashish,Mohan,mallrachit@example.net,9069690452,2025-12-26,False
1691,Pushti,Aurora,ubhavsar@example.org,9656733745,2025-05-04,False
1692,Caleb,Butala,jnadkarni@example.com,9613681498,2022-01-23,False
1693,Logan,Parmar,anmolvala@example.com,9376992964,2023-11-08,False
1694,Charvi,Sharaf,ugole@example.org,9842324234,2025-12-02,True
1695,Aayush,Balay,fariq72@example.com,9155369158,2024-06-09,True
1696,Divya,Shanker,ayush62@example.com,9960242570,2023-08-07,False
1697,Tanay,Kant,hamsinimanne@example.com,9231582863,2021-12-15,True
1698,Ati,Bahri,radhikaramanathan@example.org,9991721742,2022-09-29,True
1699,Karan,Bala,gagan67@example.net,9215392669,2023-05-08,True
1700,Vaishnavi,Ahluwalia,ikant@example.com,9031392804,2026-01-31,True
1701,Ishita,Amble,matthewbath@example.com,9190193335,2023-06-26,False
1702,Vrishti,Sur,bhatiaaarnav@example.org,9029561622,2024-06-16,False
1703,Krisha,Mand,gbhatt@example.net,9559407992,2023-06-29,False
1704,Aadi,Mangal,teerth23@example.org,9677814564,2025-04-25,True
1705,Bhavna,Konda,yarya@example.net,9194539117,2025-10-22,True
1706,Priya,Salvi,doak@example.com,9276120928,2022-04-19,False
1707,Ekani,Sood,rayethan@example.net,9902231167,2026-03-20,False
1708,Riya,Bajwa,osridhar@example.com,9353223718,2024-08-03,True
1709,Nachiket,Bora,kritikavarughese@example.net,9485637114,2022-11-09,False
1710,Devika,Hans,bariaayush@example.net,9375398923,2022-03-09,False
1711,Sarthak,Dhar,rajeshri59@example.net,9866932784,2022-06-10,False
1712,Vritti,Jaggi,vsachar@example.net,9153820114,2021-10-27,False
1713,Lipika,Pandit,priyaramaswamy@example.com,9267351272,2023-12-10,False
1714,Diya,Pai,yuvrajsuresh@example.com,9656976487,2025-11-29,False
1715,Chaaya,Sandhu,niteshmallick@example.net,9451046250,2025-01-29,True
1716,Kai,Sahota,leela85@example.org,9206276729,2023-07-13,False
1717,Ekaja,Bains,qkale@example.net,9421291465,2021-08-07,False
1718,Quincy,Din,brindatak@example.com,9804579725,2022-07-21,True
1719,Zinal,Manne,shankerarjun@example.org,9398214782,2023-08-19,False
1720,Reyansh,Saxena,dakshmadan@example.com,9167670636,2023-06-07,False
1721,Logan,Venkatesh,aiyer@example.org,9122008484,2022-08-22,True
1722,Lipika,Kulkarni,samarthkala@example.com,9796082896,2025-10-21,False
1723,Frederick,Jhaveri,vanand@example.net,9494692085,2025-02-16,False
1724,Ati,Ben,guhamadhav@example.com,9951935001,2022-06-26,True
1725,Garima,Manne,echoudhary@example.com,9808038890,2023-12-30,True
1726,Aadhya,Bir,mandadarsh@example.com,9315668513,2024-05-15,False
1727,Rayaan,Vig,maharajyutika@example.net,9374755803,2021-12-02,True
1728,Advik,Chauhan,uvarty@example.com,9471778401,2021-11-17,False
1729,Mohammed,Shere,ravelsamarth@example.com,9161158668,2025-02-26,True
1730,Isaiah,Chada,crajan@example.com,9983326170,2024-04-16,True
1731,Ayaan,Natarajan,kavyagupta@example.com,9581956572,2026-03-15,True
1732,Kala,Koshy,wriddhish39@example.net,9982426621,2025-07-18,True
1733,Vasatika,Nayak,bhavsarganga@example.net,9466879303,2021-08-14,True
1734,Max,Varma,samarth27@example.org,9766983451,2024-09-19,True
1735,Darsh,Gala,jeremiah85@example.com,9613087308,2026-05-13,False
1736,Urmi,Dass,shanudarsh@example.net,9277771184,2022-10-03,False
1737,Eiravati,Dave,ythaman@example.org,9090071210,2022-10-07,False
1738,Arya,Dhaliwal,chakrikamannan@example.com,9305777196,2022-08-02,True
1739,Vaishnavi,Chokshi,tpatla@example.net,9656676409,2024-10-10,False
1740,Wahab,Hayer,amaira00@example.net,9522426537,2023-04-08,True
1741,Qabil,Datta,borraaarna@example.org,9907054736,2021-12-27,False
1742,Ishaan,Natt,fcontractor@example.com,9010162600,2025-11-06,False
1743,Bachittar,Desai,jpalla@example.net,9347597833,2024-04-09,True
1744,Bhavya,Tripathi,ishitaswamy@example.org,9921496791,2023-09-16,True
1745,Leena,Kibe,sram@example.net,9320317266,2024-08-31,True
1746,Madhav,Vasa,dayitaramaswamy@example.net,9549272400,2021-11-08,False
1747,Lohit,Bail,fbawa@example.com,9605190854,2023-05-03,False
1748,Luke,Tandon,rattansamaksh@example.net,9033563693,2021-09-02,False
1749,Gaurav,Bhardwaj,baradcharles@example.net,9993187810,2024-03-13,False
1750,Chaitanya,Ghose,gautamimallick@example.org,9589290930,2023-10-18,True
1751,Thomas,Sawhney,fsamra@example.org,9662808122,2025-03-19,False
1752,Zinal,Bhavsar,chavvi74@example.com,9053110583,2023-08-23,False
1753,Abhiram,Sant,mjain@example.com,9984218914,2022-10-02,False
1754,Pahal,Kaul,ureddy@example.com,9016767187,2025-08-20,False
1755,Mitali,Dass,nilimakeer@example.com,9885016276,2023-01-10,False
1756,Nathan,Gour,bsankaran@example.com,9880937616,2024-04-29,True
1757,Omkaar,Grover,shethbishakha@example.net,9935981255,2025-08-13,True
1758,Varsha,Shroff,radhanaidu@example.net,9764083858,2021-10-09,False
1759,Edhitha,Balan,mannanjeet@example.com,9165789391,2022-09-30,False
1760,Indira,Randhawa,girik88@example.com,9114860050,2021-08-07,True
1761,Qarin,Lala,pratyush87@example.net,9757030293,2021-09-18,False
1762,Jatin,Chaudry,hariniarya@example.org,9860742906,2024-06-29,False
1763,Manthan,Golla,utkarshgulati@example.com,9931806200,2025-10-20,True
1764,Rohan,Bahri,advikagera@example.com,9624975374,2021-10-10,False
1765,Eta,Talwar,malhotradalaja@example.com,9956740687,2023-05-03,False
1766,Janaki,Modi,kashish34@example.com,9146688658,2023-04-03,False
1767,Amrita,Toor,chamankarnik@example.net,9586267366,2024-02-11,False
1768,Zarna,Munshi,miteshbalan@example.net,9775870894,2023-08-21,False
1769,Nathan,Rege,zayanmital@example.org,9695805045,2022-01-26,False
1770,Jalsa,Balay,amrutarattan@example.com,9200734293,2026-05-22,True
1771,Chakradev,Sibal,vkaran@example.com,9295450380,2022-02-07,False
1772,Oviya,Devi,indali15@example.org,9204502814,2023-05-07,False
1773,Hemal,Karan,dewanucchal@example.net,9433795311,2022-07-06,False
1774,Lucky,Khare,ayush42@example.com,9527428662,2024-06-27,True
1775,Indrajit,Behl,warhi38@example.org,9855451460,2022-04-02,False
1776,Vincent,Naik,brarvansha@example.net,9455537062,2025-08-05,True
1777,Quincy,Chokshi,mshah@example.org,9746121575,2025-02-28,False
1778,Ojas,Sandal,harrison26@example.org,9848187620,2022-01-24,True
1779,Panini,Kaur,sankarwridesh@example.org,9399516704,2024-06-01,False
1780,Bachittar,Narayan,jeremiahsahota@example.com,9312343888,2021-11-21,False
1781,Darika,Thakkar,gautam42@example.org,9259364502,2026-04-08,False
1782,Parth,Khanna,koshyaadhya@example.org,9755767299,2022-02-08,False
1783,Imaran,Narula,arjun44@example.org,9183436953,2022-04-13,True
1784,Balvan,Dugar,hsule@example.net,9150629179,2022-08-22,True
1785,Madhavi,Nori,sethtanay@example.org,9816291087,2023-07-05,False
1786,Nachiket,Dugar,koshymekhala@example.net,9157376710,2024-08-13,False
1787,Laksh,Varkey,asura@example.com,9459915304,2023-11-23,True
1788,Eesha,Behl,goelabeer@example.org,9683878903,2024-03-13,True
1789,Hiral,Bhakta,diyathakur@example.com,9760304093,2023-11-20,True
1790,Nikita,Sharaf,chameli18@example.net,9236881013,2026-03-28,True
1791,Kevin,Sekhon,ekbalbava@example.com,9133460184,2022-12-03,True
1792,Manthan,Agate,keeromkaar@example.com,9320831681,2025-01-22,True
1793,Tristan,Sagar,khannagabriel@example.net,9736907894,2025-09-12,True
1794,Priya,Subramaniam,chakradharbasak@example.org,9521410707,2022-07-14,True
1795,Radha,Khurana,janya08@example.net,9512370851,2022-07-02,True
1796,Faris,Lanka,janaki45@example.com,9972965561,2023-02-23,False
1797,Sudiksha,Sangha,pbrar@example.com,9718862639,2024-07-30,False
1798,Nandini,Chhabra,neelimaraj@example.com,9830557371,2023-03-24,False
1799,Vanya,Mangat,gandhilogan@example.org,9461446627,2025-03-04,True
1800,Samarth,Kamdar,minhasindrajit@example.org,9761421524,2025-11-29,True
1801,Utkarsh,Chowdhury,vwali@example.com,9364704656,2026-02-22,True
1802,Lila,Uppal,nbains@example.com,9883004837,2023-07-02,True
1803,Neelima,Karan,padmanabhanpratyush@example.net,9291270659,2023-06-18,False
1804,Ati,Bhatt,lallachandresh@example.com,9291187228,2022-11-24,False
1805,Avni,Srinivasan,venkataramanreyansh@example.org,9181796075,2025-05-17,False
1806,Zayyan,Sood,saumya99@example.org,9522171148,2025-01-16,True
1807,Gautami,Sahni,zansi18@example.net,9810617356,2023-08-19,False
1808,Girindra,Reddy,girindraganguly@example.net,9755726169,2024-02-27,False
1809,Nirja,Kamdar,etripathi@example.org,9938999068,2022-12-24,False
1810,Champak,Comar,agastyatata@example.org,9675321633,2025-02-23,True
1811,Jai,Khurana,singhalforum@example.com,9900490372,2024-08-07,True
1812,Chakrika,Prabhu,yahvi35@example.net,9639981274,2023-06-01,True
1813,Mitesh,Dhillon,hema17@example.com,9192581476,2023-02-02,True
1814,Hitesh,Gopal,nidrabarad@example.org,9863994541,2023-05-01,True
1815,Zayan,Nadkarni,girindramurthy@example.com,9309307968,2024-06-08,False
1816,Chakradhar,Sangha,janani98@example.com,9240899217,2025-09-04,True
1817,Raghav,Narasimhan,sahotanandini@example.net,9113397367,2021-10-22,True
1818,Vanya,Deshpande,srinivasupkaar@example.net,9402422241,2026-01-11,False
1819,Victor,Bhat,lkorpal@example.net,9365401814,2024-01-12,False
1820,Amrita,Ganguly,anika20@example.org,9435094765,2022-05-03,True
1821,Jacob,Varma,vbhattacharyya@example.com,9409941475,2023-03-14,False
1822,Dhruv,Hans,ubarad@example.com,9245190826,2022-03-18,True
1823,Ekavir,Bala,eesharajagopal@example.com,9942992023,2025-08-25,True
1824,Lavanya,Raj,msampath@example.org,9295338619,2023-09-09,False
1825,Girik,Bhattacharyya,amolkashyap@example.com,9242406628,2023-02-28,True
1826,Anamika,Rout,sakshammital@example.net,9889334375,2022-06-08,False
1827,Lakshmi,Sarin,baljiwan86@example.com,9424382692,2026-04-12,False
1828,Forum,Oza,senguptaamruta@example.org,9509528895,2023-11-17,False
1829,Varsha,Anand,prishasami@example.com,9535917650,2023-10-06,False
1830,Tanvi,Dash,aayushbarad@example.net,9954288734,2023-12-26,True
1831,Neelima,Purohit,csani@example.net,9899470617,2021-10-02,False
1832,Rachita,Behl,lalria@example.org,9103847156,2025-08-25,False
1833,Jagrati,Sahota,ananda@example.net,9518860167,2024-01-19,True
1834,Advika,Golla,bhanumatijohal@example.com,9969850450,2024-05-31,True
1835,Nilima,Rege,vedhikaoza@example.com,9024286178,2026-07-25,False
1836,Oliver,Narula,tdash@example.org,9250385762,2024-10-06,True
1837,Charvi,Varkey,sabharwalzaid@example.net,9493680635,2025-12-02,False
1838,Indali,Kant,chadanthony@example.org,9278969519,2023-05-03,False
1839,Aarav,Menon,manan77@example.com,9867036562,2022-01-01,True
1840,Rishi,Sami,zehaanmodi@example.net,9439468963,2023-07-17,True
1841,Henry,Yogi,dorarohan@example.org,9576170731,2025-05-12,False
1842,Charvi,Mammen,triya76@example.org,9626367850,2025-11-23,False
1843,Vrinda,Tandon,warhi59@example.com,9434852953,2025-05-11,True
1844,Tripti,Kulkarni,khatrivamakshi@example.com,9768740420,2025-08-24,True
1845,Oviya,Sibal,faris49@example.com,9534115733,2022-01-25,False
1846,Dalbir,Bali,mallbahadurjit@example.com,9565823445,2023-08-22,False
1847,Gauri,Sami,yatan52@example.org,9266000470,2026-06-01,False
1848,Farhan,Boase,korpaldarika@example.net,9561199899,2024-12-15,True
1849,Dipta,Buch,chaudryeesha@example.net,9374661447,2025-05-18,False
1850,Pavani,Chander,fvaidya@example.net,9047966682,2021-09-12,True
1851,Kashish,Deol,netra59@example.net,9508914233,2021-08-05,True
1852,Pranit,Grewal,ssami@example.org,9547398622,2022-02-18,True
1853,Zehaan,Bhakta,ekalinga31@example.net,9660474733,2026-04-04,False
1854,Gautam,Kulkarni,vtella@example.org,9474420359,2023-10-18,False
1855,Baghyawati,Chauhan,ganesanupkaar@example.net,9735186647,2025-08-21,True
1856,Chasmum,Chandran,gautamjani@example.com,9183025853,2023-11-03,True
1857,Omya,Nadkarni,pallashivansh@example.net,9885217895,2024-06-26,False
1858,Dalbir,Virk,faqid28@example.com,9558167592,2023-05-24,False
1859,Samesh,Chatterjee,deepawalia@example.net,9180038146,2023-03-04,True
1860,Aashi,Datta,devikadugar@example.org,9959730912,2022-02-06,False
1861,Yutika,Murthy,urmihans@example.com,9114613315,2024-08-05,False
1862,Janani,Hayre,bhatnagarekani@example.org,9030440778,2022-04-24,False
1863,Harish,Batta,npatel@example.net,9455766345,2024-02-23,False
1864,Jagdish,Gour,dhaliwalniharika@example.net,9945206419,2022-06-09,True
1865,Arin,Saini,rajalajita@example.net,9910082242,2022-08-12,False
1866,Nidhi,Wason,omishathakur@example.org,9217562699,2024-10-22,False
1867,Madhav,Balasubramanian,anikataneja@example.net,9100593257,2022-08-31,True
1868,Kevin,Shah,jagginakul@example.org,9007485972,2023-09-22,True
1869,Rayaan,Sheth,dhilloninaya@example.org,9452058028,2024-12-16,True
1870,Amol,Rai,maniayush@example.org,9240654747,2024-12-16,False
1871,Harita,Barman,kurianfiyaz@example.net,9898566430,2022-05-12,False
1872,Lopa,Narayan,raagini23@example.net,9878887656,2023-08-02,True
1873,Ethan,Jha,aben@example.net,9229011386,2021-08-22,False
1874,Ati,Subramaniam,sanya19@example.net,9038035148,2026-07-22,False
1875,Ekantika,Korpal,bimalamorar@example.org,9914790534,2025-04-23,True
1876,Kabir,Khatri,girik67@example.org,9095326708,2023-09-27,False
1877,Yashvi,Varughese,vwadhwa@example.com,9562925822,2026-01-12,False
1878,Nitesh,Yadav,choudhrytejas@example.org,9353068856,2026-02-11,True
1879,Chanchal,Sami,orout@example.com,9809645837,2023-11-07,True
1880,Avni,Nanda,jnatt@example.org,9353175559,2022-11-29,True
1881,Yahvi,Suresh,tanvi41@example.net,9148626751,2022-07-26,False
1882,Waida,Samra,gaurika34@example.net,9655156419,2024-12-29,True
1883,Ridhi,Wagle,ukhanna@example.org,9093582016,2023-03-12,False
1884,Baljiwan,Chada,vaishnavi22@example.com,9228483492,2025-08-23,False
1885,Lakshmi,Roy,venkateshaachal@example.com,9018040334,2026-04-09,False
1886,Abdul,Bora,theodore73@example.com,9866715544,2025-02-09,False
1887,Amol,Pai,miteshramaswamy@example.org,9967462720,2024-05-23,True
1888,Samuel,Rana,dev19@example.net,9285672850,2023-01-06,True
1889,Frederick,Parikh,teerth83@example.org,9775582126,2023-02-11,True
1890,Omaja,Lad,kamalarao@example.com,9844607890,2025-08-25,False
1891,Hemal,Butala,thamandhruv@example.com,9755129441,2024-03-04,False
1892,Noah,Nori,harishsanghvi@example.com,9982838597,2023-11-17,True
1893,Ria,Saxena,ypalla@example.com,9907055494,2023-05-09,True
1894,Damini,Kapadia,eyadav@example.net,9715692209,2023-10-28,True
1895,Chatura,Sur,tkhosla@example.org,9535977100,2022-07-01,True
1896,Jatin,Nath,turvi73@example.com,9943148722,2024-07-23,True
1897,Jasmit,Sidhu,nandini41@example.org,9547416855,2025-07-16,True
1898,Tanish,Murthy,wazirdhillon@example.net,9555809579,2024-02-16,False
1899,Vinaya,Pathak,regeneha@example.org,9284136233,2024-02-18,False
1900,Sachi,Agarwal,andrew71@example.com,9697147973,2024-01-14,True
1901,Jeet,Palla,harini08@example.net,9374560170,2023-03-10,True
1902,Lipika,Chaudhuri,brahmbhatttriveni@example.com,9900170679,2023-11-09,False
1903,Bahadurjit,Suresh,hgokhale@example.com,9516215938,2026-07-17,True
1904,Panini,Saxena,wkrish@example.org,9673558960,2025-09-21,False
1905,Dalbir,Sha,kiaanwalla@example.net,9341335139,2021-08-16,True
1906,Falan,Magar,champaksidhu@example.com,9274936635,2025-08-23,False
1907,Odika,Sathe,loyalzinal@example.org,9300735658,2022-11-13,True
1908,Madhavi,Bakshi,hemagolla@example.net,9637941288,2024-11-18,False
1909,Pushti,Chawla,datekabir@example.org,9214252611,2026-07-18,False
1910,Vrinda,Din,damini65@example.com,9446532554,2023-12-31,True
1911,Faraj,Choudhary,waliahema@example.org,9367380520,2023-04-26,False
1912,Harish,Kalita,gsanghvi@example.com,9184714622,2021-10-19,False
1913,Falan,Lal,rushilkibe@example.com,9401127283,2024-11-15,True
1914,Advay,Hayre,trivedivasatika@example.com,9477090676,2022-06-26,False
1915,Warjas,Shroff,vdhawan@example.net,9507671621,2025-10-22,False
1916,Manan,Barman,zaitra68@example.org,9418693032,2024-11-08,True
1917,Chameli,Narasimhan,nkunda@example.com,9741991605,2023-07-11,True
1918,Anmol,Ram,bachittar97@example.net,9034251970,2022-08-12,True
1919,Ekapad,Prakash,guhamekhala@example.net,9296707421,2024-05-21,True
1920,Yatin,Bhavsar,mitalidevi@example.com,9260221690,2026-03-31,False
1921,Yashvi,Shah,anya80@example.org,9933583843,2022-04-07,False
1922,Aayush,Rege,saumya35@example.org,9745469351,2021-10-13,True
1923,Nicholas,Bumb,champak12@example.net,9331955897,2026-05-19,True
1924,Advik,Kannan,sudiksha17@example.com,9170305687,2022-01-18,True
1925,Chavvi,Borah,zehaanraja@example.org,9516483895,2023-05-04,False
1926,William,Sem,hlad@example.net,9767760064,2023-06-22,True
1927,Dayita,Nair,fkaul@example.net,9730332496,2025-05-26,False
1928,Gauri,Tata,harini10@example.com,9848094731,2026-03-03,False
1929,George,Padmanabhan,vbahri@example.com,9270799594,2025-08-15,True
1930,Odika,Dalal,chokshicharan@example.com,9976475456,2024-06-19,True
1931,Triya,Doctor,kdoshi@example.com,9934854039,2021-08-26,False
1932,Yashica,Kuruvilla,wwadhwa@example.net,9606699261,2023-06-03,False
1933,Zilmil,Deo,csoni@example.net,9777795703,2026-05-29,False
1934,Niharika,Dhawan,fkapoor@example.com,9927110735,2022-08-11,False
1935,Kalpit,Saini,rachitbali@example.com,9824323330,2022-10-12,False
1936,Tanveer,Karpe,ati60@example.com,9069430695,2022-09-03,False
1937,Rayaan,Om,zyogi@example.com,9294128537,2021-12-22,True
1938,Bachittar,Raja,zehaan88@example.com,9487531198,2021-08-24,True
1939,Aahana,Ganesan,inaya42@example.net,9053764255,2021-10-25,False
1940,Varsha,Samra,branganathan@example.net,9203922131,2025-08-25,True
1941,Bakhshi,Chander,nandini63@example.net,9928798728,2025-10-16,True
1942,Samaksh,Bose,nakul49@example.com,9629179644,2022-07-16,False
1943,Prisha,Anand,robertgoswami@example.net,9880700510,2023-01-31,True
1944,Vinaya,Muni,fariq20@example.org,9201754541,2024-12-13,True
1945,Anya,Wagle,qdevan@example.net,9104662750,2022-05-24,True
1946,Ishani,Garg,qsem@example.com,9203607854,2026-03-07,True
1947,Ranbir,Jaggi,pradhanyashica@example.com,9238368060,2022-04-24,False
1948,Aashi,Nayak,odube@example.org,9671485819,2025-06-24,False
1949,Abhimanyu,Chandran,chaitanya19@example.com,9797209251,2026-06-04,False
1950,Kalpit,Batra,dubeyira@example.org,9332970493,2025-08-13,False
1951,Harini,Tiwari,harshiloza@example.net,9551163971,2023-12-19,True
1952,Nitesh,Bahl,dnatt@example.com,9142487396,2022-11-29,True
1953,Lekha,De,fariq88@example.org,9124977367,2025-08-24,False
1954,Onveer,Kuruvilla,rayaan43@example.net,9549787296,2024-08-22,False
1955,Vamakshi,Choudhary,nidra43@example.net,9029903480,2024-02-02,True
1956,Jeremiah,Memon,dsahota@example.net,9009409165,2025-09-02,False
1957,Vedant,Sridhar,sdatta@example.org,9662254920,2023-06-11,True
1958,Nitara,Kashyap,chadamrita@example.net,9015273117,2023-02-17,True
1959,Qabil,Randhawa,dominic47@example.com,9690018429,2023-06-17,True
1960,Teerth,Narayan,saumya42@example.org,9983596677,2022-04-07,False
1961,Ira,Krish,gangulyojas@example.com,9247365003,2022-10-13,True
1962,Amol,Barad,sankarancharita@example.com,9614427873,2024-04-29,True
1963,Eesha,Lad,manderpatrick@example.net,9316979206,2025-04-30,True
1964,Januja,Loyal,ronithmohan@example.org,9969045392,2024-07-06,True
1965,Owen,Varghese,vkapadia@example.com,9338133073,2023-12-03,True
1966,Harini,Kothari,chandreshgolla@example.org,9641224740,2026-05-31,True
1967,Kavya,Halder,ddugar@example.org,9350516023,2022-09-08,False
1968,Eta,Char,suragaurav@example.com,9558709404,2022-11-08,True
1969,Max,Mistry,maya41@example.org,9992551253,2025-11-27,True
1970,Balendra,Sunder,chandzaid@example.net,9505349419,2025-07-25,True
1971,Imaran,Nath,wmurthy@example.com,9166328246,2023-08-28,False
1972,Anay,Sani,roykrish@example.org,9856352007,2025-04-09,False
1973,Elijah,Munshi,mannmitesh@example.org,9598685697,2025-06-24,True
1974,Faras,Mohan,tanveersami@example.org,9809010146,2022-05-19,True
1975,Chandresh,Kalita,vedikavarghese@example.net,9881893046,2022-07-15,True
1976,Libni,Kibe,reddyyashoda@example.com,9851856905,2021-11-11,True
1977,Lakshmi,Natt,wyadav@example.org,9672800727,2022-11-23,False
1978,Aarav,Choudhury,sara23@example.com,9356407830,2026-02-06,True
1979,Tristan,Bawa,hsawhney@example.net,9995145498,2023-04-21,False
1980,Nisha,Shenoy,ladlila@example.com,9490668867,2024-09-24,False
1981,Ekapad,Nazareth,fchaudhuri@example.com,9456059563,2024-02-23,True
1982,Yuvraj,Chakraborty,sarnashaurya@example.net,9200258565,2023-05-20,False
1983,Wriddhish,Singh,ysubramaniam@example.org,9031678719,2022-12-06,True
1984,Ojasvi,Chokshi,barkha87@example.net,9201240254,2024-06-06,True
1985,Ekani,Bajwa,oommenchakrika@example.net,9080998397,2024-12-23,False
1986,Tara,Khalsa,tdeshmukh@example.com,9163034383,2022-01-25,False
1987,Ayaan,Balan,manneudant@example.com,9294930741,2025-04-14,False
1988,Nitara,Murthy,odika62@example.net,9973518962,2022-10-19,True
1989,Gayathri,Dubey,onarang@example.com,9002230234,2021-11-23,True
1990,Kashish,Raja,gseth@example.org,9515890418,2022-12-22,False
1991,Yashica,Arora,ekaraj66@example.com,9081239278,2026-04-09,False
1992,Chaaya,Majumdar,lbandi@example.net,9636152769,2024-04-23,True
1993,Baghyawati,Mitter,nachiket02@example.org,9482488631,2023-08-23,False
1994,Triya,Keer,tbose@example.com,9031180266,2026-07-23,False
1995,Jairaj,Lall,kotharinilima@example.org,9610471891,2022-06-06,False
1996,Jeremiah,Murty,tdhar@example.net,9768834103,2023-10-16,False
1997,Farhan,Mand,horaekaraj@example.net,9118140513,2022-11-23,False
1998,Divya,D’Alia,tagate@example.com,9708560940,2024-11-06,True
1999,Sudiksha,Chaudhry,yahvi78@example.org,9103145645,2025-08-05,False
2000,Jeremiah,Dua,qnarang@example.com,9940740337,2023-10-27,False
2001,Aarna,Vohra,maggarwal@example.org,9391369412,2025-01-01,True
2002,Charita,Bobal,rajananay@example.org,9267531805,2025-09-20,False
2003,Mekhala,Khurana,bansalfinn@example.org,9896546125,2023-06-26,True
2004,Meghana,Barad,bmani@example.org,9474867948,2024-10-13,True
2005,Zilmil,Magar,zansi17@example.org,9361007701,2025-05-06,False
2006,Vedika,Kapadia,kmunshi@example.com,9933078111,2025-04-29,True
2007,Hredhaan,Sampath,bansalarunima@example.net,9021444155,2025-02-27,False
2008,Sara,Mammen,vincentkaul@example.net,9849655239,2022-06-28,True
2009,Varsha,Bala,vivaanparsa@example.org,9004999266,2024-07-10,False
2010,Tanish,Raju,sridhartanmayi@example.org,9173946248,2025-10-10,False
2011,Max,Hayre,krisha53@example.net,9276871413,2023-11-21,True
2012,Sai,Dash,cramakrishnan@example.org,9605581735,2025-06-30,False
2013,Jeremiah,Dani,ramalaban@example.com,9069893546,2024-02-19,True
2014,Nandini,Joshi,gaurora@example.com,9557039342,2025-08-10,False
2015,Hardik,Zachariah,vrao@example.net,9255290509,2023-01-15,True
2016,Lopa,Bera,bavafaris@example.org,9015616197,2023-03-15,False
2017,Aarna,Krishnan,dewangagan@example.org,9008823846,2026-06-09,True
2018,Charan,Ravel,mdatta@example.net,9310448177,2023-08-25,False
2019,Nitara,Patil,oni19@example.org,9218822063,2022-04-04,False
2020,Mitali,Mani,srivastavaleena@example.org,9302364169,2023-08-05,True
2021,Pallavi,Toor,edhithabhatti@example.com,9764032391,2026-06-04,True
2022,Vedant,Gola,logan82@example.net,9671269379,2023-10-10,True
2023,Ekani,Gandhi,dhritigoyal@example.net,9644484368,2025-04-06,False
2024,Yashica,Chowdhury,bordedayamai@example.org,9306409805,2026-05-05,False
2025,Xalak,Srinivas,nathedhitha@example.net,9590627879,2022-01-02,True
2026,Onveer,Parekh,doshiamol@example.net,9463721626,2024-12-04,True
2027,Arin,Kalita,ranveernaik@example.net,9418029559,2026-05-24,True
2028,Vrishti,Sidhu,tamannahayre@example.net,9579551924,2025-05-27,True
2029,Amruta,Chada,bhattvarenya@example.net,9367038625,2024-11-26,False
2030,Ubika,Sankar,chauhannaveen@example.com,9842330080,2024-08-21,True
2031,Mitali,Krish,trivedimadhav@example.net,9248287321,2021-11-24,False
2032,Urmi,Vig,fiyazgarg@example.net,9736548522,2021-08-02,False
2033,Urmi,Deol,bhattsaumya@example.org,9842874162,2025-09-24,True
2034,Qushi,Kadakia,enarain@example.org,9955510051,2021-11-02,True
2035,Yochana,Contractor,aahana22@example.com,9230036072,2022-08-29,True
2036,Wridesh,Nagy,dubevihaan@example.org,9342437539,2022-07-16,True
2037,Radhika,Dhaliwal,choudhuryojasvi@example.net,9631669687,2024-02-29,False
2038,Aditya,Kothari,aaravkumar@example.com,9441061664,2026-07-01,True
2039,Ucchal,Agrawal,manibina@example.net,9580151764,2022-10-11,True
2040,Nitara,Garde,dayalchakrika@example.org,9150509699,2025-02-05,False
2041,Hardik,Hayer,narayannicholas@example.net,9552322805,2025-11-04,True
2042,Reyansh,Shah,pmodi@example.com,9404762539,2024-08-29,False
2043,Chakradhar,Chhabra,daliaforum@example.org,9558627788,2026-02-21,False
2044,Peter,Ratti,kantfitan@example.com,9489030458,2025-11-17,False
2045,Abhimanyu,Sinha,sankaranekansh@example.com,9229355459,2023-02-07,False
2046,Chakradev,Nanda,niharika75@example.com,9799113798,2023-06-19,False
2047,Andrew,Mody,unni62@example.com,9451160895,2026-01-28,False
2048,Ucchal,Barad,palloliver@example.org,9133689600,2025-12-07,False
2049,Rohan,Magar,rsant@example.net,9128989930,2025-10-12,False
2050,Avni,Ramakrishnan,dadayatin@example.net,9997992715,2024-11-29,False
2051,Chanakya,Kannan,vedikazachariah@example.net,9528589868,2022-06-15,False
2052,Aarna,Keer,srandhawa@example.org,9090073794,2026-07-08,True
2053,Chameli,Malhotra,turvi44@example.com,9107692626,2024-06-25,False
2054,Bhavani,Kata,siya59@example.org,9604359839,2025-12-13,False
2055,Forum,Bhagat,xsanghvi@example.net,9578375681,2024-10-12,True
2056,Vansha,Vora,tejas40@example.com,9307177613,2024-04-02,False
2057,Atharv,Agate,itrivedi@example.org,9692233854,2021-09-05,False
2058,Warinder,Gulati,ioak@example.net,9502312653,2022-11-29,False
2059,Tara,Khanna,ganga14@example.net,9724903223,2023-11-04,True
2060,Vasatika,Sur,masterpanini@example.net,9509355557,2021-12-02,True
2061,Manthan,Bansal,royishaan@example.com,9413644594,2025-07-24,True
2062,Manya,Choudhry,hritikkrish@example.net,9912706507,2025-01-03,True
2063,Harshil,Dube,masonkhalsa@example.net,9056446853,2021-08-07,False
2064,Aahana,Prabhakar,ekiya59@example.com,9026356077,2025-09-15,False
2065,Devika,Kalita,lakshsura@example.com,9399046008,2023-01-28,False
2066,Yash,Ratta,bdhar@example.net,9022209755,2021-10-05,True
2067,Nandini,Chawla,bbarad@example.net,9701512003,2026-07-13,True
2068,Sathvik,Krishnan,bachittar76@example.net,9721621833,2023-07-13,False
2069,Elijah,Dugar,udarsh07@example.org,9226008228,2023-07-19,True
2070,Ubika,Saxena,qabil70@example.com,9498578872,2026-03-22,False
2071,Maanav,Bhatia,jhari@example.org,9801269804,2023-10-06,True
2072,Ojasvi,Saini,yahvi95@example.org,9476096064,2025-04-21,False
2073,Nachiket,Kurian,peter57@example.org,9787477884,2021-09-06,False
2074,Riya,Aggarwal,omaja57@example.com,9706129889,2025-06-03,False
2075,Michael,Mohan,mohinivig@example.org,9928261641,2025-04-14,False
2076,Avi,Agarwal,rohan71@example.net,9860566880,2023-04-11,False
2077,Falan,Ratti,emody@example.net,9512798312,2023-10-18,False
2078,Kiaan,Patel,kashvimadan@example.org,9601991984,2026-04-17,True
2079,Anmol,Vig,sagate@example.org,9708671520,2025-08-22,False
2080,Unni,Chauhan,sinhabhavika@example.org,9433689579,2024-10-15,True
2081,Sneha,Doshi,nitara10@example.com,9110900701,2025-10-14,True
2082,Janaki,Bala,advikpradhan@example.org,9254972392,2021-11-03,False
2083,Finn,Arora,upmapatla@example.net,9974753965,2025-05-27,True
2084,Dayamai,Kumar,hiraldora@example.com,9942041641,2024-07-13,True
2085,Siddharth,Sastry,balveer51@example.org,9379376699,2025-05-14,True
2086,Ladli,Walla,puriaayush@example.net,9557174905,2025-12-29,True
2087,Chanchal,Raman,maharajanjali@example.net,9908035862,2023-12-22,True
2088,Chakradev,Parekh,qkumer@example.com,9099986324,2024-09-28,True
2089,Yagnesh,Nadig,ridhichopra@example.org,9110851846,2025-03-04,False
2090,Yasti,Nagy,noahbose@example.org,9596183073,2023-11-26,True
2091,Abhiram,Baral,manbirsahota@example.com,9259720554,2026-03-19,True
2092,Nihal,Varughese,devanshmanda@example.com,9498474604,2023-01-18,True
2093,Yug,Shah,subramaniamzayyan@example.net,9721461727,2024-06-02,True
2094,Champak,Madan,maanas92@example.com,9769889798,2026-01-10,True
2095,Triya,Singhal,chaaya45@example.net,9474134019,2022-09-21,True
2096,Tanay,Sagar,narasimhanradhika@example.org,9751934638,2021-10-17,False
2097,Indrajit,Dua,bhavini47@example.net,9365611568,2024-12-25,False
2098,Laban,Deo,davidshroff@example.org,9659480531,2024-10-13,True
2099,Bakhshi,Deep,shivanimistry@example.org,9303727186,2022-12-10,False
2100,Bhavani,Misra,apandey@example.org,9112138078,2023-02-22,False
2101,Vinaya,Zacharia,ranaomaja@example.org,9545985866,2023-07-14,True
2102,Irya,Sant,chaman18@example.org,9288252128,2026-02-27,True
2103,Lakshmi,Sant,muttianjali@example.com,9998428828,2024-01-01,False
2104,Saumya,Banik,oliverzachariah@example.net,9712320366,2026-01-04,True
2105,Rajata,Memon,saanvisrivastava@example.net,9626852728,2025-07-01,True
2106,Kritika,Balakrishnan,masonahuja@example.net,9778347106,2023-02-10,False
2107,Vedant,Kapadia,idika57@example.org,9562327700,2023-09-24,False
2108,Ganga,Kala,ishanvi97@example.org,9027322857,2021-10-03,True
2109,Devika,Gade,benjamin25@example.com,9546893977,2021-11-22,False
2110,Chaaya,Chawla,sagarvansha@example.net,9815964673,2026-01-19,True
2111,Mahika,Oza,tanne@example.com,9846733229,2022-03-01,True
2112,Nicholas,Mander,indira87@example.net,9700623945,2026-07-09,True
2113,Arya,Dutta,cmaharaj@example.com,9608953012,2021-12-18,True
2114,Umang,Konda,dalalwyatt@example.net,9871628335,2025-03-04,True
2115,Chatresh,Nagi,baradanay@example.org,9533743567,2021-09-28,True
2116,Kai,Sengupta,ggandhi@example.com,9156596957,2026-07-05,False
2117,Chakrika,Pandit,koak@example.com,9995505536,2022-09-14,False
2118,Fitan,Savant,mitalyoshita@example.com,9418395252,2024-09-07,False
2119,Luke,Bhatia,pwagle@example.net,9216511921,2024-02-10,False
2120,Kavya,Swamy,chakrika52@example.org,9302769473,2021-10-12,True
2121,Yochana,Dhaliwal,dakshesh35@example.net,9321244029,2023-04-08,False
2122,Rajata,Kaur,anthony94@example.org,9218052579,2024-04-04,False
2123,Darsh,Bala,vanya94@example.org,9232546018,2022-04-21,False
2124,Ishaan,Jani,viraj48@example.net,9571339962,2025-06-28,True
2125,Prisha,Sagar,grewalwakeeta@example.org,9421120291,2023-04-19,True
2126,Yadavi,Chacko,balveerchanda@example.com,9948029890,2026-04-17,False
2127,Ekaraj,Raghavan,zmittal@example.com,9231919908,2022-11-15,True
2128,Ekaraj,Kalla,ekaniramanathan@example.net,9317236670,2024-02-13,True
2129,Ekapad,Sule,apteteerth@example.net,9891918740,2024-04-17,True
2130,Ayushman,Choudhury,sameshdutt@example.org,9344956071,2023-09-28,False
2131,Zilmil,Soman,dpai@example.net,9775257231,2024-10-09,False
2132,Sathvik,Dalal,mbal@example.net,9781105703,2026-06-10,False
2133,Ladli,Jha,samramohini@example.com,9005994696,2024-12-10,False
2134,Yatan,Devan,tejasshenoy@example.org,9071580097,2022-02-14,True
2135,Anusha,Bava,phora@example.org,9343065874,2023-12-28,True
2136,Reyansh,Garg,upadhritinayak@example.net,9097228582,2024-09-28,True
2137,Geetika,Mahal,diya13@example.net,9196034823,2025-03-16,True
2138,Warhi,Jhaveri,zhayre@example.net,9323800436,2023-09-26,False
2139,Reva,Patla,odika64@example.net,9674163712,2021-11-21,False
2140,Mugdha,Kari,shankargaurangi@example.com,9297760145,2025-12-06,False
2141,Chasmum,Agrawal,choudhryamruta@example.com,9157281436,2022-02-22,True
2142,Elijah,Sachdeva,gdani@example.com,9603611892,2024-12-17,True
2143,Anthony,Natarajan,harinakshi46@example.com,9426836843,2025-10-24,True
2144,Siya,Chakraborty,avi34@example.net,9454595660,2021-08-21,True
2145,Vihaan,Amble,chandaodika@example.net,9227238697,2023-11-01,False
2146,Jeremiah,Chaudhary,yjohal@example.net,9385095709,2023-03-18,False
2147,Aarna,Balan,rayjalsa@example.org,9811364034,2026-01-19,True
2148,Zayan,Magar,urvisheth@example.org,9062795951,2024-02-27,True
2149,Pratyush,Pant,bhavani96@example.com,9954217562,2025-08-07,False
2150,Hemal,Ganguly,aroraisaac@example.com,9173447945,2026-07-16,True
2151,Qarin,Kaur,jacob63@example.net,9326489710,2022-01-05,True
2152,Gautam,Saxena,shroffharshil@example.org,9945761304,2026-05-19,False
2153,Charvi,Manda,manioscar@example.net,9355283372,2026-02-10,True
2154,Urmi,Parmer,kswamy@example.net,9130265647,2025-07-31,True
2155,Gopal,Butala,zarna82@example.net,9187089410,2025-09-17,True
2156,Jai,D’Alia,edar@example.com,9644611983,2022-01-28,False
2157,Tanvi,Patil,orinder47@example.org,9885237748,2025-10-11,True
2158,Tara,Agrawal,singhjai@example.net,9253251218,2021-10-28,False
2159,Nihal,Gandhi,ksubramanian@example.net,9096660286,2024-08-18,True
2160,Samar,Kale,tripti16@example.com,9682100370,2021-09-28,True
2161,Sanya,Batra,vinayavenkatesh@example.org,9886693207,2021-11-11,False
2162,Yutika,Keer,yamini49@example.org,9674876296,2024-07-08,False
2163,Daniel,Soman,amruta56@example.com,9726765419,2025-11-24,False
2164,Naveen,Thakkar,sekhonanika@example.com,9795003452,2022-10-31,True
2165,Darsh,Grewal,zgola@example.net,9303264525,2025-05-02,True
2166,Udant,Khurana,balitriya@example.com,9063516852,2022-10-29,False
2167,Anita,Shroff,xsrinivas@example.org,9258379900,2024-08-10,True
2168,Shaurya,Ratta,mjoshi@example.org,9763342285,2024-12-19,True
2169,Nathaniel,Venkatesh,udyatidey@example.org,9722593103,2023-07-07,False
2170,Urishilla,Bera,munilucky@example.net,9340370433,2023-07-19,True
2171,Ronith,Dasgupta,avniperi@example.com,9125780473,2025-04-21,True
2172,Harrison,Viswanathan,ishaan76@example.net,9680645544,2022-10-15,False
2173,Gopal,Pillai,yzacharia@example.org,9792640532,2025-05-24,False
2174,Rudra,Sangha,samarth42@example.net,9839039799,2025-07-20,False
2175,Zarna,Kalla,farispradhan@example.org,9321985965,2024-08-25,True
2176,Faris,Balan,garimaapte@example.com,9668606734,2025-10-07,False
2177,Omisha,Sinha,mishrapriya@example.org,9289591038,2024-05-30,False
2178,Qasim,Mukherjee,upasnaraj@example.org,9215596374,2023-04-25,False
2179,Oeshi,Kari,gayathri94@example.org,9389554656,2024-09-10,True
2180,Rushil,Borde,gbhardwaj@example.com,9300210273,2024-10-18,False
2181,Krisha,Kant,indaliramakrishnan@example.net,9732234874,2026-05-13,False
2182,Tanay,Bhattacharyya,araman@example.org,9910904886,2024-12-07,False
2183,Arin,Sathe,miteshsachdev@example.com,9478937859,2024-08-26,True
2184,Ati,Chand,ysankar@example.org,9909371645,2026-04-27,False
2185,Hritik,Atwal,inaya73@example.net,9466944733,2026-02-25,True
2186,Ridhi,Bhandari,kalpit89@example.org,9566518378,2024-02-21,False
2187,Shivani,Savant,wadhwayadavi@example.org,9743450968,2024-04-10,True
2188,Tanish,Thakur,rananakul@example.net,9502308996,2023-12-13,True
2189,Maya,Gandhi,tristan43@example.com,9486952121,2024-08-03,True
2190,Lopa,Balay,yaminiseth@example.org,9088035469,2024-01-14,False
2191,Lakshmi,Sane,mistrydaniel@example.org,9764747691,2022-04-05,True
2192,Pooja,Bumb,peterdalia@example.com,9039655868,2022-02-27,False
2193,Chaitanya,Basak,jason58@example.net,9333528660,2022-06-01,True
2194,Udant,Varma,diya00@example.org,9957380101,2023-02-17,False
2195,Chaitaly,Pandya,ichandra@example.org,9580619499,2026-06-26,False
2196,Jack,Gupta,cprakash@example.com,9519193968,2025-04-15,False
2197,Finn,Thaker,etailor@example.com,9080492932,2026-04-25,True
2198,Jasmit,Badal,mchaudhuri@example.com,9129332134,2026-06-20,True
2199,Ira,Gade,brijeshlanka@example.org,9037177588,2024-07-12,True
2200,Lekha,Dubey,ikumer@example.org,9661126203,2022-01-26,False
2201,Lipika,Prabhakar,sanghvieesha@example.com,9121186018,2022-04-05,False
2202,Jairaj,Deep,timothyhayre@example.org,9255987920,2025-03-19,False
2203,Matthew,Kant,maneharita@example.net,9688910961,2026-06-02,False
2204,Nidhi,Bava,jagrati05@example.org,9112036081,2025-01-03,True
2205,Anusha,Chauhan,kulkarniaadhya@example.net,9608197140,2026-04-04,True
2206,Warinder,Mahajan,qnanda@example.com,9950609580,2025-01-31,True
2207,Karan,Shan,harini66@example.net,9839859074,2022-10-08,True
2208,Anusha,Brar,luke90@example.com,9957762538,2024-01-04,False
2209,Suhani,Ravi,mchada@example.com,9301647286,2022-08-12,False
2210,Upasna,Memon,uvenkataraman@example.net,9026297611,2024-11-18,False
2211,Lila,Devan,asaran@example.org,9498246896,2025-09-02,True
2212,Chakradhar,Dash,ypingle@example.org,9774021572,2023-04-26,True
2213,Gabriel,Divan,manbir42@example.org,9525600858,2024-03-10,True
2214,Madhavi,Bhatnagar,ggole@example.com,9052053531,2023-03-02,False
2215,Jagat,Varma,kamya60@example.com,9993423221,2021-08-14,True
2216,Frederick,Din,aarna31@example.com,9140878343,2025-07-10,False
2217,Vasatika,Dora,chakradev21@example.org,9682313799,2025-12-17,False
2218,Faris,Thakkar,aurorabrijesh@example.net,9962426578,2025-04-07,True
2219,Teerth,Natarajan,yamini77@example.com,9526348882,2023-03-24,False
2220,Wakeeta,Dixit,deepa42@example.org,9535117882,2026-04-09,False
2221,Aryan,Narula,krishzayan@example.com,9538828720,2023-10-16,False
2222,Ridhi,Ranganathan,ysaran@example.com,9082887458,2025-05-12,True
2223,Farhan,Dayal,sodhidhriti@example.org,9136859315,2022-09-21,True
2224,Meghana,Dave,banerjeevasana@example.com,9144301061,2023-12-03,True
2225,Bhavini,Parekh,lavanyamohan@example.com,9744331997,2022-05-21,False
2226,Jason,Patil,utkarshkibe@example.com,9972969701,2021-10-11,True
2227,Chakradev,Jha,upkaar44@example.net,9975858618,2026-01-06,True
2228,Yashawini,Chanda,zvala@example.org,9215992794,2023-05-31,False
2229,Tanmayi,Sarkar,yutikadatta@example.com,9490331222,2023-07-06,False
2230,Ekanta,Lalla,sarnaakshay@example.com,9731483687,2024-03-13,False
2231,Tripti,Sinha,akumer@example.com,9036665600,2025-05-20,False
2232,Krishna,Dewan,mohammeddara@example.org,9821938682,2025-08-26,True
2233,Advika,Sarraf,poojalal@example.net,9393304596,2026-05-30,True
2234,Ojas,Bansal,qrattan@example.com,9048531234,2023-10-25,True
2235,Samesh,Oak,gavin18@example.net,9465124210,2024-11-13,False
2236,Wahab,Sibal,somanirudh@example.com,9836481165,2026-06-29,False
2237,Inaya,Pathak,aarna21@example.net,9379313636,2024-06-04,False
2238,Watika,Goel,dratta@example.com,9877759358,2025-03-06,False
2239,Ekbal,Joshi,gaurav74@example.net,9195380884,2023-02-01,False
2240,Rachana,Swamy,rehaaniyer@example.net,9907615001,2022-03-15,True
2241,Finn,Kapur,nattdarika@example.net,9044236479,2022-11-22,False
2242,Falan,Lal,chahalaarnav@example.net,9861647904,2026-06-02,False
2243,Gaurav,Oommen,hkapur@example.net,9067996736,2025-05-29,True
2244,Pratyush,Bansal,cdani@example.org,9372643205,2025-11-22,False
2245,Lila,Sarna,amarapatil@example.net,9715579327,2025-07-14,True
2246,Abhimanyu,Dani,nayakdarika@example.net,9917732609,2025-03-03,False
2247,Yashoda,Oak,jtrivedi@example.net,9886108597,2023-04-08,True
2248,Idika,Tella,lsrinivas@example.com,9336447026,2023-04-09,True
2249,Mason,Suri,qtailor@example.com,9596458766,2023-10-08,False
2250,Alka,Savant,pallairya@example.net,9347450240,2024-08-30,True
2251,Wyatt,Savant,mgara@example.net,9084896539,2023-10-06,False
2252,Gaurangi,Bala,ridhipalla@example.com,9807805383,2023-04-03,False
2253,Kamya,Rau,rachitdara@example.org,9696480407,2023-06-12,False
2254,Tara,Kadakia,maharajgagan@example.com,9063240510,2022-10-06,False
2255,Nikita,Patel,siyasankaran@example.org,9346746466,2021-11-18,False
2256,Yug,Kamdar,vedikahegde@example.net,9974159209,2023-12-23,False
2257,Ekaraj,Bera,bailpraneel@example.net,9760781951,2024-11-23,False
2258,Chandani,Vasa,triya79@example.net,9738330614,2023-09-14,True
2259,Tanveer,Nagy,rprabhu@example.net,9789350526,2021-10-31,False
2260,Quincy,Sibal,ravalupma@example.com,9670718129,2023-02-11,False
2261,William,Rastogi,kamdarimaran@example.org,9377459984,2022-06-08,True
2262,Sarthak,Kothari,gsabharwal@example.com,9058079106,2024-08-26,False
2263,Jagat,Balan,cloke@example.com,9078384784,2025-12-02,False
2264,Rohan,Anne,aachalvarughese@example.com,9736540449,2022-08-30,True
2265,Varenya,Goyal,anneranbir@example.org,9788364316,2025-10-01,False
2266,Zilmil,Nanda,advika40@example.net,9895930320,2025-06-26,False
2267,Kamya,Sarin,oommenmohammed@example.com,9990152302,2024-12-25,False
2268,Lakshmi,Hayre,anshgandhi@example.org,9565403079,2022-07-24,False
2269,Ira,Maharaj,goleubika@example.org,9201295318,2024-05-03,True
2270,Aayush,Bains,kabir31@example.net,9820682048,2022-08-15,False
2271,Bachittar,Khanna,palchameli@example.net,9473857797,2023-04-21,False
2272,Mason,Madan,falak38@example.org,9518272382,2025-04-11,False
2273,Anvi,Deep,guneet85@example.org,9557688155,2021-11-29,False
2274,Yagnesh,Bera,sampathfalguni@example.com,9487615048,2026-04-12,False
2275,Baghyawati,Contractor,azaan89@example.org,9446403507,2025-01-28,True
2276,Jalsa,Pal,shivansh55@example.net,9810822775,2024-02-12,True
2277,Sanya,Seth,rtailor@example.com,9925412387,2022-10-29,True
2278,Bhavya,Kothari,nsinghal@example.org,9070455948,2024-03-15,True
2279,Omaja,Shenoy,hitesh66@example.org,9395671255,2026-07-20,False
2280,Timothy,Oza,gangulyshravya@example.com,9749064122,2025-09-26,True
2281,Manbir,Subramanian,mpatel@example.org,9451341700,2024-06-12,False
2282,Barkha,Patla,wridesh45@example.com,9955621683,2023-04-18,False
2283,Kashish,Sule,gsachdeva@example.org,9895049108,2025-02-10,True
2284,Charan,Memon,fariqsom@example.org,9557852197,2026-07-10,False
2285,Vincent,Kapoor,crajagopal@example.net,9316089888,2024-07-17,False
2286,Aryan,Chakrabarti,pillaykamya@example.net,9391115320,2022-12-09,True
2287,Nidra,Mane,baliranveer@example.net,9339637902,2021-08-01,False
2288,Warinder,Sem,devwalia@example.net,9384478167,2025-03-29,True
2289,Netra,Kothari,krishna08@example.org,9481242664,2025-08-26,False
2290,Arunima,Dixit,rmohanty@example.org,9478327966,2023-08-08,True
2291,Riya,Narang,somsachi@example.com,9499246871,2024-03-01,False
2292,Aarini,Rajagopalan,gaurikakrish@example.org,9556642394,2021-08-25,False
2293,Michael,Radhakrishnan,prashadamrita@example.net,9666811822,2026-06-20,True
2294,Madhav,Kibe,amairarajagopal@example.net,9722037337,2026-04-23,False
2295,Anamika,Bera,nbhatt@example.net,9674857830,2023-10-27,False
2296,Forum,Narang,rnanda@example.com,9657868005,2024-06-07,False
2297,Ekalinga,Deep,psrinivas@example.com,9449436327,2021-11-15,False
2298,Jhalak,Roy,kumerradha@example.com,9344200421,2025-11-25,True
2299,Raagini,Savant,tamanna15@example.org,9035191985,2021-09-30,False
2300,Harini,Rege,harrison33@example.com,9850814322,2026-05-08,True
2301,Xiti,Soni,troy@example.org,9279042338,2022-05-18,True
2302,Aarav,Ratti,tiwarifaras@example.net,9700522918,2023-11-02,True
2303,Ikshita,Sharaf,niharika59@example.net,9052702599,2025-03-19,False
2304,Girish,Chowdhury,tanveer58@example.org,9040775130,2025-03-16,True
2305,Faraj,Apte,loganchopra@example.com,9897453714,2025-05-13,True
2306,William,Dubey,manderyatan@example.org,9927431266,2025-01-22,False
2307,Indali,Rao,gilltimothy@example.org,9616558062,2023-09-11,False
2308,Sudiksha,Nanda,hamsini26@example.com,9203670275,2022-07-10,False
2309,Abhimanyu,Amble,rajeshri87@example.org,9690571121,2026-01-03,True
2310,Gavin,Rajagopal,zjain@example.org,9353933054,2026-01-25,True
2311,Baghyawati,Nagarajan,sahotaganga@example.com,9079432183,2021-11-01,True
2312,Manbir,Madan,meghanalanka@example.com,9855190204,2022-02-23,False
2313,Dhruv,Naidu,yamini05@example.org,9093346533,2025-02-08,True
2314,Samaksh,Khanna,muttivasatika@example.net,9543700984,2022-07-31,True
2315,Nidra,Lall,shravyasen@example.org,9217047012,2024-06-18,False
2316,Omkaar,Kapur,upmachanda@example.com,9856817697,2024-10-02,False
2317,Balhaar,Pant,takwarjas@example.net,9930105591,2024-10-12,False
2318,Ranbir,Kota,surasiddharth@example.com,9470894406,2024-07-17,False
2319,Chaman,Pant,gaurikajain@example.com,9707650946,2023-02-04,True
2320,Advik,Singh,pavani22@example.com,9192602611,2026-05-03,False
2321,Rajata,Vala,dalalavi@example.net,9360919490,2026-04-16,True
2322,Ekalinga,Sibal,bawaronith@example.org,9762805877,2025-09-27,False
2323,Warhi,Bawa,mallucchal@example.org,9682119569,2024-12-22,True
2324,Damini,Saraf,swaminathanshivani@example.org,9595691922,2021-11-16,False
2325,Irya,Dara,jyotirattan@example.org,9974892500,2025-10-12,False
2326,Ishanvi,Cherian,vsibal@example.com,9867358182,2022-07-11,True
2327,Vrishti,Taneja,yashodhara74@example.com,9793599584,2023-05-27,True
2328,Wahab,Pradhan,wsingh@example.org,9252019306,2023-09-22,True
2329,Pooja,Dasgupta,lakshmiswaminathan@example.org,9919699335,2023-08-06,False
2330,Baljiwan,Kala,korpalvanya@example.net,9305682875,2023-07-16,False
2331,Warinder,Narayan,pranav62@example.org,9294874781,2022-07-13,False
2332,Quincy,Dugar,shegde@example.net,9517392229,2023-06-11,False
2333,Fitan,Sastry,buppal@example.com,9039475055,2025-08-31,True
2334,Warda,Subramanian,shankercharita@example.org,9124345353,2025-11-03,False
2335,Faraj,Biswas,warda50@example.net,9272094803,2024-10-19,False
2336,Kashvi,Seshadri,omisha29@example.com,9339168670,2025-12-29,False
2337,Divya,Nair,rattaanita@example.org,9944101042,2025-09-14,True
2338,Urvi,Lad,ikshitamallick@example.net,9210181889,2025-02-05,False
2339,Ishaan,Kala,yatanpingle@example.com,9538481115,2025-10-23,False
2340,Baljiwan,Gulati,tara56@example.org,9164262455,2023-12-23,False
2341,Omaja,Gaba,gokhalejatin@example.org,9546922394,2021-08-06,True
2342,Vrishti,Chacko,qkoshy@example.com,9346609547,2021-12-26,False
2343,Chandresh,Sahni,krishfaraj@example.org,9795163521,2023-10-10,True
2344,Frederick,Goel,gardenoah@example.com,9175616809,2024-06-07,True
2345,Rajata,Kulkarni,wadhwagautami@example.com,9133366502,2025-12-20,True
2346,Harini,Bhavsar,raagini58@example.org,9791578290,2024-05-12,False
2347,Peter,Modi,onkarchada@example.net,9114299948,2022-07-10,True
2348,Bina,Choudhary,abhimanyu13@example.net,9569939142,2025-01-25,True
2349,Ekanta,Dube,daranicholas@example.net,9017402098,2024-02-20,True
2350,Damyanti,Sarin,xrau@example.net,9481827291,2023-09-01,True
2351,Lekha,Shankar,harsh64@example.com,9915321801,2022-05-26,True
2352,Rayaan,Bhatia,laksh31@example.com,9682342840,2022-08-18,False
2353,Manbir,Krishnamurthy,zghosh@example.com,9132025342,2023-08-15,False
2354,Panini,Sastry,semurvi@example.com,9042939876,2024-12-03,False
2355,Upma,Mittal,zachariaxalak@example.com,9210752400,2023-08-13,True
2356,Tejas,Banik,elijah09@example.net,9724725426,2024-07-05,False
2357,Bimala,Bhattacharyya,lwali@example.net,9392763985,2023-02-20,True
2358,Theodore,Chauhan,yastihalder@example.com,9327868070,2023-11-23,True
2359,Pranit,Kata,tanmayi31@example.net,9995931169,2023-02-26,False
2360,Faris,Halder,zaid47@example.net,9050707750,2026-04-25,False
2361,Chameli,Mandal,yhora@example.com,9768662138,2021-08-29,True
2362,Eshana,Parmer,kurianati@example.net,9542259551,2023-03-26,True
2363,Ranbir,Banerjee,ekalinga54@example.org,9963511096,2025-10-18,False
2364,Dayamai,Oommen,karpepushti@example.org,9659050417,2023-08-01,False
2365,Watika,Dhar,warjaslal@example.org,9678703238,2022-07-08,False
2366,Logan,Varty,sastrydev@example.net,9993547521,2022-03-01,True
2367,Neel,Sastry,pallavi37@example.org,9114933108,2025-11-06,True
2368,Neha,Edwin,chaturasankaran@example.net,9594003818,2021-09-21,True
2369,Yagnesh,Sahni,kashish10@example.org,9218241408,2022-04-22,False
2370,Sara,Bath,zarnalala@example.com,9168787321,2023-12-16,True
2371,Vanya,Apte,kabirbail@example.com,9347433442,2022-06-14,True
2372,Caleb,Sabharwal,dominic00@example.com,9601041313,2024-06-03,True
2373,Jeevika,Nath,imitter@example.org,9722395672,2022-04-15,False
2374,Vrinda,Purohit,virkwatika@example.net,9877677513,2025-10-25,False
2375,Varsha,Shetty,davetanay@example.net,9818939720,2023-12-04,True
2376,Yashawini,Soni,balvanmaharaj@example.com,9194558681,2025-06-11,False
2377,Udant,Mand,yohannanazaan@example.com,9964031575,2025-11-25,True
2378,Garima,Hans,zachariaeshana@example.org,9620544933,2026-07-11,False
2379,Qadim,Sem,muttizayan@example.org,9638567020,2025-07-18,False
2380,Falan,Pant,taramallick@example.org,9055553544,2021-11-13,False
2381,Shivani,Varty,dshah@example.net,9888922100,2025-06-09,False
2382,Logan,Andra,anthony94@example.com,9112461757,2026-02-18,False
2383,Alexander,Mammen,bajajdeepa@example.net,9667186442,2025-04-01,True
2384,Jonathan,Master,widisha04@example.net,9867110187,2025-07-12,False
2385,Akshay,Kashyap,nakshnarain@example.com,9044307324,2024-10-05,False
2386,Pallavi,Wagle,mkunda@example.net,9030438177,2025-10-26,False
2387,Luke,Lal,sdyal@example.com,9048113018,2025-03-09,True
2388,Bhavya,Konda,yugchacko@example.com,9565181275,2022-04-01,False
2389,Vaishnavi,Bhandari,korpalanika@example.org,9743256740,2024-05-17,True
2390,Shivansh,Rai,divyachand@example.net,9231154111,2021-10-16,True
2391,Laksh,Bala,fapte@example.org,9369300522,2022-03-16,False
2392,Dayamai,Lanka,paninisarma@example.net,9353842561,2022-08-13,True
2393,Nimrat,Chopra,deepa42@example.com,9184553758,2022-11-16,True
2394,Neelima,Wagle,jyotibhasin@example.net,9149940232,2023-03-22,False
2395,Idika,Prabhakar,ijayavaidya@example.org,9352880507,2024-04-02,True
2396,Chakradev,Tank,seshadrisiddharth@example.com,9442524777,2025-08-31,True
2397,Zehaan,Mangal,madhavi49@example.org,9046400606,2026-05-25,False
2398,Yasti,Deshmukh,imishra@example.com,9275537793,2026-05-07,True
2399,Indira,Mannan,lbail@example.org,9210407254,2024-07-29,False
2400,Rudra,Saran,chandaradha@example.org,9993247079,2022-10-13,False
2401,Mekhala,Deshpande,hemang74@example.org,9160325039,2024-02-03,True
2402,Yatin,Trivedi,amara27@example.net,9952361794,2026-05-30,False
2403,Oeshi,Lala,damini95@example.net,9957812731,2025-10-03,False
2404,Bhavna,Dhawan,hchhabra@example.org,9224023936,2022-08-30,True
2405,Vamakshi,Ram,shenoynilima@example.com,9040465511,2022-12-14,False
2406,Krishna,Kashyap,dasamol@example.com,9022892074,2024-06-10,True
2407,Ishanvi,Gara,riyasalvi@example.com,9742393543,2023-07-07,True
2408,Tanmayi,Hari,ridhivenkatesh@example.org,9969215100,2022-09-26,False
2409,Ladli,Agarwal,wsastry@example.org,9143486965,2023-05-28,False
2410,Watika,Bir,ishanvi73@example.org,9052089831,2026-04-17,True
2411,Sudiksha,Kapadia,pathakcharan@example.com,9933773129,2025-08-12,True
2412,Reyansh,Maharaj,mukhopadhyayzansi@example.com,9027590826,2026-03-11,False
2413,Andrew,Acharya,sodhimatthew@example.org,9087121894,2024-07-07,False
2414,Pranit,Korpal,odika02@example.org,9315998751,2025-06-23,True
2415,Jalsa,Sehgal,horaoliver@example.org,9088806094,2022-02-18,False
2416,Udyati,Nayar,garaati@example.org,9300788675,2025-12-13,True
2417,Vedhika,Nair,hamsini09@example.com,9914504972,2023-09-03,False
2418,Mahika,Sachar,maya27@example.org,9865181420,2024-03-09,True
2419,Upkaar,Madan,chakradhar46@example.org,9176434939,2024-01-01,True
2420,Hredhaan,Sandal,qsen@example.org,9788698585,2025-05-12,False
2421,Anika,Borra,bhagatmegha@example.net,9672641879,2023-07-28,False
2422,Shivani,Yogi,tarak77@example.org,9124931645,2025-12-31,False
2423,Manan,Kuruvilla,revaatwal@example.com,9704079365,2022-02-22,False
2424,Yashodhara,Sekhon,meera92@example.com,9920327357,2022-07-26,False
2425,Lohit,Patla,lsule@example.org,9230085789,2024-07-13,False
2426,Ishwar,Pillai,luckymody@example.org,9566009805,2025-09-27,False
2427,Simon,Reddy,jhaazaan@example.org,9413653298,2024-04-24,True
2428,Radha,Wason,sachi70@example.net,9706007461,2023-12-05,True
2429,Wriddhish,Kota,dbalay@example.com,9917443687,2022-04-07,True
2430,Lakshmi,Khare,lsarkar@example.org,9577405458,2025-04-13,True
2431,Pushti,Dara,binazacharia@example.net,9741427853,2022-02-07,False
2432,Zashil,Chopra,aghose@example.org,9492122339,2026-07-17,True
2433,Nathaniel,Das,arjun07@example.net,9132044845,2025-02-18,False
2434,Sudiksha,Subramanian,patlaamaira@example.org,9766045689,2023-07-11,True
2435,Frado,Chaudhary,xmukherjee@example.com,9677657666,2023-09-15,False
2436,Vasana,Ramesh,panditjeremiah@example.org,9852964552,2022-03-01,True
2437,Vritti,Patla,manizilmil@example.com,9829887275,2024-02-09,False
2438,Anya,Dhar,abdulsankar@example.org,9850692987,2023-07-16,False
2439,Rachana,Majumdar,bhatialajita@example.com,9246639032,2022-04-23,True
2440,Aarini,Kota,harigaurav@example.net,9393301118,2023-10-19,True
2441,Ansh,Rattan,zayan88@example.com,9587552452,2026-05-29,False
2442,Maya,Chawla,falan43@example.com,9974578351,2025-06-01,False
2443,Ryan,Thaker,qchakraborty@example.org,9556696338,2026-06-15,True
2444,Isha,Yogi,ekrishna@example.com,9825601999,2022-07-04,False
2445,Rachana,Dayal,panini94@example.net,9762936842,2025-03-26,True
2446,Janaki,Dada,mshankar@example.com,9799010271,2022-01-21,False
2447,Dhriti,Datta,guhasuhani@example.org,9121519045,2024-10-25,True
2448,Onveer,Mody,omisha22@example.org,9165663393,2024-07-25,True
2449,Balhaar,Vig,bhavnagulati@example.net,9262538140,2023-07-25,False
2450,Chatresh,Talwar,dhriti98@example.com,9142024843,2024-07-05,True
2451,Chandran,Sura,jyoti09@example.org,9328099970,2022-10-02,False
2452,Alka,Madan,mittalsamaksh@example.org,9090771823,2024-05-10,False
2453,Wyatt,Dayal,osoman@example.net,9376554761,2025-04-14,False
2454,Joshua,Sawhney,vamakshi35@example.com,9481471266,2025-03-15,True
2455,Hitesh,Nori,teerthdatta@example.net,9427021501,2023-05-01,False
2456,Aachal,Kapadia,chandreshsarkar@example.org,9798958247,2025-08-03,True
2457,Ranbir,Kale,deepcaleb@example.org,9719127593,2026-05-22,True
2458,Janani,Murty,schahal@example.org,9116220659,2022-04-27,True
2459,Chakradev,Aggarwal,zayan36@example.com,9364443296,2022-05-09,False
2460,Zayyan,Din,abhimanyubhalla@example.com,9227683527,2025-11-21,False
2461,Champak,Tripathi,qnagarajan@example.com,9109338530,2021-09-07,True
2462,Caleb,Bassi,sampathsiddharth@example.net,9258677546,2024-09-15,True
2463,Odika,Dara,jgandhi@example.net,9470344633,2023-02-16,True
2464,Bhavini,Radhakrishnan,odika84@example.org,9546351757,2023-04-19,True
2465,Dipta,Bir,hritik76@example.net,9659596560,2021-12-01,True
2466,Veer,Kanda,jmurty@example.org,9964842109,2022-12-03,False
2467,Qarin,Datta,george45@example.com,9795372376,2025-01-28,False
2468,Chakradev,Mahajan,manemaanas@example.com,9430297081,2023-06-10,True
2469,Vidhi,Dubey,lukedara@example.org,9935243922,2024-09-14,False
2470,Bachittar,Chahal,meera28@example.com,9076953908,2025-07-17,False
2471,Simon,Menon,drau@example.net,9900782446,2025-03-24,False
2472,Manya,Purohit,tristan60@example.net,9943868250,2026-01-24,False
2473,Eta,Nayak,gaurikasane@example.org,9972669232,2024-05-07,True
2474,Sara,Dutt,okonda@example.com,9689270472,2023-03-14,True
2475,Wridesh,Kulkarni,qushi66@example.org,9051496180,2024-10-12,False
2476,Yochana,Randhawa,yadaviraju@example.net,9887924494,2021-09-22,True
2477,Yatan,Parsa,venkateshprisha@example.net,9561344088,2023-07-02,False
2478,Wahab,Chaudhuri,ayaandara@example.com,9934769123,2025-10-06,True
2479,Wakeeta,Kota,chandnakul@example.org,9016318520,2021-08-12,True
2480,Michael,Khosla,patlamax@example.org,9133631409,2026-04-09,True
2481,Peter,Buch,vedhikabath@example.org,9318967201,2023-02-13,True
2482,Ijaya,Badami,guneetshan@example.com,9569000191,2025-07-02,False
2483,Krisha,Oommen,owenmenon@example.com,9834387151,2024-03-22,True
2484,Bhavani,Tailor,radhika91@example.org,9708702728,2023-02-24,False
2485,Bachittar,Kumar,batrawazir@example.net,9808349123,2022-12-28,False
2486,Isaiah,Rai,bakshikavya@example.net,9324183252,2025-05-25,True
2487,Leena,Dyal,manbir02@example.org,9311679542,2026-01-23,False
2488,Tanveer,Ganesh,rtak@example.org,9116781167,2026-02-17,False
2489,Nisha,Deshmukh,golaekaja@example.org,9538642673,2021-09-11,False
2490,Onkar,Garg,mistryfiyaz@example.com,9530405319,2026-01-01,False
2491,Avni,Borde,oommenayaan@example.com,9550848528,2024-01-15,True
2492,Nitara,Suri,obhatia@example.com,9846797008,2023-06-30,True
2493,Arjun,Sengupta,qmahajan@example.com,9058355017,2022-12-14,False
2494,Riya,Ganesh,psavant@example.net,9282901832,2021-08-27,False
2495,Jalsa,Chokshi,dugardev@example.org,9406368019,2021-11-24,False
2496,Januja,Balan,chavvibarman@example.com,9511747117,2021-12-24,False
2497,Maya,Magar,ria96@example.net,9863124079,2021-10-11,False
2498,Darika,Mishra,koshyjai@example.net,9011456767,2025-04-18,False
2499,Omaja,Bobal,kai49@example.com,9017092176,2024-03-03,True
2500,Garima,Borde,wshukla@example.org,9223804534,2025-05-29,True
2501,Yamini,Gaba,qsharma@example.org,9532095928,2023-11-03,False
2502,Urvi,Keer,yadavi72@example.com,9299335702,2023-09-25,False
2503,Ayushman,Kibe,msampath@example.net,9984648442,2025-06-07,True
2504,Yuvraj,Kaul,maya52@example.net,9391886762,2022-11-20,False
2505,Urvashi,Kothari,upkaar34@example.org,9620166334,2022-01-24,True
2506,Jackson,Lala,georgeprasad@example.com,9345263628,2026-04-19,False
2507,Oni,Gopal,robertpatla@example.com,9044455143,2023-11-13,True
2508,Bina,Din,brahmbhatthenry@example.com,9549449574,2022-12-24,False
2509,Faris,Wali,praneel46@example.org,9815129116,2023-11-20,False
2510,Vritti,Ghose,lila42@example.net,9987247353,2026-01-21,False
2511,Warhi,Prasad,parsawriddhish@example.org,9075145183,2023-12-05,False
2512,Varsha,Goel,chanakyanori@example.com,9824531081,2022-10-03,False
2513,Zayan,Ravel,william78@example.net,9624301460,2025-03-08,True
2514,Osha,Ramachandran,balakrishna@example.net,9637491218,2025-09-27,False
2515,Balhaar,Raju,aditya61@example.com,9715901125,2021-07-31,False
2516,Liam,Halder,sagarchaitanya@example.org,9402728986,2025-11-29,True
2517,Utkarsh,Deol,geradarpan@example.net,9614984250,2025-06-29,True
2518,Megha,Rai,qtiwari@example.org,9001414424,2024-11-24,True
2519,Akshay,Soni,vrindagara@example.org,9861595285,2023-11-20,False
2520,Tanmayi,Naik,nsarkar@example.com,9982930557,2025-08-17,True
2521,Upasna,Warrior,madhavisawhney@example.com,9074105939,2023-11-18,True
2522,Harshil,Nadig,mandvictor@example.net,9035602858,2025-01-18,True
2523,Leela,Sandal,sainisiddharth@example.com,9476075121,2022-01-17,False
2524,Gaurang,Tella,kai62@example.net,9264418024,2024-07-01,False
2525,Chaaya,Bhat,vivaan56@example.com,9352437795,2021-11-20,True
2526,Sanya,Sahni,ekantika73@example.com,9485251225,2026-04-01,False
2527,Bina,Saini,fbehl@example.net,9752279294,2026-05-07,True
2528,Priya,Narang,shauryaranganathan@example.com,9499902038,2024-06-13,True
2529,Amruta,Barad,dacharya@example.net,9415912426,2026-05-13,False
2530,Ekaja,Singhal,timothy85@example.org,9397635294,2025-02-10,True
2531,Ekavir,Muni,radhaganesh@example.org,9408520633,2023-10-21,False
2532,Nikita,Bose,vyaswishi@example.net,9737282659,2023-03-02,True
2533,Tejas,Tripathi,mangatharsh@example.net,9917160333,2022-01-31,False
2534,Yamini,Prakash,baghyawati18@example.net,9436602093,2022-04-21,False
2535,Tristan,Sinha,duttekalinga@example.org,9936767777,2023-08-10,True
2536,Omaja,Oommen,tpurohit@example.com,9545903481,2024-05-17,False
2537,Zashil,Jaggi,indrajit10@example.org,9693955330,2026-02-18,True
2538,Krishna,Handa,ranbirbutala@example.org,9514855070,2022-10-13,True
2539,Krisha,Krishna,sankaranlakshit@example.com,9067415144,2025-11-16,False
2540,Vansha,Sarkar,hredhaansalvi@example.com,9834279730,2023-01-17,False
2541,Baghyawati,Bera,enarang@example.org,9520235893,2025-06-04,True
2542,Turvi,Choudhury,kavyagolla@example.net,9488919949,2024-08-11,False
2543,Fitan,Rajagopalan,ekalinga94@example.com,9644645239,2021-08-12,True
2544,Ayushman,Kuruvilla,prabhakaromkaar@example.com,9286785547,2021-08-23,True
2545,Ekapad,Thakkar,msura@example.net,9501467093,2025-03-01,True
2546,Vrishti,Dhar,chaitanya28@example.net,9004177073,2023-11-10,True
2547,Pallavi,Basak,hiteshsachdev@example.org,9340799216,2023-11-05,False
2548,Inaya,Srivastava,peter75@example.com,9283286785,2022-05-01,True
2549,Isha,Ben,hraman@example.net,9155715566,2022-04-02,True
2550,Oviya,Sachdeva,caleb93@example.com,9364605955,2022-07-31,True
2551,Odika,Dada,kandasarthak@example.net,9563224518,2022-10-29,False
2552,Kashvi,Rana,lbhavsar@example.org,9126974869,2025-09-12,True
2553,Daksha,Vora,otripathi@example.net,9631963052,2025-10-08,True
2554,Charan,Lad,lopagoswami@example.org,9591642301,2022-09-14,False
2555,Vasudha,Manda,hanne@example.com,9631919863,2025-07-13,True
2556,Anay,Viswanathan,hiral36@example.org,9622306356,2025-07-25,False
2557,Samuel,Pandit,xsha@example.com,9942984104,2021-08-20,True
2558,Balendra,Kalla,upasnajani@example.org,9324827463,2024-04-29,False
2559,Joshua,Karnik,odika11@example.net,9820380695,2025-11-11,True
2560,Nitara,Dewan,nattryan@example.net,9111281779,2021-10-26,True
2561,Shaurya,Raman,zrajan@example.org,9694728132,2025-01-31,False
2562,Eta,Varma,gayathri03@example.org,9790294037,2024-08-20,True
2563,Tejas,Pai,hritikiyer@example.org,9452756719,2024-06-22,True
2564,Champak,Krish,pingleneha@example.net,9780712652,2023-12-24,True
2565,Brinda,Bora,nathaniel98@example.org,9882015149,2025-07-14,False
2566,Riya,Taneja,kloyal@example.org,9361657652,2025-11-19,False
2567,Ojas,Desai,kchopra@example.net,9549029484,2026-07-02,False
2568,Chaman,Gupta,ekaja77@example.com,9613886550,2021-11-07,True
2569,Gautam,Pillai,mugdha78@example.org,9239593601,2026-06-28,False
2570,Bhavani,Chahal,triptibalasubramanian@example.com,9618536087,2026-02-10,True
2571,Benjamin,Sarma,aadidey@example.org,9338811209,2025-03-12,True
2572,Meghana,Sood,ckannan@example.org,9037344836,2024-08-21,True
2573,Osha,Subramanian,sharmaharrison@example.net,9056574396,2025-09-21,True
2574,Vanya,Bandi,abha67@example.org,9931649095,2023-11-12,True
2575,Pavani,Walia,tkhosla@example.net,9058868102,2024-05-16,False
2576,Simon,Chandra,patricksami@example.com,9254780095,2025-12-13,False
2577,Charan,Mohan,chanachaaya@example.com,9159700019,2022-01-13,True
2578,Bakhshi,Seshadri,zilmiltoor@example.com,9467347436,2026-06-07,True
2579,Vincent,Bali,henry31@example.net,9859671832,2022-06-29,False
2580,Sai,Arya,chaaya28@example.net,9425111903,2024-07-26,False
2581,Charita,Atwal,ojas94@example.org,9259799903,2022-10-01,True
2582,Yatin,Sem,ysidhu@example.com,9062895134,2021-09-14,True
2583,Simon,Singhal,triyamangat@example.com,9308183632,2026-05-26,True
2584,Samarth,Sem,golelekha@example.com,9382071548,2022-03-30,True
2585,Eshana,Dalal,udantcheema@example.org,9786057767,2025-10-04,True
2586,Ekbal,Deshpande,bahadurjitkari@example.org,9287574058,2023-02-21,False
2587,Wazir,Arya,omishaarya@example.com,9778719249,2025-07-30,False
2588,Parth,Radhakrishnan,harita71@example.org,9649674514,2024-04-02,False
2589,Veer,Sethi,peter57@example.net,9448825269,2026-06-10,False
2590,Chanakya,Chowdhury,hemang11@example.com,9673385157,2025-03-15,True
2591,Bhavini,Salvi,pbansal@example.com,9068098383,2022-02-20,True
2592,Udant,Lad,snaik@example.org,9275860345,2024-10-07,False
2593,Samaksh,Khosla,matthewkonda@example.com,9952457051,2024-04-04,True
2594,Geetika,Singhal,nehahanda@example.net,9803242716,2022-07-02,True
2595,Madhavi,Dyal,vshere@example.com,9762370385,2023-12-09,False
2596,Upasna,Sawhney,odikavyas@example.org,9931922941,2023-01-21,True
2597,Udant,Dewan,ramanathanqasim@example.com,9394185455,2023-12-06,False
2598,Devansh,Zacharia,eeshayohannan@example.net,9314003563,2021-10-19,True
2599,Samaksh,Dutt,raaginisoman@example.org,9549047986,2024-08-17,True
2600,Saanvi,Chaudhry,lthakur@example.net,9621325086,2023-01-12,False
2601,Nikita,Yadav,libni43@example.com,9760882309,2023-01-04,False
2602,Janaki,Sarna,bimalarana@example.com,9363163308,2024-01-22,True
2603,Lila,Barman,singhnakul@example.net,9628033649,2021-12-24,True
2604,Yutika,Mander,kmanda@example.org,9163430310,2022-05-25,False
2605,Lipika,Sabharwal,keyasankar@example.org,9284554140,2026-02-06,False
2606,Garima,Setty,kdoshi@example.net,9511084861,2021-11-15,True
2607,Lavanya,Sachdeva,bhasinqadim@example.com,9046901749,2024-06-01,True
2608,Ryan,Vaidya,raghavankrish@example.com,9410667884,2024-04-12,False
2609,Upma,Kant,faqidsani@example.com,9024238935,2023-10-29,True
2610,Aachal,Atwal,zbose@example.org,9072985023,2021-10-12,True
2611,Hiral,Balasubramanian,csaraf@example.org,9485333171,2023-09-24,False
2612,Tamanna,Nadig,aadhya12@example.net,9824922028,2026-03-26,False
2613,Ekbal,Parikh,champakupadhyay@example.net,9521768012,2025-02-09,True
2614,Qushi,Ganesan,chakradev50@example.com,9324913943,2022-01-09,False
2615,Yatin,Ganguly,chakradev27@example.com,9962383844,2021-12-18,False
2616,Vincent,Subramaniam,qpant@example.org,9999428580,2023-03-10,False
2617,Umang,Bal,gkumar@example.com,9863290850,2024-05-23,True
2618,Dakshesh,Magar,vcherian@example.net,9051823772,2022-06-15,False
2619,Daniel,Ben,skulkarni@example.com,9793911717,2023-09-14,True
2620,Advaith,Balan,aahanaparikh@example.com,9884865737,2024-01-23,True
2621,Arunima,Radhakrishnan,apurohit@example.com,9236604741,2022-10-27,True
2622,Abeer,Cherian,hansrajata@example.net,9938252894,2021-08-08,True
2623,Damini,Kalita,janyadada@example.com,9026957752,2025-03-23,False
2624,Omya,Mann,kallahardik@example.com,9367817524,2026-04-09,True
2625,Ekalinga,Kothari,yagnesh76@example.com,9298393039,2024-08-09,True
2626,Wridesh,Peri,mekhalabarman@example.net,9853298734,2021-10-26,True
2627,Girik,Chad,vrinda47@example.com,9473770499,2021-11-25,False
2628,Omisha,Shanker,mukherjeejanya@example.com,9597739610,2023-04-09,False
2629,Zashil,Bail,upma36@example.net,9910804175,2025-03-19,False
2630,Arunima,Kala,somneel@example.org,9887716991,2024-11-09,False
2631,Ekaja,Toor,ogolla@example.com,9341104857,2026-04-17,False
2632,Oni,Sengupta,dhillonlekha@example.com,9728182912,2025-09-26,True
2633,Yashodhara,Peri,aarnabhatt@example.net,9608415855,2023-03-17,True
2634,Udyati,Karan,malltanish@example.com,9631855967,2021-09-30,False
2635,Waida,Dasgupta,qkumer@example.net,9144000407,2024-09-15,True
2636,Nirja,Bath,williamdas@example.org,9640797296,2026-01-08,False
2637,Neel,Goda,dalaja27@example.org,9449799251,2025-08-25,True
2638,Robert,Roy,rnagy@example.com,9587837105,2023-02-27,True
2639,Luke,Pant,saniwarhi@example.com,9185360174,2023-06-22,True
2640,Anmol,Kurian,dugarinaya@example.com,9004131667,2025-07-08,False
2641,Indira,Divan,cacharya@example.org,9279717635,2021-08-22,False
2642,Nirja,Merchant,taradugar@example.net,9904388176,2025-06-28,True
2643,Mitali,Deshmukh,rakshabanerjee@example.org,9543163915,2025-11-26,False
2644,Dayamai,Sama,vasudha25@example.com,9046782036,2021-09-29,False
2645,Mahika,Chokshi,indali02@example.com,9134097312,2022-11-17,True
2646,Christopher,Sankaran,bsarna@example.com,9540532421,2025-01-24,True
2647,Arunima,Kant,udarsh28@example.net,9617805813,2025-12-24,True
2648,Azad,Natarajan,lkapur@example.org,9367886455,2024-09-23,True
2649,Kiaan,Rege,murtyjagdish@example.org,9705570529,2024-09-27,False
2650,Balendra,Rastogi,sloke@example.org,9235998962,2024-04-07,True
2651,Mekhala,Dora,ukoshy@example.com,9006255151,2025-09-01,False
2652,Sanya,Patil,iyervaishnavi@example.net,9495312734,2023-09-13,True
2653,Gaurika,Wagle,bhattiwaida@example.com,9213461646,2022-03-21,False
2654,Ekaja,Dixit,pnayak@example.org,9224708101,2023-11-10,True
2655,Hritik,Ganesh,nbora@example.net,9840894374,2026-04-10,True
2656,Jagdish,Deshpande,hvarma@example.com,9930080588,2021-08-31,True
2657,Forum,Trivedi,daraamrita@example.org,9334050810,2024-06-12,True
2658,Krisha,Kant,zarna69@example.net,9021311669,2024-02-22,True
2659,Omya,Bains,falandyal@example.com,9676428125,2026-05-18,True
2660,Ranveer,Ranganathan,charanshankar@example.com,9988495912,2024-11-13,False
2661,Aayush,Dixit,kondaudarsh@example.org,9465657166,2024-07-30,False
2662,Vritti,Vala,kakararin@example.com,9995043896,2024-01-14,False
2663,Harish,Rao,indira08@example.com,9295322307,2022-10-27,True
2664,Anika,Suresh,gkumar@example.org,9613955745,2026-03-11,False
2665,Mekhala,Dani,naiduyamini@example.org,9934083544,2022-10-05,True
2666,Urvi,Varma,yashvi19@example.org,9069656932,2024-09-17,False
2667,Oeshi,Dhar,ssarin@example.org,9236831275,2023-07-11,True
2668,Aachal,Das,hemangininori@example.net,9780228017,2025-10-16,True
2669,Faris,Bala,kde@example.com,9502694473,2024-08-31,False
2670,Tanay,Mall,mandayatin@example.net,9103231866,2025-07-20,False
2671,Chandresh,Samra,vsur@example.com,9772011040,2026-04-02,False
2672,Victor,Upadhyay,yatin78@example.org,9601877795,2023-06-13,True
2673,Raghav,Mandal,kiaannair@example.org,9939224257,2025-08-14,False
2674,Shravya,Golla,qshan@example.com,9750218852,2022-05-10,True
2675,Harish,Manda,rachana03@example.net,9638396878,2025-11-11,False
2676,Chameli,Goda,mangalturvi@example.com,9983589477,2022-01-14,False
2677,Leela,Konda,harinikhurana@example.org,9025461679,2024-01-11,False
2678,Nisha,Saxena,qvohra@example.org,9898636139,2024-05-01,True
2679,Bina,Narang,dhruvcontractor@example.net,9857235019,2023-12-14,False
2680,Triveni,Kala,ksura@example.com,9263896549,2025-10-05,True
2681,Ucchal,Chada,zdube@example.org,9008100142,2025-11-08,False
2682,Nikita,Saha,ranaqabil@example.com,9157595149,2021-12-04,True
2683,Mitali,Saxena,atwalyasti@example.org,9045872422,2025-09-05,False
2684,Chaaya,Ramesh,tpalla@example.net,9294830517,2022-08-15,True
2685,Ucchal,Dugal,devansh23@example.com,9335367577,2025-10-18,True
2686,Sachi,Kala,kalpit65@example.net,9750310497,2022-05-07,True
2687,Aahana,Agarwal,esood@example.net,9280619907,2023-10-23,True
2688,Meera,Ramaswamy,qtank@example.com,9721712435,2024-11-17,True
2689,Pallavi,Tella,chandreshkamdar@example.org,9536952558,2025-05-09,True
2690,Ladli,Suri,ekajaanne@example.com,9810728394,2025-06-27,True
2691,Libni,Loyal,lbora@example.net,9614993631,2026-06-09,True
2692,Megha,Goda,znath@example.net,9443909519,2024-06-05,False
2693,Maya,Rattan,amolbhatia@example.net,9636210516,2023-10-07,False
2694,Daksh,Sehgal,tbhakta@example.net,9113537396,2024-08-31,False
2695,Nathaniel,Subramanian,edhitharamanathan@example.com,9770554899,2021-11-16,True
2696,Urvi,Chakraborty,leenachar@example.com,9482700293,2023-05-29,True
2697,Henry,Kala,mahikaupadhyay@example.net,9374602136,2026-03-14,True
2698,Bhavna,Borra,xalak71@example.net,9291842519,2024-07-26,False
2699,Odika,Chada,qsarin@example.com,9589223552,2026-03-19,True
2700,Ekantika,Swaminathan,sarkarrobert@example.org,9228293352,2026-03-08,False
2701,Reva,Vyas,xchawla@example.net,9359647268,2024-03-13,True
2702,Wishi,Lata,rmalhotra@example.com,9507283101,2026-03-31,False
2703,Ira,Bawa,zachariavarsha@example.com,9645058105,2026-01-25,False
2704,Advaith,Chopra,salvividhi@example.net,9744761937,2026-01-30,False
2705,Prisha,Puri,leenamerchant@example.com,9533347749,2025-01-13,True
2706,Veer,Issac,jdivan@example.net,9628191502,2023-06-04,False
2707,Vedhika,Mannan,wishikonda@example.com,9505219405,2021-08-06,True
2708,Zayyan,Solanki,omajabala@example.net,9796291459,2025-09-14,True
2709,Shravya,Keer,bpurohit@example.net,9859198174,2025-09-07,True
2710,Vincent,Ramachandran,npatla@example.net,9788587489,2024-07-05,True
2711,Janaki,Sethi,kondaisaiah@example.net,9984449616,2023-08-19,True
2712,Ekaja,Golla,varenya47@example.com,9743721238,2023-11-23,False
2713,Yutika,Shah,venkataramanupasna@example.com,9579832290,2021-10-21,True
2714,Darpan,Naik,nagarajanbhavini@example.com,9173658540,2024-04-22,False
2715,Ekalinga,Kapur,chavvi24@example.com,9271239330,2025-01-07,False
2716,Gayathri,Khalsa,kamyahayer@example.net,9597598096,2022-11-23,False
2717,Yahvi,Grewal,ravalaadi@example.net,9787578827,2023-03-08,False
2718,Udyati,Sandal,champaksingh@example.com,9398366609,2025-10-23,True
2719,Wishi,Thakur,gautami00@example.net,9445072962,2021-10-17,False
2720,Finn,Badal,tkashyap@example.org,9265278254,2024-11-04,True
2721,Wazir,Babu,daksha15@example.com,9711775398,2025-04-29,False
2722,Nitesh,Mall,gautam98@example.com,9088407553,2026-03-31,True
2723,Aarnav,Patla,manyanigam@example.net,9726839507,2021-10-07,False
2724,Ikshita,Butala,chakradevrege@example.net,9672128156,2026-03-22,False
2725,Xavier,Sengupta,goswamiveda@example.net,9537982149,2023-01-06,True
2726,Dayita,Chad,urvashichauhan@example.com,9306390858,2023-05-26,False
2727,Bahadurjit,Reddy,yachana36@example.net,9167238665,2025-01-30,False
2728,Chakradhar,Rastogi,xsrivastava@example.com,9957354105,2025-04-27,False
2729,Vasana,De,advik40@example.org,9589881085,2024-04-30,True
2730,Sara,Dora,hemasundaram@example.net,9457208024,2022-07-14,True
2731,Amol,Mangat,pingledaniel@example.com,9493166081,2025-03-16,True
2732,Ishwar,Chadha,jeevika66@example.org,9340475000,2024-03-20,True
2733,Gautami,Mitra,devikalpit@example.net,9706990649,2024-03-07,False
2734,Wyatt,Natarajan,vpall@example.net,9803638364,2025-09-15,True
2735,Logan,Gala,janani58@example.net,9170833514,2023-02-16,True
2736,Abha,Magar,sratti@example.org,9900045398,2021-09-19,False
2737,Anjali,Sahni,ugandhi@example.org,9409617099,2025-10-31,True
2738,Sara,Kade,tankakshay@example.net,9816688130,2023-07-09,False
2739,Chaitaly,Raghavan,golegopal@example.com,9016454662,2024-09-15,True
2740,Reva,Kata,dubeyikshita@example.org,9612769876,2023-01-11,False
2741,Neel,Pant,fmore@example.com,9508098971,2025-07-12,False
2742,Vincent,Kannan,nayarwarhi@example.org,9604261447,2022-04-23,True
2743,Omisha,Natarajan,lankaadweta@example.org,9526445829,2025-01-31,True
2744,Bhavika,Pillay,gabriel91@example.org,9780498762,2021-09-27,True
2745,Ranbir,Handa,mkoshy@example.com,9524276074,2022-08-05,False
2746,Deepa,Sarkar,anamika02@example.com,9135342555,2024-11-03,False
2747,Gabriel,Hora,qushidua@example.org,9384155109,2024-07-21,True
2748,Anjali,Deo,lohit75@example.org,9568808482,2021-09-04,True
2749,Reva,Dugar,jbora@example.com,9334029378,2022-06-17,False
2750,Yuvraj,Doshi,ksinghal@example.com,9332627767,2024-01-16,True
2751,Radha,Nayak,masterlekha@example.net,9774929449,2023-03-19,True
2752,Elijah,Jaggi,wsuresh@example.net,9726684905,2023-07-09,True
2753,Nidhi,Sami,nthaker@example.org,9031613177,2021-09-09,False
2754,Harita,Kohli,benjamin38@example.net,9833315180,2022-06-17,False
2755,Mitali,Rau,advay23@example.com,9280193889,2024-09-02,False
2756,Rishi,Bora,pandyaanya@example.net,9397815734,2022-04-20,True
2757,Eesha,Chad,purohitpooja@example.org,9862365046,2021-11-19,True
2758,Lohit,Roy,lukemukhopadhyay@example.com,9892251826,2022-05-29,True
2759,Yash,Nazareth,sagarjeremiah@example.org,9084015799,2025-10-14,False
2760,Andrew,Rana,devanshbarad@example.net,9975268665,2021-12-26,True
2761,Tanish,Sahota,ramannihal@example.org,9407373087,2022-04-08,True
2762,Avni,Hora,hayeradvaith@example.net,9200562607,2021-08-16,False
2763,Peter,Mane,gmangal@example.com,9798889213,2022-12-29,True
2764,Triya,Kari,narayananowen@example.org,9932297254,2021-11-17,True
2765,Isaac,Minhas,chakrikasuri@example.com,9431886459,2023-11-05,False
2766,Suhani,Ben,somanoscar@example.net,9463669837,2024-07-17,False
2767,Jagvi,Pau,mammengayathri@example.net,9387500770,2026-07-04,False
2768,Chatura,Guha,sawhneymaanav@example.org,9135980433,2023-07-29,False
2769,Imaran,Prasad,qsalvi@example.org,9101460193,2023-05-04,False
2770,Eta,Grewal,saranojas@example.org,9609316426,2024-12-14,False
2771,Utkarsh,Kashyap,raghavangirindra@example.com,9082310171,2025-05-19,False
2772,Jai,Merchant,udyati40@example.com,9199508190,2021-08-11,False
2773,Gaurangi,Sachar,okaul@example.com,9263595176,2023-08-05,True
2774,Janaki,Gopal,imaran30@example.org,9286710665,2025-03-01,True
2775,Anthony,Ganguly,oliver35@example.com,9774149057,2022-04-16,True
2776,Wishi,Nazareth,matthewdave@example.net,9799752615,2026-01-17,True
2777,Ucchal,Virk,rattanzaid@example.org,9715111424,2022-07-20,True
2778,Naksh,Master,janya46@example.com,9313717419,2021-07-26,True
2779,Nimrat,Ratti,dayita50@example.net,9570340117,2024-12-29,True
2780,Gaurav,Shenoy,ramhemang@example.org,9011273831,2026-01-02,True
2781,Gagan,Sha,ayushmankonda@example.com,9796564001,2026-05-30,False
2782,Devansh,Nadig,kai60@example.net,9782411643,2023-11-14,False
2783,Orinder,Mitter,daszehaan@example.com,9546624822,2023-07-05,False
2784,David,Sandal,jonathan11@example.com,9846038951,2024-06-08,False
2785,Manthan,Khanna,pahal65@example.org,9174645331,2025-03-31,True
2786,Anamika,Murty,sanibahadurjit@example.com,9411371346,2023-08-16,False
2787,Henry,Arora,obath@example.com,9869576018,2026-01-16,True
2788,Utkarsh,Atwal,hredhaan54@example.net,9474733435,2025-07-20,False
2789,Yuvraj,Sankaran,gbanerjee@example.net,9685253175,2021-12-23,False
2790,Aachal,Agrawal,urvibadami@example.org,9185968974,2021-09-18,False
2791,Jagrati,Gara,narangirya@example.org,9957928184,2025-05-13,False
2792,Michael,Ramakrishnan,dtiwari@example.com,9399241611,2024-07-05,True
2793,Amruta,Banik,vgoel@example.com,9890880683,2022-04-27,True
2794,Jason,Doctor,sharmagaurangi@example.net,9282233125,2024-11-18,True
2795,Vedika,Tara,hiralagate@example.net,9385616271,2023-10-14,False
2796,George,Gupta,owen77@example.org,9235737421,2024-03-12,True
2797,Matthew,Arora,qasim07@example.net,9374158719,2024-01-04,True
2798,Luke,Oommen,narayanlaban@example.net,9530955877,2023-06-20,False
2799,Megha,Merchant,vrindakade@example.com,9957238161,2022-08-25,True
2800,Manthan,Chada,ekanichawla@example.org,9133010753,2024-09-25,True
2801,Chaitanya,Gokhale,nidhi94@example.net,9412322232,2021-11-05,True
2802,Veda,Krish,urvi09@example.com,9391370858,2025-04-20,False
2803,Zilmil,Jha,hgara@example.org,9168226080,2023-05-05,False
2804,Sanya,Bir,hredhaan93@example.org,9784498838,2021-08-03,True
2805,Rudra,Sawhney,raksha38@example.org,9133704946,2023-01-01,False
2806,Damini,Peri,darika07@example.com,9005355882,2023-04-21,False
2807,Aishani,Chaudhuri,vaidyaayaan@example.net,9829385028,2023-12-12,True
2808,Vyanjana,Srivastava,harinivarma@example.com,9537156415,2023-07-24,True
2809,Tarak,Bandi,ybabu@example.com,9670633119,2022-02-24,False
2810,Raagini,Chander,natarajangeetika@example.net,9309373134,2022-01-18,False
2811,Victor,Sura,dbrahmbhatt@example.org,9379306189,2022-09-24,True
2812,Charan,Atwal,kamala82@example.org,9721624742,2024-02-07,True
2813,Raagini,Madan,jkohli@example.com,9506529905,2023-06-04,False
2814,Leena,Sastry,dayalarjun@example.com,9209578903,2024-03-25,True
2815,Ekani,Apte,sachdevaadya@example.com,9565781744,2023-02-21,True
2816,Bahadurjit,Murty,christopher51@example.com,9567409201,2024-11-28,True
2817,Wishi,Mutti,balendrabajwa@example.org,9341405806,2025-08-20,True
2818,Anirudh,Bora,anita65@example.com,9840000400,2024-01-20,True
2819,Nitara,Kumar,zayan97@example.com,9834875256,2021-09-21,True
2820,Baghyawati,Dhar,meghana62@example.com,9760138079,2024-05-19,True
2821,Fariq,Chakraborty,gardehredhaan@example.com,9525081595,2021-10-02,True
2822,Darika,Khosla,nigamanthony@example.com,9174164776,2023-03-03,False
2823,Harrison,Baral,nakshkota@example.org,9976702546,2022-05-30,False
2824,Odika,Uppal,brinda46@example.net,9645892441,2026-03-05,True
2825,Vedant,Goyal,chakrabartiwyatt@example.com,9244792975,2026-06-14,False
2826,George,Lata,damini00@example.net,9465846392,2024-01-09,True
2827,Yahvi,Talwar,soodyagnesh@example.com,9676497378,2021-12-12,True
2828,Ekanta,Kothari,manbir51@example.net,9187162897,2024-03-03,True
2829,Riya,Saran,bsankaran@example.net,9609191935,2022-12-15,True
2830,Lajita,Kulkarni,hemakade@example.org,9769708567,2024-04-09,False
2831,Jackson,Bal,rajata39@example.net,9670447771,2023-11-16,True
2832,Bahadurjit,Pant,dsidhu@example.org,9501554494,2021-11-13,True
2833,Ekani,Shanker,kevin56@example.net,9374484555,2025-08-03,False
2834,Madhavi,Rout,wyattnigam@example.net,9420509530,2025-05-20,True
2835,Naveen,Singhal,hde@example.net,9276958870,2026-04-15,True
2836,Anjali,Dugar,brau@example.org,9669802764,2023-10-23,False
2837,Orinder,Mangal,jalsabatra@example.org,9796165377,2025-07-15,True
2838,Aahana,Dewan,vritti16@example.com,9919163695,2021-09-30,True
2839,Urishilla,Ghose,patrick50@example.org,9691569780,2025-08-25,False
2840,Yashodhara,Dhar,chatreshsridhar@example.net,9008133490,2022-10-07,False
2841,Sathvik,Srinivasan,vincent26@example.net,9249418016,2026-06-22,False
2842,Indira,Dalal,ghoshcharita@example.com,9403118287,2022-05-14,True
2843,Adya,Saran,ikshita11@example.net,9203390596,2025-03-28,False
2844,Rachita,Kulkarni,teerthmannan@example.org,9837542884,2024-11-01,False
2845,Xavier,Som,tkhurana@example.net,9850302772,2022-03-28,True
2846,Sudiksha,Jayaraman,rattannathan@example.com,9055326799,2022-10-20,False
2847,Arunima,Mody,unnatidhawan@example.com,9877938894,2022-03-28,True
2848,Onveer,Vyas,ksavant@example.net,9774786910,2024-01-26,True
2849,Andrew,Savant,mgandhi@example.com,9965241573,2022-03-12,False
2850,Yoshita,Bedi,andrewmangal@example.org,9410719129,2023-12-11,False
2851,Zaid,Kothari,lbhalla@example.com,9578149635,2024-04-07,False
2852,Ayushman,Brar,kalakadakia@example.org,9101584567,2023-06-24,True
2853,Gavin,Kanda,sbhandari@example.org,9174931756,2021-10-19,True
2854,Xalak,Kaul,goyalhemang@example.net,9737339701,2021-08-11,True
2855,Guneet,Mann,odikadugar@example.org,9892240061,2023-05-04,False
2856,Lakshmi,Natt,pooja60@example.org,9514358047,2022-04-10,False
2857,Devansh,Balasubramanian,mitterharinakshi@example.org,9153119596,2022-01-21,False
2858,Matthew,Subramaniam,zhalder@example.net,9477966054,2025-11-01,False
2859,Gaurangi,Puri,edhithasodhi@example.com,9042246406,2023-10-21,True
2860,Xiti,Sachdeva,swamygeetika@example.com,9182771148,2026-04-23,True
2861,Gunbir,Raja,pillayansh@example.org,9975570826,2025-09-30,False
2862,Lakshmi,Nanda,lalaanika@example.net,9414429426,2025-10-05,False
2863,Anirudh,Wagle,palcaleb@example.org,9513786268,2023-09-16,True
2864,Sachi,Bassi,luke41@example.com,9981420768,2022-03-26,False
2865,Reva,Anne,sanghvifaras@example.com,9365972397,2024-11-22,True
2866,Nirja,Cheema,munshizayan@example.org,9715007601,2025-06-14,True
2867,Ijaya,Choudhry,ahluwaliasaumya@example.com,9842845576,2022-06-08,True
2868,Priya,Subramanian,bbath@example.com,9721922834,2026-07-20,False
2869,Jacob,Lad,advaithdora@example.org,9527259783,2023-03-26,False
2870,Pahal,Sheth,chatura89@example.org,9205994476,2026-02-06,False
2871,Ayush,Chana,noahoommen@example.com,9208361088,2021-11-20,False
2872,Manthan,Parmar,ybarad@example.org,9620637035,2024-06-06,False
2873,Indira,Cherian,jatin67@example.com,9166296586,2023-03-16,False
2874,Libni,Bhagat,jagvikohli@example.com,9873209225,2023-11-29,False
2875,Jagvi,Batra,ramamrita@example.org,9978738718,2023-04-07,False
2876,Bhavna,Dalal,behlaayush@example.com,9658484393,2021-10-17,True
2877,Abdul,Malhotra,obhatia@example.net,9560897064,2026-05-16,True
2878,Yash,Singhal,abdul44@example.com,9905830470,2022-08-21,False
2879,Vrinda,Wagle,duttatamanna@example.com,9451300501,2026-03-15,True
2880,Falak,Swaminathan,chanchal73@example.net,9808427406,2022-12-03,True
2881,Yashvi,Gala,aarnav72@example.com,9532052851,2024-04-12,False
2882,Kala,Bhalla,gulatiforum@example.org,9471178875,2021-09-04,True
2883,Janaki,Das,jaiwali@example.net,9418051412,2021-10-01,False
2884,Aarush,Tailor,benjamin45@example.org,9569933276,2022-10-19,False
2885,Lavanya,Lanka,gkara@example.com,9930925239,2021-12-22,True
2886,Keya,Behl,nitara36@example.org,9712413739,2024-02-02,True
2887,Gabriel,Devan,ekaraj93@example.com,9694364365,2023-03-22,True
2888,Frado,Mohan,ati56@example.net,9150895146,2023-07-18,True
2889,Hritik,Walla,asrinivas@example.org,9302304233,2023-06-14,True
2890,Zarna,Vohra,hemangraju@example.org,9250927040,2021-10-08,False
2891,Dayita,Korpal,braghavan@example.net,9470726027,2024-03-28,True
2892,Vansha,Toor,msandhu@example.com,9805373808,2026-01-13,True
2893,Manan,Jaggi,calebsharma@example.org,9199824770,2025-07-14,False
2894,Janaki,Chaudhary,gdevi@example.org,9986367828,2022-02-21,False
2895,Pallavi,Ram,atwalkritika@example.com,9881279042,2024-09-14,True
2896,Onveer,Lata,gnaidu@example.org,9681792241,2025-06-11,True
2897,Saanvi,Anand,jatinbarman@example.net,9083480985,2023-10-06,True
2898,Aarini,Wali,zbasu@example.com,9833465867,2022-09-18,False
2899,Lila,Bhasin,harishkalita@example.org,9806664059,2026-06-24,False
2900,Vamakshi,Mitter,arjunwali@example.com,9803782537,2022-06-22,True
2901,Jonathan,Sahota,sbajaj@example.org,9557813731,2023-12-23,False
2902,Oliver,Dar,ynigam@example.org,9479944331,2025-10-15,True
2903,Nathan,Sengupta,balvanpandey@example.net,9976620840,2025-04-23,True
2904,Anusha,Rattan,agastya15@example.com,9746621997,2025-11-28,False
2905,Edhitha,Sane,jeremiah55@example.net,9424586672,2023-01-31,False
2906,Christopher,Sheth,krishnasalvi@example.com,9940601541,2023-07-02,True
2907,Zansi,Gade,jkaul@example.com,9883392389,2026-01-10,False
2908,Madhavi,Devi,ishitakrishnan@example.com,9862966103,2024-08-17,True
2909,Neelima,Pradhan,pluthra@example.net,9084371492,2025-01-20,True
2910,Madhav,Srivastava,jasmitagrawal@example.net,9600126646,2021-11-15,True
2911,Radha,Borra,balhaar91@example.org,9091665954,2024-06-14,True
2912,Deepa,Kothari,bhagatgopal@example.com,9846274205,2023-02-07,True
2913,Kalpit,Oak,dhora@example.com,9321665691,2021-12-14,True
2914,Sara,Bhargava,hbhatti@example.com,9134025006,2023-11-10,False
2915,Patrick,Divan,ysalvi@example.com,9349465265,2022-01-30,True
2916,Ekaja,Hans,xalak74@example.org,9160285953,2026-03-28,False
2917,Wishi,Oza,wakeeta59@example.net,9204155282,2023-07-04,True
2918,Chandran,Chaudhary,umahal@example.org,9032977444,2023-07-01,True
2919,Vedant,Dhillon,hemani78@example.com,9740477246,2023-11-23,False
2920,Vasana,Doctor,chakrikachauhan@example.net,9067100997,2026-04-26,True
2921,Bishakha,Manne,yashodagandhi@example.net,9931642128,2022-08-22,False
2922,Pallavi,Parekh,upma02@example.com,9891055799,2026-05-24,True
2923,Gaurang,Pathak,veer45@example.com,9512343440,2025-07-16,True
2924,Avi,Varkey,sachdevatarak@example.org,9395943578,2023-11-09,True
2925,Eshana,Bail,skadakia@example.net,9128211126,2024-03-09,True
2926,Max,Chandra,nagarajanaahana@example.com,9788937707,2022-01-21,True
2927,Kala,Bala,nbakshi@example.com,9062632762,2023-09-26,False
2928,Samaksh,De,cnatt@example.org,9079804707,2025-12-06,True
2929,Wyatt,Sastry,qtalwar@example.com,9239996369,2022-06-28,False
2930,Zilmil,Mital,aradhana41@example.net,9983857928,2022-12-21,False
2931,Mugdha,Din,chaudhurioni@example.com,9159952747,2026-03-09,True
2932,Wakeeta,Chaudhary,garima33@example.org,9179313475,2024-10-26,False
2933,Devansh,Sampath,shettyladli@example.com,9021000278,2025-03-03,False
2934,Darika,Parikh,xbhalla@example.org,9512538063,2022-05-17,False
2935,Aarnav,Narayanan,warhirajagopal@example.net,9328792746,2023-02-26,True
2936,Praneel,Rana,mnadig@example.org,9152438720,2025-05-05,True
2937,Ekta,Sehgal,gunbirmukherjee@example.net,9449419964,2024-03-31,False
2938,Leena,Goda,samaksh84@example.org,9927715736,2026-01-20,False
2939,Garima,Ahluwalia,ubhargava@example.net,9182511031,2026-01-30,False
2940,Radha,Sethi,anirudhsood@example.com,9914456619,2025-01-13,True
2941,Neha,Sharaf,fandra@example.net,9504340102,2024-11-24,False
2942,Kamya,Oommen,sradhakrishnan@example.com,9756657329,2025-08-13,True
2943,Varsha,Mitra,bhargavageetika@example.org,9685902330,2024-02-02,True
2944,Pooja,Grewal,mukhopadhyayvedhika@example.net,9061653730,2024-04-20,False
2945,Samar,Minhas,aadiswaminathan@example.net,9816293096,2022-07-06,False
2946,Indira,Bhalla,dchoudhury@example.com,9616903670,2024-05-20,False
2947,Daniel,Luthra,dartriveni@example.net,9977963199,2023-12-27,True
2948,Nitara,Savant,ramchanakya@example.net,9749612298,2023-06-05,True
2949,Andrew,Varghese,tvarughese@example.net,9779888243,2025-06-08,True
2950,Ijaya,Rau,ryogi@example.com,9274823009,2025-04-22,False
2951,Dhruv,Nair,vinaya59@example.com,9013367211,2024-05-07,True
2952,Lavanya,Sehgal,malhotraandrew@example.net,9282464913,2025-05-21,True
2953,Fariq,Salvi,daksh94@example.net,9231596378,2022-04-17,False
2954,Udant,Dalal,patlahitesh@example.net,9136900479,2021-12-21,True
2955,Daksha,Sankaran,baghyawati94@example.org,9581519394,2022-11-20,True
2956,Warda,Chander,dyalradha@example.net,9900986068,2022-03-07,False
2957,Bishakha,Morar,sanghvipooja@example.net,9611772942,2021-07-31,True
2958,Nimrat,Singh,balanhema@example.net,9858240497,2025-09-07,False
2959,Ekantika,Sule,bhavaniahuja@example.org,9303151861,2025-05-14,True
2960,Idika,Saran,maxmukherjee@example.net,9476419495,2025-11-13,True
2961,Siddharth,Golla,faqid99@example.org,9102633492,2022-10-18,False
2962,Saanvi,Sunder,ibhakta@example.com,9942682395,2024-09-18,False
2963,Aishani,Issac,aahana82@example.org,9380115576,2023-11-30,True
2964,Harish,Prabhakar,kadejanani@example.com,9323750839,2025-10-09,True
2965,Xavier,Dalal,knagarajan@example.com,9232434213,2026-05-27,False
2966,Ikshita,Subramanian,bnanda@example.org,9807335006,2023-10-07,False
2967,Eshana,Nanda,modyzarna@example.org,9940782862,2024-09-01,True
2968,Idika,Vig,kgole@example.org,9706258736,2021-09-23,False
2969,Darpan,Pillai,kiaan26@example.org,9316750115,2023-04-01,True
2970,Krishna,Sengupta,kalecharita@example.org,9477568863,2025-09-16,True
2971,Gaurav,Khalsa,eyogi@example.org,9805382898,2022-03-15,True
2972,Patrick,Doctor,madhavinarayanan@example.com,9537644512,2024-05-08,False
2973,Leela,Dubey,michaelarora@example.net,9346442996,2022-08-08,False
2974,Shaurya,Vasa,semfalan@example.net,9606993994,2024-06-14,True
2975,Falan,Bansal,mwadhwa@example.net,9292162986,2021-09-08,True
2976,Damini,Goyal,xtripathi@example.net,9710363056,2024-05-24,True
2977,Ojasvi,Goda,bakhshi96@example.net,9412352888,2026-07-08,False
2978,Aarav,Varkey,hbalasubramanian@example.org,9107149236,2021-10-12,False
2979,Yash,Sachdev,tripathigauri@example.net,9844437213,2023-01-15,False
2980,Raagini,Talwar,nsaha@example.net,9319180438,2024-02-02,True
2981,Wridesh,Batra,vsura@example.com,9842181801,2026-01-13,False
2982,Urmi,Mallick,mganesan@example.org,9311265974,2024-11-10,False
2983,Abhimanyu,Kalla,deepsimon@example.org,9217817042,2023-08-23,False
2984,Logan,Tak,george18@example.com,9920630416,2024-06-27,False
2985,Kalpit,Setty,meghanachakraborty@example.net,9910953100,2022-02-25,False
2986,Tripti,Golla,devansh36@example.net,9223801370,2023-01-24,True
2987,Ayushman,Chand,abdul14@example.com,9961360772,2025-09-27,False
2988,Naksh,Bansal,janya09@example.net,9063533350,2022-07-08,True
2989,Neelima,Grover,udeo@example.org,9049461730,2024-08-26,True
2990,Falan,Nigam,jhaveritimothy@example.net,9209673092,2024-01-22,False
2991,Aadi,Sridhar,girik35@example.net,9665339036,2023-06-24,True
2992,Zansi,Pathak,mmall@example.org,9919580008,2024-02-07,True
2993,Harsh,Ramanathan,krishnasura@example.com,9014683146,2024-08-24,False
2994,Abdul,Badami,aadhyaprabhakar@example.com,9846420181,2021-09-29,True
2995,Logan,Kala,aarnavchandran@example.com,9519889060,2022-07-08,False
2996,Vidhi,Palla,shanhemal@example.org,9926775046,2022-05-13,False
2997,Mahika,Dutta,yutikamander@example.org,9965688720,2022-10-09,True
2998,Aarush,Kurian,bbuch@example.org,9653476414,2024-01-16,True
2999,Luke,Singh,sarmachakrika@example.com,9314595508,2021-12-30,False
3000,Chandran,Dhillon,sandhuinaya@example.com,9735642729,2023-09-22,True
3001,Samar,Sachar,baradaryan@example.net,9824508146,2024-02-03,False
3002,Riya,Barman,rudrasahota@example.org,9741706022,2024-08-25,True
3003,Omkaar,Nayak,samaksh13@example.com,9176228095,2024-02-09,True
3004,Ekapad,Swamy,amaira01@example.com,9379058482,2026-04-10,True
3005,Ishaan,Sehgal,samarthkakar@example.net,9691082965,2025-04-03,False
3006,Ikbal,Deshpande,rajabhavani@example.com,9467647856,2023-01-02,False
3007,Ganga,Batta,ira01@example.net,9439992570,2026-07-01,True
3008,Onkar,Varkey,adar@example.org,9855143825,2024-05-26,False
3009,Lohit,Apte,quincyrout@example.com,9918198052,2026-01-26,True
3010,Samesh,Basak,robert06@example.com,9308303884,2021-09-20,False
3011,Henry,Sankar,yshetty@example.com,9921910507,2022-06-05,True
3012,Tara,Banerjee,vedhika44@example.com,9406914387,2025-04-03,True
3013,Urishilla,Johal,yatan15@example.net,9567695979,2022-12-14,True
3014,Krishna,Gole,kkaran@example.net,9732437039,2022-03-26,False
3015,Banjeet,Narain,wravi@example.com,9141343076,2025-12-21,True
3016,Vihaan,Doctor,zrajagopalan@example.net,9816051917,2021-08-17,True
3017,Nathaniel,Loyal,wazirsangha@example.net,9374373801,2023-06-01,False
3018,Faqid,Vora,reyansh41@example.org,9571682611,2022-06-27,False
3019,Bhavini,Shenoy,bgarde@example.com,9347873541,2023-12-13,False
3020,Ekiya,Palla,cmody@example.org,9116885926,2024-12-26,False
3021,Vihaan,Solanki,atwalamrita@example.org,9830148578,2022-06-13,True
3022,Nidhi,Prakash,hanne@example.net,9041890244,2024-12-25,True
3023,Qasim,Vyas,rachanabhatti@example.com,9346087363,2022-03-24,True
3024,Adweta,Hayer,vartyfrederick@example.org,9722938045,2021-08-14,False
3025,Veer,Aggarwal,aradhanachoudhury@example.net,9164764927,2023-03-30,False
3026,Niharika,Char,vivaansoman@example.net,9227818155,2023-04-30,True
3027,Qasim,Patla,bahadurjitgill@example.org,9367160338,2024-03-16,True
3028,Elijah,Solanki,araval@example.org,9874907264,2026-01-28,False
3029,Yashodhara,Bobal,nigamazaan@example.org,9916781288,2023-08-20,True
3030,Sachi,Kant,udant08@example.org,9278146953,2024-04-03,False
3031,Yash,Sama,xavierghosh@example.org,9724861156,2022-12-01,True
3032,Vihaan,Ben,jtara@example.org,9194670141,2022-11-04,False
3033,Aadi,Kumer,raksha12@example.org,9836248748,2024-05-14,False
3034,Neha,Grewal,saumyasandal@example.net,9173277606,2023-03-01,True
3035,Garima,Bhatti,nikitabawa@example.com,9574169843,2025-02-04,True
3036,Nidhi,Kohli,vamakshiprabhu@example.com,9184535777,2025-10-12,True
3037,Janaki,Devi,harinakshi83@example.com,9188374489,2022-12-23,True
3038,Ranveer,Purohit,mandakalpit@example.com,9450256702,2022-08-03,True
3039,Varenya,Varughese,gaurangibora@example.com,9103763294,2021-08-01,False
3040,Udant,Trivedi,moditanish@example.com,9412698086,2024-04-10,True
3041,Eiravati,Dara,viswanathanodika@example.org,9997078393,2022-03-30,False
3042,Wahab,Datta,bachittar27@example.com,9942501657,2024-08-30,True
3043,Janya,Nagarajan,hmitra@example.com,9328107056,2022-01-25,False
3044,Geetika,Murty,hkade@example.net,9410960066,2022-07-21,False
3045,Nikita,Bhavsar,rishi17@example.com,9602445697,2022-05-04,False
3046,Yashvi,Chad,tanay36@example.net,9757554606,2026-04-19,False
3047,Rayaan,Loyal,omishabail@example.com,9338824996,2024-12-19,False
3048,Krishna,Bedi,varkeyunnati@example.com,9880414036,2023-06-18,True
3049,Damini,Vyas,vlad@example.org,9261937902,2022-11-28,False
3050,Sathvik,Bains,chaitaly31@example.net,9213455799,2021-10-27,True
3051,Banjeet,Soman,hemarattan@example.com,9872306365,2025-05-12,False
3052,Rudra,Sathe,prabhakarikbal@example.org,9413677767,2024-08-20,False
3053,Saksham,Dave,anikarajagopal@example.com,9371967557,2026-07-09,False
3054,Jagat,Deo,mohangaurika@example.com,9028944388,2022-09-27,True
3055,Krishna,Sekhon,hmallick@example.org,9667488689,2026-07-10,False
3056,Mahika,Anand,bvasa@example.org,9914183590,2023-12-28,True
3057,Chatresh,Manda,abha74@example.org,9707254452,2025-08-25,False
3058,Nisha,Bhatt,nattzayyan@example.com,9287407519,2023-08-27,False
3059,Jatin,Krishnan,pamble@example.com,9828035689,2022-07-17,False
3060,Anirudh,Pradhan,dsrinivasan@example.org,9750139939,2023-01-14,False
3061,Ekantika,Ramesh,ssridhar@example.com,9631771862,2025-01-07,True
3062,Niharika,Sarraf,zboase@example.org,9386381303,2022-10-10,False
3063,Nimrat,Dayal,zaitra64@example.org,9946654977,2021-10-27,True
3064,Dhriti,Kar,rmishra@example.org,9495412176,2023-01-05,True
3065,Chanakya,Zachariah,bosepatrick@example.net,9934828009,2022-12-13,True
3066,Anirudh,Pant,lekhanagy@example.org,9456869690,2021-11-21,True
3067,Fariq,Gara,raghavchakraborty@example.com,9240415758,2023-11-01,False
3068,Maanav,Shere,avarughese@example.org,9277933335,2025-04-09,False
3069,Deepa,Dubey,chanderamrita@example.com,9576616295,2022-01-05,True
3070,Oeshi,Manda,atwaltanay@example.org,9841732652,2023-05-14,True
3071,Aadhya,Sangha,janaki46@example.net,9120384672,2025-04-08,False
3072,Abha,Mittal,borrayochana@example.net,9289143535,2023-10-17,False
3073,Pranit,Oza,idass@example.net,9607813847,2024-05-24,False
3074,Elijah,Konda,caleb74@example.net,9185058240,2024-07-03,True
3075,Divya,Luthra,epanchal@example.org,9069061195,2025-06-05,False
3076,Tejas,Sarraf,falgunikhare@example.org,9315846439,2023-09-10,False
3077,Anika,Datta,nagiaachal@example.net,9009231950,2025-07-30,True
3078,Watika,Kibe,oommenranbir@example.net,9003432926,2022-10-09,False
3079,Aryan,Narayanan,jhalak56@example.org,9849756578,2023-06-07,True
3080,Veer,Kibe,sarthak10@example.net,9518885787,2026-01-28,True
3081,Rachit,Wagle,oakvasatika@example.org,9839783018,2026-05-07,True
3082,Rachana,Pathak,netra07@example.com,9562567032,2025-05-15,False
3083,Hardik,Warrior,hparikh@example.com,9509802075,2022-08-23,True
3084,Chakradev,Krishnan,dbatta@example.com,9390648477,2023-03-07,True
3085,Oliver,Barman,chanchalkumer@example.com,9073197189,2021-07-26,True
3086,Jai,Bir,dalbirhayre@example.com,9729169426,2022-04-07,True
3087,Manya,Sagar,emaharaj@example.org,9079352756,2024-09-06,True
3088,Krishna,Bakshi,hiteshhans@example.org,9016183215,2022-11-28,True
3089,Chakradhar,Bhargava,emerchant@example.net,9664308604,2022-10-28,False
3090,Wahab,Char,iswaminathan@example.org,9246447106,2021-12-21,True
3091,Maya,Bhat,psha@example.org,9778892141,2026-03-09,False
3092,Jacob,Baral,sharafnaveen@example.net,9084798011,2025-06-11,True
3093,Darsh,Pai,dmadan@example.net,9658575790,2023-06-24,True
3094,Umang,Rastogi,onagarajan@example.net,9479109999,2023-05-31,False
3095,Vasudha,Wadhwa,neelima52@example.org,9080453343,2021-10-10,False
3096,Aishani,Ghosh,shethbachittar@example.org,9026755475,2023-04-14,True
3097,Radha,Mannan,samrashivansh@example.net,9251172303,2024-07-13,True
3098,Yashica,Gade,somanparth@example.com,9330804808,2025-12-12,False
3099,Pushti,Brar,ganesanjhalak@example.net,9044306577,2022-08-23,False
3100,George,Chaudhry,saichhabra@example.net,9681098176,2025-03-18,False
3101,Viraj,Pillai,fredericknath@example.org,9673711070,2024-12-03,False
3102,Nirja,Vora,amahal@example.net,9414735946,2026-03-27,False
3103,Gautami,Handa,lmanne@example.com,9257768997,2025-08-31,True
3104,Timothy,Prakash,ramalibni@example.org,9323701409,2024-07-25,False
3105,David,Sarraf,panchalgunbir@example.net,9963230477,2022-11-05,True
3106,Gayathri,Sahota,chandjanaki@example.net,9953384162,2026-06-29,False
3107,Anay,Saraf,yashodharachahal@example.com,9660309805,2022-04-11,True
3108,Tanveer,Lall,anushajayaraman@example.com,9356808779,2023-09-06,True
3109,Bhavani,Sur,chaitalylad@example.org,9676218743,2021-09-26,True
3110,Niharika,Mangal,imitra@example.net,9326834870,2023-01-11,True
3111,Gautami,Chawla,jganguly@example.net,9908454826,2022-10-02,True
3112,Raksha,Sood,udantchaudry@example.org,9581287663,2023-10-29,False
3113,Abhimanyu,Kunda,sathezayyan@example.com,9765224696,2025-12-14,False
3114,Garima,Contractor,egokhale@example.com,9517135284,2024-05-08,False
3115,Abha,Sha,narainabhimanyu@example.net,9057458076,2025-02-17,False
3116,Devika,Warrior,tvasa@example.org,9383127607,2026-02-13,False
3117,Wahab,Hegde,bhavini82@example.net,9245248816,2021-09-11,False
3118,Ranbir,Patla,dayamaichokshi@example.com,9654614119,2022-06-29,False
3119,Bachittar,Chaudhry,turvi39@example.net,9129835844,2026-04-30,True
3120,Abhiram,Chaudhary,tarasoman@example.org,9277156853,2021-08-07,True
3121,Gopal,Seshadri,anika79@example.com,9080308922,2026-05-19,False
3122,Chaitanya,Rau,gunbir99@example.com,9584029376,2023-09-15,False
3123,Ekanta,Date,jnagar@example.com,9280238656,2023-01-30,True
3124,Odika,Bassi,anandjanya@example.net,9801888003,2021-07-25,False
3125,Aadi,Natarajan,tanmayiyogi@example.org,9868722030,2025-06-05,True
3126,Ekavir,Bhat,samraonkar@example.org,9397662154,2022-02-24,False
3127,Ijaya,Bir,sehgalaarnav@example.net,9272929428,2025-01-15,False
3128,Tarak,Natarajan,daminiganesh@example.net,9638987495,2024-07-19,True
3129,Gaurang,Bera,victorkhatri@example.com,9588572834,2024-12-18,True
3130,Tanveer,Varty,saranfinn@example.net,9905587530,2022-11-01,False
3131,Nimrat,Chadha,dakshesh94@example.org,9679520279,2025-11-19,False
3132,Gopal,Maharaj,adya81@example.org,9891728458,2024-02-14,False
3133,Veda,Madan,brijesh09@example.org,9628865807,2023-02-21,True
3134,Ansh,Bhalla,parekhtanmayi@example.org,9197435752,2022-08-29,False
3135,Ganga,Padmanabhan,oviya80@example.net,9846900158,2022-07-05,False
3136,Joshua,Kakar,rdua@example.net,9249470025,2022-07-20,False
3137,Balveer,Ramaswamy,tdewan@example.net,9460957724,2026-02-03,False
3138,Varenya,Sundaram,tara63@example.org,9835728909,2022-05-14,False
3139,Dakshesh,Bansal,rkrish@example.net,9741804202,2022-11-24,True
3140,Robert,Aurora,vansha57@example.org,9368287657,2024-08-16,True
3141,Ishanvi,Palan,garimaupadhyay@example.com,9856850664,2025-10-28,True
3142,Vansha,Vohra,nandinimukherjee@example.net,9713000255,2023-10-14,False
3143,Nidhi,Lanka,zaid34@example.com,9985294844,2025-06-08,False
3144,Abeer,Mangat,mukhopadhyaykamya@example.org,9563370695,2022-06-19,False
3145,Dominic,Virk,rameshjai@example.org,9875955942,2023-01-29,False
3146,Harshil,Halder,maxmani@example.org,9997711801,2024-10-09,False
3147,Riya,Sharma,rishi60@example.com,9890985927,2022-05-29,True
3148,Aarna,Kapoor,emadan@example.com,9934768893,2025-11-11,True
3149,Omisha,Bumb,schana@example.net,9776458084,2023-03-04,False
3150,Finn,Sachdeva,nicholas17@example.net,9005312605,2024-04-09,True
3151,Vrishti,Mistry,deychasmum@example.com,9958769559,2022-05-13,False
3152,Onkar,Sagar,karanbakhshi@example.com,9837318359,2024-03-04,False
3153,Ikbal,Garg,advikanarang@example.net,9232580245,2024-04-11,False
3154,Xalak,Brahmbhatt,rajagopalpraneel@example.net,9743514928,2025-01-23,True
3155,Sai,Desai,jbhakta@example.org,9174028106,2021-08-02,True
3156,Vedhika,Rama,chamanmahal@example.org,9346026335,2024-12-12,True
3157,Arunima,Borah,lgola@example.net,9702521514,2023-07-02,False
3158,Indali,Chandran,pde@example.org,9685044852,2024-11-12,False
3159,Charan,Dhar,gaurimani@example.net,9722405530,2025-01-05,True
3160,Faraj,D’Alia,anayagrawal@example.com,9589275234,2022-01-01,True
3161,Yashawini,Swamy,prasadomya@example.net,9335556385,2026-04-13,True
3162,Dev,Vora,abhakadakia@example.net,9974869800,2024-07-01,True
3163,Jagvi,Suresh,samakshvohra@example.org,9792660940,2024-02-24,True
3164,Zayan,Shah,atharv17@example.com,9056655899,2021-11-22,True
3165,Mitali,Naidu,ytaneja@example.net,9223242043,2021-09-19,True
3166,Darsh,Rastogi,devanshcheema@example.org,9697136359,2022-03-25,True
3167,Gavin,Mitra,chandrandube@example.net,9612232861,2023-11-09,False
3168,Aarnav,Deep,forum42@example.org,9492243023,2022-09-06,True
3169,Daksh,Aurora,charrayaan@example.org,9789282435,2022-01-31,False
3170,Vrinda,Char,gautamikarpe@example.org,9956176294,2025-12-24,True
3171,Anvi,Reddy,sprashad@example.org,9897795361,2023-11-26,False
3172,Aarush,Gulati,shroffbalveer@example.net,9063360273,2022-08-07,False
3173,Gaurika,Sampath,agade@example.org,9736292459,2026-03-14,False
3174,Upma,Seshadri,ihayre@example.net,9243821462,2022-12-04,False
3175,Noah,Grewal,udanthegde@example.net,9138522359,2021-10-19,True
3176,Lekha,Dhillon,xbala@example.net,9401441245,2022-12-05,True
3177,Qasim,Dubey,kala67@example.net,9089393504,2025-02-03,True
3178,Naksh,Gulati,triptimallick@example.org,9535833878,2026-07-08,False
3179,Janya,Buch,oakxavier@example.org,9945875950,2025-11-21,False
3180,Qasim,Pai,odayal@example.org,9300708618,2025-04-08,False
3181,Chavvi,Thakur,meera74@example.com,9529148356,2024-08-25,True
3182,Benjamin,Raj,liamshanker@example.net,9025254110,2024-09-10,False
3183,Isha,Roy,chavvibora@example.org,9667680940,2024-03-23,False
3184,Neelima,Mittal,pbanik@example.org,9642453206,2024-04-14,False
3185,Anika,Kar,nikitabhavsar@example.com,9340371524,2023-03-07,True
3186,Jagdish,Bassi,nayaknisha@example.net,9309531225,2022-12-14,False
3187,Neelima,Majumdar,cmanda@example.net,9706764428,2025-01-29,True
3188,Viraj,Bansal,dbalan@example.net,9101012448,2021-08-22,False
3189,Kamya,Ramanathan,kabir11@example.net,9874900449,2022-02-26,True
3190,Chatura,Bhatia,sgara@example.org,9149204993,2021-09-13,False
3191,Oeshi,Mann,lankafrederick@example.org,9107043105,2024-09-18,True
3192,Aditya,Kalla,patlayochana@example.com,9850660675,2022-07-19,True
3193,Amara,D’Alia,vedant51@example.com,9609514277,2022-01-01,True
3194,Nachiket,Bhattacharyya,victor86@example.org,9151116271,2023-09-28,True
3195,Sarthak,Pingle,adyachoudhury@example.org,9616504725,2024-07-09,True
3196,Tanveer,Dara,tanejaryan@example.com,9122072508,2024-03-02,True
3197,Ekani,Goel,anmol88@example.com,9096925336,2021-11-23,False
3198,Hardik,Aurora,falanchaudhari@example.net,9400998129,2025-05-28,False
3199,Indrajit,Deshmukh,zaitraverma@example.com,9415949254,2023-03-12,True
3200,Chanchal,Narayanan,dixitnidhi@example.com,9427386966,2023-12-07,True
3201,Dev,Chacko,nattekaraj@example.org,9927243067,2025-07-26,False
3202,Widisha,Varughese,lekhashah@example.com,9810708240,2025-11-04,True
3203,Udant,Parmer,kandarayaan@example.net,9157920823,2025-03-29,True
3204,Lekha,Chacko,bgade@example.org,9729512660,2026-05-06,True
3205,Omya,Sampath,chahalanmol@example.net,9403909276,2025-09-03,True
3206,Tarak,Sabharwal,wadhwaomisha@example.org,9339950666,2025-10-04,False
3207,Priya,Anand,irya08@example.net,9005090830,2025-02-06,False
3208,Rachit,Patel,tiwaribalendra@example.com,9564419941,2022-08-22,False
3209,Advika,Kakar,zbhatti@example.org,9502999076,2022-05-07,False
3210,Jacob,Thaman,mukherjeeshivansh@example.com,9784903217,2025-04-29,False
3211,Arya,Chander,sridharradhika@example.com,9550043753,2022-06-16,False
3212,Gaurangi,Sehgal,kevin29@example.com,9083860390,2023-05-17,False
3213,Panini,Tandon,pushti75@example.com,9753515347,2023-12-25,False
3214,Saksham,Deshpande,hagarwal@example.org,9207800378,2022-04-27,True
3215,Aarnav,D’Alia,krishluke@example.org,9823416099,2021-10-09,False
3216,Ucchal,Palan,ivenkatesh@example.com,9166190764,2024-03-21,False
3217,Amaira,Bava,udant94@example.net,9616222772,2025-03-26,False
3218,Henry,Bahl,amruta02@example.net,9602846559,2022-10-09,True
3219,Gavin,Wali,leela88@example.com,9499339745,2023-03-07,True
3220,Dev,Walia,godaviraj@example.net,9487614443,2023-06-22,False
3221,Ridhi,Kata,nbansal@example.org,9857537947,2024-11-24,False
3222,Tarak,Cheema,aadhyagole@example.net,9900249278,2024-06-21,False
3223,Naksh,Jain,mugdha15@example.org,9216760896,2021-12-09,True
3224,Gaurang,Bahri,usane@example.net,9978242565,2026-04-06,False
3225,Kalpit,Kamdar,zashil04@example.net,9450398638,2023-04-02,True
3226,Zehaan,Purohit,hbajaj@example.org,9449860296,2024-05-17,False
3227,Umang,Goswami,farajpadmanabhan@example.net,9307079190,2024-01-16,False
3228,Watika,Varty,ebajaj@example.com,9083345129,2026-01-19,False
3229,Manthan,Krishnamurthy,anjali18@example.org,9378814742,2024-07-16,False
3230,Arjun,Shankar,tristan82@example.org,9395007867,2025-05-12,False
3231,Gaurangi,Natt,banerjeeekani@example.org,9576036733,2024-11-14,False
3232,Ekansh,Luthra,zehaansodhi@example.com,9151632956,2025-02-05,True
3233,Devansh,Maharaj,aishanikhurana@example.com,9485178275,2025-10-11,True
3234,Urvi,Jain,ramekansh@example.com,9601741964,2021-10-12,True
3235,Darpan,Bhat,falaksachar@example.net,9835962783,2026-04-20,True
3236,Urvi,Sridhar,vraja@example.com,9023471451,2023-03-17,False
3237,Siya,Mahajan,dattanihal@example.com,9565293675,2024-11-13,False
3238,Praneel,Sha,zayan54@example.org,9349893975,2024-08-10,True
3239,Forum,Khalsa,omisra@example.org,9209470544,2025-10-09,True
3240,Mitali,Parmar,advaybir@example.net,9769270438,2026-02-27,False
3241,Garima,Din,wbhatnagar@example.net,9834430299,2025-07-12,False
3242,Wriddhish,Nadkarni,anamika24@example.org,9294804688,2024-11-02,False
3243,Chakradhar,Zacharia,mrattan@example.com,9272477115,2025-05-08,False
3244,Tanmayi,Hari,fyadav@example.com,9616217367,2022-04-17,False
3245,Wahab,Wable,ehora@example.com,9031916661,2025-03-03,False
3246,Omkaar,Mukhopadhyay,uvirk@example.net,9676218224,2025-07-06,True
3247,Pratyush,Dass,wakeeta68@example.com,9707167148,2026-06-02,True
3248,Jagrati,Sharma,gaurishan@example.net,9523529800,2023-03-04,False
3249,Brinda,Boase,riyakhare@example.com,9542471155,2025-12-20,True
3250,Quincy,Golla,chowdhurygauri@example.org,9719070677,2025-03-14,False
3251,Rudra,Dada,gunbirraman@example.com,9538336425,2024-04-21,False
3252,Abhiram,Kapoor,baliharish@example.org,9546759149,2024-08-10,False
3253,Saumya,Sinha,kaulgirish@example.net,9705682583,2023-02-24,True
3254,Benjamin,Bhavsar,tarak54@example.com,9636798836,2025-10-27,True
3255,Rachita,Keer,qmital@example.com,9498106326,2025-05-18,False
3256,Reyansh,Dewan,purohitarin@example.com,9294299211,2023-01-19,True
3257,Amaira,Sekhon,simon50@example.com,9978209938,2025-08-24,False
3258,Krish,Dani,deviandrew@example.org,9829983990,2022-06-15,True
3259,Jyoti,Agate,ikshita47@example.com,9168068030,2024-03-15,False
3260,Azaan,Ahuja,anamika68@example.org,9131433605,2025-10-05,True
3261,Adweta,Hayre,harshchokshi@example.org,9549599291,2025-08-05,False
3262,Hritik,Raghavan,bhavsarwahab@example.com,9417659205,2026-06-12,True
3263,Chasmum,Jani,kbakshi@example.org,9168011536,2021-09-19,True
3264,Lekha,Manne,chandanipatla@example.net,9349732009,2025-01-31,False
3265,Bahadurjit,Dada,ronith53@example.net,9053256248,2026-03-19,True
3266,Anay,Mital,qbassi@example.com,9485551693,2022-12-13,False
3267,Barkha,Balay,shravya41@example.org,9935391038,2026-06-28,False
3268,Ethan,Randhawa,ctank@example.net,9095218586,2026-01-28,False
3269,Brijesh,Lal,abhadhawan@example.net,9008892585,2025-09-05,False
3270,Yoshita,Iyengar,handavanya@example.org,9377312058,2026-04-14,False
3271,Nimrat,Mohan,samesh07@example.com,9878134095,2022-07-25,False
3272,Anusha,Atwal,dakshesh18@example.org,9361700048,2024-08-09,False
3273,Daksha,Chopra,rehaankrishna@example.net,9109452553,2026-06-06,True
3274,Lekha,Dhingra,jalsa61@example.com,9412987010,2023-03-09,False
3275,Kai,Dara,madhav94@example.org,9761114832,2023-09-11,True
3276,Baljiwan,Ravi,krishna61@example.org,9166948100,2022-03-21,True
3277,Devansh,Gala,theodorebajaj@example.org,9679655673,2023-02-25,False
3278,Timothy,Handa,ttiwari@example.org,9434462280,2025-09-14,True
3279,Aishani,Bhalla,ryan89@example.net,9059509428,2022-02-23,True
3280,Rajata,Kashyap,vdua@example.com,9721087274,2022-08-09,False
3281,Chandresh,Pradhan,pallatriveni@example.net,9815551849,2024-08-08,False
3282,Jhalak,Ganesh,pkunda@example.net,9522173284,2022-10-07,False
3283,Aishani,Vohra,kgarg@example.net,9020291726,2024-03-27,True
3284,Hitesh,Kohli,madhav04@example.net,9578131456,2022-09-24,True
3285,Kashish,Karan,kamdardarpan@example.org,9413001131,2023-12-17,True
3286,Panini,Mittal,qasim14@example.org,9778055922,2025-08-19,True
3287,Urvi,Bajwa,prishabera@example.net,9497697998,2025-05-22,False
3288,Qarin,Panchal,psarin@example.com,9113507649,2024-10-18,False
3289,Siya,Ganesh,mrau@example.org,9968007119,2023-12-20,False
3290,Xalak,Murthy,parekhqarin@example.org,9011270422,2024-09-14,True
3291,Udant,Keer,shivanshchada@example.com,9331616697,2024-03-06,False
3292,Damyanti,Sachdev,fbaral@example.org,9198951115,2025-10-07,True
3293,Sudiksha,Dave,darpanhegde@example.com,9155860264,2022-09-02,True
3294,Shivansh,Rau,chasmumnori@example.net,9846937147,2026-04-03,False
3295,Watika,Pal,venkataramanarin@example.com,9711784440,2022-01-28,False
3296,Nachiket,Sura,yashodhara94@example.org,9443793666,2022-01-03,True
3297,Bhavini,More,hshanker@example.org,9881618277,2023-06-09,False
3298,Chakrika,Sehgal,lmani@example.com,9784527331,2025-12-15,True
3299,Zinal,Cheema,ojasvi75@example.com,9135455797,2021-10-25,True
3300,Triveni,Bhat,psathe@example.org,9455300173,2022-06-12,False
3301,Adweta,Chawla,urishillagera@example.com,9921298567,2022-08-24,False
3302,Aarna,Ben,jasmit52@example.com,9177485652,2024-12-29,True
3303,Darika,Dugal,tarak74@example.org,9822022041,2021-08-04,True
3304,Omya,Master,dbarman@example.org,9652014876,2021-12-18,True
3305,Nisha,Seth,revagarde@example.com,9009321956,2023-03-23,False
3306,Praneel,Bhargava,aarav65@example.org,9696158844,2024-07-20,True
3307,Jonathan,Kalla,lkrishna@example.com,9110020896,2025-09-29,True
3308,Netra,Bandi,dalbir62@example.org,9215175196,2025-08-01,False
3309,Praneel,Reddy,nazarethqushi@example.com,9314342207,2021-12-17,False
3310,Bhavini,Kalla,bathtamanna@example.com,9222874995,2025-11-15,False
3311,Reyansh,Ratta,kmemon@example.net,9601767873,2025-11-02,False
3312,Zaitra,Bhandari,chawladevansh@example.org,9052923835,2022-12-17,False
3313,Manbir,Kade,vtak@example.org,9448063244,2026-03-30,False
3314,Mohini,Krishna,rbanerjee@example.org,9261655427,2026-07-18,True
3315,Yug,Hegde,ibhalla@example.org,9461690476,2022-03-08,True
3316,Chandresh,Dixit,qperi@example.com,9190437702,2025-02-01,True
3317,Tara,Bali,advaith35@example.com,9237246456,2021-08-23,False
3318,Chaitaly,Yogi,gabriel19@example.net,9065632267,2022-03-03,True
3319,Jack,Bose,vtrivedi@example.org,9259272916,2024-01-15,False
3320,Liam,Dhingra,luckypall@example.org,9841875761,2025-09-24,True
3321,Nidhi,Prasad,kedwin@example.net,9458836607,2026-07-17,True
3322,Tarak,Keer,champak83@example.net,9378361592,2024-11-14,True
3323,Oeshi,Vig,praja@example.net,9080795653,2021-12-29,True
3324,Aryan,Bawa,lukesundaram@example.com,9093604709,2022-11-19,True
3325,Balendra,Keer,snehachahal@example.com,9213747279,2023-07-02,False
3326,Parth,Dhawan,nthakur@example.com,9954276293,2023-08-29,False
3327,Megha,Vaidya,lohitmore@example.org,9728195981,2025-02-07,True
3328,Faqid,Thaker,toorazaan@example.net,9880409336,2023-01-25,True
3329,Raksha,Din,chasmum52@example.org,9759426732,2025-09-06,False
3330,Praneel,Goyal,harshmurty@example.com,9325016993,2023-02-22,False
3331,Saanvi,Kulkarni,gopal16@example.com,9160862495,2022-06-20,True
3332,Umang,Iyengar,usandhu@example.org,9575296647,2022-02-14,True
3333,Girik,Vala,kalakrish@example.net,9072391918,2023-10-20,True
3334,Mugdha,Narayan,chatura63@example.com,9985167655,2026-07-02,False
3335,Faqid,Raghavan,zsavant@example.org,9223644995,2022-06-13,False
3336,Bimala,Keer,vagrawal@example.com,9342491626,2023-03-30,False
3337,Jagdish,Tank,wsingh@example.com,9422212421,2025-08-22,False
3338,Rehaan,Varghese,balaviraj@example.com,9731751029,2024-09-02,False
3339,Warjas,Narain,toorsamesh@example.org,9271045351,2023-06-01,True
3340,Eesha,Sandhu,chaitalykar@example.org,9719163354,2025-05-11,False
3341,Frederick,Parmer,siddharth38@example.org,9541768922,2021-11-03,False
3342,Mitali,Zacharia,aachalom@example.net,9028457186,2026-06-08,False
3343,Harish,Varkey,sanepatrick@example.com,9499314536,2024-06-11,True
3344,Harish,Iyer,zansisaraf@example.org,9367461616,2021-08-27,True
3345,Eiravati,Mahajan,upkaarsethi@example.net,9073671274,2025-09-05,False
3346,Aayush,Sahni,wriddhish12@example.org,9789406972,2025-03-10,True
3347,Sanya,Dhaliwal,mahajangaurav@example.net,9629319167,2026-04-04,True
3348,Sneha,Murthy,fkuruvilla@example.com,9019255317,2024-05-30,True
3349,Eta,Agarwal,mahika16@example.org,9438403972,2024-10-13,True
3350,Vansha,Nayar,hemani76@example.net,9094142509,2024-07-24,True
3351,Manya,Hegde,nbhalla@example.net,9552882313,2022-10-29,True
3352,Prisha,Sunder,dayamaijain@example.com,9859919776,2023-09-01,True
3353,Yauvani,Pathak,jdivan@example.com,9437636628,2025-10-17,True
3354,Gunbir,Bose,zdalia@example.com,9535955394,2024-09-14,False
3355,Champak,Sandal,yadavi29@example.com,9863099728,2024-05-26,True
3356,Eshana,Malhotra,sekhonsamarth@example.net,9943149142,2022-03-03,False
3357,Ishani,Krishnan,bachittar96@example.com,9624285740,2024-03-11,False
3358,Arin,Pingle,vedhikashroff@example.org,9354766307,2025-04-26,True
3359,Vrinda,Nagi,acharyaayaan@example.com,9519407234,2025-01-13,True
3360,Harshil,Patil,magarjagat@example.net,9170829220,2026-07-24,True
3361,Luke,Nadkarni,kadeayush@example.org,9295011474,2025-05-09,True
3362,Patrick,Bhakta,kamala52@example.org,9783904975,2025-08-24,True
3363,Brinda,Munshi,smandal@example.org,9633338846,2024-06-23,True
3364,Dominic,Basak,binaiyengar@example.org,9824130160,2025-01-05,False
3365,Aachal,Lall,jaggijasmit@example.net,9934177334,2023-07-21,False
3366,Brijesh,Setty,doshiharish@example.net,9821606392,2023-06-07,False
3367,Ekalinga,Wable,oshenoy@example.net,9811080238,2026-04-20,True
3368,Wridesh,Rastogi,xahuja@example.net,9257953564,2023-11-12,False
3369,Devansh,Boase,ikshitamanne@example.com,9286399624,2021-09-14,False
3370,Naksh,Kata,maanas03@example.org,9759145090,2021-10-06,True
3371,Rayaan,Patla,hdevi@example.com,9939539106,2025-08-26,True
3372,Upkaar,Kannan,zinalgour@example.com,9653480249,2024-11-15,True
3373,Mahika,Verma,warinderpathak@example.net,9552010154,2024-02-20,False
3374,Darika,Mukherjee,adhaliwal@example.com,9405187032,2023-01-04,False
3375,Harshil,Seth,desaihemangini@example.com,9983910320,2023-11-24,True
3376,Hitesh,Ben,vidhideep@example.net,9102972957,2024-05-05,False
3377,Ishanvi,Contractor,raaginikala@example.com,9007963302,2022-11-29,True
3378,Ikshita,Chauhan,bram@example.com,9899212746,2022-12-05,False
3379,Hardik,Johal,chavvipatla@example.net,9582956562,2022-02-08,True
3380,Onveer,Nanda,modichameli@example.org,9475376378,2023-01-20,True
3381,Ikshita,Sahni,yashoda58@example.com,9476695577,2021-08-07,False
3382,Ekanta,Dalal,dpau@example.com,9799645115,2026-07-19,True
3383,Abdul,Munshi,garimasachar@example.net,9704264697,2024-08-07,True
3384,Chakradhar,Batta,mekhala60@example.net,9638285041,2025-02-11,False
3385,Lucky,Shetty,aadi20@example.net,9922521238,2021-09-01,True
3386,Owen,Manda,lavanya27@example.com,9351487497,2022-05-05,True
3387,Divya,Chatterjee,falgunimajumdar@example.com,9893853358,2024-01-22,False
3388,Ekalinga,Sant,udant59@example.net,9522875120,2026-06-04,True
3389,Chaitanya,Bhatti,tanejachasmum@example.net,9731114963,2023-05-08,False
3390,Pallavi,Bal,bhagatdivya@example.net,9045961974,2022-02-01,False
3391,Ayaan,Pathak,xperi@example.net,9344594210,2024-02-11,False
3392,Nicholas,Badal,gaurav82@example.net,9654907872,2024-04-27,True
3393,Falguni,Banerjee,deepa15@example.org,9909375770,2025-04-30,True
3394,Ladli,Balan,qchanda@example.com,9941351284,2026-04-19,False
3395,Samarth,Raghavan,jagvi95@example.net,9277069922,2025-02-06,True
3396,Indrajit,Prasad,mkrishnamurthy@example.org,9608276100,2023-01-03,False
3397,Umang,Pandya,devanavi@example.net,9459691573,2023-10-13,False
3398,Advika,Hayer,pallavi33@example.com,9598491387,2026-01-22,True
3399,Widisha,Agate,vartygaurang@example.net,9113379523,2023-04-13,True
3400,Girindra,Lata,ojasmajumdar@example.org,9707127879,2025-02-07,True
3401,Wriddhish,Korpal,gbaria@example.net,9132208220,2024-02-28,True
3402,Baghyawati,Venkataraman,william51@example.net,9788164957,2022-07-06,True
3403,Bakhshi,Mannan,harinibadal@example.org,9284224170,2022-08-15,False
3404,Udant,Chandran,wardatailor@example.net,9434030579,2023-01-05,True
3405,Gaurangi,Chand,okapoor@example.org,9581368220,2022-04-04,True
3406,Gaurika,Dugal,jsahota@example.com,9462116700,2025-02-09,True
3407,Nitesh,Bassi,hiteshdeo@example.com,9076645362,2026-06-15,True
3408,Joshua,Dada,gaurangibassi@example.net,9113449689,2024-05-03,False
3409,Avi,Deo,vyasbhavika@example.net,9994549497,2022-10-05,True
3410,Indira,Menon,qdin@example.org,9474421756,2023-07-12,False
3411,Aarini,Agarwal,leena51@example.com,9444657481,2024-01-19,False
3412,Eesha,Dutta,krish88@example.net,9646508930,2023-09-09,False
3413,Wazir,Butala,jmemon@example.org,9391369975,2023-10-12,False
3414,Theodore,Kala,esundaram@example.org,9715422412,2024-04-05,True
3415,Aarav,Jani,anvichaudhari@example.org,9472237207,2024-02-04,True
3416,Ekapad,Subramanian,tarak70@example.net,9063239988,2025-09-23,True
3417,Tamanna,Kadakia,kashishdutta@example.org,9085837558,2023-02-01,True
3418,Ojasvi,Kara,gaganwable@example.net,9451088589,2026-06-26,False
3419,Zaitra,Chander,chaudhryanamika@example.org,9817834206,2023-09-25,False
3420,Ranveer,Iyer,bhanumatisetty@example.net,9197204093,2023-02-20,False
3421,Bishakha,Divan,rohan00@example.net,9173163324,2023-07-01,False
3422,Aarush,Varty,tgarde@example.com,9783907121,2022-12-25,True
3423,Jasmit,Tandon,isaac98@example.net,9272449520,2025-04-24,True
3424,Leena,Bose,luke83@example.org,9197789516,2025-01-05,True
3425,Ishita,Bhalla,warriorchanakya@example.org,9544027760,2022-07-23,True
3426,Jonathan,Kapadia,ramachandranlaksh@example.com,9751000366,2026-02-18,True
3427,Ikshita,Sinha,william97@example.net,9384718458,2022-03-13,True
3428,Lipika,Karan,godahredhaan@example.org,9918236372,2024-05-15,False
3429,Isaiah,Chander,azadjha@example.net,9102623705,2021-11-17,False
3430,Leela,Sha,owen52@example.org,9925465476,2023-06-16,False
3431,Faraj,Sankaran,mishrakamala@example.com,9903653542,2023-04-19,False
3432,Ridhi,Dutta,rajeshri67@example.com,9226761747,2026-07-25,True
3433,Advik,Mall,gautami22@example.com,9205964254,2025-05-22,False
3434,Charles,Prashad,veer71@example.net,9603489731,2022-06-27,False
3435,Priya,Batra,palllajita@example.com,9399521154,2023-02-15,True
3436,Aadhya,Agrawal,palanarin@example.net,9437908680,2026-01-30,True
3437,Yauvani,Khosla,kala58@example.net,9364548759,2025-05-19,False
3438,Vasudha,Lad,ikshitamaster@example.org,9904368275,2024-12-29,False
3439,Yutika,Kumer,uwable@example.org,9786725308,2022-06-22,False
3440,Gauri,Wagle,ravalreva@example.net,9945119324,2025-01-27,False
3441,Vasatika,Bobal,ucchalnayar@example.org,9371002959,2024-11-04,False
3442,Rayaan,Nadkarni,sunderindali@example.com,9053209361,2023-06-12,False
3443,Anmol,Bhattacharyya,devika64@example.org,9972941036,2025-10-03,False
3444,Falak,Wali,ramtristan@example.org,9894011713,2021-11-07,True
3445,Yuvraj,Sundaram,sharafharrison@example.net,9467908773,2025-08-11,True
3446,Tarak,Cherian,cdhar@example.com,9927460100,2024-12-17,True
3447,Saanvi,Singhal,charan09@example.net,9701832566,2022-03-03,True
3448,Abhiram,Purohit,aggarwalhamsini@example.org,9700700102,2022-10-04,True
3449,Kevin,Dada,meghanakamdar@example.net,9051011816,2026-05-19,True
3450,Rohan,Luthra,ahluwalialavanya@example.com,9698710149,2024-02-27,False
3451,Fariq,Bumb,lkarnik@example.net,9225196429,2024-05-13,False
3452,Yashica,Raju,santsanaya@example.org,9117025449,2024-11-19,False
3453,Diya,Narain,dugaranya@example.net,9218254805,2025-07-13,True
3454,Hemani,Narasimhan,gardechaitaly@example.org,9426335231,2025-07-02,False
3455,Ekani,Mani,htank@example.net,9320206139,2022-09-02,False
3456,Akshay,Keer,viswanathanojasvi@example.com,9674482287,2026-04-13,True
3457,Advay,Tara,davidbassi@example.com,9963096667,2025-04-12,True
3458,Owen,Radhakrishnan,dugarradha@example.net,9499104716,2024-02-05,False
3459,Falak,Kurian,yadavi44@example.com,9577137153,2023-09-24,False
3460,Oliver,Shroff,owenverma@example.com,9322766548,2024-01-10,True
3461,Kabir,Tata,bimala64@example.com,9403002143,2024-11-01,False
3462,Ojasvi,Narain,jagrati38@example.net,9232345335,2024-11-10,False
3463,Omisha,Varma,kevinviswanathan@example.net,9657549203,2026-03-21,True
3464,Aadi,Chowdhury,virajshukla@example.net,9619157701,2024-03-16,True
3465,Gaurav,Contractor,parekhhritik@example.net,9623153942,2026-03-26,False
3466,Ethan,Chowdhury,turvi65@example.org,9916397505,2025-04-19,False
3467,Laksh,Dara,devansh09@example.net,9100944300,2022-09-30,True
3468,Tripti,Sura,lakshitatwal@example.net,9656942763,2026-04-10,True
3469,Abhiram,Vora,lavanyahora@example.org,9676311431,2022-01-31,False
3470,Tara,Nori,yahvisoni@example.org,9414264293,2021-10-28,True
3471,Krisha,Kurian,schoudhury@example.org,9838167428,2024-03-23,False
3472,Deepa,Behl,bhavani74@example.org,9894752897,2022-12-10,True
3473,Dalaja,Nath,lgokhale@example.com,9554042100,2022-07-10,False
3474,Charita,Ratta,choudharyurvashi@example.com,9854539057,2026-03-18,False
3475,Lajita,Rajagopalan,raaginigoda@example.org,9395300255,2023-03-23,False
3476,Gaurika,Goswami,mugdha37@example.com,9312524587,2021-11-01,True
3477,Jason,Kant,dadadev@example.com,9517335836,2022-10-09,True
3478,Chaitaly,Goda,nayargabriel@example.com,9694438787,2022-02-27,True
3479,Tanvi,Biswas,ekiyakale@example.com,9891054825,2025-03-31,True
3480,Nathan,Sule,paninimand@example.org,9316120992,2026-03-27,False
3481,Osha,Walla,jmemon@example.net,9775153672,2021-12-18,False
3482,Ria,Pandya,rajagopalankeya@example.net,9912856859,2023-11-27,True
3483,Bishakha,Brar,kmangal@example.org,9311156854,2021-10-21,True
3484,Onkar,Ram,hardikvasa@example.org,9603632351,2026-03-29,False
3485,Eshana,Garg,gauravsane@example.com,9613073987,2022-03-25,False
3486,Bina,Vaidya,ekanta44@example.org,9007457774,2022-08-05,True
3487,Chaaya,Salvi,harish83@example.org,9633253363,2021-11-25,False
3488,Gaurangi,Shan,ubika86@example.com,9070250766,2025-03-11,False
3489,Chaitanya,Raju,anirudh85@example.net,9261068965,2024-07-04,True
3490,Shaurya,Deshpande,fkumar@example.com,9141240439,2025-04-09,True
3491,Zinal,Mander,eesharama@example.org,9001820871,2024-11-09,False
3492,Tarak,Wali,kalemaanav@example.com,9191899381,2026-02-08,False
3493,Vanya,Dave,sachdevgaurangi@example.org,9181757601,2025-11-29,True
3494,Azad,Venkatesh,rsarraf@example.com,9226249152,2025-12-21,True
3495,Umang,Ganguly,ravalrajata@example.com,9177313197,2024-01-10,False
3496,Yatan,D’Alia,eshanadevan@example.net,9762559376,2024-09-16,False
3497,Dev,Chander,ekanisarkar@example.com,9516391727,2022-05-18,False
3498,Forum,Krishnamurthy,odikagera@example.net,9134135033,2023-12-22,True
3499,Neelima,Arora,lmukhopadhyay@example.com,9875744654,2023-09-18,False
3500,Lucky,Contractor,nkalla@example.net,9212558877,2023-12-10,False
3501,Balveer,Panchal,kamdardhruv@example.com,9134650865,2025-02-13,False
3502,Pushti,Kanda,slata@example.com,9713412538,2023-09-06,True
3503,Adya,Chahal,samrajyoti@example.com,9299766562,2021-12-04,False
3504,Oviya,Tara,keerviraj@example.org,9677744108,2023-09-15,True
3505,Samaksh,Singh,choudhuryzinal@example.org,9003409358,2023-02-14,True
3506,Vansha,Comar,rhora@example.net,9203106664,2025-04-08,False
3507,Jagvi,Char,vaishnavi88@example.com,9978884587,2024-08-02,False
3508,Udyati,Sood,chaudharybrinda@example.net,9179461906,2023-01-25,True
3509,Umang,Pandya,bailsamarth@example.org,9786686899,2026-01-11,True
3510,Charvi,Dhingra,bailveer@example.org,9650305241,2022-05-21,True
3511,Anjali,Ganguly,savantniharika@example.com,9133529495,2025-08-13,False
3512,Rajeshri,Bera,omishabobal@example.org,9849297045,2023-04-26,True
3513,Panini,Sawhney,jboase@example.net,9976762135,2024-02-12,False
3514,Ekani,Raval,mandutkarsh@example.org,9538348995,2023-08-25,False
3515,Dominic,Gokhale,balayzinal@example.com,9904002417,2021-11-01,False
3516,Tanveer,Ravel,qadim37@example.net,9331342414,2025-04-21,True
3517,Jatin,Vala,kramaswamy@example.org,9779429210,2022-06-11,True
3518,Warda,Deshpande,iloke@example.org,9151750796,2023-07-28,False
3519,Faris,Kar,anushabhasin@example.net,9496196519,2024-12-07,False
3520,Manya,Garg,rchanda@example.com,9706586862,2023-05-21,False
3521,Riya,Vaidya,saumya71@example.net,9712199939,2022-04-19,False
3522,Waida,Raghavan,qagarwal@example.com,9002279624,2024-03-01,False
3523,Gayathri,Goswami,stiwari@example.org,9003987806,2024-01-02,True
3524,Pallavi,Oak,gagan86@example.net,9498749320,2023-05-06,True
3525,Lohit,Ganesan,grau@example.com,9037557854,2024-05-08,True
3526,Veda,Raju,tanish09@example.org,9464308132,2022-11-03,True
3527,Oscar,Pal,bprabhakar@example.com,9122664350,2026-06-06,False
3528,Avni,Murty,sachi31@example.com,9926622477,2025-03-17,False
3529,Aarnav,Jaggi,yadavibhargava@example.com,9100245886,2023-11-19,False
3530,Isaiah,Sharaf,lopasridhar@example.net,9339338338,2025-05-11,False
3531,Pushti,Vala,mohinivig@example.net,9825817386,2026-02-22,True
3532,Harsh,Radhakrishnan,pranit23@example.com,9079937873,2024-08-16,True
3533,Kiaan,Comar,purizaitra@example.com,9960334299,2024-07-19,True
3534,Dakshesh,Rana,udube@example.org,9662810767,2025-06-13,False
3535,Sachi,Yohannan,qsavant@example.net,9397181905,2026-06-19,True
3536,Raksha,Lanka,ythaker@example.net,9933053740,2025-03-04,False
3537,Nakul,Kunda,lipikadalal@example.org,9332487736,2024-07-16,True
3538,Ikbal,Wable,indrajit98@example.com,9613294063,2024-08-29,False
3539,Urmi,Gopal,unni63@example.net,9857268500,2025-07-08,True
3540,Logan,Mistry,yashodapant@example.net,9009998669,2022-12-07,True
3541,Amrita,Munshi,naraindhruv@example.com,9904873597,2024-10-01,True
3542,Anjali,Kara,ekanta36@example.com,9996107799,2025-05-06,False
3543,Tanmayi,Dhar,naveendhaliwal@example.net,9646153300,2022-10-27,True
3544,Watika,Apte,trivenipatla@example.net,9076976938,2021-11-22,False
3545,Eiravati,Chokshi,ishita38@example.com,9901681207,2024-06-21,True
3546,Abeer,Bhagat,raufaris@example.com,9585939224,2023-09-28,False
3547,Eiravati,Parekh,lnigam@example.org,9221489441,2023-03-05,True
3548,Kashvi,Chada,kratti@example.net,9330381569,2024-05-06,False
3549,Benjamin,Subramaniam,pallaradhika@example.net,9510636112,2025-12-23,True
3550,Vedhika,Manne,thakkarisaiah@example.org,9730699382,2022-02-25,True
3551,Anya,Murthy,ridhivenkataraman@example.net,9999628930,2023-02-26,False
3552,Bhavini,Bhalla,maanas18@example.com,9056083191,2022-11-02,False
3553,Nilima,Bera,irya89@example.com,9549818440,2023-08-15,True
3554,Priya,Pandit,tripti19@example.org,9705487487,2021-11-16,False
3555,Gayathri,Rastogi,odua@example.org,9056094461,2024-08-18,True
3556,Advaith,Chatterjee,timothynatt@example.org,9665660505,2021-09-27,True
3557,Yasti,Patel,tanvi65@example.com,9893793919,2024-03-09,False
3558,Vinaya,Lata,triyadoshi@example.net,9903521960,2022-08-16,False
3559,Avi,Devi,ysami@example.com,9714243211,2022-03-12,True
3560,Chandran,De,wsaha@example.net,9237738133,2021-08-17,True
3561,Yagnesh,Chaudhari,kala23@example.com,9803463328,2025-05-01,True
3562,Aishani,Dube,omaja56@example.net,9668058000,2024-08-17,True
3563,Inaya,Kale,narangupasna@example.com,9015438578,2022-06-20,False
3564,Chandran,Srivastava,nmahal@example.net,9148815144,2025-03-14,False
3565,Niharika,Chanda,zayyan17@example.org,9006562666,2026-02-15,False
3566,Janaki,Mannan,gaurangi36@example.org,9776659959,2021-12-13,False
3567,Om,Karnik,baghyawati23@example.net,9162266484,2022-06-24,True
3568,Manya,Chatterjee,lekha28@example.net,9363580533,2022-04-20,False
3569,Jalsa,Butala,farashegde@example.com,9611702784,2025-08-08,False
3570,Raghav,Mishra,tanmayi93@example.com,9223917619,2025-01-10,False
3571,Naveen,Garde,harita84@example.net,9313574087,2024-03-06,False
3572,Sanya,Mahal,sethrobert@example.net,9729617565,2025-04-19,False
3573,Vedhika,Bhakta,gdash@example.org,9442511809,2024-04-02,True
3574,Abha,Nath,faras92@example.com,9152863484,2021-08-12,True
3575,Ekalinga,Sandhu,sethchanakya@example.net,9649144533,2025-10-01,False
3576,Ikshita,Gola,charjagvi@example.com,9914616415,2025-08-05,False
3577,Vedant,Guha,hsandal@example.com,9091341781,2021-09-11,False
3578,Abdul,Sur,prasadvasatika@example.net,9145149514,2026-07-08,True
3579,Jagrati,Narain,vidhikala@example.com,9807296618,2021-12-26,True
3580,Aarini,Khurana,rajadeepa@example.net,9272309907,2021-09-17,True
3581,Devika,Rajan,zashil50@example.org,9006045199,2021-12-19,False
3582,Yasti,Chacko,nkashyap@example.org,9027632722,2023-04-28,False
3583,Watika,Kapadia,dnaik@example.com,9326059047,2023-07-21,True
3584,Ishanvi,Kade,lohit26@example.net,9549305397,2023-03-06,True
3585,Dalaja,Pingle,hayeridika@example.net,9964260600,2026-05-05,False
3586,Tara,Dugar,akumer@example.net,9514316411,2022-04-27,True
3587,Ryan,Saraf,oni40@example.net,9254260062,2026-02-26,False
3588,Qadim,Ganesh,aashijani@example.com,9799389594,2024-09-08,False
3589,Oliver,Dugal,devansh74@example.com,9529497756,2024-09-04,False
3590,Divya,Chaudry,yutikavarghese@example.net,9956383676,2025-03-01,False
3591,Idika,Setty,kadefaris@example.net,9012213387,2024-08-05,False
3592,Shivansh,Lala,ethanmitra@example.com,9835457498,2026-01-15,True
3593,Vihaan,Sandal,joshuapathak@example.org,9543093535,2023-01-13,True
3594,Devansh,Pandey,surirohan@example.net,9466068992,2023-09-27,True
3595,Upma,Chaudry,vamakshi56@example.org,9080103022,2022-06-08,False
3596,Logan,Kadakia,januja12@example.org,9698323285,2023-10-08,True
3597,Hardik,Lala,niteshrout@example.org,9262144537,2022-06-20,True
3598,Gayathri,Bansal,ekanta19@example.com,9787788011,2024-07-25,True
3599,Harish,Joshi,pahalyadav@example.com,9232635546,2021-11-28,True
3600,Sarthak,Handa,fguha@example.org,9571973238,2022-06-01,False
3601,Irya,Memon,hamsini27@example.net,9762602356,2023-12-24,True
3602,Anthony,Kaul,wallarachita@example.net,9919507867,2026-05-27,False
3603,Manya,Kalla,dasguptabina@example.net,9746123190,2021-11-14,False
3604,Lucky,Mann,pathakgayathri@example.org,9758637353,2023-04-15,True
3605,Noah,Solanki,deyamini@example.net,9966686858,2023-11-06,True
3606,Simon,Boase,rajanneel@example.org,9065149473,2024-12-26,False
3607,Januja,Mannan,farhanbadami@example.com,9577103027,2024-05-16,True
3608,Oeshi,Barman,leela97@example.net,9358434231,2023-10-16,True
3609,Aradhana,Nath,harrisonganguly@example.com,9860620981,2026-04-03,False
3610,Chaitanya,Mahajan,daliaedhitha@example.org,9414050850,2022-03-28,False
3611,Wyatt,Lata,tmahajan@example.org,9963641226,2024-02-22,True
3612,Sneha,Deshmukh,amara39@example.net,9245396042,2023-09-20,True
3613,Atharv,Yadav,settybarkha@example.net,9425396852,2025-05-29,False
3614,Rachana,Thakur,anirudhchaudhari@example.net,9812246614,2022-12-02,True
3615,Balveer,Sura,edwinabhiram@example.net,9790963515,2022-03-22,False
3616,Falan,Singh,tanay31@example.com,9025337970,2026-01-30,True
3617,Lopa,Behl,warinder77@example.com,9872537172,2021-11-12,False
3618,Ishwar,Naik,wriddhishkaran@example.org,9032569647,2023-09-14,False
3619,Ekalinga,Halder,ekarajchaudhry@example.com,9196839484,2022-11-27,False
3620,Lohit,Sachar,fhora@example.com,9430990349,2022-07-25,False
3621,Yatin,Borra,lakshmi53@example.net,9667136463,2024-05-11,True
3622,Fiyaz,Mitra,om28@example.net,9232534852,2025-05-13,True
3623,Siddharth,Kumer,cpant@example.com,9583352197,2021-07-25,False
3624,Lila,Menon,santbhavya@example.org,9231540244,2025-06-23,True
3625,Yahvi,Jayaraman,sethigaurika@example.org,9163270349,2022-07-17,False
3626,Zayyan,Chaudry,paljeremiah@example.com,9963642721,2023-02-27,True
3627,Nidra,Lal,bhavani36@example.com,9687967467,2023-02-22,False
3628,Libni,Varkey,ahayer@example.org,9333279882,2022-05-15,True
3629,Sneha,Agarwal,omishasule@example.org,9996149491,2026-02-26,True
3630,Indira,Dar,tripti56@example.org,9603849526,2021-10-23,False
3631,Omya,Varma,nakulthaker@example.com,9956141096,2024-10-25,False
3632,Ekaraj,Pillay,ranveerdugar@example.net,9578908850,2025-03-01,True
3633,Alexander,Halder,kapadiabhavika@example.net,9711202730,2022-09-29,True
3634,Vivaan,Wable,ganga12@example.net,9207223033,2024-09-21,True
3635,Mason,Kapadia,jagratibir@example.org,9139977387,2022-11-25,True
3636,Reva,Sidhu,isarma@example.org,9360842296,2025-01-12,True
3637,Falguni,Chawla,aadhya48@example.com,9574306206,2026-01-19,False
3638,Dhruv,More,jatin98@example.net,9720298113,2021-08-25,True
3639,Aayush,Vasa,wazir39@example.org,9419811796,2023-09-07,False
3640,Robert,Bail,aarav74@example.net,9504432719,2022-12-23,False
3641,Abeer,Dhar,aishani16@example.org,9693624088,2024-05-16,False
3642,Ishwar,Sangha,kevinkhosla@example.net,9137057410,2023-08-18,True
3643,Vamakshi,Roy,parthsachdeva@example.net,9594152583,2026-01-15,True
3644,Inaya,Chacko,ukaur@example.com,9811644668,2023-11-25,False
3645,Varenya,Cherian,onkarbhargava@example.org,9029158511,2026-04-01,True
3646,Jhalak,Vora,darachatresh@example.org,9460235359,2024-12-10,False
3647,Yashodhara,Gaba,chatterjeeanika@example.org,9812356316,2025-10-10,False
3648,Lavanya,Rana,dharsneha@example.org,9689278884,2025-07-19,True
3649,Yauvani,Sharaf,boserushil@example.net,9347705104,2025-08-06,True
3650,Viraj,Agarwal,goyalzansi@example.org,9131148241,2024-02-14,True
3651,Vivaan,Bail,chakrika46@example.net,9789425963,2024-02-13,False
3652,Amol,Bail,sethoni@example.net,9933450041,2024-08-29,True
3653,Gaurav,Chadha,calebkala@example.org,9766170616,2024-12-24,False
3654,Amrita,Sachdev,krishna09@example.net,9728481818,2024-11-15,False
3655,Maya,Dey,avnikumar@example.com,9055724772,2022-04-08,False
3656,Tristan,Rout,netradua@example.org,9916049417,2022-11-26,True
3657,Rishi,Bir,bhatnagarreva@example.org,9668637218,2024-08-25,False
3658,Tanveer,Pal,charan47@example.org,9571265656,2023-12-06,True
3659,Harrison,Sangha,megha66@example.com,9157111207,2021-09-18,True
3660,Henry,Vig,nazarethrehaan@example.com,9967926255,2022-09-24,True
3661,Hemani,Sharma,wbrar@example.org,9335984808,2025-02-12,True
3662,Dominic,Thaman,vvarty@example.org,9043422997,2026-02-27,False
3663,Kashvi,Kalla,jatinaggarwal@example.org,9339893090,2023-12-13,False
3664,Abhimanyu,Batta,vrishtisalvi@example.com,9849014056,2024-05-24,True
3665,Aadi,Divan,shivani87@example.org,9909590279,2026-05-11,False
3666,Abhimanyu,Madan,zhans@example.net,9199183864,2026-01-28,True
3667,Raghav,Rai,nilimasachdeva@example.org,9636771775,2023-02-20,True
3668,Nirja,Mistry,leenachaudhary@example.com,9489788141,2022-09-27,False
3669,Aarna,Narang,saisodhi@example.org,9508755056,2022-12-13,False
3670,Alka,Merchant,yadavlekha@example.com,9895013919,2023-04-10,False
3671,Triya,Bhatia,tmallick@example.org,9420134984,2023-05-14,False
3672,Owen,Borde,anay46@example.org,9478635723,2025-01-20,True
3673,Nicholas,Subramaniam,virajbatta@example.net,9903454468,2023-12-22,False
3674,Yuvraj,Gokhale,basakekanta@example.com,9968617730,2025-07-31,True
3675,Aarush,Borra,mekhala76@example.org,9709951103,2024-07-19,True
3676,Netra,Gaba,vasudha62@example.org,9090280579,2024-06-26,False
3677,Kashvi,Bajaj,bhaktaaahana@example.com,9415663057,2022-11-22,False
3678,Watika,Pradhan,zdubey@example.org,9021758928,2023-05-15,True
3679,Anthony,Nagi,triptibalakrishnan@example.org,9376072032,2023-12-09,True
3680,Zilmil,Hans,utkarshshroff@example.com,9567794668,2024-04-30,True
3681,Samarth,Grewal,jackson48@example.com,9268988077,2024-08-13,False
3682,Vamakshi,Mangal,hpadmanabhan@example.com,9785645192,2023-12-02,False
3683,Laksh,Sen,alkaraju@example.net,9298516522,2025-12-30,True
3684,Vritti,Johal,hritik18@example.com,9786341448,2025-08-19,False
3685,Vedhika,Sastry,sai63@example.net,9710318872,2025-10-17,False
3686,Vidhi,Sahota,routyashasvi@example.net,9674205057,2026-02-11,False
3687,Chaman,Raval,maanasboase@example.com,9346518651,2024-07-04,True
3688,Viraj,Chada,devanshmemon@example.org,9382987908,2025-03-22,False
3689,Yashodhara,Sane,hritik46@example.com,9017059396,2025-07-02,False
3690,Balhaar,Chhabra,kala22@example.com,9412465529,2024-08-20,False
3691,Vedika,Sethi,edhithacontractor@example.com,9832022711,2023-05-21,True
3692,Faris,Tella,bhasinluke@example.org,9498008475,2024-05-24,False
3693,Jagvi,Sekhon,skoshy@example.net,9328239132,2022-02-15,True
3694,Wridesh,Sagar,nlala@example.net,9359808469,2025-12-13,False
3695,Widisha,Jhaveri,sudikshamutti@example.net,9456271370,2022-10-14,True
3696,Aashi,Mistry,rvohra@example.com,9989090660,2026-06-11,True
3697,Chameli,Sibal,chaturasaha@example.org,9646588998,2025-10-24,True
3698,Peter,Loyal,charita63@example.org,9284209274,2026-07-19,True
3699,Yatan,Basu,buchluke@example.org,9021512851,2023-05-09,True
3700,Leela,Upadhyay,azad54@example.org,9652370087,2025-10-19,True
3701,Vamakshi,Prabhu,bhagatchakradhar@example.org,9226073478,2024-01-02,True
3702,Wriddhish,Dyal,qsibal@example.net,9464310323,2023-07-15,False
3703,Irya,Kurian,sanyasaran@example.com,9305858219,2025-02-27,True
3704,Arunima,Om,idixit@example.com,9312125588,2025-12-25,True
3705,Rohan,Ganguly,anshsood@example.net,9141257067,2022-01-22,False
3706,Tanvi,Tara,charitakulkarni@example.net,9547597113,2022-07-02,True
3707,Kashvi,Sagar,dechanchal@example.org,9645963946,2026-01-21,True
3708,Bhavini,Prabhu,hardikarora@example.net,9035858726,2023-03-08,True
3709,Rachit,Solanki,bakhshi27@example.net,9192642102,2023-07-26,False
3710,Reva,Gaba,sureshzaid@example.com,9649706959,2021-08-02,False
3711,Jackson,Ravel,thomas35@example.com,9239502111,2025-11-21,True
3712,Urishilla,Ahluwalia,agrawalbanjeet@example.net,9222053220,2026-03-04,True
3713,Wahab,Parmer,hbawa@example.net,9804661710,2022-05-07,True
3714,Bhavika,Singhal,adyashroff@example.com,9991173906,2025-02-14,True
3715,Ekiya,Bhardwaj,hvarma@example.net,9857602731,2025-03-05,True
3716,Anmol,Khare,chatresh24@example.com,9063270524,2022-04-24,False
3717,Prisha,Kurian,raagini46@example.net,9667646914,2022-12-22,True
3718,Yashasvi,Mody,badalabdul@example.org,9137437847,2022-05-24,True
3719,Anay,Soman,yashicagokhale@example.org,9225833762,2022-10-06,False
3720,Shaurya,Keer,forum01@example.com,9417765786,2025-04-12,False
3721,Farhan,Basak,banikanirudh@example.com,9911862479,2023-08-05,False
3722,Tanveer,Jhaveri,yashoda91@example.com,9026963155,2024-07-19,False
3723,Champak,Bahl,fprabhakar@example.com,9751318382,2023-03-15,False
3724,Vritti,Bhagat,anvi46@example.net,9501381385,2024-02-06,False
3725,Ikbal,More,upkaardyal@example.com,9457017733,2025-09-15,False
3726,Baljiwan,Bhavsar,samijanaki@example.org,9605497127,2026-06-23,True
3727,Viraj,Brar,wallanachiket@example.com,9277569990,2025-04-04,False
3728,Anthony,Mital,tiwariradha@example.net,9609566118,2023-02-25,True
3729,Kai,Chahal,srivastavadhriti@example.net,9643583097,2024-04-19,True
3730,Udant,Hora,hhora@example.com,9928969186,2022-08-02,True
3731,Vaishnavi,Nagarajan,nsankaran@example.com,9549642206,2026-05-24,True
3732,Michael,Nigam,wridesh00@example.org,9580875634,2024-01-11,True
3733,Gunbir,Baral,frederickgrewal@example.com,9277834079,2023-02-28,False
3734,Laksh,Thaker,chakrabortylibni@example.net,9717711034,2021-12-07,True
3735,Owen,Bera,bkanda@example.org,9745741791,2025-10-31,False
3736,Anita,Wadhwa,badamidavid@example.org,9013302148,2021-09-20,False
3737,Aadhya,Anand,chanderyug@example.net,9921581927,2025-09-30,True
3738,Manan,Lata,zaid76@example.com,9561846891,2024-09-26,False
3739,Rohan,Jhaveri,nnarasimhan@example.com,9470914871,2023-02-20,False
3740,Alexander,Vaidya,udantvig@example.org,9656197896,2026-03-09,False
3741,Ekavir,Deshmukh,arau@example.net,9991699277,2021-10-16,False
3742,Yadavi,Samra,dpant@example.com,9865977597,2025-09-25,True
3743,Radha,Subramaniam,yashicababu@example.org,9750682337,2023-07-25,False
3744,Udarsh,Khare,unni41@example.net,9267886570,2025-05-13,True
3745,Yatan,Pillai,neha05@example.org,9173213305,2025-12-07,True
3746,Reva,Ganesh,galanaksh@example.net,9557693088,2026-02-18,True
3747,Tanveer,Tara,sarnaekapad@example.net,9906231543,2024-03-03,False
3748,Chaaya,Brar,dmukherjee@example.org,9848671172,2024-01-21,False
3749,Diya,Purohit,aahanajaggi@example.com,9509416267,2023-01-30,True
3750,Amaira,Apte,jgade@example.net,9701321566,2025-05-19,False
3751,David,Bhatnagar,vaidyaudyati@example.org,9710459992,2021-12-12,False
3752,Vamakshi,Brar,doctororinder@example.org,9318960503,2024-03-21,True
3753,Lekha,Chopra,somwazir@example.com,9174146554,2024-05-08,True
3754,Frederick,Goswami,samueloak@example.com,9916491566,2023-03-17,True
3755,Arjun,Hegde,oiyengar@example.net,9648650074,2023-10-16,True
3756,Sathvik,Nanda,edhithaagarwal@example.org,9916536470,2024-11-26,True
3757,Radhika,Sane,gsunder@example.net,9134145244,2026-03-22,False
3758,Rachita,Maharaj,muttitarak@example.com,9090435184,2021-11-24,True
3759,Kritika,Joshi,aariniraval@example.com,9132710049,2026-07-09,False
3760,Hemang,Ghose,wmammen@example.org,9847098192,2021-09-16,True
3761,Janani,Bava,rajagopalsiddharth@example.org,9923625932,2026-04-06,False
3762,Priya,Patel,hdar@example.net,9924912830,2021-10-15,True
3763,Prisha,Ghose,isaiahvala@example.org,9924516791,2025-10-05,False
3764,Shivani,Ratta,sarkarabhiram@example.com,9911729233,2024-05-03,True
3765,Jason,Kothari,janakijhaveri@example.org,9535628724,2024-07-28,True
3766,Anthony,Mahajan,kulkarnihemang@example.com,9771682898,2023-01-14,True
3767,Faras,Yadav,binamangal@example.com,9821636297,2021-08-06,True
3768,Simon,Virk,pmane@example.net,9732232242,2025-03-30,False
3769,Ryan,Sethi,mayavala@example.net,9125414528,2025-09-09,True
3770,Ati,Sood,abhimanyu44@example.com,9417643441,2021-08-04,True
3771,Hemangini,Shanker,bahadurjit65@example.org,9532932444,2026-02-19,True
3772,Vincent,Mall,jagat99@example.com,9508977547,2022-09-21,True
3773,Jai,Nagy,bbala@example.com,9250162204,2023-03-23,False
3774,Saumya,Sawhney,ladbhavika@example.net,9724849261,2024-07-11,True
3775,Orinder,Venkataraman,abdulnaidu@example.com,9820808207,2025-11-01,False
3776,Aayush,Thaker,onveerbanik@example.net,9252109423,2024-07-02,True
3777,Aashi,Swaminathan,kakarchandran@example.net,9279299025,2022-04-21,False
3778,Arin,Aurora,omkaarsrinivas@example.net,9825799883,2024-05-24,True
3779,Zashil,Kakar,raaginibandi@example.org,9224080770,2021-09-01,True
3780,Viraj,Srivastava,swaminathanhitesh@example.com,9068524608,2025-11-25,False
3781,Kala,Edwin,narainjackson@example.com,9122866009,2026-07-11,False
3782,Tanmayi,Mann,imaran17@example.org,9590364873,2025-07-28,False
3783,Jeremiah,Padmanabhan,cherianmadhav@example.com,9996848343,2022-09-18,True
3784,Riya,Zachariah,eswaminathan@example.com,9429599571,2026-07-05,True
3785,Chasmum,Sarna,cbehl@example.com,9191035336,2023-06-17,True
3786,Ikshita,Dixit,singhalpraneel@example.org,9405155886,2025-02-20,False
3787,Yug,Choudhary,timothy87@example.org,9611542118,2025-10-26,True
3788,Hamsini,Kunda,divanlibni@example.com,9951733666,2024-02-29,True
3789,Jagdish,Mallick,gaurangkamdar@example.com,9400198011,2021-08-08,False
3790,Nimrat,Kota,pratyushmahal@example.com,9326549518,2025-10-28,False
3791,Jai,Sur,eshana17@example.net,9154369803,2023-11-09,False
3792,Jeevika,Kunda,ayushmander@example.net,9408091006,2026-07-21,False
3793,Eshana,Rattan,wasontarak@example.org,9316792664,2021-09-16,False
3794,Wazir,Bava,apalan@example.com,9999064081,2022-01-27,True
3795,Keya,Sem,bhandarihenry@example.com,9965105920,2026-02-27,False
3796,Lavanya,Narasimhan,wishimann@example.net,9455839318,2024-08-29,False
3797,Radhika,Rajan,aahana93@example.com,9781268881,2021-08-16,False
3798,Upasna,Prashad,patrickbhargava@example.org,9970307817,2025-03-02,True
3799,Kabir,Krish,etanayak@example.net,9811912776,2022-05-27,True
3800,Janani,Chandran,senguptayadavi@example.com,9424676004,2022-09-29,False
3801,Hemani,Sawhney,fmutti@example.org,9254458479,2024-07-25,True
3802,Gagan,Raman,kumarandrew@example.org,9409054449,2025-02-27,True
3803,Onkar,Prasad,imaransama@example.com,9389739076,2024-11-18,False
3804,Neelima,Sunder,max44@example.org,9031579970,2025-01-01,False
3805,Idika,Bhatti,deeparunima@example.com,9077836350,2025-02-23,False
3806,Yasti,Bava,dewanmadhav@example.com,9166239352,2025-02-17,True
3807,Aarav,Chad,lsem@example.com,9558132613,2024-06-01,False
3808,Abha,Deshpande,fahluwalia@example.net,9823320025,2023-06-17,False
3809,Caleb,Majumdar,usinha@example.com,9071853311,2024-06-15,False
3810,Netra,Merchant,ekiyasachdeva@example.org,9875318483,2023-08-02,False
3811,Kritika,Mani,indrajitpadmanabhan@example.org,9964587166,2023-03-20,False
3812,Shaurya,Batta,kevindyal@example.org,9688070182,2022-04-10,False
3813,Gaurika,Nayar,zlall@example.net,9125121883,2023-03-22,False
3814,Bina,Aurora,singhelijah@example.net,9445576696,2022-11-04,True
3815,Hemangini,Jaggi,vdas@example.org,9034574175,2024-10-19,True
3816,Hemangini,Gera,abdulbatta@example.org,9242237166,2024-03-17,True
3817,Vedant,Kalla,ishanichad@example.net,9997211152,2022-12-09,False
3818,Riya,Anand,christophersama@example.com,9642011731,2021-11-26,True
3819,Faras,Baria,balasubramanianadweta@example.com,9005204956,2025-02-11,True
3820,Nandini,Pal,bailsai@example.net,9953722783,2026-06-11,False
3821,Qadim,Anand,harinikala@example.org,9448880769,2025-04-08,True
3822,Ishanvi,Shere,urastogi@example.com,9395928914,2025-03-02,True
3823,Warinder,Bora,chakrikaoommen@example.net,9347491160,2025-11-23,True
3824,Alka,Shroff,dugarmaanav@example.org,9344944748,2024-02-23,True
3825,Isha,Rana,charvi51@example.net,9421572991,2023-09-30,False
3826,Kevin,Raghavan,srinivasandevansh@example.org,9391438276,2023-12-16,True
3827,Mekhala,D’Alia,siddharthpandey@example.com,9452591372,2021-08-26,True
3828,Odika,Sidhu,dkalla@example.net,9780399346,2026-04-27,False
3829,Megha,Dyal,srinivashemal@example.org,9919193828,2026-05-13,False
3830,Fiyaz,Uppal,ekaniarya@example.com,9398485505,2021-11-16,True
3831,Mahika,Upadhyay,palgirindra@example.net,9146278566,2022-12-07,False
3832,Ekbal,Singh,redwin@example.com,9243814456,2024-07-19,False
3833,Fiyaz,Loyal,noza@example.net,9014463384,2024-04-18,True
3834,Ekta,Mander,aarush12@example.net,9221988481,2023-04-21,False
3835,Farhan,Dave,parmaryash@example.org,9898930922,2022-11-07,True
3836,Balveer,Gala,ekapad76@example.com,9970683828,2022-12-18,False
3837,Kritika,Rege,dmann@example.net,9009773549,2025-01-17,True
3838,Qasim,Pau,andrew12@example.org,9355301253,2023-09-17,False
3839,Rushil,Sankaran,lopa69@example.org,9706756440,2023-05-10,False
3840,Gabriel,Loyal,qadimdar@example.org,9945720555,2023-06-30,True
3841,Nicholas,Chaudhuri,wnair@example.com,9026945058,2023-05-03,True
3842,Manya,Bhagat,jdutt@example.net,9849939288,2025-01-07,True
3843,Lipika,Tiwari,chaudhariazaan@example.com,9528544305,2023-01-18,True
3844,Siddharth,Sandal,kumargirish@example.com,9370727420,2021-12-12,False
3845,Ikshita,Bera,chaayaagrawal@example.com,9993977881,2021-12-18,True
3846,Adweta,Trivedi,harish59@example.org,9542487840,2024-03-08,True
3847,Henry,Mohanty,qchawla@example.org,9887795156,2022-12-05,True
3848,Krish,Contractor,tanmayibandi@example.net,9168840476,2023-07-27,False
3849,Victor,Apte,urishilla91@example.com,9159284276,2025-09-25,False
3850,Tanmayi,Mall,santgayathri@example.org,9746678563,2025-05-02,True
3851,Harrison,Purohit,warjas61@example.net,9116859524,2022-03-02,True
3852,Warda,Dalal,fvig@example.com,9782563432,2024-04-28,False
3853,Gagan,Anne,bumbavi@example.org,9883149141,2022-01-06,True
3854,Frado,Chakraborty,chakradevbumb@example.net,9747481579,2025-04-10,True
3855,Gopal,Mahal,ranbirtella@example.org,9212458247,2021-08-21,False
3856,Yashodhara,Bakshi,lbassi@example.org,9785743642,2024-05-15,False
3857,Anvi,Gokhale,triya02@example.com,9915466692,2021-07-29,True
3858,Veda,Ghosh,idixit@example.org,9187086334,2023-12-01,True
3859,Inaya,Kashyap,cparsa@example.net,9290385698,2021-12-14,True
3860,Lakshit,Mitter,aarav27@example.net,9362684941,2024-01-22,False
3861,Tanvi,Bhakta,bhavini75@example.org,9537926060,2026-02-26,False
3862,Kai,Krish,advaybabu@example.org,9297806782,2023-11-04,False
3863,Pahal,Murthy,samaksh09@example.org,9222128816,2021-09-27,False
3864,Samarth,Nagarajan,owendoctor@example.org,9272344241,2024-11-23,True
3865,Dalbir,Varty,finnkumar@example.net,9994822332,2023-01-24,True
3866,Yadavi,Mitra,hrana@example.net,9997108186,2023-03-28,False
3867,Manan,Choudhry,utkarshsehgal@example.net,9521455447,2022-09-05,True
3868,Mohammed,Sridhar,behlaishani@example.net,9997442259,2025-05-30,False
3869,Sai,Balay,vyanjanakulkarni@example.net,9508374320,2022-01-03,False
3870,Mugdha,Agrawal,aarnavsha@example.com,9366758598,2025-04-27,True
3871,Vidhi,Chander,upadhriti33@example.org,9538379023,2026-02-08,False
3872,Bishakha,Bhalla,rajeshri94@example.net,9761927812,2021-12-08,False
3873,Triya,Rattan,atizachariah@example.org,9995224275,2025-03-11,False
3874,Jack,Sengupta,sanyadora@example.org,9170117555,2024-11-22,True
3875,Suhani,Sharaf,varsha35@example.org,9067444998,2026-05-11,False
3876,Brijesh,Swaminathan,rastogivinaya@example.net,9788030249,2022-09-19,False
3877,Theodore,Agarwal,kalaudarsh@example.com,9187155039,2023-03-20,True
3878,Christopher,Karpe,guptakala@example.com,9313731295,2021-10-22,False
3879,Anika,Varma,tarajanya@example.net,9973229278,2021-11-23,False
3880,Luke,Vig,meghanakade@example.net,9106204678,2025-02-02,False
3881,Ronith,Baria,devanshram@example.net,9194867076,2026-02-19,False
3882,Niharika,Kunda,anusha91@example.org,9851015427,2023-01-20,False
3883,Ekantika,Natt,akarnik@example.net,9180872584,2023-01-20,True
3884,Udarsh,Babu,neelsoman@example.org,9752152723,2022-02-24,True
3885,Jai,Lata,bhavnabir@example.net,9663826775,2026-07-09,False
3886,Reva,Deo,dsastry@example.org,9984605346,2024-05-19,True
3887,Ria,Mangat,rajvincent@example.com,9869871646,2022-11-28,True
3888,Jeremiah,Chander,wsrinivasan@example.org,9605390811,2021-09-02,True
3889,Arin,Balay,isinha@example.org,9182637419,2026-02-26,False
3890,Vedhika,Batta,qadimgrewal@example.com,9081933922,2025-08-07,True
3891,Aarna,Manne,alka54@example.com,9727879244,2025-04-15,True
3892,Tripti,Borra,bmuni@example.com,9686799420,2024-10-04,True
3893,Jai,Kamdar,msanghvi@example.net,9237618259,2023-04-20,True
3894,Ayushman,Tailor,mbalakrishnan@example.org,9281212635,2026-04-15,False
3895,Isaac,Pau,esridhar@example.org,9262251933,2024-04-04,True
3896,Oni,De,bina37@example.net,9282840125,2022-09-10,True
3897,Dalbir,Bassi,yatan20@example.net,9182812479,2024-12-10,False
3898,Omya,Sankar,nvarghese@example.org,9317294099,2023-05-27,False
3899,Vaishnavi,Palla,kalavidhi@example.com,9848141967,2026-05-10,True
3900,Harish,Mannan,ekansh92@example.org,9849653851,2026-05-30,False
3901,Adweta,Baral,neha84@example.net,9593401075,2023-01-18,False
3902,Sneha,Som,liamnori@example.com,9502259312,2023-02-18,False
3903,Vaishnavi,Ganguly,amruta49@example.com,9503079582,2024-05-16,True
3904,Zayan,Sangha,jsarraf@example.org,9967783907,2024-04-12,True
3905,Faris,Ray,aayushrattan@example.com,9267940990,2025-06-20,False
3906,Sathvik,Shukla,omkaarchoudhury@example.com,9648036145,2024-02-23,True
3907,Zashil,Bakshi,fariqpathak@example.com,9505848414,2026-06-01,True
3908,Praneel,Date,falakratti@example.org,9229351174,2025-11-28,True
3909,Nidra,Gulati,ikibe@example.net,9058460704,2023-07-06,True
3910,Geetika,Cheema,mprasad@example.org,9172610845,2024-12-09,True
3911,Sai,Bose,sanya96@example.org,9265088997,2024-08-16,True
3912,Gautami,Tiwari,robert79@example.net,9788166809,2025-01-02,True
3913,Forum,Brahmbhatt,tripathisanaya@example.com,9473217785,2024-01-22,True
3914,Eesha,Shenoy,vansha70@example.com,9085588348,2024-09-26,True
3915,Oeshi,Mander,ojasshukla@example.net,9541156527,2025-06-04,True
3916,Charan,Chad,leela26@example.com,9998180527,2026-07-25,False
3917,Mason,Bala,nandaaachal@example.com,9316460664,2026-05-12,True
3918,Sai,Dyal,vedhikanatt@example.com,9838833314,2026-07-05,False
3919,Yuvraj,Dubey,bhavika85@example.net,9282066653,2023-10-06,True
3920,Xalak,Sen,banerjeeansh@example.org,9281000326,2024-12-16,False
3921,Nimrat,Chana,garya@example.net,9864499162,2025-10-07,True
3922,Vedika,Sachdev,aarush29@example.com,9250122915,2023-04-11,True
3923,Jyoti,Jain,lnarang@example.org,9719766162,2024-01-07,False
3924,Laban,Gupta,aryanchoudhary@example.net,9070177446,2021-09-24,False
3925,Timothy,Minhas,klanka@example.org,9750783123,2023-06-16,False
3926,Jack,Nagar,anjalitara@example.com,9217410375,2022-06-14,True
3927,Chanchal,Chhabra,jmammen@example.net,9668982397,2023-03-15,True
3928,Kalpit,Saxena,kbalay@example.net,9496355501,2022-10-06,False
3929,Dominic,Buch,ijaya25@example.org,9595301965,2023-11-15,True
3930,Vinaya,Bhardwaj,bimala45@example.net,9991452102,2021-11-18,True
3931,Samarth,Thaman,oagarwal@example.com,9136042121,2021-08-13,False
3932,Bahadurjit,Mangat,msundaram@example.com,9521008486,2024-03-25,True
3933,Chandani,Gill,garima68@example.com,9222905441,2025-06-23,False
3934,Gaurang,Badami,lavanya73@example.net,9293690706,2023-09-13,False
3935,Zaitra,Tailor,wrideshnatt@example.net,9389517520,2024-02-25,True
3936,Ucchal,Subramanian,baraldamini@example.net,9307627325,2024-06-24,True
3937,Tanay,Dugar,nmohanty@example.net,9326225063,2024-02-24,False
3938,Shivansh,Shah,lakshkata@example.org,9146467503,2026-01-27,False
3939,Daksh,Narain,frederick85@example.net,9203971010,2023-11-30,True
3940,Anamika,Kalita,balendrapatla@example.org,9980993409,2025-01-15,True
3941,Anmol,Bhakta,graval@example.com,9865584225,2023-02-19,True
3942,Ucchal,Sarraf,wvirk@example.com,9556442927,2025-10-05,True
3943,Harita,Bajaj,kademadhav@example.com,9267494222,2022-05-01,False
3944,Panini,Rajan,pantowen@example.org,9814987142,2021-09-30,True
3945,Tristan,Nadkarni,ctara@example.net,9312404938,2024-10-27,True
3946,Tanay,Prashad,veerbir@example.com,9553373477,2025-03-27,True
3947,Teerth,Bhatia,inagarajan@example.com,9827654699,2022-02-20,False
3948,Hemani,Suri,ayushkonda@example.net,9785814429,2026-01-08,True
3949,Ryan,Rege,hrout@example.net,9075056115,2024-07-25,True
3950,Januja,Chatterjee,takchandani@example.net,9818869611,2024-09-23,True
3951,Ayaan,Bhatt,ubora@example.net,9729701268,2023-05-20,False
3952,Jackson,Parekh,pganguly@example.com,9206051169,2025-08-28,True
3953,Omisha,Anne,amaira35@example.org,9682194719,2021-07-28,True
3954,Karan,Kota,watikacheema@example.org,9732575921,2023-02-07,False
3955,Wriddhish,Banik,chandanitrivedi@example.net,9905643172,2022-03-26,False
3956,Dakshesh,Mammen,xkadakia@example.org,9186701987,2026-02-09,False
3957,Shaurya,Palla,nagarajancharvi@example.com,9593181312,2024-08-13,True
3958,Brinda,Savant,tatareyansh@example.com,9135054076,2023-09-22,False
3959,Vasudha,Choudhary,ode@example.net,9436813145,2023-07-21,True
3960,Baghyawati,Anand,xdeol@example.org,9784584584,2022-01-09,False
3961,Peter,Deo,sachisule@example.com,9021806672,2024-06-02,False
3962,Peter,Sen,bhanumatikumar@example.com,9519067742,2022-02-13,False
3963,Abhimanyu,Handa,sagarsathvik@example.net,9443710842,2024-05-20,True
3964,Sai,Pal,qasim37@example.org,9534972486,2025-12-27,False
3965,Yashodhara,Hari,neelnatarajan@example.org,9502277469,2021-08-16,True
3966,Reyansh,Karpe,vyanjana13@example.com,9058775222,2022-04-07,False
3967,Naveen,Bath,modyadvik@example.net,9234203387,2023-05-10,False
3968,Charvi,Pradhan,jagratibali@example.org,9215638366,2025-02-04,True
3969,Ati,Gulati,gnigam@example.com,9949199785,2022-07-14,True
3970,Thomas,Mukherjee,divya53@example.net,9296773759,2024-03-19,False
3971,Nachiket,Kadakia,thakurmeera@example.org,9666334280,2022-04-04,False
3972,Gunbir,Nori,isaiah68@example.org,9497705491,2022-03-01,False
3973,Abha,Balay,pprabhu@example.com,9765126749,2021-09-17,True
3974,Tara,Parikh,ijayachaudhuri@example.org,9834562933,2024-02-18,True
3975,Eshana,Sami,ikbal58@example.org,9230947605,2026-05-23,True
3976,Prisha,Sem,qpatla@example.com,9124983344,2022-05-24,True
3977,Devika,Raja,lrajagopalan@example.net,9389252914,2023-06-20,True
3978,Urvashi,Kala,nathaniel90@example.net,9311686744,2025-05-16,False
3979,Rajeshri,Vora,iiyengar@example.org,9718116944,2022-07-16,True
3980,Luke,Ramesh,gbutala@example.net,9701539874,2021-09-28,False
3981,Indali,Magar,bhattacharyyachandani@example.net,9985117426,2022-03-30,False
3982,Deepa,Deep,sachimukherjee@example.org,9451228589,2023-06-04,False
3983,Triveni,Balan,bawawarinder@example.com,9743189100,2024-03-18,True
3984,Praneel,Kumer,wbansal@example.org,9285499726,2023-07-03,True
3985,Harish,Natt,valaekbal@example.org,9866704295,2025-05-19,False
3986,Andrew,Kala,arya06@example.com,9282359848,2025-11-02,False
3987,Vedhika,Rao,yogiomya@example.com,9841212349,2024-10-16,False
3988,Bakhshi,Palla,xalakbasak@example.net,9627235264,2023-05-07,False
3989,Lakshmi,Chakraborty,korpalzarna@example.net,9705716298,2023-12-12,False
3990,Widisha,Prakash,yahvi70@example.net,9096461469,2023-12-10,False
3991,Yoshita,Konda,nidhi01@example.com,9685867789,2024-05-24,False
3992,Vihaan,Devan,shravya53@example.net,9303619993,2022-08-20,True
3993,Kritika,Bains,mekhalachoudhury@example.net,9574236837,2026-01-09,False
3994,Abhiram,Kamdar,dbuch@example.org,9865880746,2022-07-21,False
3995,Manan,Baral,odika54@example.com,9656636363,2026-04-04,True
3996,Ishaan,Joshi,logangoda@example.org,9042103799,2026-03-26,False
3997,Quincy,Balasubramanian,sanaya93@example.com,9012335793,2025-10-07,False
3998,Urishilla,Palan,buchpraneel@example.net,9299292013,2023-05-05,False
3999,Sachi,Atwal,ekani74@example.net,9085074911,2023-06-26,False
4000,Nachiket,Yohannan,ronithsabharwal@example.net,9649382683,2022-04-23,False
4001,William,Atwal,kamdarzaid@example.net,9336736140,2023-12-23,False
4002,Wishi,Sachdev,manijanya@example.com,9158181106,2024-01-07,True
4003,Matthew,Gour,warinderbhatt@example.net,9978958932,2021-12-02,True
4004,Devansh,Barad,amblevasana@example.org,9322747830,2022-05-02,True
4005,Dayamai,Loke,ahujayashodhara@example.net,9344425374,2022-09-28,False
4006,Amara,Mital,tandonyachana@example.com,9847702392,2025-11-15,True
4007,Ranveer,Bumb,bhattikavya@example.com,9191043979,2023-01-19,True
4008,Wriddhish,Mukherjee,balamichael@example.com,9250596310,2024-10-06,True
4009,Nakul,Sampath,baghyawati18@example.com,9768961768,2025-04-15,False
4010,Rachit,Sahni,anmolmitra@example.org,9975810141,2021-12-17,False
4011,Ayush,Vyas,hemanginigola@example.org,9065117682,2024-04-29,True
4012,Jagat,Nagarajan,yashasvivarkey@example.org,9049605469,2021-10-07,True
4013,Kashvi,Bassi,gaurika17@example.net,9042047308,2025-04-22,False
4014,Ridhi,Narula,libnikapur@example.org,9284413335,2026-04-05,True
4015,Chatura,Gill,bhasintanveer@example.com,9700233582,2023-04-02,True
4016,Ganga,Bajwa,dghosh@example.com,9157088328,2024-11-27,True
4017,Balendra,Lalla,raiharish@example.com,9354349189,2022-11-06,False
4018,Damyanti,Pal,sneha46@example.net,9433304030,2024-06-11,False
4019,Finn,Tella,parsayochana@example.com,9350629258,2021-11-05,True
4020,Anya,Bhatnagar,wriddhish73@example.org,9312938655,2024-12-28,True
4021,Harita,Bhargava,lakshandra@example.net,9805384792,2025-05-22,False
4022,Kala,Bhattacharyya,qarinmammen@example.com,9518359146,2022-07-12,True
4023,Oliver,Basu,lankabanjeet@example.net,9798340077,2022-03-16,False
4024,Oviya,Bhasin,balasubramanianthomas@example.org,9734996321,2024-09-10,True
4025,Jagvi,Kant,ucchalnagi@example.org,9175286122,2023-09-26,True
4026,Arin,Batta,desaidhriti@example.net,9375818350,2021-12-12,False
4027,Qasim,Dhillon,aloke@example.net,9897578423,2024-07-05,False
4028,Finn,Barad,radhamukhopadhyay@example.org,9149288416,2023-07-17,False
4029,Arya,Mangal,psidhu@example.net,9279693920,2024-07-03,True
4030,Jyoti,Buch,udyati04@example.com,9330434948,2022-07-06,True
4031,Janaki,Vaidya,lopavarty@example.com,9443373140,2022-10-11,False
4032,Ansh,Karan,bedihitesh@example.net,9039111407,2024-06-28,False
4033,Kashvi,Sidhu,eganguly@example.com,9348443053,2024-02-15,True
4034,Advika,Srinivas,isha08@example.org,9382888161,2023-07-18,True
4035,Tanvi,Chada,yutika80@example.com,9327146355,2024-01-25,False
4036,Lucky,Walla,radhika86@example.org,9872032383,2022-11-18,True
4037,Jonathan,Subramaniam,muniadvika@example.org,9274026558,2024-04-25,True
4038,Pranit,Lala,chandresh23@example.net,9310818548,2021-10-07,True
4039,Eshana,Chander,warinder88@example.net,9273749099,2023-10-08,True
4040,Ati,Tank,walladominic@example.net,9324062146,2022-05-15,True
4041,Vincent,Kalita,abha73@example.net,9370255563,2024-01-14,False
4042,Jagdish,Lanka,panditubika@example.com,9180749223,2025-03-18,True
4043,Oeshi,Patel,jasmitcheema@example.net,9419082745,2025-05-31,True
4044,Anvi,Prakash,lpalla@example.net,9925076337,2023-07-11,True
4045,Ojasvi,Mani,kashvikashyap@example.com,9121463070,2022-01-21,True
4046,Falguni,Wali,anshkurian@example.org,9863231026,2024-08-13,False
4047,Ekaja,Tank,vansha44@example.net,9366735216,2021-09-13,False
4048,Zinal,Kota,chakradhar28@example.net,9740939349,2024-11-21,False
4049,Ati,Soman,janujakanda@example.net,9562154262,2025-01-30,False
4050,Suhani,Bumb,nimratsridhar@example.org,9136191667,2023-06-04,False
4051,Quincy,Dhar,shankarsara@example.com,9941447720,2023-12-12,True
4052,Harita,Kar,saanviram@example.net,9791627624,2023-08-24,True
4053,Nimrat,Bedi,ckant@example.org,9798233891,2025-08-05,True
4054,Xiti,Swaminathan,janyasahota@example.org,9921187816,2022-10-09,True
4055,Leela,Vora,osarma@example.com,9105973446,2026-01-05,False
4056,Hemal,Agate,menonsaumya@example.net,9479293616,2025-01-23,False
4057,Mitesh,Baria,kdeo@example.com,9863677639,2024-10-02,False
4058,Lekha,Karpe,kabir73@example.com,9007550408,2023-11-28,False
4059,Ishaan,Hayre,xitibehl@example.org,9175282079,2021-08-31,True
4060,Widisha,Subramanian,hdasgupta@example.org,9561664028,2021-08-05,True
4061,Karan,Bal,onkargola@example.net,9446616517,2024-08-14,False
4062,Rachita,Rao,zgoswami@example.com,9704388339,2023-01-21,False
4063,Rudra,Vig,aryan99@example.net,9126917649,2026-04-23,True
4064,Jasmit,Sem,kminhas@example.com,9359840705,2024-02-11,False
4065,Upadhriti,Dubey,deolrachita@example.com,9652967947,2022-07-04,True
4066,Yachana,Brahmbhatt,irout@example.org,9731001797,2025-07-23,False
4067,Neelima,Rajagopal,benpraneel@example.org,9003642382,2022-09-22,True
4068,Yuvraj,Oza,pratyush20@example.net,9412456212,2021-10-05,True
4069,Omkaar,Patel,atharv94@example.org,9139654525,2024-03-23,False
4070,Gunbir,Saxena,anagarajan@example.net,9983649509,2023-01-25,False
4071,Nikita,Divan,rprabhakar@example.com,9203143061,2024-02-10,True
4072,Warjas,Goel,bimala70@example.net,9906998189,2022-08-28,False
4073,Udant,Sodhi,bhasinaarna@example.com,9907113646,2026-02-28,False
4074,Chatura,Rajan,uvarma@example.net,9039127790,2024-06-03,False
4075,Rayaan,Tata,faqid89@example.com,9342970397,2025-10-05,False
4076,Samaksh,Kata,balasubramanianzayyan@example.org,9432694410,2023-10-23,False
4077,Kiaan,Jha,akshaybandi@example.net,9865862334,2026-05-05,True
4078,Vedika,Viswanathan,karnikchanchal@example.org,9114746757,2023-06-06,False
4079,Omkaar,Nadig,krishnaikbal@example.com,9617312432,2022-07-19,False
4080,Tara,Dube,urvi61@example.com,9403530056,2025-12-28,False
4081,Anika,Dasgupta,fdugal@example.org,9406975413,2023-02-10,True
4082,Leena,Hari,chauhanekaja@example.org,9892298309,2022-11-08,False
4083,Maanav,Borra,samuelshetty@example.org,9450386072,2024-02-08,True
4084,Rishi,Banerjee,gdewan@example.com,9345129519,2025-04-27,False
4085,Madhav,Yadav,gauri86@example.com,9931602786,2023-03-26,True
4086,Chaman,Warrior,xsaini@example.com,9612806955,2022-11-27,False
4087,Jeet,Cheema,narulasimon@example.org,9615667859,2025-05-03,True
4088,Henry,Kakar,elijah12@example.net,9288104238,2024-04-28,True
4089,Pratyush,Kulkarni,uratta@example.net,9545085548,2025-12-19,False
4090,Gautami,Varkey,ramchandresh@example.com,9398788899,2026-06-24,False
4091,Bhavya,Modi,aarav60@example.org,9690959405,2022-09-10,False
4092,Henry,Vyas,groveraadi@example.com,9773088153,2021-09-25,True
4093,Nicholas,Kannan,samakshram@example.com,9705297925,2023-07-22,False
4094,Damyanti,Chaudhuri,saumyachawla@example.org,9253325888,2023-10-10,True
4095,Anay,Modi,samiorinder@example.com,9422121154,2023-11-15,False
4096,Dayita,Varkey,alexander24@example.com,9101681071,2023-08-30,True
4097,Vasatika,Sundaram,akata@example.net,9514607372,2022-01-18,False
4098,Darika,Baral,pranavmisra@example.org,9440121785,2025-03-05,False
4099,Samesh,Mukherjee,mugdhaboase@example.com,9550129043,2022-04-08,True
4100,Nathaniel,Wadhwa,byadav@example.com,9775646983,2024-10-26,True
4101,Wyatt,Jhaveri,bakhshimandal@example.net,9168531999,2021-07-30,False
4102,Urmi,Bandi,modilajita@example.org,9870273924,2024-11-17,False
4103,Triya,Yohannan,gauravmody@example.net,9642508823,2022-10-07,False
4104,Alka,Issac,osankaran@example.net,9477323724,2022-12-18,True
4105,Noah,Chadha,vihaandevi@example.com,9061869460,2024-08-08,False
4106,Meghana,Doctor,xkrishnan@example.org,9569582616,2026-07-10,True
4107,Girish,Iyengar,tristan81@example.org,9580256219,2025-04-29,True
4108,Anamika,Soman,tbatta@example.net,9404241426,2024-03-29,False
4109,Keya,Dubey,zbobal@example.org,9464300724,2025-07-02,True
4110,Maya,Ram,parikhtejas@example.org,9397837476,2024-10-17,True
4111,Udarsh,Tailor,patrick42@example.com,9841287612,2025-11-08,True
4112,Maanav,Sandhu,duttaati@example.net,9998779994,2025-11-10,False
4113,Ethan,Muni,rayjairaj@example.org,9756104086,2025-07-31,True
4114,Raghav,Dhar,maya84@example.net,9106247165,2024-11-22,True
4115,Rishi,Wason,enadig@example.org,9054152807,2025-10-29,True
4116,Oviya,Mistry,asule@example.org,9696202336,2022-08-18,True
4117,Vyanjana,Balasubramanian,xprabhu@example.org,9813789562,2023-04-12,False
4118,Falak,Menon,jasmitbir@example.org,9904589638,2024-07-28,True
4119,Januja,Devi,chanakya50@example.org,9451066605,2026-04-17,True
4120,Yochana,Basu,naksh43@example.net,9815883225,2025-09-21,True
4121,Daksh,Ganguly,chhabranisha@example.net,9660289281,2023-10-02,True
4122,Yashawini,Ramesh,radha91@example.net,9781548361,2022-02-24,False
4123,Diya,Khurana,tristanpurohit@example.com,9449347430,2023-07-18,True
4124,Chaitaly,Dhar,jshroff@example.net,9456611556,2026-05-06,True
4125,Faraj,Rege,rajagopaldamyanti@example.net,9057876601,2025-07-27,False
4126,Nakul,Raj,maneurishilla@example.org,9074802797,2022-09-13,False
4127,Watika,Jain,choudhuryprisha@example.net,9946521745,2024-11-22,False
4128,Dipta,Wason,rohan86@example.net,9443806841,2024-02-23,False
4129,Kashvi,Shukla,idika73@example.net,9156799728,2022-03-31,False
4130,Hemangini,Samra,guhaansh@example.org,9327639169,2023-12-24,False
4131,Xalak,Jhaveri,hramaswamy@example.com,9659647181,2025-08-31,True
4132,Ishani,Karan,balvan96@example.org,9997511756,2023-06-02,False
4133,Barkha,Mammen,sacharchandresh@example.org,9109162696,2025-02-17,False
4134,Varsha,Gaba,sthaman@example.org,9322637319,2025-01-28,True
4135,Zansi,Ghosh,rishi69@example.net,9120067897,2022-11-27,True
4136,Pahal,Shanker,prabhakarpahal@example.net,9147012983,2026-07-22,True
4137,Aadhya,Parikh,farhan64@example.com,9071500665,2022-12-22,False
4138,Garima,Iyer,balayabha@example.com,9578685922,2022-11-07,False
4139,Jonathan,Ben,rajanhiral@example.net,9977414420,2022-04-08,True
4140,Yashica,Agate,bhavikadhawan@example.org,9687217046,2025-02-11,False
4141,Urmi,Bala,sureshlipika@example.org,9116712304,2024-11-16,False
4142,Hemal,Tripathi,mekhalapatla@example.net,9980166581,2023-06-22,True
4143,Pahal,Reddy,oliverdua@example.org,9861021305,2021-10-09,False
4144,Lakshmi,Keer,vedhika83@example.com,9881460824,2025-05-04,True
4145,Chasmum,Aurora,nmittal@example.com,9441756661,2024-12-13,False
4146,Quincy,Chahal,onkarkeer@example.net,9295019761,2021-11-25,False
4147,Rishi,Desai,ramanathanharinakshi@example.net,9087267051,2022-07-15,True
4148,Udarsh,Viswanathan,davidbadami@example.com,9581672919,2023-08-19,True
4149,Advaith,Madan,bachittarchahal@example.net,9590527311,2026-03-29,True
4150,Reva,Ramesh,nirja72@example.org,9412865038,2024-03-21,False
4151,Jeet,Bhagat,pandyarachit@example.org,9249244406,2025-03-28,True
4152,Frederick,Pai,kabirdesai@example.org,9976486183,2026-05-02,False
4153,Om,Pall,jagat43@example.org,9117245605,2022-03-21,False
4154,Yauvani,Gill,vyasbalvan@example.net,9617808713,2024-06-15,False
4155,Udarsh,Vasa,riya32@example.com,9205703659,2024-09-29,True
4156,Rachit,Mutti,fbal@example.net,9279290469,2026-02-20,False
4157,Ekbal,Boase,fdhar@example.net,9370261671,2024-11-05,True
4158,Vaishnavi,Golla,jbera@example.org,9410262108,2023-04-27,False
4159,Agastya,Jhaveri,anirudhchadha@example.com,9319384153,2022-05-01,False
4160,Ekapad,Varty,victorbera@example.com,9313972988,2025-07-30,False
4161,Praneel,Wadhwa,eshenoy@example.org,9042387680,2026-07-24,False
4162,Abhimanyu,Atwal,nshanker@example.com,9427709785,2022-10-31,True
4163,Kashvi,Korpal,guhaekantika@example.com,9131744851,2026-07-08,False
4164,Jagrati,Krishnan,onkar33@example.com,9402588551,2021-08-22,False
4165,Max,Chauhan,achar@example.net,9748531599,2025-04-01,True
4166,Bhavna,Ranganathan,senkrish@example.com,9477753881,2025-05-22,False
4167,Radhika,Yadav,jyotigupta@example.org,9478110162,2022-07-14,False
4168,Zinal,Srinivasan,bhavani69@example.org,9168151649,2022-07-16,False
4169,Anirudh,Tak,madanarunima@example.com,9196492306,2025-03-08,False
4170,Dhruv,Atwal,srinivasanita@example.net,9425246719,2023-06-02,False
4171,David,Raja,vinaya39@example.org,9875358983,2022-12-09,False
4172,Anjali,Joshi,jalsa13@example.org,9316954323,2023-02-14,True
4173,Anya,Sagar,indaliparekh@example.org,9697883777,2022-11-27,True
4174,Chatresh,Morar,widishadara@example.net,9884271696,2024-04-02,True
4175,Omaja,Manda,jagvi39@example.org,9840347696,2024-02-11,True
4176,Kamala,Lata,aadi66@example.net,9994253283,2024-12-09,False
4177,Vincent,Ahluwalia,borahguneet@example.net,9872139830,2022-12-17,True
4178,Balendra,Balakrishnan,priya57@example.org,9386160186,2022-02-27,False
4179,Hritik,Kohli,inatarajan@example.org,9518404773,2024-07-29,False
4180,Balendra,Keer,valachasmum@example.net,9741632285,2024-07-30,True
4181,Niharika,Kapoor,pahalreddy@example.net,9023521792,2022-06-18,True
4182,Jacob,Ghosh,kotaayaan@example.net,9510271905,2025-12-29,True
4183,Gagan,Lanka,qsaini@example.org,9562330947,2026-06-20,False
4184,Shravya,Raval,amaira34@example.net,9645829546,2023-04-25,True
4185,Vansha,Johal,theodoreanne@example.org,9304716623,2023-12-25,True
4186,Patrick,Pau,chakradhardara@example.org,9819400112,2026-07-24,False
4187,Hemangini,Desai,surayadavi@example.org,9874146566,2023-07-29,False
4188,Shravya,Basu,obarad@example.com,9373751435,2023-08-07,True
4189,Ekani,Panchal,priya22@example.org,9847660097,2024-03-04,False
4190,Aarav,Chand,lajitachokshi@example.net,9358151418,2024-09-19,False
4191,Chameli,Bhandari,mukhopadhyayyashodhara@example.net,9656084695,2023-11-13,False
4192,Anita,Murthy,dsibal@example.com,9561234001,2024-05-08,False
4193,Kiaan,Gola,memonaryan@example.net,9150762942,2021-10-05,True
4194,Guneet,Divan,sharaflaban@example.org,9094342208,2022-09-24,False
4195,Chameli,Chad,ubika78@example.com,9341372307,2023-06-26,True
4196,Divya,Tailor,kalamadhavi@example.net,9187749789,2024-08-15,True
4197,Sathvik,Patla,ekaniwalla@example.com,9355995154,2022-06-17,True
4198,Bishakha,Kothari,sbhagat@example.org,9872430884,2026-04-24,True
4199,Nidhi,Bali,charita25@example.net,9096933757,2026-06-12,False
4200,Chanakya,Chaudhuri,ishani08@example.net,9063958454,2024-07-07,False
4201,Abeer,Nagi,lopapadmanabhan@example.org,9704768098,2024-07-29,True
4202,Meghana,Keer,chatura51@example.net,9344027554,2025-09-25,False
4203,Chatresh,Dash,peter95@example.org,9336936834,2021-11-12,False
4204,Mohammed,Chauhan,balakrishnanamruta@example.com,9498046065,2023-02-27,False
4205,Damini,Kala,sampathnirja@example.com,9349166055,2025-10-03,False
4206,Shivani,Gupta,laljagrati@example.com,9436233193,2022-03-11,False
4207,Nachiket,Borde,dashjacob@example.net,9038773800,2025-05-11,False
4208,Xalak,Varty,rausneha@example.org,9666884331,2025-04-01,False
4209,Ekani,Bali,umangwalia@example.org,9272490140,2024-08-16,True
4210,Dalaja,Iyengar,atipuri@example.net,9898473843,2024-04-03,False
4211,Tanish,Sur,jhalakvarughese@example.org,9153584962,2021-09-18,True
4212,Balendra,Jayaraman,umangbanik@example.org,9019268601,2025-09-28,False
4213,Veer,Tripathi,ekiya55@example.com,9051817614,2022-12-01,True
4214,Libni,Saini,chakrikamohan@example.org,9677041108,2021-11-27,True
4215,Chatresh,Gokhale,nmajumdar@example.org,9359748956,2023-10-29,False
4216,Logan,Prabhu,vyanjananigam@example.net,9317791053,2025-04-27,False
4217,Parth,Parmar,ypadmanabhan@example.org,9373434889,2022-03-12,False
4218,Darpan,Bakshi,bakshiom@example.com,9201277606,2024-12-12,False
4219,Kiaan,Prakash,urishilla87@example.com,9411284842,2022-05-11,False
4220,Veda,Gill,xkulkarni@example.net,9219404789,2022-04-18,True
4221,Samaksh,Sankaran,bchoudhry@example.org,9684989912,2024-10-29,False
4222,Warinder,Wali,siyamorar@example.org,9455097333,2021-12-14,False
4223,Vansha,Batra,yoshitaedwin@example.net,9429852704,2025-05-10,False
4224,Vihaan,Mall,damini63@example.net,9464749659,2022-08-05,True
4225,Zaid,Chaudhari,atwalekavir@example.com,9221815958,2026-02-03,True
4226,Ekbal,Gade,pavanivyas@example.com,9608823235,2022-06-04,False
4227,Ekbal,Koshy,noah25@example.net,9494570317,2024-12-25,False
4228,Harshil,Bhalla,kalanathan@example.com,9707308141,2023-12-03,False
4229,Pranit,Kapoor,cparmar@example.com,9545173301,2025-01-07,True
4230,Hamsini,Lala,xramanathan@example.com,9815916655,2022-05-09,True
4231,Reva,Dhillon,jkrishna@example.org,9360171472,2023-01-15,True
4232,Jeremiah,Mander,sai19@example.com,9516441805,2023-11-04,False
4233,Advaith,Bala,umang80@example.net,9942079619,2021-11-17,True
4234,Ubika,Sandhu,fariq31@example.org,9870878157,2023-10-13,False
4235,Jai,Sami,bbhavsar@example.com,9670986678,2026-02-11,False
4236,Forum,Dani,bgokhale@example.org,9852857940,2022-02-15,False
4237,Geetika,Mani,pillaiandrew@example.com,9898511881,2022-04-01,False
4238,Lajita,Suri,riyengar@example.net,9085149667,2024-09-30,False
4239,Tara,Chaudhry,snadig@example.org,9231342683,2024-10-25,False
4240,Hemangini,Shenoy,kannanira@example.com,9001684512,2022-12-30,False
4241,Anika,Bhatia,timothyvenkataraman@example.com,9893038147,2024-11-25,False
4242,Charan,Maharaj,randhawaqarin@example.net,9629225953,2025-04-28,False
4243,Pooja,Ganguly,ahluwaliajagvi@example.org,9272720667,2024-09-12,False
4244,Anusha,Aurora,widisha30@example.org,9753745088,2023-04-19,True
4245,Aayush,Rattan,abhavarty@example.org,9704967294,2022-09-19,True
4246,Sanaya,Chad,sanghvisimon@example.com,9980047202,2026-01-28,True
4247,Om,Kala,asura@example.net,9770152424,2023-12-23,True
4248,Yuvraj,Chahal,dateteerth@example.org,9103674009,2023-02-17,True
4249,Harini,Lall,watikabajwa@example.net,9831818034,2023-03-01,False
4250,Ayushman,Shan,mittalteerth@example.org,9545082759,2026-03-13,True
4251,Mekhala,Vasa,gunbir97@example.com,9884674822,2023-03-07,True
4252,Onveer,Yogi,kkumar@example.com,9046471742,2024-11-07,True
4253,Janaki,Misra,reddyradhika@example.org,9245011601,2022-11-24,False
4254,Anamika,Contractor,chaudhurinimrat@example.org,9762109692,2025-01-14,True
4255,Pratyush,Chanda,emadan@example.org,9020631410,2022-09-04,True
4256,Avni,Kurian,qabilparikh@example.net,9405686429,2024-11-29,True
4257,Jatin,Swamy,aradhanashankar@example.org,9731889706,2021-12-19,False
4258,Dayamai,Loke,bdhar@example.org,9744571991,2025-04-10,True
4259,Vansha,Iyengar,manbir14@example.org,9114078136,2024-10-18,True
4260,Devika,Deo,talwardakshesh@example.org,9839427134,2022-10-12,False
4261,Chameli,Suri,sahachameli@example.net,9922257164,2021-12-25,True
4262,Ayaan,Mammen,nicholas41@example.com,9345646639,2025-08-27,True
4263,Fariq,Tella,chanaliam@example.net,9063357599,2025-08-15,False
4264,Anjali,Sibal,nidhi75@example.com,9466766749,2022-05-09,True
4265,Thomas,Mittal,ramaswamyarya@example.org,9324221645,2023-04-06,True
4266,Laban,Mander,kiaan14@example.com,9100498359,2021-12-05,False
4267,Chatresh,Natt,handapahal@example.com,9146905918,2023-06-29,False
4268,Vasana,Sachar,samarth97@example.net,9005783410,2026-03-07,True
4269,Chandran,Tank,balendra95@example.org,9354513640,2022-08-19,True
4270,Chanchal,Gill,calebnatarajan@example.net,9503121559,2024-08-06,False
4271,Jyoti,Ghose,ekaraj97@example.org,9665536018,2022-04-19,False
4272,Ikbal,Singhal,jayaramankai@example.net,9032538361,2024-01-02,True
4273,Amara,Dara,edugal@example.net,9651481114,2025-01-13,True
4274,Wishi,Gokhale,hdalia@example.com,9370215384,2024-07-16,True
4275,Benjamin,Jayaraman,eshana99@example.com,9731312131,2023-02-18,True
4276,Dayita,Hora,lakshmi66@example.org,9913621539,2023-11-29,True
4277,Aarna,Atwal,eagate@example.com,9612058498,2023-12-16,False
4278,Aarini,Seth,thomas93@example.com,9007481335,2023-07-26,False
4279,Siddharth,Konda,emaharaj@example.com,9518007565,2026-02-12,False
4280,Lucky,Nayar,advika83@example.net,9686123587,2021-07-31,False
4281,Hamsini,Agrawal,cjha@example.net,9907294856,2023-09-04,False
4282,Lila,Sandhu,msathe@example.org,9396286338,2026-06-22,False
4283,Tara,Natt,vrishti01@example.net,9121435939,2023-07-01,True
4284,Aashi,Edwin,ggarde@example.net,9288156596,2021-09-05,True
4285,Chaaya,Bhagat,ucchalmanda@example.com,9770648133,2024-06-06,False
4286,Xalak,Virk,mohammedloyal@example.net,9423506884,2023-05-24,False
4287,Yug,Kapoor,zbala@example.net,9263823919,2022-09-24,False
4288,Chakrika,Singhal,wmallick@example.com,9560318686,2024-08-18,False
4289,Qadim,Soman,zaitra12@example.net,9645482771,2026-05-18,False
4290,Idika,Buch,lallindrajit@example.net,9364477291,2022-07-30,True
4291,Yadavi,Mander,caleb14@example.com,9082319617,2022-10-12,True
4292,Ira,Vala,zaitrakuruvilla@example.net,9427180455,2022-05-05,False
4293,Parth,Pradhan,edwinikbal@example.net,9744756365,2022-08-14,False
4294,Yahvi,Kalla,tbajwa@example.com,9023712506,2025-11-24,False
4295,Qasim,Choudhry,abhimanyukanda@example.com,9813979519,2025-03-29,False
4296,Qabil,Lalla,mason40@example.com,9589723591,2026-05-25,False
4297,Yochana,Varughese,ishita22@example.net,9297702598,2023-12-22,True
4298,Isha,Nagarajan,bhavani22@example.org,9548729129,2025-11-06,False
4299,Neelima,Sem,yuvrajpau@example.net,9370632300,2022-03-12,True
4300,Ridhi,Chada,ishani76@example.org,9295166215,2025-02-28,True
4301,Urvashi,Madan,fjha@example.com,9703036638,2025-03-14,True
4302,Chatura,Datta,dvaidya@example.org,9758405318,2026-04-04,False
4303,Niharika,Narula,qabil28@example.net,9761727460,2021-08-26,False
4304,Yatan,Menon,acharyakashvi@example.net,9828703517,2022-04-19,False
4305,Amruta,Saxena,hamsini00@example.net,9706440712,2024-04-15,True
4306,Veer,Mani,gcherian@example.com,9552402782,2022-01-08,False
4307,Ishaan,Pathak,contractorveer@example.org,9839531169,2024-04-24,False
4308,Jatin,Pandey,mananjha@example.com,9508960713,2025-09-18,False
4309,Leela,Rajagopal,qarora@example.net,9060605064,2021-10-19,True
4310,Isha,Chandran,zachariahveer@example.org,9840144079,2021-09-26,False
4311,Anjali,Jaggi,ekanikar@example.org,9732461552,2022-11-18,False
4312,Bina,Buch,kothariabha@example.org,9481268926,2024-09-16,True
4313,Theodore,Narang,urmikhatri@example.net,9396885606,2023-11-05,True
4314,Ekta,Ravi,reva09@example.org,9195799659,2022-06-12,False
4315,Pranit,Kohli,aahana94@example.net,9307845784,2023-09-11,True
4316,David,Ganguly,dalbirsrinivasan@example.com,9146502860,2022-03-15,False
4317,Faraj,Tripathi,sairege@example.net,9108189813,2025-08-01,False
4318,Christopher,Chowdhury,basubhavani@example.com,9084444532,2024-07-13,False
4319,Nidra,Singhal,gauravbhatt@example.net,9511094526,2024-07-27,True
4320,Kevin,Bobal,wom@example.org,9462000888,2025-12-29,True
4321,Urishilla,Sama,hredhaan43@example.com,9722285569,2023-03-07,False
4322,Farhan,Mallick,ishamani@example.net,9810732761,2021-11-28,False
4323,Warjas,Sem,pseth@example.org,9102537593,2023-05-03,True
4324,Ganga,Murthy,palanekansh@example.net,9494007467,2022-09-15,False
4325,Utkarsh,Shanker,chawlayamini@example.org,9107605955,2026-02-12,True
4326,Ubika,Bath,maanas53@example.net,9776967325,2023-11-14,False
4327,Manya,Raja,sunderabhimanyu@example.org,9873723805,2025-06-09,True
4328,Jackson,Dugal,raurajata@example.org,9966827342,2026-01-06,False
4329,Daniel,Lanka,mekhalanair@example.net,9446068895,2025-11-14,False
4330,William,Dhingra,boseveer@example.org,9044217953,2024-02-10,False
4331,Hiral,Saha,inaya04@example.com,9624044163,2022-05-06,False
4332,Panini,Raju,girish70@example.org,9033790474,2022-08-17,True
4333,Jackson,Deo,sandalmegha@example.org,9580856902,2026-04-27,True
4334,Gunbir,Tank,tellayashica@example.net,9072420753,2021-09-18,True
4335,Sai,Shere,maxraghavan@example.net,9667349586,2022-02-02,True
4336,Gaurav,Nair,basukamya@example.net,9549146516,2025-10-14,False
4337,Om,Choudhry,ridhibhattacharyya@example.net,9952617186,2025-07-25,True
4338,Darpan,Sani,urvidey@example.org,9164854713,2023-06-04,False
4339,Krish,Nanda,reddysathvik@example.com,9813004362,2024-09-22,False
4340,Mahika,Contractor,yatan93@example.org,9581876240,2023-12-14,False
4341,Priya,Radhakrishnan,baladevansh@example.org,9619581618,2023-04-15,False
4342,Manthan,Sankar,reyansh66@example.org,9450181878,2024-08-26,True
4343,Dakshesh,Karan,wmitra@example.net,9361251426,2022-05-23,False
4344,Fariq,De,fariskhatri@example.org,9873006032,2025-11-11,True
4345,Sachi,Parmer,dkaran@example.net,9756410894,2024-09-16,True
4346,Lakshit,Balay,xdate@example.com,9940376494,2022-03-29,True
4347,Reyansh,Khalsa,valaaachal@example.net,9552255494,2022-08-18,True
4348,Omkaar,Upadhyay,ekavir41@example.org,9632558613,2023-05-11,True
4349,Ranveer,Kala,pallprisha@example.org,9311137236,2025-07-22,True
4350,Chatura,Vaidya,jeetkakar@example.net,9522111189,2021-10-26,False
4351,Tarak,Bawa,okala@example.org,9091389198,2025-02-27,False
4352,Ansh,Edwin,uppalmichael@example.net,9968181433,2024-04-07,True
4353,Zilmil,Sama,yuvrajpingle@example.net,9805887796,2025-10-26,False
4354,Balhaar,Shankar,ktalwar@example.org,9244644235,2026-06-15,True
4355,Lakshmi,Magar,ayaan92@example.net,9702907542,2022-11-12,True
4356,Adya,Bansal,mitraubika@example.com,9898363915,2024-11-22,True
4357,Ishanvi,Upadhyay,rsaha@example.net,9140348454,2024-04-27,True
4358,Wyatt,Sama,pguha@example.org,9633457081,2022-03-04,True
4359,Urvi,Parmer,zreddy@example.org,9446658490,2026-01-09,False
4360,Inaya,Singhal,bawavasudha@example.org,9611402235,2025-02-12,True
4361,Advay,Purohit,gaurika52@example.org,9950944360,2023-11-14,False
4362,Yoshita,Mani,ibhatti@example.org,9745757682,2025-03-29,False
4363,Tanay,Saraf,bansalyashica@example.net,9730365907,2025-07-19,False
4364,Anvi,Sampath,nkrishna@example.org,9409705550,2022-07-02,False
4365,Ryan,Jhaveri,binakaran@example.net,9172749631,2025-10-28,False
4366,Yashawini,Parekh,aarinibahri@example.org,9610158526,2023-04-30,False
4367,Omkaar,Joshi,batrasai@example.net,9857788462,2021-11-01,True
4368,Kamya,Mannan,andrewchahal@example.org,9866827263,2024-02-22,False
4369,Chakradhar,Buch,mandalraksha@example.net,9741818271,2024-08-03,True
4370,Harshil,Hari,madanomkaar@example.net,9882763439,2023-10-20,True
4371,Rachana,Kaul,sanya18@example.net,9868354737,2023-12-29,True
4372,Gaurangi,Sharma,mukhopadhyaysanya@example.org,9747931980,2025-04-28,False
4373,Ethan,Dave,ranveersamra@example.com,9812155423,2025-04-18,False
4374,Yatan,Seth,rbahri@example.net,9145886136,2023-11-10,True
4375,Robert,Dora,jhalakbali@example.com,9328775548,2023-12-30,False
4376,Baljiwan,Aurora,mason10@example.net,9997988576,2021-08-08,True
4377,Ekapad,Ravi,rramakrishnan@example.com,9939927836,2021-11-01,True
4378,Wakeeta,Venkataraman,surqadim@example.org,9798338101,2023-03-04,False
4379,Netra,De,abdul83@example.org,9952646744,2024-04-18,False
4380,Nisha,Hans,maanavnarasimhan@example.org,9546788488,2021-08-29,True
4381,Kavya,Narula,varenya42@example.org,9028923437,2022-05-13,True
4382,Chaman,Gill,reyansh88@example.org,9137249288,2024-01-31,True
4383,Azad,Rau,fnadig@example.org,9853751220,2025-09-08,False
4384,Laksh,Chada,champak56@example.org,9222470321,2023-07-30,False
4385,Rayaan,Shetty,bhargavalipika@example.net,9409642938,2024-08-22,True
4386,Eta,Peri,sarnaranbir@example.org,9008224491,2023-06-08,True
4387,Balveer,Rajagopal,acharyayauvani@example.com,9570419364,2021-07-30,True
4388,Lavanya,Mahal,prasadikbal@example.org,9822241329,2024-09-24,False
4389,David,Brahmbhatt,dattayash@example.org,9321399285,2025-11-17,True
4390,Jai,Mandal,wardakaur@example.com,9022149161,2022-01-03,True
4391,Frado,Nori,luckychanda@example.org,9597842814,2023-08-30,False
4392,Ekiya,Dara,jason99@example.com,9981763019,2022-06-08,False
4393,Hritik,Pall,shaurya16@example.net,9701410488,2022-09-24,False
4394,Ayaan,Ray,ijaya62@example.net,9009832736,2024-09-10,False
4395,Maanav,Jayaraman,xde@example.net,9205656791,2025-03-08,True
4396,Sai,Bora,ucchalmukhopadhyay@example.com,9013059725,2023-04-14,True
4397,Yuvraj,Gandhi,suhani07@example.net,9306868878,2025-04-12,True
4398,Jack,Goswami,deshpandelohit@example.net,9540402616,2024-11-18,False
4399,Zinal,Kumer,darsh15@example.com,9225848190,2025-01-10,False
4400,Agastya,Mannan,quincy78@example.org,9470564971,2025-09-04,False
4401,Madhav,Dasgupta,mugdhavarghese@example.org,9533453384,2023-05-03,True
4402,Ansh,Devi,gsetty@example.net,9331020852,2021-12-06,False
4403,Janani,Ratta,hamsini98@example.org,9344058565,2024-08-30,True
4404,Farhan,Sinha,yagnesh95@example.org,9444920954,2024-04-14,True
4405,Jasmit,Madan,gopalshivansh@example.org,9179494422,2025-12-06,True
4406,Warjas,Dhaliwal,xiti74@example.org,9796304955,2021-10-05,True
4407,Daksha,Sathe,emane@example.com,9388281059,2022-12-06,False
4408,Ijaya,Chaudry,henrydara@example.net,9946231166,2024-09-14,False
4409,Jyoti,Ramakrishnan,poojakapadia@example.org,9043359015,2024-12-07,True
4410,Chakrika,Arya,wpatla@example.com,9694146735,2022-10-20,True
4411,Yamini,Hayer,xdixit@example.com,9741616566,2024-03-31,False
4412,Ubika,Ratti,agastya63@example.org,9655861711,2022-01-13,True
4413,Pahal,Rege,mramakrishnan@example.org,9924962344,2023-04-10,False
4414,Pallavi,Gera,fiyaz56@example.org,9837947741,2025-10-24,True
4415,Tanveer,Kapoor,oeshibhalla@example.org,9078676053,2023-12-20,True
4416,Gaurika,Bansal,falgunichaudhry@example.com,9549806184,2024-10-24,True
4417,Charvi,Tak,hahuja@example.net,9576460363,2022-12-31,False
4418,Barkha,De,lravel@example.org,9719217366,2024-06-04,True
4419,Radhika,Sahota,mkata@example.org,9607277236,2024-09-27,False
4420,Sanaya,Sachar,ladtripti@example.net,9665716402,2022-11-27,True
4421,Megha,Choudhary,rohankumer@example.net,9457244917,2025-03-23,True
4422,Anika,Yogi,pahalchar@example.com,9810995781,2026-05-05,True
4423,Yash,Jani,swaminathanadvik@example.org,9315667053,2023-09-04,False
4424,Banjeet,Walia,gabriel98@example.org,9860696249,2026-03-22,True
4425,Januja,Saha,bhattbrijesh@example.org,9089758638,2021-10-20,False
4426,Aarna,Bhakta,amrita16@example.org,9661306354,2026-01-14,True
4427,Ikshita,Hari,ochakrabarti@example.org,9480880574,2026-07-09,True
4428,Vedhika,Parsa,chatresh24@example.net,9387138992,2025-06-18,False
4429,Victor,Nigam,adya45@example.net,9905730199,2024-04-21,True
4430,Kevin,Randhawa,malhotraira@example.net,9782456636,2023-05-21,True
4431,Champak,Parmer,devizansi@example.org,9637996317,2023-08-16,True
4432,Ronith,Issac,meghana83@example.com,9957001503,2023-11-12,False
4433,Samarth,Dar,ndube@example.org,9356213433,2024-09-15,True
4434,Sanya,Chakrabarti,amolnaidu@example.com,9492138606,2025-11-07,False
4435,Rachit,Wali,ydeol@example.net,9870245645,2023-07-19,False
4436,Jagdish,Bedi,orao@example.net,9070096089,2025-04-10,False
4437,Udyati,Mohan,vedant59@example.org,9457161563,2023-08-27,True
4438,Lopa,Bahl,bbumb@example.net,9132312303,2024-12-15,True
4439,Watika,Dutta,sthakur@example.com,9308169035,2021-10-22,False
4440,Sarthak,Magar,calebratta@example.org,9895804248,2024-05-15,False
4441,Harish,Bose,uvora@example.net,9392114367,2026-03-31,True
4442,Hiral,Wable,mkaur@example.net,9466766829,2023-05-01,False
4443,Chatura,Bal,ejoshi@example.org,9387746438,2024-06-20,True
4444,Anay,Vohra,kamyaseshadri@example.org,9445542835,2025-12-01,False
4445,Varenya,Kumar,gunbirbatta@example.net,9438054794,2025-11-28,False
4446,Yasti,Kata,darpavani@example.org,9807539398,2024-08-18,False
4447,Keya,Seth,bandra@example.net,9427098396,2024-06-01,False
4448,Bishakha,Vora,ronith38@example.net,9053634716,2025-10-11,True
4449,Yadavi,Baria,sachi80@example.com,9445292582,2023-10-17,True
4450,Hritik,Mangat,semaashi@example.com,9921893105,2025-12-30,False
4451,Vasana,Ramachandran,zkurian@example.com,9184165714,2022-06-12,False
4452,Wishi,Sethi,jagat05@example.com,9632624630,2023-02-04,False
4453,Harini,Tailor,onazareth@example.com,9786667360,2023-06-05,False
4454,Maanav,Char,ganesanaradhana@example.com,9861547998,2024-02-07,True
4455,Alka,Chaudhuri,dominic99@example.com,9832762890,2025-11-28,True
4456,Maanas,Kanda,bchoudhary@example.com,9960233980,2023-11-30,True
4457,Sanaya,Korpal,vrittigoswami@example.org,9437581162,2024-06-27,False
4458,Madhavi,Sehgal,thakurjyoti@example.org,9147771631,2024-04-01,False
4459,Rushil,Viswanathan,rattilucky@example.net,9786118919,2022-12-18,False
4460,Vihaan,Mand,balhaar26@example.net,9083588974,2023-05-15,False
4461,Kavya,Mody,upadhyaydivya@example.net,9420495492,2025-11-05,False
4462,Warhi,Rama,bnori@example.com,9538668814,2024-06-23,True
4463,Simon,De,gagan33@example.com,9332640819,2024-02-09,False
4464,Dayita,Mangat,dhingraarjun@example.net,9427359919,2022-08-26,True
4465,Girik,Mutti,btripathi@example.com,9482961205,2022-10-28,True
4466,Yashvi,Sem,banikjai@example.net,9062465212,2022-11-07,False
4467,Ira,Ravi,zayyanmannan@example.org,9762920665,2023-10-12,True
4468,Jeevika,Sachdeva,dtandon@example.org,9707010955,2025-09-04,False
4469,Ira,Kaur,hemasethi@example.net,9437117185,2024-12-29,True
4470,Hredhaan,Bhatnagar,gbuch@example.net,9758158918,2025-03-19,False
4471,Liam,Keer,unnativasa@example.com,9087195715,2024-12-25,True
4472,Peter,Cherian,bawaanirudh@example.com,9719406568,2024-06-12,False
4473,Balvan,Bhakta,sachiagrawal@example.net,9614639102,2025-06-22,True
4474,Chaaya,Ghose,urishillatoor@example.org,9762314701,2022-10-20,False
4475,Meera,Badami,niharika29@example.org,9669236201,2023-07-16,False
4476,Bimala,Dhaliwal,krishnamurthyyashodhara@example.com,9630298628,2022-06-30,False
4477,Finn,Badami,jagdishraman@example.net,9885359135,2025-11-08,False
4478,Rachit,Sangha,widishamanda@example.com,9888245919,2025-12-28,True
4479,Wishi,Walla,kalitatanay@example.net,9172328823,2023-02-13,True
4480,Tanvi,Nagarajan,george38@example.com,9055440547,2024-04-23,True
4481,Indira,Handa,chakrikachowdhury@example.org,9690702499,2022-07-24,True
4482,Arunima,Cheema,singhalguneet@example.com,9878967536,2021-08-26,True
4483,Aadi,Majumdar,daksha57@example.net,9427537373,2022-12-23,True
4484,Mekhala,Pai,shravyadin@example.com,9449712269,2024-03-28,True
4485,Elijah,Mannan,omajagaba@example.org,9091258534,2021-12-30,True
4486,Krish,Sundaram,trivediisha@example.org,9897064013,2025-10-07,True
4487,Amruta,Ramanathan,bde@example.org,9769246105,2026-06-04,False
4488,Yagnesh,Choudhury,menoncharita@example.com,9940505159,2023-11-20,True
4489,Agastya,Rege,kibeganga@example.com,9270610500,2022-05-28,True
4490,Vedika,Cheema,yash72@example.net,9177408988,2024-03-18,True
4491,Urvashi,Sathe,simon11@example.com,9451643398,2022-09-03,False
4492,Zinal,Warrior,libnishenoy@example.org,9097418868,2022-09-24,False
4493,Vritti,Pandit,lchar@example.net,9887230755,2025-08-03,False
4494,Niharika,Chandra,jnadig@example.com,9130093220,2025-01-11,True
4495,Brinda,Ratti,anthonysalvi@example.net,9672983619,2024-02-28,False
4496,Fitan,Balakrishnan,yahvigoel@example.net,9638026492,2026-04-27,True
4497,Chatura,Kashyap,palhredhaan@example.net,9226581772,2026-07-05,True
4498,Qarin,Pai,mwali@example.com,9368123053,2022-10-29,True
4499,Falak,Devi,cbava@example.org,9181230738,2026-01-15,True
4500,Darsh,Bose,ojaschahal@example.org,9436521010,2025-05-01,False
4501,Anjali,Natarajan,champakpall@example.net,9009911971,2024-04-19,True
4502,Yamini,Bala,jatin11@example.com,9041225011,2022-12-24,False
4503,Yahvi,Shah,darpan82@example.com,9703909738,2021-08-19,True
4504,Reva,Chandra,wridesh71@example.net,9104514146,2026-02-20,False
4505,Yachana,Dara,wnadkarni@example.com,9109583483,2024-06-13,False
4506,Dhruv,Dutta,onayak@example.com,9247990523,2023-03-16,False
4507,Darika,Soni,agastya91@example.com,9835636405,2026-01-18,True
4508,Ganga,Toor,chaudhrykamya@example.com,9771707757,2025-03-10,False
4509,Rachita,Deep,dbora@example.net,9610420307,2023-04-28,True
4510,Ikshita,Kaur,jwadhwa@example.net,9159780078,2024-10-30,True
4511,Jackson,Sanghvi,bhatiaeesha@example.org,9475507481,2023-10-06,False
4512,Chandani,Mohan,adwetamand@example.com,9926626395,2022-05-18,True
4513,Hritik,Kari,ranbirmammen@example.net,9941552992,2025-06-29,True
4514,Triya,Sinha,mchakraborty@example.com,9899616001,2023-04-23,True
4515,Hemang,Dada,waidathaker@example.com,9187978929,2023-08-14,True
4516,Dalbir,Bhandari,jsodhi@example.com,9840090625,2021-10-13,True
4517,Anita,Rege,arana@example.com,9068902552,2025-11-11,False
4518,Tamanna,Hora,blall@example.com,9041902416,2022-06-13,True
4519,Warhi,Sem,rayaantara@example.net,9730905330,2022-07-20,True
4520,Naveen,Narayan,vyasprisha@example.com,9704855023,2022-04-06,True
4521,Yuvraj,Sengupta,anika71@example.com,9650371500,2025-09-06,True
4522,Aahana,Varma,yashvidixit@example.com,9820120215,2022-10-13,False
4523,Nidhi,Ghose,sulepavani@example.net,9795757186,2025-05-18,True
4524,Lohit,Pillai,balarajata@example.net,9736587949,2022-10-27,False
4525,Shivansh,Dar,hritik10@example.net,9817831357,2022-03-02,False
4526,Daniel,Hegde,usandal@example.org,9765881883,2025-07-09,False
4527,Krishna,Bains,pbir@example.net,9712550758,2023-10-28,True
4528,Rohan,Dada,kwason@example.com,9408344434,2022-01-31,True
4529,Qadim,Varughese,dhriti99@example.org,9087717566,2023-08-31,True
4530,Dhriti,Suri,hayeryashica@example.org,9868320073,2026-04-09,False
4531,Maya,Narasimhan,viraj70@example.org,9126992897,2022-09-21,False
4532,Kiaan,Lala,freddy@example.net,9348776013,2022-06-06,True
4533,Anthony,Walla,qdeep@example.com,9311571826,2024-06-01,False
4534,Krish,Gole,sdada@example.org,9684666565,2026-03-04,False
4535,Zashil,Bali,qarin91@example.net,9037497364,2024-08-26,False
4536,Oeshi,Tandon,duttafarhan@example.net,9249876415,2024-07-21,False
4537,Urvi,Deshpande,kotadhruv@example.net,9913968390,2022-12-31,False
4538,Yachana,Dutta,fsant@example.net,9220711350,2023-07-01,False
4539,Ranbir,Ray,wvenkataraman@example.net,9494927836,2025-08-10,False
4540,Vasana,Mallick,vritti32@example.com,9571955496,2026-02-26,False
4541,Zehaan,Soni,tanmayiratti@example.org,9412817717,2022-05-01,True
4542,Lekha,Mangat,dayita28@example.org,9963247004,2022-12-27,True
4543,Kamya,Nagy,upasna12@example.org,9073168080,2024-10-19,False
4544,Pratyush,Madan,yatansom@example.net,9767532999,2026-02-15,False
4545,Tristan,Chaudhuri,moak@example.net,9058841948,2023-02-14,False
4546,Anya,Sahni,jack18@example.net,9034670061,2025-02-26,False
4547,Tanish,Zacharia,vritti38@example.org,9063707218,2024-09-23,False
4548,Balhaar,Datta,mayabhattacharyya@example.com,9340546498,2024-05-05,False
4549,Anmol,Choudhury,kpalan@example.com,9001755049,2023-08-03,True
4550,Eshana,Sengupta,manigirik@example.org,9770153387,2022-09-17,True
4551,William,Ganguly,dubewridesh@example.net,9118740074,2023-06-19,False
4552,Luke,Raju,zayyankala@example.org,9376035672,2023-12-09,True
4553,Anusha,Dhingra,vasana22@example.org,9647283334,2023-07-28,True
4554,Nathan,Radhakrishnan,kallapranit@example.org,9275617583,2024-02-28,False
4555,Anita,Bora,bkanda@example.net,9818192424,2022-06-30,True
4556,Onkar,Sarkar,ishanitailor@example.com,9228832093,2025-09-24,False
4557,Adweta,Banik,godavihaan@example.com,9778514554,2024-03-19,True
4558,Bhanumati,Mahajan,lohit97@example.org,9726832334,2026-02-04,True
4559,Tanay,Jain,xpandit@example.net,9737851393,2022-03-19,False
4560,Hredhaan,Ramachandran,tanveer12@example.com,9456967570,2024-07-29,True
4561,Vanya,Chhabra,xchander@example.net,9183333562,2024-09-22,False
4562,Gayathri,Badal,jhagautami@example.net,9410341137,2023-03-15,True
4563,Liam,Bajwa,kevinbalay@example.org,9738226068,2024-11-29,True
4564,Odika,Sama,aadisrivastava@example.org,9996488639,2025-11-24,True
4565,Sneha,Munshi,kchaudhari@example.org,9995911029,2026-01-12,False
4566,Dalaja,Johal,ekajaatwal@example.net,9327532969,2024-01-11,False
4567,Xiti,Randhawa,jeremiahbhakta@example.net,9130653323,2024-11-23,True
4568,Ekavir,Chaudhari,trai@example.net,9115164465,2022-10-25,True
4569,Rehaan,Sagar,urmi82@example.com,9900800470,2023-04-04,False
4570,Rachit,Dyal,vbaria@example.org,9888439134,2025-06-21,False
4571,Yatan,Dalal,patlasimon@example.net,9889312904,2023-11-18,True
4572,Neel,Thakkar,wazirsama@example.org,9601097289,2023-04-28,True
4573,Onveer,Biswas,girindrabaral@example.org,9510609784,2026-05-10,False
4574,Vasatika,Bal,mohammed09@example.com,9766310094,2024-05-27,False
4575,Sai,Bose,liam23@example.com,9532714725,2021-09-03,True
4576,Vasatika,Radhakrishnan,rohankari@example.org,9750944483,2022-04-09,False
4577,Warhi,Mangat,ojasviandra@example.org,9616876307,2023-04-07,True
4578,Udyati,Gaba,diyasrivastava@example.com,9848363917,2021-11-03,True
4579,Harsh,Kakar,ahujamaanas@example.net,9578822335,2026-01-25,False
4580,Pushti,Deshpande,anushadhar@example.net,9234226410,2022-08-06,False
4581,Aarna,Maharaj,rehaanahluwalia@example.com,9665776061,2022-11-07,True
4582,Ishanvi,Dash,pkuruvilla@example.com,9210843988,2026-05-08,False
4583,Ryan,Bala,harishsaran@example.net,9646680268,2025-08-10,True
4584,Bishakha,Pai,chauhansanaya@example.com,9612476859,2025-06-11,False
4585,Kritika,Sandal,priya92@example.com,9590282774,2025-01-20,True
4586,Arunima,Goswami,bina57@example.com,9344782001,2023-03-12,False
4587,Vritti,Raju,janakidutta@example.net,9813724204,2025-02-17,True
4588,Jeevika,Karan,nathan17@example.net,9057267798,2023-03-16,True
4589,Caleb,Batta,chandranhanda@example.org,9433077900,2022-05-07,False
4590,Kalpit,Chakraborty,robert23@example.net,9840995550,2025-03-19,False
4591,Neel,Sunder,dasguptacharan@example.com,9319854480,2025-03-27,False
4592,Lopa,Sengupta,tmadan@example.com,9290651651,2022-09-09,False
4593,Nandini,Nagar,vamakshi37@example.org,9421415238,2025-05-22,True
4594,Reva,Wadhwa,xbhargava@example.org,9098545069,2023-04-23,True
4595,Harini,Soman,qkhatri@example.org,9812354336,2021-12-17,True
4596,Maya,Dubey,jhaveriwakeeta@example.com,9020707373,2024-12-05,False
4597,Oni,Yadav,khuranagautam@example.com,9976079046,2025-03-26,True
4598,Anthony,Basu,gautami93@example.net,9199493449,2022-02-19,False
4599,Lopa,Chada,caleb28@example.com,9982622555,2025-05-08,True
4600,Daksha,Chhabra,hemani08@example.net,9906603634,2021-09-04,False
4601,Gaurang,Rai,sahatejas@example.org,9333634528,2021-10-29,True
4602,Amruta,Kanda,pranavraju@example.com,9445816494,2025-02-05,False
4603,Gopal,Narasimhan,yaminirout@example.net,9159156740,2025-09-14,True
4604,Zayyan,Chandran,bbalakrishnan@example.org,9812570602,2026-01-29,True
4605,Noah,Divan,raksha14@example.com,9067596500,2021-09-21,True
4606,Qabil,Chowdhury,xsehgal@example.net,9647048601,2024-12-29,False
4607,Harita,Rao,dhardayita@example.com,9625695125,2022-02-16,False
4608,Pahal,Deshmukh,gilllavanya@example.org,9422847469,2025-09-14,True
4609,Hemangini,Das,pahalwable@example.org,9948044635,2026-03-30,True
4610,Balvan,Basak,shivanidevan@example.net,9171411212,2021-11-28,False
4611,Hiral,Vig,ekansh93@example.com,9263134946,2021-10-18,False
4612,Unnati,Vala,vaidyanathaniel@example.net,9521938522,2022-12-23,False
4613,Tejas,Dara,mukhopadhyayqasim@example.org,9115479704,2026-06-04,True
4614,Yashvi,Kari,ghoshanay@example.com,9053954328,2023-12-02,True
4615,Idika,Bose,shauryawason@example.com,9884310749,2022-03-31,False
4616,Adya,Wable,rsachdeva@example.org,9730092018,2026-05-04,True
4617,Vedika,Bhat,jhegde@example.net,9240116280,2022-04-23,False
4618,Ojasvi,Zachariah,shettywyatt@example.org,9819750772,2022-03-12,True
4619,Yahvi,Badami,wsaini@example.net,9056553400,2022-11-03,False
4620,Radhika,Tailor,sabharwalekapad@example.com,9277539954,2023-05-08,False
4621,Girik,Sangha,borahniharika@example.net,9814218592,2026-05-20,True
4622,Wyatt,Behl,merchantanvi@example.net,9229468976,2022-06-06,False
4623,Nikita,Roy,dadakashish@example.com,9001092073,2025-05-01,False
4624,Rajeshri,Ratti,jagrati71@example.net,9557290341,2023-07-08,True
4625,Omya,Murthy,shettyleena@example.com,9372725906,2023-03-11,True
4626,Hemangini,Kanda,dugarjacob@example.net,9510099912,2026-01-17,False
4627,Qabil,Mahajan,nchandra@example.net,9110358077,2022-04-16,True
4628,Dakshesh,Chanda,dalbirkulkarni@example.net,9593879596,2023-06-26,False
4629,Chasmum,Nagy,eshanamajumdar@example.com,9819662300,2023-03-08,False
4630,Sachi,Kaul,dhegde@example.net,9570815180,2025-06-08,True
4631,Warda,Zachariah,tanishsane@example.net,9261446455,2025-05-17,True
4632,Inaya,Kapadia,bhatiacaleb@example.org,9668974275,2025-05-05,True
4633,Ekavir,Mahajan,godakashish@example.com,9291653979,2023-09-10,True
4634,Anya,Seth,aditya15@example.net,9668492725,2023-09-28,False
4635,Ganga,Gara,manthanmahal@example.org,9230891229,2023-12-18,False
4636,Robert,Sarraf,munshibalhaar@example.org,9023941429,2022-01-15,False
4637,David,Mittal,darariya@example.com,9491928324,2026-05-19,True
4638,Kala,Chatterjee,ahujapooja@example.net,9702491169,2023-06-18,True
4639,Chanchal,Shankar,asheth@example.org,9974679307,2022-10-24,False
4640,Jacob,Sunder,ethandeshpande@example.com,9900684642,2026-02-04,False
4641,Xalak,Kota,jasmit76@example.org,9587311135,2024-01-06,False
4642,Pranit,Murthy,rsinghal@example.com,9644313281,2024-09-27,False
4643,Libni,Brahmbhatt,oshatella@example.org,9332904608,2024-01-20,True
4644,Libni,Sathe,bahadurjit72@example.com,9801879997,2022-06-07,False
4645,Vinaya,Bains,finn52@example.com,9711527507,2023-04-21,False
4646,Pavani,Butala,rachitbanik@example.com,9063223628,2022-05-17,True
4647,Tanmayi,Buch,butalasimon@example.org,9736619671,2026-06-25,False
4648,Ria,Sankar,eviswanathan@example.com,9266714168,2023-01-15,True
4649,Niharika,Patla,dbarman@example.com,9321271215,2022-08-12,False
4650,Sachi,Bahl,ddube@example.org,9167349928,2023-10-07,False
4651,Maanas,Sankar,avenkatesh@example.net,9178405485,2022-07-10,True
4652,Kabir,Badal,icherian@example.net,9687370144,2025-11-01,False
4653,Tanmayi,Sule,perijeremiah@example.com,9812598339,2026-05-08,True
4654,Faraj,Swamy,onithaker@example.com,9421511261,2021-08-15,True
4655,Dominic,Deshmukh,varenyasur@example.com,9653998376,2025-07-15,True
4656,Vedant,Dugar,csengupta@example.org,9014235279,2023-11-03,False
4657,Wriddhish,Mandal,shankarelijah@example.net,9627664784,2025-12-31,True
4658,Radha,Bala,leena41@example.org,9106660297,2022-10-13,True
4659,Chavvi,Nath,jainisha@example.com,9099014806,2026-04-12,True
4660,Ekbal,Bhardwaj,lnigam@example.net,9503632623,2025-08-08,True
4661,Ekantika,Bains,chaaya32@example.org,9602784624,2022-01-13,True
4662,Keya,Varughese,siyanayak@example.net,9458702307,2022-02-12,True
4663,Caleb,Narasimhan,cmohan@example.net,9067415867,2024-04-08,False
4664,Karan,Mangat,yadavwarhi@example.net,9415507576,2023-10-06,True
4665,Damini,Puri,qadimchar@example.com,9819642404,2023-03-24,False
4666,Nandini,Pau,ekiya19@example.org,9600222656,2025-10-03,True
4667,Naksh,Salvi,tdesai@example.org,9417814808,2024-11-15,False
4668,Jalsa,Raja,misranikita@example.net,9211936875,2025-08-20,False
4669,Anvi,Chana,oscartrivedi@example.com,9670444718,2024-11-08,False
4670,Chaman,Bhatt,charleskumar@example.org,9808628355,2025-08-29,True
4671,Harrison,Manda,unnibalay@example.net,9319121259,2024-05-30,False
4672,Veer,Nayak,krishmani@example.org,9266620685,2024-11-23,True
4673,Nitara,Bassi,doshiyutika@example.net,9541111201,2024-08-12,True
4674,Bahadurjit,Dubey,vchana@example.com,9427714104,2024-08-09,True
4675,Laban,Verma,sray@example.net,9688090495,2022-11-22,False
4676,Lajita,Bala,ikbal85@example.com,9641372811,2022-08-25,False
4677,Oliver,Joshi,mitteradweta@example.net,9863668029,2024-04-06,True
4678,Jhalak,Loyal,sanya52@example.com,9570056284,2023-12-23,True
4679,Reyansh,Dhingra,chakrabartigirik@example.com,9096293956,2022-05-05,False
4680,Robert,Raja,nairharsh@example.org,9037492120,2025-02-17,True
4681,Yauvani,Raju,bawawatika@example.com,9571555623,2026-06-16,False
4682,Bhanumati,Taneja,amore@example.net,9914578590,2026-06-29,True
4683,Gayathri,Dar,munshidarsh@example.com,9603266251,2022-01-11,True
4684,Viraj,Chatterjee,yuvraj08@example.com,9033024677,2025-02-15,False
4685,Osha,Sehgal,sandalchaaya@example.org,9080910729,2025-04-03,True
4686,Warhi,Garg,bhanumativyas@example.com,9515703434,2026-06-10,False
4687,George,Sarna,bedichatresh@example.org,9570583349,2023-12-14,True
4688,Yash,Sura,vritti50@example.com,9368539928,2024-12-15,False
4689,Samarth,Prashad,zayanbuch@example.org,9525641650,2025-03-26,True
4690,Chaman,Kakar,atharvpai@example.com,9069651482,2024-11-02,True
4691,Patrick,Shan,harinakshiray@example.org,9930092241,2022-05-04,False
4692,Urvi,Som,pillaiindira@example.net,9367317421,2022-06-13,False
4693,Hema,Deo,duttrachita@example.net,9936099707,2023-03-07,False
4694,Kamala,Patla,kaulgirik@example.org,9398688635,2024-01-27,True
4695,Harish,Dhaliwal,adityasodhi@example.com,9674537709,2024-12-04,True
4696,Zehaan,Dugal,jeevikasachdev@example.org,9851603121,2022-04-03,False
4697,Charita,Lanka,rehaanbrar@example.com,9540327415,2023-09-24,False
4698,Rachita,Krishnamurthy,mohammedpatla@example.com,9922719207,2024-02-20,True
4699,Anvi,Brar,memonzarna@example.com,9297832845,2023-03-14,False
4700,Jack,Gandhi,sarafradha@example.org,9400989368,2025-05-20,True
4701,Benjamin,Bhatti,edhillon@example.com,9184744000,2024-04-07,False
4702,Zehaan,Krish,edwinjoshua@example.org,9649232724,2024-03-08,False
4703,Jagrati,Banerjee,yahvijoshi@example.com,9764995232,2024-04-11,True
4704,Ryan,Solanki,xminhas@example.org,9267164843,2024-06-27,True
4705,Jairaj,Mangat,bhavini62@example.com,9055385558,2025-10-25,True
4706,Hamsini,Chaudhari,kannanamrita@example.com,9744995853,2022-06-15,False
4707,Jatin,Boase,chaturawalia@example.org,9212161762,2024-08-05,True
4708,Gavin,Shah,harishbalan@example.org,9983312652,2025-10-27,True
4709,Girish,Agarwal,saxenabhanumati@example.net,9888710548,2024-01-17,True
4710,Balhaar,Mahal,chatreshbhandari@example.net,9666581539,2023-09-03,False
4711,Kritika,Dugal,wyattkhosla@example.net,9364695494,2025-03-24,False
4712,Jagvi,Dhar,patilcharita@example.net,9885073257,2022-04-23,False
4713,Nilima,Goyal,srivastavavansha@example.org,9692523209,2025-01-02,False
4714,Omisha,Dhingra,vdeol@example.org,9701200840,2025-08-10,True
4715,Jasmit,Venkataraman,kalpitdhingra@example.com,9248599317,2025-12-08,True
4716,Gaurika,Tiwari,qtiwari@example.com,9340538676,2025-04-19,False
4717,Tamanna,Arora,vasanagupta@example.com,9967280367,2022-08-09,False
4718,Zashil,Raval,bachittar12@example.org,9578223949,2025-06-26,False
4719,Balhaar,Kannan,chanakya62@example.com,9295364414,2026-02-22,False
4720,Urvi,Suri,vmemon@example.net,9941883680,2026-03-04,True
4721,David,Hans,anmolsarna@example.net,9644817552,2024-06-01,False
4722,Victor,Bhatti,indalinagy@example.org,9500308973,2025-08-10,True
4723,Nimrat,Bedi,upmavasa@example.com,9033215836,2023-05-02,False
4724,Balveer,Hegde,yastipai@example.net,9674360489,2026-01-29,False
4725,Wahab,Khurana,vdevan@example.net,9175060947,2022-02-12,True
4726,Yasti,Varughese,ramakrishnanhemani@example.org,9319142967,2023-04-08,False
4727,Alexander,Sekhon,mahika86@example.net,9386461078,2022-05-28,True
4728,Onveer,Seth,nkurian@example.org,9765589882,2023-06-09,True
4729,Dhruv,Rout,vasudhabanerjee@example.com,9914185623,2023-07-30,False
4730,Samuel,Wali,imaranratti@example.com,9290037247,2022-01-24,False
4731,Aachal,Dani,gabriel30@example.com,9455290035,2023-01-01,True
4732,Anmol,Peri,jbandi@example.org,9922630307,2025-11-09,True
4733,Vivaan,Taneja,routabha@example.org,9946125798,2022-08-10,False
4734,Noah,Gulati,jacobsama@example.org,9308992563,2022-03-30,True
4735,Gagan,Manne,gardegirindra@example.com,9308040276,2022-03-06,False
4736,Unnati,Suresh,gangulyyochana@example.net,9332345422,2023-04-24,True
4737,Frederick,Sood,hvarughese@example.com,9214276565,2025-04-15,True
4738,Anthony,Sridhar,edora@example.net,9416350214,2023-02-26,False
4739,Fitan,Bajaj,hdara@example.com,9106455820,2021-10-10,False
4740,Aachal,Bhatt,anamikakulkarni@example.com,9161946537,2021-08-01,False
4741,Max,Kamdar,pvasa@example.org,9323677098,2026-05-25,False
4742,Kamala,Jani,manan51@example.com,9013588121,2024-09-27,True
4743,Kavya,Palla,aishanikrish@example.org,9871301618,2026-01-04,True
4744,Avi,More,chawlapratyush@example.org,9261090610,2022-09-23,True
4745,Madhavi,Sinha,omya97@example.com,9803493163,2023-05-24,True
4746,Daksha,Keer,janani74@example.net,9085747177,2022-06-23,True
4747,Ekaja,Natt,hmanne@example.net,9643224696,2023-07-18,False
4748,Hredhaan,Walla,nandaosha@example.org,9993263430,2022-11-02,True
4749,Raagini,Dugar,mandalyauvani@example.org,9401521738,2022-07-02,False
4750,Chandresh,Bir,vkhare@example.org,9247152589,2024-12-14,True
4751,Vaishnavi,Kaur,guptaharshil@example.com,9972818858,2023-09-10,True
4752,Baljiwan,Shankar,bimalakarnik@example.org,9908573469,2025-12-13,False
4753,Radhika,Shenoy,urvi01@example.com,9422709557,2025-06-08,True
4754,Naksh,Banerjee,nagivivaan@example.com,9889089643,2024-03-24,True
4755,Yatan,Goda,chaudryupasna@example.com,9671294411,2024-09-17,True
4756,Timothy,Agate,doctorwakeeta@example.net,9073662062,2025-10-15,False
4757,Jeremiah,Kuruvilla,suhani09@example.net,9674507162,2023-07-18,True
4758,Mohammed,Parikh,radhikapalan@example.net,9557576811,2022-12-12,True
4759,Abhimanyu,Bansal,oni55@example.com,9304074393,2026-01-29,False
4760,Tara,Dugar,eandra@example.net,9593359242,2023-03-22,False
4761,Chandani,Krishna,yatindora@example.net,9901710637,2026-01-11,False
4762,Faqid,Das,zvig@example.net,9383954345,2025-10-22,False
4763,Faras,Deol,christopher38@example.com,9058870491,2026-05-22,False
4764,Rushil,Comar,ikanda@example.org,9351950962,2023-03-04,False
4765,Yatin,Mody,atharv59@example.net,9389833337,2025-12-30,True
4766,Vidhi,Jayaraman,etaviswanathan@example.org,9582998959,2025-11-06,True
4767,Ekansh,Mandal,naikgaurika@example.org,9556746422,2025-07-01,True
4768,Rushil,Ben,sagarwriddhish@example.com,9470487042,2026-01-27,True
4769,Chaitanya,Madan,dhaliwalbishakha@example.net,9476337799,2023-08-08,True
4770,Yashvi,Bahl,saumya01@example.org,9037604919,2022-05-25,True
4771,Waida,Sidhu,narulatamanna@example.net,9731080271,2023-07-03,False
4772,Pahal,Ganesan,eeshapillai@example.com,9841903222,2022-03-12,True
4773,Jackson,Kannan,jbir@example.com,9607094195,2025-10-12,True
4774,Nathaniel,Krishnan,royharini@example.net,9845369810,2024-07-14,True
4775,Ryan,More,patlatristan@example.com,9749230810,2025-07-27,True
4776,Vincent,Madan,nidra51@example.org,9907267453,2023-06-24,False
4777,Keya,Deep,farhan78@example.org,9271522737,2022-12-08,True
4778,Liam,Sachdev,pahalchoudhury@example.com,9168138358,2022-06-12,False
4779,Waida,Tripathi,balakrishnanjagrati@example.org,9450357835,2024-03-16,True
4780,Pranav,Bora,iyengarhamsini@example.com,9961444005,2025-06-16,False
4781,Vinaya,Mitter,fitanom@example.org,9279110746,2024-07-19,False
4782,Harita,Baria,wpingle@example.org,9020068652,2023-03-03,True
4783,Naksh,Bedi,laban04@example.org,9247042848,2024-04-02,False
4784,Chanakya,Borra,netrasubramanian@example.org,9450893200,2026-01-20,False
4785,Edhitha,Savant,maanav19@example.org,9269446431,2021-09-23,False
4786,Jeremiah,D’Alia,avisuri@example.com,9583571786,2022-09-20,True
4787,Agastya,Verma,tanvitalwar@example.net,9348329480,2025-10-01,True
4788,Alka,Dhaliwal,nthakkar@example.org,9175017754,2025-05-27,True
4789,Ijaya,Bali,faqidsahota@example.net,9815736640,2025-02-10,True
4790,Abeer,D’Alia,atharvbahl@example.org,9908197047,2025-01-06,True
4791,Hamsini,Natarajan,bhavya08@example.net,9885037219,2023-04-22,False
4792,Avi,Mohanty,badalzinal@example.net,9482960462,2022-01-14,True
4793,Xalak,Kata,thomas22@example.org,9563439768,2022-10-11,False
4794,Inaya,Dave,yashicachandran@example.com,9474329955,2025-05-15,False
4795,Irya,Munshi,veerpatil@example.org,9654139074,2023-09-13,True
4796,Yuvraj,Datta,sdeo@example.org,9222123703,2022-11-21,True
4797,Lakshit,Vohra,rbhargava@example.org,9600520610,2026-01-08,True
4798,Bhavna,Chopra,rajuwarhi@example.com,9753238637,2025-07-25,True
4799,Samesh,Rau,maanav17@example.net,9572280436,2022-04-29,True
4800,Reva,Menon,simonbera@example.net,9869191809,2026-02-23,False
4801,Hemang,Som,eiravati52@example.net,9753700410,2023-01-14,False
4802,Sai,Kanda,jdutta@example.com,9411692770,2023-08-21,False
4803,Viraj,Bobal,prishakuruvilla@example.net,9036571688,2025-09-22,False
4804,Manbir,Kant,balanfaqid@example.org,9185540574,2024-01-01,True
4805,Zaitra,Sunder,kannanfrederick@example.net,9717474907,2023-02-12,False
4806,Yagnesh,Dhar,samaksh37@example.org,9623057620,2025-06-29,False
4807,Ojas,Raju,hkibe@example.net,9585218625,2023-06-13,True
4808,Ishita,Ramakrishnan,aishaniyogi@example.com,9422434909,2023-04-10,False
4809,Aachal,Dhar,adugar@example.org,9444830410,2024-09-18,False
4810,Darika,Nazareth,eapte@example.net,9377286756,2024-12-31,False
4811,Arjun,Swamy,dayitanigam@example.net,9710717806,2024-07-21,True
4812,Ekiya,Barad,prishamitter@example.com,9223146420,2022-11-08,True
4813,Agastya,Sehgal,fparmar@example.net,9667581343,2024-01-31,False
4814,Anika,Sheth,vrai@example.org,9369663786,2022-07-31,False
4815,Qabil,Ahluwalia,ira97@example.com,9674049506,2022-12-24,True
4816,Ikshita,Chada,chadhaidika@example.net,9565292781,2023-03-05,True
4817,Nidhi,Dhawan,advay46@example.com,9793383950,2022-11-06,False
4818,Ubika,Raju,lekhajaggi@example.net,9141350397,2026-01-07,True
4819,Dhriti,Bumb,ekavir20@example.org,9190677368,2024-04-11,False
4820,Parth,Keer,dmukherjee@example.com,9115584973,2025-11-16,True
4821,Chavvi,Andra,venkataramanindrajit@example.org,9052124076,2025-01-26,True
4822,Vasatika,Virk,nchaudhuri@example.net,9664533837,2023-06-30,False
4823,Samar,Das,sarnacharvi@example.com,9603107773,2024-09-08,False
4824,Yatin,Keer,flalla@example.com,9412757988,2021-09-06,False
4825,Parth,Shankar,daksheshhegde@example.com,9251209875,2024-06-17,False
4826,Devika,Ratta,abhalla@example.com,9758701280,2026-05-05,False
4827,Tara,Bali,anushachaudhry@example.org,9638610108,2023-04-07,False
4828,Chatresh,Chauhan,rishi52@example.com,9800560886,2023-03-15,True
4829,Bhavya,Chada,idey@example.com,9194474690,2024-08-15,False
4830,Warhi,Ganesan,ombhatnagar@example.net,9395768538,2023-07-15,False
4831,Ranveer,Narang,sdate@example.com,9195178631,2026-03-10,True
4832,Praneel,Sheth,apau@example.net,9796737995,2024-10-26,True
4833,Bachittar,Vasa,nikita65@example.org,9163487864,2025-12-30,False
4834,Arjun,Dash,narayanjackson@example.net,9184264102,2022-10-22,False
4835,Chandresh,Pau,ekantanaidu@example.net,9788083526,2023-01-13,True
4836,Sara,Konda,riyarandhawa@example.org,9670625091,2025-07-28,True
4837,Oliver,Raval,chandradarsh@example.net,9560699323,2022-09-28,True
4838,Rishi,Sankar,zkhatri@example.net,9540197311,2022-04-29,True
4839,Onkar,Bajaj,ucchalgara@example.org,9163174199,2023-06-16,False
4840,Kabir,Seshadri,udarshmallick@example.org,9958635469,2023-02-20,False
4841,Zaid,Dewan,isanghvi@example.com,9299663907,2023-12-03,False
4842,Karan,Rajan,njani@example.net,9912280023,2025-07-31,False
4843,Christopher,Rout,hayreekbal@example.com,9173361239,2023-05-31,True
4844,Saksham,Chand,hemal49@example.com,9515238589,2025-04-20,True
4845,Matthew,Pall,rajatanmayi@example.net,9132237090,2023-08-04,False
4846,Henry,Khatri,mahika44@example.org,9901533958,2023-06-22,True
4847,Ranbir,Deol,cpatel@example.net,9012818489,2023-06-14,False
4848,Lila,Mistry,david30@example.org,9679913468,2021-11-24,True
4849,Lakshmi,Bala,zpalan@example.org,9217472672,2023-05-14,False
4850,Daksha,Barad,izacharia@example.net,9772753866,2026-03-27,False
4851,Vedika,Bhakta,ujoshi@example.com,9218089316,2025-11-10,True
4852,Krishna,Iyengar,pprabhu@example.net,9420566807,2023-06-21,True
4853,Jagrati,Garg,useshadri@example.com,9529805303,2024-12-10,True
4854,Jagat,Andra,luthraradhika@example.net,9051001995,2021-08-04,True
4855,Chakradhar,Singh,meghamadan@example.com,9271675205,2026-06-11,False
4856,Yash,Nath,farhan57@example.net,9239742474,2022-10-31,False
4857,Eshana,Zachariah,muttivyanjana@example.com,9651984656,2023-05-12,True
4858,Imaran,Randhawa,janiqasim@example.net,9888948978,2024-02-21,False
4859,Henry,Tak,qushikara@example.net,9528828082,2023-05-23,True
4860,Gunbir,Muni,balvandoshi@example.com,9200298904,2022-12-09,False
4861,Oeshi,Bath,ughose@example.org,9467099785,2021-11-16,False
4862,Radhika,Bobal,pbhavsar@example.org,9217888816,2023-02-15,True
4863,Manya,Sami,etrivedi@example.com,9223384446,2022-02-22,True
4864,Gavin,Sharma,chasmum95@example.net,9711704944,2022-03-02,False
4865,Januja,Hans,qdara@example.com,9183132181,2024-10-08,True
4866,Urvashi,Baral,hemang56@example.org,9007260768,2024-07-21,True
4867,Ekavir,Sama,dakshesh64@example.org,9058445128,2023-01-08,True
4868,Vasatika,Dey,nathaniel89@example.net,9116649724,2026-01-10,True
4869,Yatin,Dubey,ekanta74@example.net,9859133759,2026-06-26,True
4870,Rushil,Kapoor,jeevika82@example.org,9881871694,2024-10-27,False
4871,Reva,Padmanabhan,wdeshpande@example.net,9247680725,2025-07-20,False
4872,Saanvi,Parikh,guptagirik@example.com,9463676213,2025-04-02,False
4873,Advik,Sant,bhavanimajumdar@example.com,9727245576,2026-07-23,False
4874,Xalak,Munshi,cheemabhavika@example.net,9933363996,2021-10-26,False
4875,Ekalinga,Muni,waida15@example.net,9997719445,2024-08-28,True
4876,Maya,Brar,balvan97@example.com,9418412640,2024-05-01,True
4877,Yatin,Pathak,timothyghosh@example.org,9769730572,2022-07-30,True
4878,Yashvi,Sankar,geetika32@example.net,9616917499,2023-06-14,True
4879,Arunima,Pai,ojassekhon@example.net,9918055470,2022-01-13,True
4880,Ojasvi,Wadhwa,zkhalsa@example.net,9029620563,2023-07-17,False
4881,Mahika,Lad,sethinikita@example.org,9827128826,2023-08-24,True
4882,Jason,Bahri,lshah@example.com,9407748816,2025-11-18,False
4883,Max,Anne,tarak28@example.org,9277317742,2025-08-28,False
4884,Alka,Gulati,triyapalla@example.net,9140650580,2026-06-05,False
4885,Kala,Kala,sanechameli@example.com,9059488753,2023-11-12,True
4886,Balendra,Subramanian,pranityogi@example.net,9456889322,2026-01-09,False
4887,Dhruv,Srinivasan,banikrachit@example.org,9819403349,2025-08-24,True
4888,Tanvi,Parmer,siddharthrajagopalan@example.com,9835884549,2021-11-02,True
4889,Nimrat,Sura,kadakiayahvi@example.net,9231196764,2025-05-29,False
4890,Divya,Verma,yagneshparekh@example.com,9638828227,2021-08-21,False
4891,Mohini,Sodhi,fshah@example.org,9084298507,2025-04-15,False
4892,Balvan,Dey,rachanazacharia@example.org,9046363201,2024-06-29,False
4893,Chandani,Prashad,deelijah@example.com,9912286731,2023-10-11,True
4894,Jai,Kunda,ojasvinagar@example.net,9118580202,2023-05-16,True
4895,George,Naik,harrisonarya@example.net,9612492018,2024-02-04,True
4896,Vihaan,Nair,akapur@example.net,9806572738,2021-12-20,False
4897,Harshil,Saha,damyanti56@example.org,9245405360,2024-12-18,True
4898,Falak,Sami,nagiadvika@example.net,9098521772,2026-05-18,True
4899,Rajeshri,De,quincykaran@example.net,9467184461,2025-04-22,True
4900,Ranveer,Dey,pmishra@example.org,9766740018,2024-02-11,True
4901,Ucchal,Sandhu,mpau@example.com,9960712408,2023-09-13,True
4902,Vaishnavi,Raja,mohammed05@example.com,9224718038,2026-01-19,False
4903,Ekavir,Mannan,tanmayichauhan@example.org,9458260960,2021-10-14,True
4904,Suhani,Murty,sharafsudiksha@example.com,9221780667,2025-05-04,True
4905,Daksha,Tella,vaidyaryan@example.org,9163684263,2023-05-14,True
4906,Rajeshri,Bumb,khannaedhitha@example.com,9965727287,2026-04-05,False
4907,Isaiah,Thaman,ishwar47@example.com,9238026709,2024-01-10,False
4908,Niharika,Boase,rshere@example.com,9164181460,2023-09-27,True
4909,Gagan,Dora,pushtiiyengar@example.org,9280297980,2022-03-09,True
4910,Simon,Mishra,vdora@example.org,9967386675,2022-02-19,True
4911,Raagini,Prasad,sachirama@example.com,9039274991,2024-02-02,False
4912,Vincent,Khalsa,anagar@example.com,9308336014,2025-03-20,True
4913,Vrishti,Choudhury,faqid18@example.net,9888270322,2024-02-01,True
4914,Yashasvi,Bhatt,krishabarad@example.com,9374557663,2026-05-30,False
4915,Chavvi,Badami,dewatika@example.com,9848277594,2025-05-28,True
4916,Quincy,Garde,fben@example.net,9246759579,2024-10-26,False
4917,Samesh,Korpal,sdar@example.org,9935170871,2025-02-07,False
4918,Dhriti,Bera,sibalchandran@example.org,9761352428,2022-06-09,True
4919,Priya,Maharaj,wridesh84@example.com,9542724475,2023-04-16,True
4920,Sara,Deol,chakrabortybarkha@example.net,9292379259,2024-10-21,False
4921,Nirja,Nagy,raghavanomisha@example.org,9116558651,2022-04-04,False
4922,Hiral,Balakrishnan,ekiyapatla@example.com,9818006605,2025-03-01,False
4923,Veda,Srinivasan,henryguha@example.com,9008438006,2023-08-27,False
4924,Vivaan,Tak,yagneshsami@example.net,9109978721,2026-06-20,True
4925,Hardik,Rajagopal,abeerchoudhary@example.com,9516800472,2022-06-06,False
4926,Eta,Issac,urmi00@example.net,9358717020,2022-01-04,True
4927,Indali,Narang,akshay18@example.com,9890052994,2022-10-17,False
4928,Umang,Deep,hiral43@example.net,9349232124,2023-04-04,False
4929,Abhimanyu,Dhaliwal,yutika33@example.net,9036132276,2026-06-29,True
4930,Alexander,Kumer,tlall@example.com,9309811078,2021-09-04,True
4931,Vinaya,Saini,hsrivastava@example.com,9533433578,2024-02-03,False
4932,Theodore,Shah,boaseethan@example.net,9033613637,2024-05-03,False
4933,Arjun,Sama,munshidarpan@example.org,9351163784,2024-07-28,False
4934,Shravya,Keer,wganguly@example.org,9034260273,2023-02-24,True
4935,Kabir,Ratti,shravyadeshmukh@example.net,9870229400,2026-07-24,True
4936,Vrinda,Narayanan,boaseaarush@example.org,9939409965,2025-02-12,True
4937,Upadhriti,Parmar,sathedevansh@example.org,9032928442,2022-12-24,True
4938,Hredhaan,Kala,samar32@example.org,9330004295,2024-10-03,True
4939,Aarav,Gupta,dayalrushil@example.net,9095872020,2025-06-01,False
4940,Ishani,Dua,bahriorinder@example.com,9569318606,2022-12-10,False
4941,Udant,Dada,wyatt87@example.com,9437305359,2025-02-18,False
4942,Kevin,Sura,akeer@example.org,9976325273,2025-04-21,False
4943,Libni,Sunder,gaurang39@example.org,9420375694,2022-02-04,False
4944,Dayamai,Kothari,mishraayush@example.org,9398878429,2024-09-10,False
4945,Wridesh,Jaggi,gchauhan@example.net,9428408885,2025-01-23,True
4946,Tristan,Thaker,goswamigautami@example.org,9120041648,2024-08-15,False
4947,Girik,Pillai,nidra48@example.com,9032187039,2024-09-07,False
4948,Banjeet,Varughese,nitesh35@example.net,9402169806,2026-04-04,False
4949,Ekaraj,Karan,lopa36@example.org,9244626556,2022-08-06,True
4950,Janya,Swaminathan,zdave@example.org,9551727484,2025-06-08,True
4951,Quincy,Sibal,panditalka@example.com,9617353606,2025-10-26,False
4952,Bhavini,Mannan,bagate@example.net,9740912602,2025-11-16,True
4953,Tamanna,Bhagat,semdhruv@example.org,9064802325,2025-11-20,True
4954,Mekhala,Uppal,bhatiahardik@example.com,9848946541,2022-02-21,True
4955,Pranit,Malhotra,maanassabharwal@example.org,9691382172,2024-03-23,True
4956,Maanas,Brahmbhatt,siddharthray@example.com,9567659486,2023-06-21,False
4957,Shivani,Sodhi,gaurika97@example.org,9189724818,2025-05-03,True
4958,Andrew,Sant,teerthsridhar@example.net,9874726732,2024-11-03,True
4959,Zilmil,Choudhary,omajabhatti@example.com,9936407620,2023-01-23,False
4960,Mohammed,Balakrishnan,omohanty@example.net,9596241324,2024-06-26,False
4961,Ikbal,Dayal,elijahmangal@example.net,9142158254,2024-06-21,True
4962,Jacob,Krishnamurthy,daminikamdar@example.net,9250086992,2021-11-12,False
4963,Ikshita,Biswas,hanszayan@example.net,9159492834,2026-06-30,False
4964,Bhanumati,Doshi,iradeshmukh@example.com,9060771497,2024-12-06,True
4965,Bishakha,Dhar,meghanachhabra@example.com,9032422341,2025-06-21,True
4966,Tanvi,Doshi,cheematanvi@example.org,9052459609,2021-10-07,True
4967,Girindra,Dutta,edara@example.org,9098402709,2023-11-14,False
4968,Ronith,Chand,onkar11@example.net,9971786256,2022-05-02,False
4969,Jhalak,Reddy,pahalrastogi@example.com,9650456960,2025-02-02,True
4970,Nathaniel,Vasa,vedant67@example.com,9928187113,2025-01-21,False
4971,Vivaan,Panchal,rayaan13@example.org,9112706454,2025-08-24,False
4972,Samarth,Bahri,urvi91@example.org,9303379916,2022-03-02,False
4973,Yochana,Natt,dyalturvi@example.com,9706440930,2024-04-15,True
4974,Vasana,Sarraf,schadha@example.org,9692600542,2026-04-23,True
4975,Oeshi,Kale,vrinda40@example.net,9851744441,2023-08-20,False
4976,Kai,Mutti,yatanpanchal@example.com,9263733806,2022-06-01,False
4977,Warhi,Srinivas,mandalsathvik@example.net,9100631059,2024-07-22,False
4978,Ayaan,Shenoy,qdash@example.org,9486871690,2025-08-28,True
4979,Wyatt,Kar,hredhaanbhandari@example.net,9200911498,2022-09-26,True
4980,Jackson,Raja,arin98@example.net,9479398364,2024-11-20,True
4981,Advay,Sama,atwalprisha@example.org,9338223822,2023-08-08,False
4982,Kashvi,Kakar,unadig@example.net,9727059250,2022-02-10,False
4983,Sachi,Doshi,routneelima@example.com,9776778871,2023-03-06,False
4984,Advaith,Vala,yadavi39@example.com,9200663295,2025-03-13,False
4985,Yashoda,Zachariah,cpandya@example.com,9893670619,2025-10-07,True
4986,Ishita,Anand,kallafaraj@example.net,9404388015,2023-04-21,True
4987,Ekaraj,Pandit,annejalsa@example.net,9835348584,2023-02-16,False
4988,Ganga,Narasimhan,rbiswas@example.org,9784376018,2023-04-01,True
4989,Rachit,Parmer,hvaidya@example.net,9695352469,2023-03-07,False
4990,Prisha,Behl,qarin59@example.net,9040193958,2026-06-13,False
4991,Yashodhara,Buch,warinder24@example.com,9574342595,2022-03-16,False
4992,Nakul,Dugal,jnath@example.net,9382106286,2026-04-06,False
4993,Hiral,Deshmukh,basakbalveer@example.net,9735901325,2025-06-27,True
4994,Arin,Modi,frado48@example.org,9243025958,2026-01-02,False
4995,Janya,Nanda,kloke@example.net,9608550262,2024-10-01,False
4996,Imaran,Lata,edhithakalla@example.net,9595691720,2025-07-28,True
4997,David,Kota,nsunder@example.net,9893736301,2024-07-01,True
4998,Qadim,Sodhi,diyer@example.com,9811844878,2026-06-30,False
4999,Anay,Parikh,harrisonmander@example.com,9090025587,2025-11-27,False
5000,Michael,Naik,hissac@example.org,9022037354,2021-12-02,True
5001,Jasmit,Kaul,zayyanacharya@example.org,9647850609,2023-07-05,True
5002,Rudra,Tata,yadavlajita@example.com,9851021465,2023-10-11,False
5003,Henry,Jha,ojasbains@example.com,9152501917,2025-08-31,True
5004,Yashvi,Sathe,ansh47@example.net,9006225017,2025-10-05,False
5005,Gauri,Brahmbhatt,gokhalerushil@example.net,9360447070,2025-02-17,False
5006,Rachita,Behl,waida96@example.com,9273983112,2024-04-30,True
5007,Yahvi,Dutt,frederickvarma@example.net,9987016244,2023-11-06,False
5008,Hemangini,Bobal,fsabharwal@example.org,9703408497,2025-12-29,True
5009,Ekantika,Kar,nadkarnichaitanya@example.org,9743939191,2024-10-18,True
5010,Indira,Mall,avni80@example.com,9209527958,2024-12-03,False
5011,Daniel,Sen,iryabhat@example.net,9333020682,2022-10-10,False
5012,Agastya,Nagi,yashvimandal@example.com,9281349785,2025-05-13,True
5013,Eiravati,Doctor,maanavpurohit@example.com,9103821186,2023-01-13,False
5014,Abhimanyu,Nagarajan,davekamya@example.com,9130999629,2024-02-03,False
5015,Pranit,Reddy,wishi70@example.com,9034562155,2024-05-16,True
5016,Laban,Sundaram,michael16@example.net,9195759419,2021-09-10,False
5017,Zashil,Naidu,chandran65@example.com,9782924098,2026-01-04,True
5018,Lila,Sane,qborah@example.org,9870074989,2021-09-02,False
5019,Agastya,Sagar,baralmichael@example.org,9315567752,2022-07-17,False
5020,Nirja,Hayre,nakul44@example.com,9507654788,2026-06-22,False
5021,Gunbir,Nadig,wridesh98@example.net,9775142580,2025-10-16,True
5022,Chakrika,Dhillon,ishaanedwin@example.org,9373600145,2023-02-24,False
5023,Wyatt,Goel,karanchopra@example.com,9204179395,2023-06-07,True
5024,Yasti,Manne,alexandersule@example.org,9846609035,2022-07-02,True
5025,Amruta,Behl,tejaskaul@example.org,9393605720,2025-05-25,False
5026,Saksham,Chakrabarti,patelnitara@example.com,9623865826,2023-07-22,True
5027,Atharv,Char,gbrahmbhatt@example.org,9303879426,2023-05-12,True
5028,Barkha,Amble,chaitaly75@example.com,9156983229,2026-06-25,True
5029,Ekbal,Bhavsar,yashicaamble@example.net,9191770198,2023-02-25,False
5030,Vinaya,Sheth,shangayathri@example.com,9785876612,2022-03-31,True
5031,Shravya,Suri,aarna41@example.com,9657437598,2023-02-15,False
5032,Chaaya,Walia,kalemaanav@example.net,9180129558,2023-11-19,True
5033,Anvi,Nadig,ugulati@example.org,9640714913,2022-06-24,True
5034,Benjamin,Lanka,jprabhu@example.com,9404564543,2022-02-18,False
5035,Pranav,Bhalla,duaaadhya@example.com,9299263370,2021-11-06,False
5036,Ikshita,Dara,kamdarfiyaz@example.net,9222761584,2022-11-06,False
5037,Idika,Chad,somchaman@example.org,9231858313,2023-01-08,False
5038,Vasudha,Panchal,mbal@example.com,9097181485,2024-03-09,True
5039,Veer,Ratti,rialoke@example.net,9187317852,2025-08-21,True
5040,Rachana,Mannan,yashodakulkarni@example.net,9685192617,2024-07-23,True
5041,Mohini,Dixit,kmander@example.net,9900391610,2022-09-26,True
5042,Yauvani,Bumb,cherianharrison@example.com,9040478737,2024-02-09,True
5043,Yashvi,Bawa,krishna17@example.net,9020739701,2025-02-07,False
5044,Utkarsh,Dash,ldayal@example.com,9810771967,2025-04-04,False
5045,Vrishti,Kunda,rauleena@example.org,9648588844,2023-10-28,True
5046,Laban,Mangat,dalbir49@example.net,9886453868,2024-01-21,True
5047,Diya,Chhabra,omajanarayan@example.org,9766731552,2024-04-01,False
5048,Anamika,Chanda,nzacharia@example.org,9112681868,2024-09-17,True
5049,Arjun,Raman,chanchalnanda@example.net,9569771045,2024-10-06,True
5050,Yamini,Goswami,tkeer@example.org,9423592887,2021-08-29,False
5051,Amol,Narula,ikshitabutala@example.org,9627258618,2023-02-16,False
5052,Guneet,Bhattacharyya,advaith84@example.net,9874261547,2022-07-22,True
5053,Onkar,Biswas,edass@example.com,9733200611,2023-06-18,True
5054,Radhika,Pai,upasnamander@example.net,9023352358,2023-09-21,False
5055,Kashvi,Sant,tanishvarty@example.com,9607491698,2022-08-13,True
5056,Edhitha,Narain,rajata13@example.net,9604751042,2023-11-06,False
5057,Laksh,Nagi,ryankonda@example.com,9717685384,2023-11-11,True
5058,Anthony,Virk,sneha72@example.com,9972809277,2022-03-10,False
5059,Chameli,Acharya,manekrisha@example.com,9087981736,2022-07-01,True
5060,Yashodhara,Vohra,shivani52@example.com,9521642011,2025-12-18,True
5061,Chandresh,Vohra,eshanakrishnan@example.net,9852112159,2024-03-17,False
5062,Pahal,Korpal,yugchhabra@example.net,9798427690,2022-06-04,False
5063,Unni,Sibal,prashadcharles@example.net,9533701936,2023-07-01,False
5064,Niharika,Nori,ladtarak@example.com,9462969054,2024-06-17,False
5065,Pranit,Borde,ganesanmeghana@example.com,9125840476,2022-01-22,True
5066,Yashica,Kota,sarmayatin@example.com,9460079740,2025-07-27,False
5067,Rajeshri,Varty,lavanya44@example.net,9255933488,2024-10-20,True
5068,Eiravati,Morar,abhasin@example.org,9209764653,2022-02-23,True
5069,Widisha,Prakash,omya27@example.com,9233412834,2023-08-04,False
5070,Upma,Bajaj,triyaoak@example.org,9696857539,2022-02-11,True
5071,Lavanya,Chawla,adyaraghavan@example.net,9933276616,2023-06-01,True
5072,Yachana,Mand,daratara@example.org,9251257481,2024-07-14,True
5073,Sathvik,Gola,rachita06@example.org,9981808554,2023-01-10,True
5074,Bakhshi,Raman,krishmegha@example.org,9078949350,2024-12-22,False
5075,Guneet,Sur,ngolla@example.net,9207511348,2025-03-23,False
5076,Harinakshi,Seshadri,achowdhury@example.org,9202240173,2022-12-04,False
5077,Fitan,Nagar,darika31@example.org,9467400940,2024-02-14,True
5078,Yagnesh,Sen,maneekaraj@example.org,9958736063,2023-10-24,False
5079,Balveer,Prabhu,jaggibalhaar@example.org,9572395327,2026-05-16,True
5080,Ishaan,Tripathi,utkarshkannan@example.org,9671629968,2022-02-13,True
5081,Upadhriti,Nath,girik44@example.org,9335215602,2023-05-30,True
5082,Om,Mitra,zmohan@example.net,9792718551,2023-07-09,False
5083,Unni,Bhagat,indaliseth@example.net,9780878417,2025-12-01,False
5084,Omya,Sinha,tanveersaran@example.net,9394995720,2022-09-05,False
5085,Charan,Jha,nihal10@example.com,9811468138,2026-07-24,True
5086,Utkarsh,Kohli,kakarqushi@example.org,9492352493,2025-09-17,True
5087,Isaac,Basu,hardik76@example.org,9851030164,2021-12-02,True
5088,Amara,Bal,upadhritiratta@example.org,9118806904,2023-08-24,False
5089,Yahvi,Buch,modiyauvani@example.org,9199120624,2024-01-03,True
5090,Devansh,Wable,ansh16@example.com,9415099575,2024-11-04,True
5091,Gabriel,Borah,zayyankapadia@example.org,9532931493,2022-09-14,False
5092,Zansi,Dubey,sarthakperi@example.net,9963472624,2025-05-06,True
5093,Hemang,Kaur,salvieesha@example.org,9773087240,2023-07-21,True
5094,Meghana,Mangat,aroranoah@example.net,9540646765,2022-02-10,False
5095,Vyanjana,Dhingra,ttata@example.com,9329123655,2025-04-07,False
5096,Brinda,Kuruvilla,ladrohan@example.org,9015903824,2021-09-01,True
5097,Wazir,Batta,lakshittripathi@example.org,9436445663,2021-10-05,False
5098,Chaitanya,Radhakrishnan,jmunshi@example.org,9494066446,2024-09-12,False
5099,Ekalinga,Narula,fchandra@example.net,9923002883,2023-12-05,False
5100,Jonathan,Yadav,chaman55@example.org,9742982803,2025-09-17,False
5101,Anusha,Loyal,benadvaith@example.org,9056897790,2023-06-21,True
5102,Rachana,Kurian,tmodi@example.org,9216968928,2025-03-29,True
5103,Vidhi,Setty,chaayatella@example.com,9963572231,2024-04-01,False
5104,Jonathan,Rau,parsatanvi@example.net,9481575810,2021-11-12,True
5105,Faras,Pillay,darika75@example.org,9245737984,2025-11-28,True
5106,Baljiwan,Bhandari,aayushkapoor@example.org,9870789617,2026-01-16,False
5107,Wahab,Doctor,kashvibhardwaj@example.net,9155732222,2023-08-17,True
5108,Krishna,Ratti,chanasudiksha@example.com,9426988320,2026-06-13,False
5109,Fariq,Deshpande,manthan34@example.net,9390618456,2025-09-05,False
5110,Maanas,Sarma,varsha30@example.org,9394847714,2024-11-30,False
5111,Urishilla,Kaur,chanakyadube@example.org,9370183274,2021-08-28,False
5112,Rishi,Dada,omani@example.net,9743418815,2025-05-12,True
5113,Pushti,Prabhu,prakashdarsh@example.org,9186459821,2026-06-15,True
5114,Chavvi,Dada,frado76@example.org,9861890854,2021-08-18,True
5115,Udant,Bhatia,lukeparmer@example.org,9555995397,2023-02-07,False
5116,Advay,Nair,ababu@example.net,9642092259,2025-09-29,False
5117,Yatin,Sachdeva,cbatta@example.org,9060113032,2022-12-10,False
5118,Siddharth,Dutta,ishamody@example.org,9374536560,2022-09-25,True
5119,Madhavi,Soman,harish21@example.com,9382459622,2023-06-29,False
5120,Vinaya,Dhar,adweta39@example.com,9099607939,2022-03-28,False
5121,Aayush,Palla,panditazaan@example.net,9710816535,2026-06-15,False
5122,Janaki,Bhatnagar,sai20@example.net,9928353424,2024-05-19,False
5123,Aditya,Buch,onkar80@example.org,9648615779,2026-07-06,True
5124,Siddharth,Goyal,neha96@example.net,9492896389,2026-05-07,True
5125,Nisha,Upadhyay,chauhanqasim@example.net,9669930054,2025-05-10,False
5126,Neha,Mammen,bhavnamagar@example.com,9282818325,2024-08-27,True
5127,Fitan,Dutt,yrana@example.net,9917827297,2023-02-20,False
5128,Isaiah,Khare,jbains@example.com,9602296316,2024-08-02,False
5129,Chanakya,Dada,anvibhasin@example.com,9034176097,2022-07-14,False
5130,Sai,Tata,nsrinivasan@example.org,9864047042,2021-12-06,True
5131,Pallavi,Raval,wakeeta86@example.org,9594301226,2024-02-14,False
5132,Jacob,Nair,ekiyakrishnamurthy@example.org,9187050982,2022-10-23,False
5133,Dhruv,Ray,kavyakapadia@example.org,9240840749,2023-04-04,True
5134,Xavier,Lanka,raylogan@example.org,9252874402,2026-05-29,True
5135,Isaiah,Hegde,labandoshi@example.com,9603921916,2024-05-05,False
5136,Xiti,Barad,nkuruvilla@example.net,9855129986,2024-12-29,True
5137,Warinder,Chowdhury,naiduyashoda@example.org,9097690463,2024-04-01,False
5138,Arin,Tank,vkaul@example.org,9885937753,2023-06-02,True
5139,Indali,Kurian,murtyyagnesh@example.org,9243350698,2024-01-12,False
5140,Daksha,Kohli,zansibahri@example.org,9547127806,2024-10-10,False
5141,Zayan,More,niharika78@example.net,9689268551,2022-10-26,False
5142,Varsha,Bera,chauhansamar@example.com,9063705545,2025-01-17,False
5143,Gayathri,Chawla,anjali14@example.org,9386145094,2022-08-17,True
5144,Umang,Garde,ishavarma@example.org,9401011905,2021-11-09,True
5145,Chasmum,Morar,harshsaini@example.com,9580810635,2024-08-05,True
5146,Harrison,Swaminathan,mohinigupta@example.com,9455658247,2025-02-11,False
5147,Laban,Mutti,chanakyaprabhakar@example.org,9116002684,2026-07-16,False
5148,Rajata,Soni,btalwar@example.net,9192029763,2025-04-20,True
5149,Sanya,Om,jalsa79@example.com,9319366711,2024-12-19,False
5150,Nitesh,Parmar,gautamigola@example.org,9938629187,2026-07-16,True
5151,Sai,Sibal,zaid72@example.com,9513158620,2025-07-29,False
5152,Elijah,Jha,vamakshi78@example.com,9407945393,2023-11-22,False
5153,Frado,Chauhan,tejasreddy@example.com,9628506967,2022-11-20,False
5154,Abeer,Ranganathan,triveni40@example.net,9550375016,2021-07-25,True
5155,Ekantika,Patla,rbassi@example.com,9871237287,2023-08-01,True
5156,Janaki,Suresh,wvenkataraman@example.com,9429653999,2022-01-31,True
5157,Dhriti,Mander,fbumb@example.net,9741686744,2026-01-12,False
5158,Meera,Dani,harshil60@example.org,9804435835,2022-06-19,True
5159,Aarav,Batta,csinha@example.net,9760345300,2025-06-17,False
5160,Ranbir,Mand,parsamohammed@example.com,9421281330,2024-01-30,False
5161,Wridesh,Vora,darchristopher@example.net,9753741260,2021-10-09,True
5162,Neel,Sampath,vlata@example.net,9861894206,2022-11-04,False
5163,Chaitaly,Wason,ithakkar@example.net,9028253655,2022-10-31,True
5164,Mohammed,Bains,ranbir84@example.net,9030251571,2024-11-22,False
5165,Dev,Nori,nimrat72@example.org,9904418507,2022-02-27,False
5166,Faras,Johal,hemanibhavsar@example.com,9635476584,2026-02-16,True
5167,Ekantika,Mistry,lrege@example.org,9693486737,2021-09-15,True
5168,Qasim,Chopra,yramanathan@example.org,9743264172,2023-02-20,False
5169,Jagvi,Patil,masterikshita@example.net,9850182999,2021-09-10,False
5170,Girik,Anne,bhallaonkar@example.com,9390019907,2023-07-18,False
5171,Anita,Kota,aadi39@example.org,9607718729,2025-09-12,True
5172,Champak,Gupta,dipta05@example.net,9820244694,2023-04-30,True
5173,Urishilla,Mannan,manthannair@example.com,9798304214,2024-04-18,True
5174,Samarth,Trivedi,ronithkhatri@example.org,9130193868,2022-12-12,True
5175,Laban,Ranganathan,pghose@example.com,9611943614,2025-09-26,True
5176,Falak,Rama,saradoctor@example.org,9553184446,2021-12-03,True
5177,Chandani,Varkey,gautamiramanathan@example.org,9471688017,2025-06-15,True
5178,Gabriel,Bhardwaj,randhawajanaki@example.org,9023564140,2025-07-28,False
5179,Sudiksha,Choudhary,luke10@example.com,9435137183,2023-10-13,False
5180,Vritti,Dixit,harshbhargava@example.net,9807785859,2022-04-17,False
5181,Owen,Varkey,jacobshere@example.com,9960383478,2025-03-23,False
5182,Manthan,Rout,pahal16@example.org,9501860503,2024-05-05,True
5183,Bakhshi,Arya,xwarrior@example.com,9114076703,2024-02-15,True
5184,Ucchal,Bail,toorkaran@example.com,9374646225,2021-12-06,False
5185,Sara,Lad,ksaran@example.org,9989383593,2021-09-05,False
5186,Falan,Ramaswamy,saanvi07@example.org,9992575117,2022-03-22,False
5187,Zayyan,Merchant,handabhavika@example.org,9875673110,2022-08-17,False
5188,Udyati,Rajagopalan,lagate@example.com,9912615409,2025-12-05,False
5189,Jeevika,Rattan,ahluwaliaveer@example.net,9348100334,2024-06-16,True
5190,Shivansh,Gulati,sonidayita@example.net,9221659811,2024-08-19,True
5191,Vansha,Chana,lilasawhney@example.net,9895379280,2024-11-18,False
5192,Wridesh,Raja,advikavig@example.org,9729713115,2025-12-11,True
5193,Om,Narang,yohannanbishakha@example.org,9421121828,2026-01-11,False
5194,Om,Chandra,inaya47@example.org,9543321259,2024-08-11,True
5195,Chaaya,Handa,anyamaster@example.net,9392207810,2024-05-16,False
5196,Ayushman,Madan,zachariahfitan@example.com,9723369351,2021-12-07,True
5197,Ucchal,Kalla,dev53@example.com,9356794154,2021-08-12,True
5198,Charvi,Sahota,saxenaaradhana@example.com,9563780187,2022-05-23,False
5199,Eshana,Chakraborty,abhiramahluwalia@example.com,9340961299,2022-12-17,True
5200,Krishna,Dixit,lilachoudhary@example.net,9157977642,2023-04-12,False
5201,Unni,Wali,balhaar79@example.net,9047552303,2023-05-03,True
5202,Dhriti,Bahri,gokhalevedant@example.org,9900112493,2023-12-12,True
5203,Hitesh,Pant,liamchacko@example.org,9151108809,2026-03-05,False
5204,Hemal,Bawa,zray@example.com,9935614008,2022-05-24,False
5205,Charvi,Palla,manyaapte@example.com,9892174470,2025-08-27,False
5206,Zayan,Natarajan,liamminhas@example.net,9949897639,2022-08-04,False
5207,Kritika,Balan,senmegha@example.net,9416587015,2022-08-20,False
5208,Ijaya,Ben,wkonda@example.com,9416785304,2024-02-25,False
5209,Dipta,Ram,ppai@example.net,9818632433,2024-04-10,False
5210,Abhiram,Yadav,gaurav12@example.com,9481626985,2023-01-15,True
5211,Aryan,Nori,asachdev@example.com,9999321974,2024-12-23,True
5212,Kavya,Ramesh,manbirprabhu@example.com,9902876197,2025-01-28,False
5213,Girik,Kant,bainskalpit@example.net,9087402899,2023-07-17,True
5214,Oni,Natarajan,basakzaid@example.org,9908578825,2026-01-07,True
5215,Anika,Dhaliwal,anirudhvala@example.net,9652077486,2021-12-22,False
5216,Pranit,Pandya,ekata@example.net,9116909727,2023-08-19,False
5217,Orinder,Tella,kashish77@example.net,9748408522,2026-01-08,False
5218,Omaja,Chadha,revadin@example.com,9065768299,2025-04-10,True
5219,Upma,Din,damyanticheema@example.net,9978680428,2026-02-23,False
5220,Vrishti,Vaidya,falakvohra@example.com,9724195415,2025-08-01,True
5221,Ekaraj,Soman,zgarde@example.net,9672892576,2024-07-10,True
5222,Gaurangi,Nayar,lallraagini@example.com,9998314309,2024-07-02,True
5223,Veer,Dutt,khalsahitesh@example.net,9530586548,2023-05-04,True
5224,Vihaan,Thakur,sandalxalak@example.org,9917425186,2025-07-12,True
5225,Falguni,Sabharwal,gsom@example.com,9524097586,2022-06-25,True
5226,Yatin,Karpe,upma49@example.com,9004418500,2025-03-19,False
5227,Balhaar,Hari,tarazilmil@example.com,9363486156,2024-04-13,False
5228,Yashvi,Solanki,brindabalasubramanian@example.net,9486938413,2025-08-08,True
5229,Amol,Savant,obalakrishnan@example.net,9301411826,2022-01-16,True
5230,Raagini,Bassi,kwable@example.net,9179764670,2024-06-24,True
5231,Widisha,Misra,aadipadmanabhan@example.org,9080001826,2021-08-06,False
5232,Mohini,Goyal,dalaljairaj@example.net,9906887090,2026-07-08,False
5233,Chatura,Morar,yatandoctor@example.com,9634564504,2021-11-05,False
5234,Varenya,Memon,indalidhaliwal@example.org,9021395207,2025-01-29,True
5235,Adweta,Kothari,tarak25@example.com,9183701577,2024-03-01,False
5236,Deepa,Chada,jsampath@example.org,9459848471,2025-03-10,False
5237,Udant,Sama,takekanta@example.com,9826814155,2021-10-24,False
5238,Gabriel,Merchant,tamanna00@example.com,9017337591,2022-06-10,False
5239,Onkar,Vyas,obrahmbhatt@example.org,9883955701,2025-02-18,False
5240,Ayush,Chatterjee,qchadha@example.net,9959425352,2024-08-20,True
5241,Warjas,Sengupta,mitalnachiket@example.org,9659995440,2026-03-27,True
5242,Advik,Nadig,zarnadey@example.org,9549630839,2025-08-20,False
5243,Vanya,Devan,ishaan88@example.org,9389534910,2023-01-30,True
5244,Lipika,Kar,lmani@example.org,9544997075,2024-04-11,False
5245,Bina,Pathak,onkardugal@example.org,9409170895,2025-09-09,True
5246,Dalaja,Kala,priyatank@example.net,9282759876,2026-01-09,False
5247,Chaitanya,Shroff,bathishani@example.org,9314692993,2023-04-17,False
5248,Xiti,Puri,alkaparmar@example.net,9723636285,2025-11-02,False
5249,Bhavna,Borah,kuruvillakashish@example.com,9587386880,2024-09-07,True
5250,Chanakya,Shanker,dhriti11@example.com,9247187100,2021-10-08,True
5251,Rushil,Agarwal,korpalharita@example.net,9275172863,2022-08-29,False
5252,Ati,Mohan,pthaman@example.com,9002984558,2023-02-15,False
5253,Yamini,Bobal,netra17@example.net,9270189138,2026-04-22,True
5254,Warda,Dass,sundaramkaran@example.net,9836069668,2025-11-11,False
5255,Anjali,Krishnamurthy,nmani@example.org,9173322062,2023-12-08,True
5256,Azaan,Sheth,tanmayimane@example.org,9585693287,2023-10-28,True
5257,Yatan,Mann,charlesnarayanan@example.org,9240905083,2023-12-27,False
5258,Ijaya,Bhandari,siyakaul@example.com,9092692526,2022-02-21,False
5259,Urmi,Prabhu,periaadhya@example.org,9882287002,2022-02-20,True
5260,Teerth,Sanghvi,kalitaonkar@example.org,9239874451,2022-12-05,True
5261,Madhav,Sibal,cagate@example.net,9660764420,2025-06-04,True
5262,Baljiwan,Tak,ochauhan@example.net,9599233128,2026-07-11,False
5263,Xiti,Mutti,chakrabartiyashoda@example.net,9605423112,2024-10-08,True
5264,Logan,Pandit,gmadan@example.net,9466746550,2024-08-25,False
5265,Siya,Munshi,lokevincent@example.com,9254825085,2022-02-05,True
5266,Fariq,Patel,alka75@example.net,9046534254,2022-11-11,False
5267,Matthew,Thaker,karimichael@example.com,9029748057,2025-03-03,True
5268,Shivani,Hora,hemanginigaba@example.org,9188976110,2025-05-13,False
5269,Rachita,Iyer,gadezarna@example.com,9653581898,2024-07-29,False
5270,Ucchal,Chhabra,fdutt@example.com,9868823855,2022-08-04,False
5271,Hemani,Chaudry,kondazayyan@example.com,9673088048,2021-08-06,False
5272,George,Gera,fdave@example.net,9460011156,2025-02-04,False
5273,Warinder,Dara,balyashodhara@example.com,9855793938,2022-06-04,False
5274,Manbir,Krishna,chawlabhavika@example.com,9669648461,2024-05-20,False
5275,Hitesh,Bala,mistryekaja@example.org,9971730431,2022-02-26,False
5276,Ranveer,Thaman,anaik@example.net,9310617355,2025-09-22,True
5277,Jason,Sridhar,ksathe@example.org,9664016259,2024-06-22,True
5278,Rohan,Kumer,amruta79@example.com,9280893725,2026-06-16,False
5279,Ijaya,Sanghvi,ramanathansai@example.com,9501481027,2021-10-18,False
5280,William,Ranganathan,nidra57@example.com,9105272375,2024-03-15,True
5281,Ronith,Nair,urmi78@example.net,9015260748,2024-11-01,False
5282,Tarak,Nayar,vedhikalata@example.com,9916659144,2023-10-07,True
5283,Ira,Badal,praneelhayre@example.org,9248914274,2022-08-27,True
5284,Falguni,Tiwari,parsalajita@example.com,9458273720,2023-10-04,False
5285,Ishwar,Sarin,amaraganesh@example.com,9185048900,2024-11-10,True
5286,Anmol,Rana,harya@example.net,9762408283,2023-05-25,False
5287,Charles,Balasubramanian,upasnakamdar@example.org,9852892570,2022-10-09,False
5288,Mugdha,Taneja,ekalingaganesh@example.com,9715773175,2023-08-11,True
5289,Nidra,Karan,xyohannan@example.com,9903618439,2025-01-15,True
5290,Noah,Dutta,sarthaksabharwal@example.net,9195717830,2021-12-31,True
5291,Rishi,Bala,ladli44@example.org,9589689748,2022-10-30,False
5292,Sudiksha,Nadig,rehaanchatterjee@example.net,9390215732,2021-08-13,False
5293,Shaurya,Roy,purohitqasim@example.org,9879473110,2025-11-10,True
5294,Kabir,Bhargava,isaac61@example.org,9336288570,2022-06-10,False
5295,Kashish,Reddy,kchokshi@example.com,9526302669,2026-01-12,False
5296,Chakradhar,Jayaraman,saanvikadakia@example.net,9966629091,2023-04-17,False
5297,Tanmayi,Manda,duttshaurya@example.net,9917567350,2026-02-05,True
5298,Parth,De,mahalwakeeta@example.net,9301924907,2023-12-10,True
5299,Yashvi,Wali,arunimachaudhary@example.net,9335672071,2021-09-20,True
5300,Ikbal,Madan,ukapoor@example.com,9272208958,2021-08-25,True
5301,Atharv,Cheema,falan74@example.net,9898622068,2025-02-18,False
5302,Vasana,Konda,pmaharaj@example.net,9894152359,2025-12-28,False
5303,Qadim,Bhatia,benjaminboase@example.com,9651517477,2022-12-02,True
5304,Xavier,Manda,qushiramaswamy@example.net,9647984650,2023-05-31,False
5305,Wridesh,Parmar,lataleela@example.net,9015276509,2024-11-26,True
5306,Bahadurjit,Koshy,shajanaki@example.net,9856939632,2023-01-14,False
5307,Jason,Lad,vedhika63@example.net,9433997123,2025-01-31,True
5308,Thomas,Barad,mdalal@example.org,9770619878,2021-12-19,True
5309,Faris,Shroff,sabharwalleena@example.net,9993410556,2025-09-16,False
5310,Nitesh,Lalla,shravyamahal@example.org,9078427171,2023-03-13,True
5311,Reva,Oza,jmody@example.com,9714364893,2024-10-02,True
5312,Fiyaz,Shenoy,advay88@example.net,9700251882,2026-04-23,True
5313,Indrajit,Ramesh,ganesheshana@example.org,9344110220,2022-03-10,False
5314,Udarsh,Desai,sabharwalaryan@example.net,9922893709,2025-09-14,False
5315,Owen,Sahota,wrideshdixit@example.net,9330023285,2022-12-13,False
5316,Jagdish,Dhaliwal,abhiram06@example.org,9241748600,2024-12-21,True
5317,Amruta,Vala,zashilsetty@example.net,9690290276,2026-07-19,False
5318,Anthony,Loyal,chakradhar82@example.org,9269278297,2022-12-07,True
5319,Garima,Kala,vrishtimann@example.com,9374012684,2021-11-14,True
5320,Hemangini,Saha,rushil20@example.com,9593124838,2023-01-25,False
5321,Shivani,Bawa,xmutti@example.com,9573485413,2022-09-19,True
5322,Viraj,Sarin,abora@example.org,9523081973,2023-03-14,False
5323,Adweta,Mistry,maanav04@example.com,9242052673,2025-12-21,True
5324,Yashvi,Arora,uradhakrishnan@example.org,9318763954,2021-12-02,True
5325,Arjun,Garg,abhiramdutt@example.net,9678869512,2025-08-15,True
5326,Aarav,Murthy,tbalakrishnan@example.org,9730382000,2021-11-19,False
5327,Tejas,Arora,choudharydarsh@example.net,9009282103,2026-03-10,False
5328,Vasana,Vaidya,nattishwar@example.com,9178926540,2022-03-25,False
5329,Meera,Goda,liam95@example.net,9553870979,2022-04-28,False
5330,Edhitha,Mittal,parthbehl@example.com,9832837158,2025-08-30,False
5331,Forum,Muni,nidhi32@example.com,9246604729,2023-09-29,True
5332,Yashvi,Loke,qarinbajwa@example.net,9001431016,2022-01-29,False
5333,Riya,Bal,psharaf@example.org,9430241935,2021-10-30,False
5334,Yahvi,Arya,amara23@example.org,9574151813,2023-09-10,False
5335,Peter,Varkey,pathakfiyaz@example.net,9473990537,2026-07-01,False
5336,Hitesh,Pai,warda28@example.net,9768418162,2026-04-15,True
5337,Rachit,Rama,issacmeera@example.org,9434191739,2024-04-13,False
5338,Veer,Doshi,dalaja40@example.com,9546321827,2021-09-27,True
5339,Advaith,Raman,pushtisama@example.org,9084476077,2025-11-21,False
5340,Lekha,Dugar,stara@example.org,9339898525,2026-04-17,False
5341,Yauvani,Bhardwaj,mitali25@example.org,9558031539,2024-05-31,False
5342,Tanveer,Bhattacharyya,ethankala@example.com,9214857517,2023-11-02,False
5343,Wahab,Bhatt,nirjadave@example.org,9973145726,2024-09-08,True
5344,Charvi,Grewal,yoshita66@example.org,9194611608,2022-07-16,True
5345,Andrew,Sundaram,gayathri25@example.com,9861508551,2022-05-08,False
5346,Chandran,Yogi,hayeralexander@example.com,9154710578,2025-07-09,False
5347,Darsh,Kota,ncheema@example.org,9194271003,2025-02-15,False
5348,Lekha,Sankar,sarafshaurya@example.org,9879881594,2024-06-04,False
5349,Priya,Bhat,unori@example.net,9991524275,2022-01-23,False
5350,Azaan,Chaudry,vchawla@example.org,9644316230,2021-10-14,False
5351,Yuvraj,Ahuja,morarindali@example.net,9208235096,2025-12-04,True
5352,Yauvani,Karpe,chahalbimala@example.net,9638676844,2023-11-24,False
5353,Dominic,Doctor,bhavsarvasudha@example.org,9622178942,2025-01-27,False
5354,Aarush,Hegde,akshayamble@example.net,9390291542,2024-07-21,False
5355,Deepa,Dua,harshchoudhary@example.org,9105970124,2023-12-13,True
5356,Max,Hora,samble@example.org,9567322917,2022-06-11,True
5357,Nitesh,Krish,charlesnaik@example.com,9409343688,2025-02-09,False
5358,Hitesh,Mammen,kaleayaan@example.com,9656930090,2023-09-02,True
5359,Yashoda,Srivastava,garima67@example.com,9134282334,2023-11-11,False
5360,Wahab,Bail,vaishnavi14@example.org,9720513954,2022-05-25,True
5361,Bina,Choudhry,pdalal@example.net,9112842561,2024-12-02,True
5362,Oscar,Khurana,nehawalia@example.com,9251377276,2021-08-07,True
5363,Isha,Pathak,advay84@example.net,9831034469,2023-10-31,True
5364,Tanveer,Bhandari,mmanda@example.net,9209768127,2025-12-03,False
5365,Yachana,Varty,birpraneel@example.org,9699519062,2024-02-25,True
5366,Chasmum,Dhar,prabhakaroscar@example.org,9306571287,2024-07-29,True
5367,Sarthak,Kamdar,yashawini08@example.org,9136049474,2022-08-31,False
5368,Jagdish,Malhotra,gayathrilala@example.net,9827189804,2024-04-12,False
5369,Tara,Ramesh,omkaarsandhu@example.org,9584707217,2025-03-13,True
5370,Januja,Bhalla,upkaar04@example.com,9319740639,2024-08-17,False
5371,Chandresh,Srinivasan,barmansai@example.com,9073397351,2021-10-09,False
5372,Abhimanyu,Iyengar,gauravverma@example.com,9839859146,2023-08-20,True
5373,Maya,Puri,lkashyap@example.org,9890091807,2023-07-22,True
5374,Naveen,Chandra,jatin41@example.net,9734860717,2025-09-14,True
5375,Dhriti,Mannan,andrew75@example.net,9686804779,2022-01-06,True
5376,Dalbir,Chadha,jananisaxena@example.net,9871913921,2022-07-25,True
5377,Vinaya,Bhakta,chaaya66@example.net,9614797938,2026-07-03,True
5378,Lakshit,Raman,george33@example.net,9529540054,2024-05-15,True
5379,Vincent,Bala,krish14@example.net,9316651899,2023-09-23,True
5380,Aryan,Hora,clal@example.org,9981687833,2023-02-24,True
5381,Ladli,Dugar,badamiarin@example.org,9858947291,2024-05-21,True
5382,Kamala,Chaudhry,oscar19@example.net,9362308172,2024-12-12,False
5383,Anay,Srivastava,ichakrabarti@example.com,9204415682,2022-01-27,True
5384,Urishilla,Dubey,christopher18@example.net,9892662936,2025-05-22,True
5385,Zayan,Bhalla,apillai@example.net,9002295703,2024-02-07,True
5386,Rehaan,Pal,simon41@example.com,9607987679,2023-08-18,False
5387,Omya,Dasgupta,rachit09@example.net,9463477741,2024-07-06,False
5388,Chandani,Sanghvi,tejasmittal@example.net,9419012802,2026-06-29,False
5389,Dominic,Mitter,aarnadhingra@example.org,9748015597,2022-12-22,True
5390,Dakshesh,Palan,imurthy@example.org,9719268075,2021-11-12,False
5391,Chatura,Ram,gagrawal@example.org,9388806973,2023-04-01,False
5392,Kabir,Tripathi,rtrivedi@example.net,9917235288,2022-06-19,False
5393,Ishani,Char,rachitagara@example.net,9710023977,2021-09-12,False
5394,Amruta,Kant,johalbishakha@example.com,9516388832,2025-11-06,False
5395,Riya,Contractor,prabhakarubika@example.com,9498111809,2026-04-25,True
5396,Gautam,Rout,uandra@example.net,9989112814,2025-09-03,True
5397,Guneet,Lata,chamanbali@example.org,9154033596,2026-07-11,False
5398,Christopher,Bhat,vbaral@example.com,9309627718,2025-02-17,True
5399,Zansi,Roy,danielchoudhry@example.com,9762609492,2025-08-23,False
5400,Damyanti,Prabhakar,upmaprabhu@example.net,9696826069,2022-10-16,False
5401,Anirudh,Mohanty,senguptakashvi@example.net,9830335003,2025-05-04,False
5402,Leena,Ramaswamy,bandipranit@example.net,9550384710,2025-02-18,True
5403,Zaitra,Tak,falansidhu@example.org,9672310109,2024-01-10,False
5404,Ira,Shetty,hemang30@example.org,9207308163,2024-01-08,False
5405,Xiti,Contractor,bailharinakshi@example.org,9272577261,2024-04-08,True
5406,Dayamai,Kibe,schowdhury@example.org,9735858243,2024-02-06,False
5407,Michael,Dhar,upadhyaygarima@example.com,9623623916,2022-06-17,True
5408,Zaid,Nori,dhardayita@example.net,9552568708,2026-02-13,False
5409,Banjeet,Ramanathan,inayasrinivasan@example.org,9989820541,2023-08-07,True
5410,Upadhriti,Gera,gopalgoel@example.com,9164316958,2022-01-23,False
5411,Darpan,Roy,falan16@example.org,9201221258,2024-03-07,True
5412,Vritti,Dua,trivenimukhopadhyay@example.net,9489369802,2022-12-25,False
5413,Gayathri,Batra,kallakashvi@example.net,9781374214,2022-03-26,True
5414,Edhitha,Singhal,prasadkevin@example.org,9046059899,2022-12-16,True
5415,Nidhi,Dar,bajwachanchal@example.com,9761494340,2024-07-08,False
5416,David,Buch,ojasvitella@example.org,9945754523,2024-04-01,True
5417,Kamala,Vala,ldass@example.com,9505524110,2025-12-25,True
5418,Vidhi,Chahal,dalaja09@example.net,9229346629,2025-05-25,False
5419,Nathaniel,Peri,udarsh54@example.com,9995726348,2024-09-30,False
5420,Gautami,Anand,dubeyzaid@example.net,9097296782,2026-03-04,True
5421,Mekhala,Radhakrishnan,tripathilaksh@example.net,9590406209,2024-03-01,True
5422,Theodore,Mandal,annemax@example.org,9013011326,2023-08-15,True
5423,Yatin,Yohannan,tvarma@example.net,9666867348,2022-08-17,True
5424,Ishani,Khatri,goswamiom@example.org,9904360569,2022-01-12,False
5425,Amrita,Khanna,smitter@example.net,9446944211,2021-09-06,False
5426,Nirja,Savant,basujagvi@example.org,9032615187,2022-06-08,True
5427,Bachittar,Kurian,modyaradhana@example.com,9463898922,2025-12-18,False
5428,Dayamai,Barad,moraraahana@example.net,9979057358,2022-02-02,True
5429,Gaurangi,Luthra,sankaryagnesh@example.org,9892750069,2022-11-29,True
5430,Harshil,Natt,aryanaurora@example.com,9067481798,2026-05-24,True
5431,Christopher,Jaggi,bachittarkhosla@example.net,9375813012,2022-04-29,False
5432,Tripti,Bajaj,bhanumati95@example.com,9181341029,2021-10-17,False
5433,Rajata,Dalal,tchaudhari@example.net,9536106707,2024-12-06,True
5434,Krishna,Srivastava,goyalekta@example.net,9891271773,2022-11-28,False
5435,Mitali,Yohannan,warda81@example.org,9528941686,2023-07-21,False
5436,Ethan,Tella,kamya25@example.com,9767879054,2022-08-10,True
5437,Faris,Sampath,fchander@example.com,9340524269,2025-01-23,False
5438,Raagini,Sehgal,bvarty@example.net,9900782816,2021-08-30,False
5439,Advika,Contractor,warhisamra@example.com,9049703834,2022-05-15,False
5440,Aarnav,Khare,chaudhurielijah@example.com,9577018307,2025-11-18,False
5441,Damini,Bahri,zashilpal@example.com,9094320130,2022-11-06,True
5442,Kabir,Hegde,idikamadan@example.org,9357133844,2025-09-12,True
5443,Naveen,Sibal,deindrajit@example.net,9657351549,2024-10-17,True
5444,Chanakya,Rajan,cbhatia@example.net,9664712434,2025-01-02,False
5445,Thomas,Lala,chaman97@example.com,9157980058,2023-07-15,False
5446,Manbir,Sami,zkhanna@example.org,9630179821,2021-11-29,True
5447,Gayathri,Goel,tkohli@example.net,9328596834,2024-04-08,False
5448,Jackson,Borra,sbrahmbhatt@example.org,9651513822,2022-12-19,False
5449,Ojasvi,Dube,ladlinori@example.net,9834996052,2021-11-05,False
5450,Chasmum,Dhaliwal,maanav67@example.net,9913885158,2024-12-22,False
5451,Bhavani,Barad,yutika71@example.net,9829917807,2024-11-24,True
5452,Oni,Chaudhary,aachal58@example.net,9061870013,2025-01-29,True
5453,Dipta,Biswas,qasimanand@example.org,9635769136,2024-03-12,False
5454,Sanaya,Gopal,ishani68@example.com,9212289853,2024-04-18,False
5455,Zayan,Chaudry,yash01@example.net,9942673632,2024-05-02,True
5456,Hredhaan,Pandya,gavinbassi@example.net,9430804531,2021-11-06,False
5457,Balhaar,Garde,chakradev47@example.com,9476917135,2026-05-13,False
5458,Ekanta,Bir,nitara91@example.com,9284712719,2022-11-08,True
5459,Vrinda,Garg,frederick98@example.net,9783333065,2024-07-02,True
5460,Shravya,Ranganathan,khuranaishani@example.com,9220227961,2025-09-24,True
5461,Tanmayi,Bala,chahalorinder@example.net,9085517294,2026-03-17,False
5462,Yug,Kant,chandayashvi@example.net,9683540525,2024-12-08,True
5463,Aachal,Bail,obajwa@example.com,9643290088,2024-06-05,False
5464,Advaith,Biswas,xalak27@example.com,9063622982,2022-12-09,False
5465,Falguni,Arora,yash86@example.com,9312358484,2022-11-14,True
5466,Darsh,Lanka,viswanathananjali@example.com,9462042457,2026-07-17,False
5467,Upadhriti,Grover,xhanda@example.org,9392118082,2023-06-14,False
5468,Balendra,Shankar,tanish85@example.net,9729032165,2022-08-09,True
5469,Edhitha,Pau,pshah@example.net,9376107277,2026-04-20,False
5470,Vedhika,Sahni,vrinda32@example.com,9605705021,2022-05-16,True
5471,Laksh,Narayanan,pingleyasti@example.net,9368251702,2023-12-10,True
5472,Ira,Prabhakar,keyasetty@example.com,9693443222,2026-04-01,True
5473,Rehaan,Sehgal,falanhegde@example.org,9273220448,2024-01-07,True
5474,Aditya,Bakshi,mahajanisha@example.org,9444622792,2025-10-26,True
5475,Ekbal,Tak,vedagoda@example.com,9334772048,2023-10-21,True
5476,Bhavini,Khatri,zrajagopal@example.org,9825599484,2026-04-26,False
5477,Nicholas,Taneja,lila55@example.net,9876941300,2025-11-14,False
5478,Reva,Chander,samimanan@example.org,9591693182,2023-10-22,True
5479,Aradhana,Raju,ekanta66@example.net,9566020762,2023-12-11,False
5480,Dhriti,Buch,darpanreddy@example.org,9273485794,2024-02-07,False
5481,Falan,Mani,noah65@example.net,9495370575,2023-11-16,False
5482,Chakrika,Butala,yauvani74@example.com,9915022295,2022-02-18,True
5483,Kashish,Sarna,fvarma@example.org,9655089149,2022-02-01,True
5484,Ridhi,Sami,prabhuudyati@example.com,9800486908,2021-09-04,False
5485,Mohammed,Puri,jvarkey@example.org,9490934274,2025-05-22,True
5486,Yamini,Merchant,knagi@example.org,9815515624,2023-07-22,False
5487,Vrishti,Dey,krishna04@example.org,9016042637,2024-09-17,True
5488,Varsha,Goswami,madhavi85@example.net,9576050575,2026-06-17,False
5489,Urishilla,Patel,nihalbutala@example.net,9819405484,2025-01-30,True
5490,Ishita,Gera,warriorrobert@example.com,9805830768,2022-09-23,True
5491,Aarav,Nadkarni,laban60@example.org,9442117384,2024-11-02,False
5492,Mitesh,Seshadri,zaid68@example.net,9485070134,2022-09-30,True
5493,Owen,Kari,edhitha04@example.com,9057106208,2021-11-04,True
5494,Michael,Aggarwal,chauhancharan@example.com,9125886049,2024-11-25,True
5495,Aadi,Deshpande,dhritibasu@example.net,9201198855,2022-12-15,True
5496,Megha,Chada,hdey@example.net,9270261259,2022-08-23,True
5497,Ria,Swamy,qagrawal@example.org,9271830100,2025-12-12,False
5498,Anita,Palla,hemalal@example.org,9035188934,2024-04-02,True
5499,Waida,Rajagopalan,chandani78@example.net,9979269116,2022-03-28,False
5500,Nirja,Kuruvilla,zraja@example.net,9326631882,2025-04-22,True
5501,Yahvi,Sharaf,sdoctor@example.com,9848516626,2023-06-17,True
5502,Hemal,Sarraf,chaman84@example.com,9240541683,2023-04-05,True
5503,Jai,Lanka,ishwarmorar@example.com,9238032705,2024-05-21,True
5504,Chandani,Mallick,garavedhika@example.com,9124320589,2022-12-01,True
5505,Ayushman,Soni,lalmason@example.com,9613676348,2024-08-22,True
5506,Kevin,Yogi,madhav95@example.net,9031201327,2024-12-11,False
5507,Yauvani,Nigam,nidhi52@example.org,9177800281,2022-01-10,True
5508,Ekaja,Kala,korpalchatura@example.com,9416702149,2023-02-22,False
5509,Christopher,Sibal,anyaagarwal@example.org,9077250210,2026-07-16,True
5510,Hamsini,Kalla,saniaarav@example.net,9438291353,2023-11-18,True
5511,Gautam,Dalal,ddhar@example.com,9293317561,2023-03-05,True
5512,Rachana,Hora,comarjanani@example.net,9695549178,2022-01-28,True
5513,Hema,Oommen,pramaswamy@example.com,9162531640,2023-01-12,False
5514,Shaurya,Seshadri,teerthbhagat@example.net,9457412986,2021-09-27,True
5515,Yuvraj,Soman,vbala@example.com,9253170277,2025-09-08,True
5516,Orinder,Chaudhari,jvarkey@example.net,9728782650,2021-12-19,True
5517,Samarth,Brar,sathvikprakash@example.com,9836625396,2025-09-25,False
5518,Isaiah,Kade,tanveernarasimhan@example.org,9021559522,2023-05-18,False
5519,Vivaan,Cherian,fariq05@example.net,9185079722,2025-11-19,False
5520,Harrison,Bawa,thamansachi@example.org,9898500038,2026-03-20,False
5521,Harish,Chaudhuri,kabirbalay@example.org,9609603374,2026-05-10,True
5522,Nandini,Bora,neelimaagarwal@example.com,9280793446,2024-10-10,True
5523,Aarnav,Chowdhury,dugartarak@example.org,9937980446,2021-07-31,False
5524,Abdul,Tak,krishnanonkar@example.org,9592027304,2026-06-23,True
5525,Vrishti,Wagle,narasimhanekantika@example.org,9144301116,2025-09-13,True
5526,Ayaan,Pai,devanethan@example.org,9753535423,2025-03-11,True
5527,Kamala,Kade,xpall@example.net,9491282642,2024-02-28,False
5528,Finn,Luthra,mohini18@example.net,9465854739,2026-04-03,True
5529,Wyatt,Aurora,sandhujagat@example.org,9792426281,2022-02-15,True
5530,Ekani,Bahri,adara@example.net,9923217114,2024-10-14,False
5531,Ucchal,Nadig,bachittarchand@example.com,9705570143,2021-10-02,True
5532,Madhav,Savant,psethi@example.net,9918244042,2026-02-02,False
5533,Umang,Dave,omkaar00@example.net,9541084297,2025-01-07,True
5534,Urvi,Ramanathan,liam63@example.net,9331325621,2023-01-14,False
5535,Udyati,Maharaj,mukhopadhyayagastya@example.net,9551629772,2022-02-23,True
5536,Nidhi,Dasgupta,rkannan@example.net,9617464878,2023-02-24,False
5537,Daksh,Sodhi,mason07@example.com,9704648371,2024-04-08,True
5538,Shivansh,Bhasin,vidhisahni@example.org,9174816743,2022-06-11,True
5539,Madhav,Dara,triptidoshi@example.com,9967347531,2025-08-21,True
5540,Chaitaly,Bumb,dkrishna@example.net,9560915754,2022-06-14,True
5541,Kashvi,Sha,qdar@example.com,9282342820,2025-04-14,False
5542,Yadavi,Sami,miteshkothari@example.net,9534221328,2025-02-15,True
5543,Wakeeta,Tank,niteshnarang@example.net,9896099394,2025-10-07,True
5544,Ishanvi,Prakash,chasmumlad@example.org,9280194094,2024-09-02,False
5545,Ethan,Sarna,wborde@example.com,9894950536,2022-08-21,True
5546,William,Sankar,satheomaja@example.net,9263740685,2026-05-30,True
5547,Rajeshri,Krishna,zpatla@example.org,9157248956,2024-11-28,True
5548,Eshana,Mand,nmanda@example.net,9899793070,2021-07-27,True
5549,Avni,Ranganathan,dsahni@example.net,9522612471,2023-03-24,True
5550,Anthony,Narayanan,aarushrana@example.com,9091917066,2026-05-07,False
5551,Veer,Nadkarni,yashvi91@example.net,9021140915,2024-03-23,False
5552,Harshil,Rattan,hhari@example.org,9399704983,2024-04-12,False
5553,Nikita,Khalsa,vaishnavisinghal@example.org,9361932887,2024-06-20,True
5554,Laksh,Nadig,zsane@example.net,9752643797,2025-09-29,True
5555,Geetika,Devan,daksha21@example.com,9191684959,2026-04-19,True
5556,Onveer,Radhakrishnan,dayitamemon@example.net,9590537549,2022-01-11,False
5557,Anya,Nayar,bhattiaadhya@example.org,9010898726,2026-06-03,False
5558,Anay,Panchal,shivani13@example.com,9392666959,2025-11-22,False
5559,Ekavir,Wagle,urmiagrawal@example.org,9947312549,2025-10-11,True
5560,Chakradev,Tandon,girish49@example.net,9767400286,2025-09-10,True
5561,Zashil,Chandran,dbalan@example.org,9198504788,2022-10-04,True
5562,Hamsini,Patil,gsalvi@example.org,9824082872,2025-04-27,True
5563,Bimala,Barad,fmukhopadhyay@example.org,9887044916,2021-10-05,False
5564,Vasatika,Halder,doravarenya@example.net,9587943205,2021-12-16,True
5565,Azaan,Barad,teerth65@example.net,9607545422,2023-05-12,False
5566,Simon,Sarkar,sahazashil@example.org,9472969321,2024-05-15,False
5567,Kai,Patel,vbrar@example.com,9088548188,2022-09-28,False
5568,Rachana,Loke,krishnafrado@example.net,9254724633,2021-11-06,True
5569,Ronith,Mittal,bhavika09@example.net,9430894366,2025-02-19,True
5570,Chaman,Tailor,natarajandayita@example.net,9719961306,2024-08-18,True
5571,Vasana,Behl,odasgupta@example.org,9802878527,2022-09-12,True
5572,Amara,Mukhopadhyay,sahageetika@example.org,9517171188,2022-08-25,True
5573,Luke,Brahmbhatt,jagdishsawhney@example.org,9361328000,2022-06-15,False
5574,Gaurika,Mistry,vigurvi@example.com,9950334670,2024-09-09,True
5575,Tara,Sen,mayaloke@example.org,9402269562,2021-08-08,False
5576,Anita,Upadhyay,manya18@example.org,9288239884,2023-03-17,True
5577,Vaishnavi,Singh,hemangborah@example.net,9318517530,2025-08-20,False
5578,Noah,Badami,xiti68@example.org,9820412925,2021-11-27,True
5579,Ojasvi,Khanna,devanshkumer@example.net,9456863146,2026-04-13,True
5580,Vinaya,Ahuja,farhan15@example.org,9669553921,2026-02-12,True
5581,Hardik,Chokshi,bhavnaramaswamy@example.com,9880788990,2025-10-23,True
5582,Chatresh,Shetty,bkeer@example.net,9839222821,2021-08-13,False
5583,Lakshit,Dalal,mason34@example.net,9841719322,2024-05-18,False
5584,Sara,Chana,msethi@example.org,9850641977,2023-06-24,True
5585,Kalpit,Bajwa,meghaarora@example.com,9149870378,2023-10-23,True
5586,Arunima,Prakash,qray@example.com,9631413192,2023-05-07,True
5587,Quincy,Goel,chandanitailor@example.net,9800050671,2024-08-19,True
5588,Keya,Ravel,leenawalia@example.net,9568801099,2025-09-30,False
5589,Samesh,Lall,champakmalhotra@example.com,9057326630,2024-08-11,False
5590,Ojasvi,Doshi,saanvi22@example.org,9709144288,2023-09-12,True
5591,Gayathri,Kakar,sanghaabhimanyu@example.com,9960913307,2025-06-30,False
5592,Onveer,Raman,manantiwari@example.com,9504532824,2026-03-05,False
5593,Kamala,Vala,dewaneta@example.com,9699858939,2025-08-13,False
5594,Mohammed,Pal,balakrishnanoviya@example.com,9417288551,2026-02-08,False
5595,Jhalak,Narang,avnipal@example.org,9452385214,2025-01-20,True
5596,Jeet,Bose,bhardwajjyoti@example.com,9979422341,2023-08-27,True
5597,Madhav,Mohan,odikagala@example.net,9989365195,2025-01-26,True
5598,Ekantika,Malhotra,nikita03@example.com,9661973996,2023-10-13,True
5599,Devansh,Srinivas,dnigam@example.org,9779491200,2023-03-08,True
5600,Kalpit,Pillai,mpuri@example.com,9021698709,2022-02-13,True
5601,Matthew,Saran,hshere@example.com,9382337971,2023-05-19,False
5602,Arjun,Dutta,qbobal@example.com,9133269018,2025-09-21,True
5603,Rayaan,Salvi,widishaprashad@example.org,9742086002,2022-06-05,True
5604,Indrajit,Doshi,faras64@example.com,9796882489,2023-08-12,True
5605,Kevin,Hegde,semabha@example.net,9487415203,2022-05-20,False
5606,Chandani,Shetty,dayamai88@example.org,9617473836,2025-03-04,False
5607,Bhavani,Sura,varkeyshaurya@example.com,9499856472,2024-07-30,False
5608,Jeevika,Koshy,rmutti@example.net,9556059233,2025-12-19,True
5609,Lakshit,Nagarajan,sainijason@example.org,9068312928,2024-06-23,False
5610,Bakhshi,Khare,frederick35@example.net,9070671515,2022-11-27,True
5611,Janya,Rajagopalan,isaiahsuresh@example.org,9087813299,2022-03-28,True
5612,Girindra,Choudhary,warriorpranav@example.net,9798405827,2023-07-22,False
5613,Ati,Peri,tpant@example.net,9898920858,2023-02-06,True
5614,Amrita,Nadkarni,akshay31@example.com,9307335998,2024-04-25,True
5615,Suhani,Pal,deopatrick@example.net,9537698482,2026-03-29,True
5616,Maanav,Lad,bhatiaanjali@example.org,9071015633,2026-07-03,False
5617,Hardik,Virk,solankiijaya@example.net,9764493229,2023-03-26,True
5618,Raghav,Bali,kmore@example.org,9289310498,2026-03-02,False
5619,Chatresh,Saini,anika06@example.org,9721366159,2023-01-14,True
5620,Nicholas,Golla,rachita38@example.org,9569716991,2025-06-02,True
5621,Eesha,Pillai,gaurav33@example.org,9815113001,2021-11-27,False
5622,Gaurangi,Chowdhury,kulkarniaadhya@example.org,9424941561,2023-03-17,False
5623,Jalsa,Morar,mpuri@example.net,9073875656,2022-08-04,True
5624,Elijah,Chander,chaitalyahluwalia@example.com,9012724197,2024-07-26,False
5625,Ayushman,Doshi,phora@example.net,9174549856,2023-02-06,True
5626,Upadhriti,Parikh,csom@example.net,9783218673,2023-04-23,True
5627,Sachi,Divan,bmutti@example.net,9837200451,2024-11-29,False
5628,Kala,Parikh,narangekapad@example.com,9827335021,2024-03-02,True
5629,Nihal,Chaudhry,fdesai@example.net,9989823722,2023-09-28,False
5630,Kevin,Vaidya,ronithmemon@example.com,9290712230,2022-11-25,False
5631,Hamsini,Kala,aggarwalupasna@example.org,9324844440,2024-06-12,True
5632,Harrison,Hora,omanda@example.net,9870554800,2024-08-08,False
5633,Upadhriti,Gole,mitesh94@example.com,9930998233,2022-10-04,True
5634,Gagan,Palla,olivervasa@example.org,9332018616,2023-01-09,False
5635,Meghana,Mangat,libni09@example.net,9078721138,2024-02-20,False
5636,Vedika,Bhat,chatura22@example.com,9493003829,2024-09-13,True
5637,Jhalak,Kara,fkar@example.com,9737038857,2025-04-26,False
5638,Kabir,Saha,jayaramantanish@example.org,9606359999,2021-10-18,True
5639,Leela,Sarma,deshpandethomas@example.net,9175081053,2024-05-16,True
5640,Krishna,Chawla,igoel@example.net,9652211986,2024-03-21,True
5641,Anika,Soman,harivedant@example.com,9181291686,2021-12-29,False
5642,Kritika,Golla,tanish61@example.org,9818487867,2025-07-24,True
5643,Ucchal,Borah,balanchaitanya@example.net,9933207625,2025-08-28,True
5644,Tanay,Chadha,bprabhakar@example.org,9859169158,2022-11-05,False
5645,Avi,Chanda,aptewarinder@example.com,9675808273,2023-06-07,False
5646,Vrishti,Shah,ejayaraman@example.net,9589365748,2024-06-04,False
5647,Yauvani,Ravel,urishilla32@example.com,9744338723,2023-09-15,True
5648,Harshil,Kulkarni,tanveerchopra@example.org,9968621137,2024-08-29,False
5649,Priya,Manda,cgill@example.com,9797238428,2022-04-03,True
5650,Yochana,Ghose,rpatla@example.com,9900103801,2023-02-02,False
5651,Girish,Deshmukh,bimala63@example.org,9029739959,2026-06-18,True
5652,Mitesh,Suri,chakradhar33@example.net,9213283906,2026-01-31,True
5653,Advika,Baral,nagargavin@example.com,9639351303,2024-03-03,True
5654,Liam,Basak,guptaraghav@example.net,9034228995,2022-05-14,True
5655,Nihal,Mann,jeremiahpingle@example.com,9509484645,2024-08-18,False
5656,Oviya,Amble,robertrastogi@example.com,9453157434,2025-07-19,False
5657,Varsha,Prabhakar,omenon@example.org,9273329996,2022-01-11,True
5658,Arunima,Khosla,darpansampath@example.org,9121704379,2025-02-21,False
5659,Inaya,Bal,ryan37@example.org,9417490978,2022-12-12,False
5660,Veda,Sabharwal,srivastavaisaac@example.net,9642074375,2022-03-07,False
5661,Triveni,Soman,tupadhyay@example.org,9510816588,2025-09-02,True
5662,Sai,Bose,rameshvansha@example.com,9775316279,2025-08-25,False
5663,Brijesh,Sankar,bhavika03@example.org,9892624753,2025-01-07,True
5664,Nirja,Ravi,gabadamyanti@example.com,9145545117,2024-06-25,True
5665,Eesha,Pillai,maxchander@example.com,9709564629,2024-07-31,False
5666,Neha,Sarna,tanishaggarwal@example.net,9554436449,2023-06-27,False
5667,Vansha,Mohan,sarora@example.net,9876883849,2022-05-26,True
5668,Pushti,Sunder,pauraksha@example.net,9628948063,2023-05-27,True
5669,Gayathri,Chakrabarti,tdhaliwal@example.com,9477880936,2025-06-09,True
5670,Lavanya,Sahni,shankartanmayi@example.org,9002319390,2022-12-07,False
5671,Chandran,Bains,mallickdiya@example.org,9162444009,2021-10-31,True
5672,Vedant,Sidhu,kalpitmitter@example.com,9242430569,2025-02-10,True
5673,Anmol,Nagar,dharsaksham@example.org,9067992846,2023-04-09,False
5674,Ganga,Nayar,lavanya42@example.org,9608175970,2022-07-24,True
5675,George,Agrawal,mammentanvi@example.net,9490515848,2026-01-04,False
5676,Yashica,De,yashawini12@example.net,9027258114,2022-06-19,False
5677,Qushi,Varkey,baljiwan65@example.com,9313285155,2022-09-27,False
5678,Udyati,Lanka,zinalraman@example.com,9771902336,2026-05-01,True
5679,Manthan,Sekhon,sharafaryan@example.com,9947205291,2025-10-07,False
5680,Ubika,Pandey,zacharialibni@example.org,9927769843,2022-08-14,False
5681,Ikbal,Gandhi,chakradhar98@example.net,9604366899,2024-04-27,True
5682,Wakeeta,Bahl,jackson18@example.com,9356423164,2023-01-25,True
5683,Jason,Sarin,daminirao@example.net,9108759860,2025-05-08,True
5684,Omaja,Khalsa,ganesanbhanumati@example.org,9579268248,2023-07-31,False
5685,Urmi,Natt,raocharles@example.com,9140351957,2023-06-14,True
5686,Baljiwan,Acharya,amaster@example.com,9248348311,2024-03-12,True
5687,Kamala,Badal,umukherjee@example.org,9349569240,2022-06-09,False
5688,Umang,Varughese,rachita46@example.net,9480852282,2024-02-16,False
5689,Yoshita,Srivastava,ranveer23@example.com,9298259955,2022-04-12,True
5690,Gopal,Majumdar,purianjali@example.org,9006794719,2022-02-28,True
5691,Matthew,Banerjee,bhavsarhritik@example.com,9282055641,2026-07-12,True
5692,Abdul,Kata,vandra@example.net,9970492210,2024-05-11,False
5693,Nitara,Bhavsar,harishsrivastava@example.net,9525470788,2023-05-10,False
5694,Januja,Mann,suhani25@example.org,9212086550,2026-07-07,True
5695,Akshay,Srinivas,chawlachasmum@example.org,9058471634,2023-10-05,False
5696,Jai,Nagar,karpelipika@example.org,9240360127,2026-01-17,True
5697,Pratyush,Shanker,chauhanvritti@example.com,9024026356,2026-03-26,False
5698,Tripti,Prasad,nathan99@example.org,9006291696,2025-08-26,False
5699,Benjamin,Wali,luckykarpe@example.net,9782508340,2021-12-18,True
5700,Frado,Singh,mukherjeesaumya@example.com,9400381606,2021-10-14,False
5701,Reyansh,Dhaliwal,lchand@example.com,9433749568,2025-12-11,True
5702,Rachana,Toor,vasanakara@example.com,9707246259,2026-07-08,False
5703,Vyanjana,Varughese,yvyas@example.com,9205506728,2022-09-06,False
5704,Vihaan,Rama,virkwarinder@example.com,9233919986,2022-09-27,True
5705,Varsha,Srinivasan,deviwarhi@example.com,9892823131,2026-07-13,True
5706,Tara,Chandran,wrideshbhatia@example.com,9553351749,2024-10-09,False
5707,Chakrika,Ramachandran,qushi71@example.net,9947143951,2025-02-10,False
5708,Jack,Suri,amairaagrawal@example.com,9394772313,2023-06-29,True
5709,Saksham,Prashad,mandertarak@example.com,9564867115,2023-02-27,False
5710,Kashish,Srinivasan,akshayjayaraman@example.org,9416046290,2025-08-29,False
5711,Bahadurjit,Om,bosearunima@example.org,9755263540,2024-05-22,False
5712,Widisha,Balakrishnan,kotharinirja@example.org,9249384571,2024-09-22,True
5713,Panini,Sabharwal,mannekevin@example.com,9046161713,2023-02-13,True
5714,Vyanjana,Chowdhury,vyanjana11@example.net,9563069066,2022-04-13,False
5715,Robert,Char,ishwardave@example.net,9887466835,2022-06-07,True
5716,Ladli,Buch,ranveermandal@example.com,9119263393,2021-11-19,False
5717,Balvan,Sant,zinal22@example.net,9300946348,2022-04-04,True
5718,Omaja,Parmer,pahal16@example.net,9891490889,2022-08-22,True
5719,Dev,Garg,jaggiadvik@example.net,9273636567,2024-09-28,False
5720,Neha,Rajagopal,aarini20@example.net,9582275044,2025-02-23,False
5721,Ekani,Raj,hbandi@example.net,9629988584,2022-03-05,False
5722,Nidra,Parmar,dev44@example.org,9686052573,2023-11-25,True
5723,Yashvi,Nigam,kalebanjeet@example.net,9389244900,2022-02-13,False
5724,Eesha,Kunda,nihalbumb@example.net,9432307487,2024-01-05,False
5725,Indali,Guha,abhimanyu10@example.net,9749025735,2026-07-05,True
5726,Tanvi,Gaba,mittalmeera@example.com,9746493251,2024-10-06,True
5727,Deepa,Vaidya,lkurian@example.com,9018972398,2024-05-20,True
5728,Zansi,Shah,rattanradhika@example.com,9552488530,2023-08-28,True
5729,Bhanumati,Sane,nsengupta@example.org,9400095365,2025-04-10,False
5730,Upma,Iyengar,mgrover@example.org,9687612884,2023-11-16,True
5731,Imaran,Mukhopadhyay,jhalakkashyap@example.net,9360286908,2025-11-30,True
5732,Widisha,Srinivasan,warda87@example.org,9594463428,2024-09-16,False
5733,Victor,Panchal,ymore@example.com,9206652735,2024-10-18,True
5734,Ekiya,Parekh,yashodharabatra@example.org,9176966671,2024-04-16,True
5735,Nimrat,Iyengar,sarnajanya@example.net,9257977668,2021-12-23,False
5736,Bahadurjit,Bahl,saumyajohal@example.org,9372651255,2026-05-02,False
5737,Harini,Singh,kashvide@example.org,9402119906,2023-12-31,False
5738,Shivansh,Sane,vshankar@example.net,9447749205,2021-11-21,False
5739,Tanish,Chauhan,vasudhakeer@example.com,9921916771,2021-10-25,False
5740,Mekhala,Ramesh,sara93@example.net,9028392781,2025-07-25,True
5741,Isha,Gill,bvarkey@example.net,9030045129,2025-04-27,True
5742,Harsh,Sachdeva,ychander@example.org,9370181107,2023-04-12,False
5743,Indali,Pall,wakeetavarkey@example.com,9512710538,2026-02-12,False
5744,Samar,Morar,ishetty@example.net,9941567978,2021-10-01,False
5745,Yashawini,Saraf,udyati62@example.com,9996723346,2022-03-08,False
5746,Upadhriti,Vaidya,swamyvansha@example.org,9020378641,2022-08-14,True
5747,Chakrika,Sethi,urishilla17@example.net,9938868487,2026-02-22,False
5748,Nitara,Kota,anamikaramakrishnan@example.net,9871685513,2022-04-15,False
5749,Nihal,Sundaram,fkala@example.com,9281590436,2022-05-14,False
5750,Logan,Cheema,harini12@example.net,9589130898,2022-04-08,False
5751,Widisha,Chaudhuri,narainyashvi@example.com,9248343067,2024-02-01,True
5752,Dhruv,Rana,idalia@example.org,9988913997,2024-11-19,True
5753,Vasatika,Vala,ygoel@example.com,9372436752,2023-04-15,False
5754,Jeevika,Sagar,unnichaudhry@example.org,9897335613,2021-08-22,True
5755,Gauri,Dhaliwal,widisha19@example.com,9353077218,2025-07-13,True
5756,Hitesh,Purohit,brindamunshi@example.net,9784839974,2022-07-25,False
5757,Tanveer,Patla,jasonde@example.org,9469297837,2021-12-26,True
5758,Ekbal,Deep,vrishti10@example.org,9038333112,2025-05-20,False
5759,Upadhriti,Kulkarni,harinakshi27@example.net,9696624282,2023-04-14,True
5760,Vrinda,Sarin,ckanda@example.net,9831306671,2022-10-08,True
5761,Samar,Sura,okrishna@example.org,9836454827,2023-08-24,True
5762,Janaki,Kuruvilla,sachdevamitali@example.org,9498710829,2025-03-31,False
5763,Yashasvi,Divan,deepapall@example.net,9094721556,2023-07-31,True
5764,Lohit,Nazareth,kashviupadhyay@example.net,9885821240,2022-10-13,True
5765,Simon,Thaker,krishnaanthony@example.net,9490987313,2023-04-13,False
5766,Hritik,Dube,oeshi80@example.net,9634893659,2024-01-19,True
5767,Kashish,Palla,fagate@example.net,9727853987,2023-10-16,True
5768,Geetika,Tank,raaginiloke@example.org,9492864018,2022-04-01,True
5769,Anay,Bumb,avibava@example.org,9107963669,2021-07-28,False
5770,Kiaan,Agrawal,girish09@example.net,9328212528,2024-07-09,False
5771,Jagrati,Golla,dayalxiti@example.org,9352833882,2026-03-06,True
5772,Geetika,Nagar,esalvi@example.net,9630235988,2024-12-10,False
5773,Aarav,Bhandari,ahluwaliaanirudh@example.com,9683524150,2025-06-13,False
5774,Oni,Parmer,simonjaggi@example.com,9701916509,2022-09-24,False
5775,Chatura,Raval,guneet52@example.com,9012740129,2025-03-05,False
5776,Unni,Sahni,krish49@example.net,9547671922,2024-02-10,True
5777,Sudiksha,Zachariah,noahdani@example.net,9325880761,2022-08-25,False
5778,Kai,Sridhar,sanghvikavya@example.org,9661211237,2022-11-11,True
5779,Yadavi,Chana,champak22@example.net,9835874744,2022-08-10,True
5780,Joshua,Mann,mammenyatin@example.net,9428833511,2024-07-23,True
5781,Onveer,Soman,dugaraadhya@example.net,9528592344,2025-02-21,True
5782,Veer,Kala,gavinborde@example.org,9947011723,2026-05-26,False
5783,Lavanya,Kapoor,badalhitesh@example.net,9076237855,2025-03-10,False
5784,Triya,Choudhary,teerthbatra@example.org,9674302120,2025-04-09,False
5785,Netra,Keer,rajeshriseth@example.org,9958948328,2024-10-03,False
5786,Chameli,Sabharwal,jeet26@example.com,9305968328,2022-11-07,False
5787,Vivaan,Kannan,srinivasanurmi@example.com,9364933546,2026-03-31,False
5788,Gabriel,Solanki,hema79@example.com,9878066866,2022-01-06,False
5789,Lopa,Pandya,sulekamala@example.com,9638623388,2023-11-08,False
5790,Faqid,Bath,sibalijaya@example.net,9049566035,2025-03-11,True
5791,Pratyush,Hans,dubeharinakshi@example.com,9578179463,2022-11-04,False
5792,Hemani,Dada,nimrat74@example.com,9023756190,2023-09-10,True
5793,Qarin,Mall,nidhi24@example.net,9167497489,2024-08-08,False
5794,Victor,Rajan,lankayashica@example.org,9182118148,2024-09-25,True
5795,Azad,Sampath,sarmapooja@example.org,9440608824,2025-07-24,False
5796,Kevin,Dhaliwal,warhiwalia@example.org,9099179229,2023-04-13,False
5797,David,Vala,idika32@example.com,9777055037,2022-05-04,False
5798,Faqid,Raja,darikasolanki@example.com,9659053497,2024-08-02,True
5799,Reva,Krishnamurthy,falak10@example.org,9598455545,2025-02-02,True
5800,Laban,Kala,ekarajshah@example.net,9140186435,2025-07-22,False
5801,Falan,Ray,taraalexander@example.org,9972720294,2024-08-13,False
5802,Harini,Mani,lsingh@example.com,9142448394,2022-05-31,False
5803,Sneha,Patla,ndyal@example.org,9896126944,2024-10-27,True
5804,Ijaya,Pathak,shrofftarak@example.com,9234238238,2022-11-17,True
5805,Gauri,Rege,zayyan66@example.net,9376828742,2024-03-29,False
5806,Ati,Issac,vkorpal@example.com,9918158084,2023-11-27,True
5807,Vritti,Sandhu,eedwin@example.org,9872488635,2022-10-27,True
5808,Pratyush,Choudhury,okaran@example.com,9536143269,2024-09-19,True
5809,Tejas,Singh,ivala@example.net,9240919412,2022-12-13,True
5810,Ekantika,Mangat,pbail@example.com,9899319264,2022-12-19,True
5811,Yamini,Dyal,shazayan@example.com,9945986739,2022-08-17,True
5812,Gunbir,Chhabra,imaranraman@example.org,9872001029,2023-02-19,True
5813,Unni,Choudhary,kiaanatwal@example.net,9446750750,2023-11-06,False
5814,Netra,Bora,jeremiahkrishnan@example.com,9141167396,2024-03-02,True
5815,Harini,Bassi,btata@example.org,9461177696,2026-07-12,False
5816,Shivansh,Buch,balanrohan@example.net,9973952736,2025-08-25,False
5817,Charita,Char,chakradevmadan@example.com,9047442438,2023-07-02,False
5818,Riya,Khare,atwalvrishti@example.org,9365910618,2023-04-20,True
5819,Gaurangi,Pal,rajata94@example.com,9710792359,2024-05-31,True
5820,Ekani,Dani,settynoah@example.com,9457027892,2022-10-18,True
5821,Isaiah,Morar,irai@example.org,9898992428,2021-09-11,False
5822,Rudra,Chaudhary,valabhavya@example.com,9175926599,2023-05-29,False
5823,Yoshita,Sem,laksh81@example.net,9896672718,2024-05-02,True
5824,Aryan,Thakur,mukhopadhyaypallavi@example.org,9580805791,2025-04-07,False
5825,Samesh,Khanna,niteshvohra@example.org,9186243801,2022-05-09,False
5826,Yashasvi,Bedi,mayanayak@example.org,9306665575,2022-05-24,True
5827,Aashi,Deo,frederickmohanty@example.net,9006663225,2026-03-08,False
5828,Imaran,Sarin,davemason@example.org,9779945054,2024-07-26,True
5829,Ojas,Dua,zehaanrama@example.com,9942205859,2022-12-30,True
5830,Vyanjana,Singh,jagdish30@example.net,9937329729,2022-04-26,False
5831,Chandani,Bhatia,masonsarkar@example.net,9081463550,2024-12-06,False
5832,Pushti,Sandal,bhanumati07@example.net,9137057113,2022-12-22,True
5833,Sachi,Ganesan,eiravatisamra@example.com,9257832168,2024-01-01,False
5834,Baghyawati,Palla,unanda@example.org,9013320573,2025-07-18,False
5835,Hitesh,Mammen,ghoseazad@example.com,9127771910,2022-05-26,True
5836,Priya,Kulkarni,hbasak@example.org,9821927265,2025-06-25,True
5837,Gautami,Patla,zaidgola@example.com,9673302293,2021-07-25,False
5838,Bimala,Zachariah,gautam11@example.com,9088621649,2023-11-30,False
5839,Patrick,Bahl,saivirk@example.org,9832524485,2023-04-18,False
5840,Harsh,Tata,prishadeo@example.org,9556719201,2023-02-09,False
5841,Abha,Tella,damini17@example.org,9544396189,2021-10-17,True
5842,Vrinda,Gupta,murthymohammed@example.org,9499372699,2024-09-12,False
5843,Hardik,Dara,rachitatwal@example.com,9853748580,2023-10-18,False
5844,Praneel,Shenoy,jmangat@example.org,9369390914,2025-07-08,True
5845,Praneel,Bajwa,bassifarhan@example.org,9573782105,2025-01-04,False
5846,Tripti,Kata,yochanabali@example.com,9652567055,2023-04-16,True
5847,Chaitaly,Hari,yagnesh56@example.com,9026715345,2024-06-01,True
5848,Vasana,Madan,menonaachal@example.net,9927110837,2026-05-18,True
5849,David,Wagle,qbarad@example.org,9865673856,2024-02-13,False
5850,Zinal,Bhalla,dalallogan@example.com,9390532159,2024-10-26,True
5851,Rohan,Sagar,masteraadi@example.net,9245171949,2023-11-26,False
5852,Eesha,Deep,farasnarayan@example.org,9389601052,2026-03-28,True
5853,Jeremiah,Grover,mnaidu@example.com,9958756744,2023-05-30,False
5854,Neha,Joshi,pranitnagy@example.net,9032467781,2025-10-25,False
5855,Umang,Dass,mitalipillai@example.com,9114187347,2025-06-09,True
5856,Unnati,Varma,max65@example.net,9798436201,2025-08-16,False
5857,Guneet,Chowdhury,kundaquincy@example.org,9081837260,2023-07-21,True
5858,Chavvi,Ratta,jatinsethi@example.net,9902367396,2023-06-14,True
5859,Radhika,Sane,sastryshivani@example.net,9001745388,2023-08-19,True
5860,Kevin,Doshi,somdayamai@example.org,9282316430,2023-06-10,False
5861,Indira,Bhargava,borayochana@example.org,9021050253,2026-04-13,True
5862,Ekaraj,Gandhi,mohantybhavika@example.com,9979559366,2024-06-02,True
5863,Abha,Pandit,oliver18@example.net,9085954486,2023-07-28,True
5864,Chanchal,Sule,valatristan@example.org,9950608109,2026-07-14,False
5865,Yachana,Mukhopadhyay,patrick76@example.org,9988024274,2023-05-20,True
5866,Anusha,Brar,jonathan43@example.com,9048148539,2024-12-09,False
5867,Yashodhara,Hora,pauomkaar@example.com,9934737257,2025-05-04,True
5868,Ronith,Badami,lakshmi19@example.org,9806342587,2025-07-20,False
5869,Reva,Gaba,vgola@example.net,9762297824,2025-12-04,False
5870,Gavin,Devan,ekantika53@example.net,9724200929,2025-01-29,True
5871,Hemani,Dugal,tatabaljiwan@example.com,9718815858,2022-12-18,False
5872,Manbir,Sharaf,janakirao@example.org,9559165434,2025-01-08,False
5873,Turvi,Bhardwaj,gkarnik@example.net,9391128110,2022-07-02,True
5874,Azad,Chadha,yauvanibaria@example.com,9206357243,2024-01-23,False
5875,Amruta,Balay,ayushman21@example.com,9720744722,2025-08-05,False
5876,Radhika,Kuruvilla,dominicchoudhury@example.com,9228375198,2022-09-16,False
5877,Yashvi,Seshadri,kumarfalak@example.net,9593897872,2024-10-02,False
5878,Henry,Sant,uborah@example.com,9877541184,2025-10-21,True
5879,Meghana,Ganesh,klad@example.com,9979161710,2023-01-31,False
5880,Raksha,Sani,alexanderbedi@example.org,9573045231,2022-05-31,False
5881,Sai,Kunda,vidhimurthy@example.com,9467665420,2026-02-10,False
5882,Mohini,Purohit,wmane@example.org,9707318144,2022-12-13,False
5883,Ekbal,Bal,randhawaurvashi@example.com,9436193538,2024-04-21,False
5884,Yauvani,Datta,agastya68@example.com,9889381352,2023-09-20,True
5885,Nandini,Gour,ria02@example.org,9770253836,2026-07-03,True
5886,Widisha,Seth,badalpranit@example.net,9208969582,2024-08-27,False
5887,Dev,Sodhi,henry45@example.com,9925346058,2022-05-28,False
5888,Girindra,Murthy,tristansabharwal@example.org,9377534245,2022-04-07,False
5889,Manbir,Parikh,ladliwalla@example.com,9864331145,2023-06-03,False
5890,Lucky,Bhardwaj,dsridhar@example.net,9395406351,2024-10-02,True
5891,Ayush,Trivedi,gavin45@example.net,9483038606,2024-04-28,False
5892,Kavya,Chahal,dalbir76@example.com,9739049078,2023-01-25,False
5893,Dalaja,Kanda,neelimadash@example.com,9063025836,2024-10-24,True
5894,Mason,Mane,rajushaurya@example.net,9834661174,2024-08-19,True
5895,Utkarsh,Vohra,draval@example.net,9897644331,2022-12-23,True
5896,Dhriti,Majumdar,yprasad@example.org,9800793762,2023-02-07,True
5897,Bhanumati,Das,elijah98@example.net,9102507853,2025-04-19,False
5898,Tanish,Khare,aayush20@example.com,9723827814,2025-02-06,False
5899,Lipika,Suresh,fsingh@example.com,9983864887,2025-12-28,False
5900,Yashica,Subramaniam,yashawinibhattacharyya@example.org,9946576024,2022-05-16,True
5901,Joshua,Morar,kbains@example.com,9968166401,2025-09-15,False
5902,Amara,Bhandari,daliatheodore@example.org,9287833206,2025-04-18,True
5903,Gabriel,Mohanty,osrinivasan@example.org,9312869132,2022-08-08,True
5904,Ati,Talwar,noah52@example.net,9843863222,2022-03-02,False
5905,Vasatika,Bhardwaj,chanakya75@example.com,9804799412,2024-10-09,False
5906,Amara,Datta,dseth@example.com,9326866790,2022-07-01,False
5907,Oeshi,Varty,icherian@example.org,9476222147,2022-03-26,True
5908,Harshil,Parmar,nilimaranganathan@example.com,9330677395,2023-12-25,False
5909,Aahana,Soni,isha68@example.net,9254277185,2024-03-24,True
5910,Faras,Sankar,csur@example.org,9184845648,2021-11-14,True
5911,Udarsh,Pingle,vsarma@example.com,9115640587,2023-05-13,True
5912,Deepa,Gola,pranitparmer@example.org,9861817314,2023-06-30,False
5913,Charan,Banerjee,chandreshrattan@example.net,9183691248,2025-06-24,False
5914,Hardik,Konda,jkala@example.net,9724002432,2023-10-01,False
5915,Abeer,Oza,latagabriel@example.org,9380818137,2026-06-05,True
5916,Unnati,Doctor,ekapad74@example.org,9265488510,2022-06-21,False
5917,Aarav,Date,comarthomas@example.net,9340781426,2024-12-09,False
5918,Yug,Gera,kmurthy@example.org,9487553559,2025-10-11,False
5919,Sara,Sarin,nathankeer@example.net,9664297422,2023-12-13,False
5920,Deepa,Chakraborty,npalla@example.net,9967753621,2021-08-18,True
5921,Lucky,Sundaram,gautamibhatnagar@example.org,9790247567,2021-08-11,True
5922,Upasna,Sule,goyalekansh@example.com,9745501482,2023-04-23,True
5923,Anvi,Sekhon,jasonwalla@example.com,9575431706,2025-10-10,True
5924,Ronith,Raju,bsandal@example.net,9696879928,2024-10-23,False
5925,Wyatt,Behl,ekantakant@example.net,9900543167,2021-08-16,False
5926,Amruta,Bedi,luke22@example.com,9066606406,2023-10-22,False
5927,Leela,Dyal,jvyas@example.net,9663800331,2023-03-16,True
5928,Urishilla,Pillai,dthaman@example.com,9767758313,2022-05-08,False
5929,Maanas,Suresh,gautami29@example.com,9489398861,2022-07-13,False
5930,Samarth,Parmar,anita34@example.org,9541625580,2025-11-30,True
5931,Ekbal,Tandon,esunder@example.net,9288736051,2022-03-20,False
5932,Aarav,Iyer,siddharth58@example.org,9995258000,2026-05-21,True
5933,Rachita,Hari,vorabenjamin@example.org,9986331665,2023-06-23,True
5934,Sneha,Kamdar,chandresh10@example.org,9800619587,2023-04-04,True
5935,Abhimanyu,Dash,chandanimall@example.org,9892348222,2024-01-31,False
5936,Triya,Chacko,eshana15@example.org,9528548959,2026-01-03,False
5937,Ria,Chander,routazaan@example.org,9138686118,2023-07-22,True
5938,Damini,Tata,maanav71@example.org,9904240827,2023-12-26,False
5939,Lavanya,Cheema,samradeepa@example.com,9337309009,2021-11-01,False
5940,Mugdha,Ghosh,karachampak@example.com,9104063314,2025-07-13,False
5941,Meera,Taneja,anmolbawa@example.net,9916461915,2026-05-04,False
5942,Ishani,Kakar,venkataramanomya@example.com,9463194523,2025-03-17,False
5943,Kabir,Cheema,haldernimrat@example.org,9654384412,2025-04-07,True
5944,Umang,Gaba,ogopal@example.com,9634596263,2024-09-18,False
5945,Sarthak,Natarajan,olivershankar@example.net,9748076660,2026-05-19,True
5946,Nikita,Nagar,isha92@example.net,9544951764,2022-12-23,False
5947,Chameli,Khosla,varshakhatri@example.net,9488761005,2023-09-10,True
5948,Lucky,Solanki,sahotabalvan@example.net,9713197285,2025-12-02,True
5949,Chatura,Doshi,venkateshnathan@example.org,9646028836,2025-12-18,True
5950,Jalsa,Sundaram,ubarad@example.org,9580439398,2026-03-30,False
5951,Fiyaz,Vaidya,esahni@example.com,9044643077,2023-02-10,False
5952,Champak,Sibal,grovernaksh@example.net,9739809988,2026-06-24,True
5953,Gaurangi,Kar,tshankar@example.com,9693045105,2026-02-14,False
5954,Teerth,Sur,yochana60@example.org,9542518868,2021-12-29,True
5955,Inaya,Panchal,swamyurishilla@example.net,9843995091,2026-02-04,True
5956,Fariq,Mann,forumbasu@example.org,9652879059,2025-05-18,False
5957,Tristan,Agrawal,fsathe@example.net,9108813057,2024-06-16,False
5958,Anamika,Chaudhry,andrasaksham@example.org,9699621392,2023-03-28,False
5959,Jagdish,Ratti,frado42@example.net,9432942928,2024-03-03,False
5960,Aditya,Sandal,ganga33@example.net,9452479941,2025-07-06,True
5961,Samaksh,Nath,ichokshi@example.net,9285332319,2024-07-09,False
5962,Jason,Dugar,narayanamruta@example.net,9878970874,2024-11-03,False
5963,Vinaya,Lall,andralajita@example.org,9435631082,2023-07-27,True
5964,Qabil,Bobal,daragauri@example.org,9824861141,2025-01-17,True
5965,Teerth,Parmer,hemangini78@example.net,9414574735,2024-06-29,True
5966,Tanmayi,Wadhwa,wishi67@example.org,9634477987,2023-07-25,True
5967,Ryan,Butala,sarrafhemani@example.com,9530453707,2023-11-12,True
5968,Widisha,Chaudhari,faqidkulkarni@example.org,9969261928,2023-01-02,False
5969,Udyati,Kata,sathekamala@example.org,9475709741,2023-10-19,False
5970,Jeet,Tandon,ekta01@example.net,9159593185,2025-09-02,False
5971,Elijah,Sawhney,gabriel64@example.com,9785894439,2025-06-29,False
5972,Kritika,Dugar,bainsyoshita@example.net,9748542084,2026-05-02,False
5973,Jagdish,Kaur,ikbal90@example.com,9771867308,2024-08-12,True
5974,Libni,Gill,ogola@example.net,9241513401,2025-07-01,False
5975,Anusha,Shere,jayaramanrachita@example.com,9125418950,2026-01-03,True
5976,Isaiah,Rastogi,varsha73@example.net,9786517938,2024-07-30,True
5977,Liam,Patil,trivenimemon@example.net,9704657173,2025-04-25,True
5978,Tanvi,Bhavsar,sudiksha87@example.org,9930608981,2023-01-26,False
5979,Anay,Gupta,pahaljohal@example.com,9532587887,2021-09-09,False
5980,Laksh,Deol,dhaliwalalka@example.com,9641616694,2024-06-09,False
5981,Devika,Toor,ayushmansood@example.com,9139914542,2022-10-21,False
5982,Yashvi,Sinha,shivansh47@example.com,9296117139,2024-11-19,False
5983,Caleb,Hari,ekapadsaran@example.com,9224165673,2025-11-18,True
5984,Pushti,Arora,rajata10@example.com,9217562692,2023-04-27,True
5985,Udant,Kanda,dominicdivan@example.com,9676773798,2026-04-10,True
5986,Anmol,Agate,shaurya84@example.net,9515969813,2022-09-06,True
5987,Ojas,Bhatt,bhavanipatel@example.com,9329903253,2025-02-21,True
5988,Hritik,Muni,tristan80@example.com,9158952778,2023-06-09,True
5989,Brinda,Bhatia,nimrat65@example.org,9463828232,2025-01-27,True
5990,Ojasvi,Yadav,radhakrishnanmahika@example.org,9152717767,2024-01-05,False
5991,Rachita,Ramakrishnan,balvanhanda@example.com,9660944697,2026-03-10,False
5992,Kala,Pall,bediaadhya@example.com,9962625789,2025-09-13,True
5993,Niharika,Dara,kdhingra@example.com,9898192810,2025-11-13,True
5994,Shivani,Chhabra,qranganathan@example.net,9215658868,2021-09-26,True
5995,Naksh,Garg,rkari@example.com,9141136317,2025-05-06,True
5996,Rachana,Gole,gahluwalia@example.net,9357841708,2025-08-28,False
5997,David,Biswas,jasmit06@example.com,9804695755,2024-04-07,False
5998,Praneel,Raghavan,zsarin@example.com,9155709919,2022-01-01,False
5999,Tara,Mammen,faras74@example.net,9388180400,2024-05-15,False
6000,Mugdha,Jha,adweta53@example.org,9217841516,2025-01-23,True
6001,Girindra,Suresh,qushi31@example.net,9364396219,2025-10-01,False
6002,Ladli,Lall,hayervihaan@example.org,9727514214,2024-05-12,False
6003,Bhavini,Sarraf,sandalneelima@example.net,9552086207,2024-10-18,True
6004,Rachita,Luthra,elijahsehgal@example.org,9001889475,2025-05-24,False
6005,Mekhala,Gaba,toorarjun@example.net,9163602096,2022-08-17,True
6006,Pahal,Sangha,kundaanusha@example.org,9999757061,2026-04-30,True
6007,Kavya,Char,guppal@example.net,9620437881,2024-04-03,True
6008,Girindra,Merchant,bahlquincy@example.com,9525756907,2026-03-29,True
6009,Onkar,Issac,charita80@example.net,9487340571,2025-07-09,True
6010,Harita,Sha,samar94@example.com,9343152082,2024-08-29,True
6011,Yashodhara,Bedi,logannarula@example.org,9628167279,2024-10-05,False
6012,Mohini,Maharaj,ahluwaliachandran@example.org,9283449207,2023-07-20,True
6013,Ekalinga,Bajaj,vedhikabahri@example.net,9890537799,2026-02-06,True
6014,Ekaja,Bhattacharyya,jparmer@example.net,9445406497,2025-07-18,True
6015,Rajata,Singhal,kalamanbir@example.net,9384819500,2021-08-23,True
6016,Hardik,Peri,rjohal@example.com,9419893209,2026-04-22,False
6017,Yug,Sandhu,falak52@example.org,9662643771,2024-04-04,True
6018,Tamanna,Wason,watikabatra@example.org,9872621788,2022-12-27,True
6019,Samuel,Borde,darika87@example.net,9947693257,2023-02-11,True
6020,Kritika,Bawa,bhavani90@example.net,9252280390,2026-05-23,False
6021,Aarav,Dugal,wahab52@example.org,9484712449,2025-09-03,False
6022,Vasudha,Zacharia,bgoda@example.net,9565505284,2023-07-31,True
6023,Aditya,Mistry,yagnesh42@example.com,9645220394,2026-05-01,True
6024,Benjamin,Pandit,yatinchaudry@example.net,9854378262,2024-04-15,True
6025,Charita,Oommen,gaurigrewal@example.org,9495795767,2024-12-15,True
6026,Arjun,Ghose,baghyawati01@example.org,9432054880,2023-06-20,True
6027,Vansha,Gala,swamyraksha@example.net,9441505682,2026-04-19,False
6028,Mahika,Ben,ikrishnamurthy@example.com,9298675542,2022-11-30,True
6029,Wridesh,Garde,vinaya20@example.net,9817275525,2025-11-13,False
6030,Udant,Mukherjee,hemalraju@example.org,9374111213,2026-05-20,True
6031,Eesha,Dada,rattanurvi@example.org,9749762202,2022-05-15,True
6032,Gaurangi,Luthra,kai38@example.net,9934758437,2023-12-10,False
6033,Aarush,Dass,ybabu@example.net,9209227515,2026-04-18,True
6034,Geetika,Parmer,tejasbera@example.com,9514246963,2025-08-23,True
6035,Gopal,Barad,zmagar@example.org,9249568819,2022-02-07,True
6036,Jason,Chhabra,farassengupta@example.com,9269411172,2023-05-01,True
6037,Zehaan,Sampath,obabu@example.net,9090131718,2025-08-19,True
6038,Gautam,Wali,kashyapojasvi@example.org,9134792190,2023-06-11,True
6039,Maanav,Varughese,echowdhury@example.org,9856067148,2026-01-08,False
6040,Ekalinga,Patla,qarinbalay@example.net,9107355831,2021-10-08,True
6041,Rajata,Doctor,dyalyochana@example.net,9916940496,2023-08-10,True
6042,Odika,Natarajan,zachariahxiti@example.org,9903118609,2022-02-02,True
6043,Isaiah,Raval,braju@example.com,9085624555,2023-03-27,False
6044,Zansi,Chahal,bansalamara@example.org,9985658513,2025-08-03,False
6045,Vedhika,Dyal,qnaik@example.com,9814302345,2026-05-27,False
6046,Nachiket,Sundaram,neelima62@example.net,9167855576,2021-08-11,True
6047,Forum,Thaman,cdalia@example.com,9390296408,2022-08-21,True
6048,Girindra,Upadhyay,kala80@example.com,9459963188,2025-09-22,True
6049,Ishwar,Wali,gwadhwa@example.net,9235196095,2025-11-13,True
6050,Lipika,Bhat,anay55@example.net,9147912251,2024-05-29,True
6051,Vansha,Oak,yauvanibarman@example.net,9158849028,2022-05-18,True
6052,Darsh,Kurian,choprachakradhar@example.net,9792936258,2024-02-10,True
6053,Azad,Master,jainyuvraj@example.com,9326080828,2025-04-27,False
6054,Pratyush,Jaggi,neha56@example.com,9548620263,2024-10-17,True
6055,Gayathri,Vasa,aroraadvik@example.net,9489168584,2022-02-04,True
6056,Ojasvi,Palan,butalarachita@example.net,9399319733,2021-12-21,True
6057,Yashawini,Ratti,vasudhatailor@example.com,9042519952,2026-07-13,True
6058,Chatresh,Khanna,sahnijanya@example.com,9945974145,2022-06-18,False
6059,Vyanjana,Kamdar,gpatla@example.com,9854345920,2022-11-15,False
6060,Hitesh,Korpal,max02@example.com,9633832802,2026-04-06,True
6061,Unni,Kala,vincent94@example.org,9173717845,2025-12-30,False
6062,Vrishti,Oza,jgoel@example.com,9743311647,2026-02-12,True
6063,Mohini,Bir,nattraghav@example.net,9607433989,2026-05-16,True
6064,Baljiwan,Ahluwalia,dpai@example.com,9331599988,2025-08-09,False
6065,Abeer,Lata,idatta@example.org,9593368830,2022-07-15,False
6066,Hritik,Roy,sachdevati@example.org,9668135763,2022-03-04,False
6067,Ishaan,Sarraf,jagdishthakur@example.org,9160887453,2024-07-02,True
6068,Fiyaz,Virk,nsandhu@example.net,9584772679,2024-06-30,True
6069,Chaitanya,Kalla,hemani88@example.net,9053325575,2025-08-24,False
6070,Devika,Sunder,csawhney@example.com,9220244589,2022-01-09,True
6071,Onveer,Kannan,tbandi@example.org,9402418798,2025-09-05,False
6072,Yashasvi,Nair,madhavisaraf@example.com,9149169680,2022-04-26,True
6073,Januja,Narain,aggarwalekavir@example.net,9184252640,2024-03-29,False
6074,Elijah,Sundaram,zarna92@example.org,9917595214,2024-11-22,True
6075,Matthew,Behl,ooza@example.net,9177664007,2022-09-02,True
6076,Azaan,Kadakia,michaeloommen@example.net,9572828597,2022-06-09,False
6077,Lohit,Contractor,upasna85@example.com,9048680498,2025-06-05,False
6078,Harini,Bajwa,karan16@example.net,9921776797,2025-09-26,False
6079,Fiyaz,Sule,warjas00@example.com,9177894445,2022-04-22,True
6080,Vasatika,Bansal,darshjain@example.com,9873391158,2023-09-17,True
6081,Samar,Bassi,kashyapdev@example.org,9487422749,2023-05-25,False
6082,Falak,Dhillon,jackson43@example.net,9840104880,2025-05-29,False
6083,Dalaja,Luthra,choudhurypraneel@example.com,9637862825,2021-10-23,True
6084,Chanchal,Devan,ekaraj45@example.org,9999914300,2023-11-09,False
6085,Azaan,Reddy,omajatiwari@example.com,9759518656,2022-07-01,False
6086,Zayyan,Bains,etamagar@example.net,9406005325,2026-04-22,False
6087,Upma,Minhas,etak@example.org,9106983577,2023-08-24,False
6088,Raksha,Kade,frado27@example.org,9834573071,2022-06-14,False
6089,Dalbir,Dugar,maanav96@example.com,9738733417,2022-11-20,True
6090,Aditya,Pandit,kumarlajita@example.com,9784666271,2023-04-21,False
6091,Devansh,Deshmukh,champak13@example.net,9265373397,2026-02-08,False
6092,Jhalak,Behl,revapathak@example.org,9335549920,2025-12-05,False
6093,Lajita,Sheth,bakhshi19@example.org,9344365915,2023-06-09,True
6094,Naksh,Taneja,ojani@example.net,9568514237,2022-01-06,True
6095,Anya,Thakur,kala13@example.org,9384366113,2024-08-15,False
6096,Yashodhara,Mahal,wakeeta75@example.org,9297599890,2022-02-01,False
6097,Faraj,Comar,yadavharshil@example.net,9505285893,2021-12-07,True
6098,Nachiket,Chaudhuri,sarmaekaraj@example.net,9087798087,2024-02-03,True
6099,Gayathri,Reddy,anvisingh@example.net,9372830093,2021-11-18,False
6100,Oni,Kale,keyachawla@example.com,9022274217,2026-04-09,True
6101,Qadim,Sidhu,dbora@example.com,9018325512,2022-04-03,False
6102,Samarth,Kale,tripathiyuvraj@example.org,9933462264,2022-10-08,False
6103,Zehaan,Anne,cheemaveda@example.com,9259144738,2023-04-08,True
6104,Tristan,Kala,csoni@example.com,9628099560,2024-06-20,True
6105,Laksh,More,advaith84@example.com,9710027578,2026-02-14,True
6106,Odika,Zachariah,itaneja@example.org,9164902483,2025-11-24,False
6107,Rajata,Raghavan,rehaan67@example.com,9307287275,2025-06-07,False
6108,Tarak,Chhabra,hredhaanissac@example.org,9338607927,2023-12-22,True
6109,Netra,Devi,niteshdeshmukh@example.com,9446396392,2024-10-15,True
6110,Nisha,Chauhan,kram@example.com,9330241598,2023-10-06,True
6111,Anamika,Sankaran,ikurian@example.net,9471675694,2025-11-26,False
6112,Janani,Sandhu,zaid09@example.net,9890815506,2024-01-22,True
6113,Daniel,Jaggi,isharajagopal@example.net,9264085955,2022-05-02,False
6114,Chandani,Peri,odevi@example.net,9281605960,2024-04-27,True
6115,Liam,Rajagopalan,abuch@example.net,9778197673,2022-08-07,False
6116,Daksha,Chanda,alkasuresh@example.net,9560502065,2022-02-06,True
6117,Divya,Sethi,aryangole@example.com,9190536263,2024-11-14,True
6118,Yuvraj,Nanda,xbassi@example.net,9362566548,2022-06-17,False
6119,Chatura,Chopra,srinivaschandran@example.com,9821176439,2025-04-02,False
6120,Bachittar,Randhawa,iparikh@example.com,9750712972,2024-07-29,False
6121,Vamakshi,Chhabra,labanghosh@example.net,9754289005,2024-12-04,False
6122,Upadhriti,Mitter,venkataramanluke@example.net,9943050448,2023-04-18,False
6123,Dhruv,Sinha,chaitanyabains@example.net,9657879704,2022-05-21,False
6124,Diya,Solanki,kevin99@example.com,9321596682,2026-05-21,False
6125,Qadim,Sule,charansubramanian@example.org,9937073485,2025-02-12,False
6126,Vasudha,Narula,aarush09@example.com,9499375792,2025-09-30,False
6127,Dakshesh,Tiwari,jyoti31@example.com,9650434484,2024-12-20,False
6128,Rajata,Choudhry,saxenatriya@example.org,9623024829,2025-11-01,True
6129,Girik,Kakar,chaitanyadave@example.net,9725752262,2024-03-22,False
6130,Edhitha,Merchant,jagatnadig@example.org,9293011796,2026-02-13,True
6131,Janaki,Char,ikshita08@example.com,9491248668,2022-01-05,True
6132,Dalbir,Chopra,mugdha31@example.com,9377014389,2022-11-28,False
6133,Akshay,Mitter,netra35@example.net,9521101799,2022-12-29,False
6134,Christopher,Sharaf,wbarad@example.com,9729753335,2025-02-18,False
6135,Janya,Seth,michaelmody@example.com,9012884529,2024-11-17,True
6136,Vihaan,Kara,wishi26@example.net,9707279087,2023-08-13,True
6137,Samesh,Guha,purivansha@example.net,9507838865,2024-07-09,True
6138,Ishwar,Jha,chandani66@example.net,9522897533,2024-12-31,True
6139,Panini,Bhatia,battanihal@example.com,9698299769,2025-05-03,True
6140,Gaurav,Mander,kvarughese@example.net,9963277540,2024-05-09,True
6141,Jyoti,Parmer,hariadweta@example.net,9403628995,2024-04-25,False
6142,Barkha,Mukhopadhyay,vasudha92@example.net,9970926898,2022-08-16,True
6143,Luke,Chana,zachariaedhitha@example.net,9853392957,2026-03-02,True
6144,Libni,Palan,paikaran@example.com,9630800003,2026-03-20,False
6145,Imaran,Bakshi,hmahajan@example.org,9600910312,2026-01-15,False
6146,Chakradhar,Sehgal,chavvimanda@example.com,9462269640,2025-10-20,True
6147,Lekha,Kibe,qkaran@example.com,9554706078,2022-01-08,False
6148,Jasmit,Mukhopadhyay,satheisaiah@example.org,9989979011,2025-09-26,True
6149,Pooja,Dhawan,nayakyachana@example.net,9731450331,2024-09-18,True
6150,Krish,Kade,omkaar53@example.org,9208127499,2023-08-13,False
6151,Farhan,Ben,chatterjeegirik@example.org,9840172344,2024-11-27,False
6152,Wishi,Sur,nihal68@example.net,9082681542,2023-08-01,True
6153,Pranit,Buch,jtrivedi@example.org,9491981700,2022-07-22,False
6154,Kavya,Comar,asem@example.com,9443478217,2023-05-27,False
6155,Jack,Mander,jasmit05@example.com,9420244642,2026-01-04,False
6156,Hema,Pingle,harinigandhi@example.net,9924209042,2024-07-09,False
6157,Bishakha,Kaul,gautamguha@example.net,9780772244,2022-06-29,False
6158,Ati,Rastogi,raghavgoswami@example.com,9884593050,2025-04-12,True
6159,Vinaya,Prasad,matthew57@example.org,9492598764,2021-09-23,True
6160,Caleb,Rana,bkunda@example.net,9016442370,2022-03-28,False
6161,Bina,Boase,jasmit10@example.com,9177578612,2023-08-02,True
6162,Kashish,Tella,yradhakrishnan@example.org,9690911963,2022-12-17,False
6163,Viraj,Rama,kashviguha@example.com,9863070131,2024-11-24,False
6164,Sanaya,Vyas,kondayuvraj@example.net,9231649586,2023-09-26,False
6165,Faras,Tak,nagyalexander@example.org,9071460109,2024-07-08,False
6166,Yoshita,Solanki,amaraminhas@example.org,9113973031,2022-02-03,False
6167,Kala,Chatterjee,fwalla@example.com,9691076432,2024-12-24,False
6168,Samuel,Cheema,quincy43@example.net,9224429515,2023-08-10,True
6169,Chameli,Chandran,godadevika@example.org,9975260665,2023-11-08,True
6170,Tarak,Dasgupta,kapooraarnav@example.net,9637740194,2023-01-12,True
6171,Naveen,Trivedi,kalpit20@example.com,9330062305,2021-10-26,False
6172,Amruta,Sarraf,upasnasuri@example.org,9457346526,2025-08-26,True
6173,Devika,Varughese,hamsinichana@example.net,9917737660,2025-03-17,False
6174,Noah,Pillay,taraswamy@example.org,9457441539,2024-10-03,False
6175,Meghana,Bali,ybasu@example.com,9899401851,2024-01-23,True
6176,Pavani,Sharaf,mayaminhas@example.com,9618913493,2022-05-08,False
6177,Lavanya,Sinha,ekiya03@example.net,9109388829,2024-08-27,False
6178,Kritika,Handa,osolanki@example.net,9678988019,2025-01-20,False
6179,Nihal,Gera,girishlall@example.org,9112534044,2023-11-13,True
6180,Chaaya,Acharya,wdayal@example.org,9112596679,2024-07-25,False
6181,Nirja,Chaudhari,kakarrayaan@example.net,9530193633,2026-06-28,False
6182,Gauri,Sur,vamakshi78@example.net,9776127651,2023-09-30,False
6183,Nathaniel,Mukhopadhyay,ambledarpan@example.net,9690041813,2025-01-28,True
6184,Niharika,Dhawan,routlibni@example.com,9102011745,2022-07-12,True
6185,Yashasvi,Wali,aishanisekhon@example.com,9310110600,2023-07-13,False
6186,Abeer,Wali,urvashi37@example.org,9612455519,2024-09-07,False
6187,Devansh,Kapadia,nicholasdeol@example.com,9650980170,2024-07-31,False
6188,Omisha,Merchant,mandeshana@example.com,9884714351,2023-01-20,False
6189,Agastya,Batra,hemangini15@example.net,9284365685,2026-03-24,False
6190,Lipika,Subramanian,alka30@example.org,9789117456,2022-06-25,False
6191,Zarna,Natarajan,galaarin@example.com,9404834576,2026-02-21,False
6192,Kevin,Oza,ekansh32@example.org,9460778184,2023-04-17,True
6193,Upkaar,Pillay,clad@example.com,9505476744,2024-06-04,True
6194,Tanay,Bumb,xitisahni@example.com,9823627842,2023-04-15,True
6195,Vamakshi,Minhas,munshigautam@example.com,9175732283,2025-03-31,True
6196,Imaran,Hora,morarqabil@example.org,9028734036,2023-02-03,False
6197,Veda,Nayak,ldubey@example.com,9224293267,2023-10-04,False
6198,Ganga,Dua,venkataramankiaan@example.com,9075981731,2022-05-27,True
6199,Rajeshri,Bal,dattabhavna@example.net,9036036082,2025-07-25,False
6200,Zansi,Choudhry,sachi58@example.com,9987552810,2026-07-12,False
6201,Shivansh,Chopra,yauvaniratti@example.org,9552313358,2025-02-16,True
6202,Patrick,Ratti,anirudh38@example.com,9044860101,2025-01-05,False
6203,Samesh,Divan,agarwalchanakya@example.com,9219989396,2021-11-25,False
6204,Vritti,Hari,isaiahgoswami@example.com,9661420621,2023-10-23,False
6205,Balendra,Dubey,zarna89@example.org,9421711522,2023-03-29,False
6206,Jatin,Goswami,gautam52@example.com,9765592532,2023-10-30,False
6207,Nitesh,Nadig,sai59@example.com,9762492989,2025-02-23,True
6208,Hitesh,Vig,knarang@example.net,9828170262,2023-11-06,True
6209,Divya,Parmar,masonmenon@example.net,9316720838,2025-12-14,True
6210,Zarna,Mistry,qchakrabarti@example.org,9862265919,2023-12-16,True
6211,Advik,Sagar,ikurian@example.com,9055629755,2023-07-04,False
6212,Samaksh,Kumar,sarannoah@example.org,9985155388,2024-01-06,True
6213,Rachana,Seth,william84@example.com,9365927661,2022-08-09,True
6214,Saksham,Chaudry,wraju@example.org,9586504870,2026-04-18,False
6215,Sanya,Gaba,brijesh10@example.com,9764540560,2022-12-17,True
6216,Dalbir,Bhatnagar,jjhaveri@example.net,9565809053,2025-12-04,False
6217,Alexander,Pall,amrutasaini@example.com,9032403070,2023-06-27,True
6218,Caleb,Tella,anusha23@example.net,9489837638,2024-05-10,True
6219,Omisha,Bedi,tguha@example.net,9654774601,2022-04-12,False
6220,Bachittar,Loke,chatreshchad@example.com,9358751460,2022-01-10,True
6221,Logan,Murty,anirudharora@example.net,9584034499,2022-02-21,False
6222,Janya,Kurian,daliasiya@example.com,9495035449,2022-08-18,False
6223,Dipta,Kapoor,nadigzinal@example.net,9135512640,2021-10-12,False
6224,Saksham,Sehgal,ekanta98@example.net,9680666430,2025-03-01,False
6225,Shivani,Hari,cmurthy@example.org,9787362184,2025-11-25,True
6226,Ekavir,Sen,vkurian@example.com,9848911661,2025-09-04,False
6227,Wridesh,Majumdar,lmanne@example.org,9199143150,2026-06-02,True
6228,Ria,Batra,ochokshi@example.net,9020234925,2021-11-28,False
6229,Neha,Butala,andrewkashyap@example.net,9628981899,2023-07-13,False
6230,Nathaniel,Kunda,bhaktaubika@example.net,9269313241,2022-05-23,False
6231,Daniel,Behl,kabirpai@example.net,9163345342,2022-07-02,False
6232,Anirudh,Prakash,ikbal19@example.net,9310305270,2023-04-14,True
6233,Zayyan,Kumer,warrioranusha@example.com,9043807554,2021-11-13,False
6234,Gaurangi,Pathak,keya44@example.com,9264650723,2022-05-04,True
6235,Zaid,Mahajan,chaudhariradhika@example.org,9884483575,2023-06-08,True
6236,Dominic,Mistry,voraguneet@example.org,9262333296,2022-04-08,False
6237,Yagnesh,Bahri,deepbrijesh@example.com,9906473958,2021-11-13,False
6238,Arin,Chaudhary,tlalla@example.org,9170723089,2024-01-27,False
6239,Neha,Ravi,ndugar@example.net,9199788358,2023-11-24,True
6240,Rehaan,Majumdar,singhrachita@example.com,9036029193,2021-09-29,False
6241,Ijaya,Dara,udyatibhattacharyya@example.net,9810984465,2022-09-17,False
6242,Daksha,Wadhwa,poojapandya@example.org,9343040632,2024-07-09,False
6243,Maanav,Prabhakar,achada@example.org,9524154479,2026-06-14,True
6244,Gauri,Verma,nadkarniabeer@example.org,9208389211,2025-01-20,False
6245,Robert,Loke,haurora@example.com,9541838429,2023-05-13,True
6246,Omya,Kala,somniharika@example.net,9197301411,2022-05-17,True
6247,Chakradev,Menon,narayanannisha@example.com,9985864907,2024-11-18,False
6248,Jagat,Yogi,charles42@example.net,9116334016,2024-12-14,False
6249,Yuvraj,Kalita,karpesathvik@example.org,9736179844,2026-02-04,True
6250,Yahvi,Jain,vrishti44@example.net,9531241759,2022-06-22,False
6251,Omisha,Manne,sbajwa@example.com,9400149133,2025-09-17,False
6252,Chandresh,Loyal,zgandhi@example.org,9163157761,2024-07-23,True
6253,Turvi,Mani,inayanarang@example.net,9136493016,2023-12-19,True
6254,Kamya,Dey,psarraf@example.org,9434701492,2025-05-22,True
6255,Hardik,Bedi,krishatata@example.com,9289066904,2025-01-24,False
6256,Wriddhish,Saraf,sarthak04@example.com,9979697715,2025-04-25,False
6257,Libni,Bath,ysura@example.net,9001280024,2023-03-26,True
6258,Ekapad,Chacko,aurorayashawini@example.org,9533436594,2025-05-15,False
6259,Advik,Gokhale,rayqarin@example.net,9365956799,2025-08-19,False
6260,Dev,Mallick,wvala@example.net,9574945288,2022-11-29,True
6261,Ekaja,Batta,samarranganathan@example.com,9809227355,2026-02-22,False
6262,Suhani,Sinha,ndhingra@example.net,9987256937,2024-02-20,True
6263,Odika,Zacharia,balhaar55@example.org,9728583931,2023-05-22,False
6264,Dalaja,Acharya,mitalibath@example.com,9377150613,2026-01-21,False
6265,Chandresh,Rajagopal,chaitanya02@example.net,9807338304,2021-12-22,False
6266,Bina,Tailor,gaurang61@example.org,9365289393,2023-07-03,False
6267,Eshana,Tailor,saumya44@example.com,9825742377,2023-02-10,True
6268,Azaan,Lad,teerthmammen@example.com,9303951946,2026-02-18,False
6269,Urvashi,Viswanathan,pchowdhury@example.net,9503854336,2024-11-27,False
6270,Irya,Varughese,koshyonveer@example.net,9096672162,2024-03-22,False
6271,Qushi,Oak,iyogi@example.com,9347585080,2025-11-21,False
6272,Pushti,Bhatt,munshiunnati@example.org,9652846159,2024-12-05,True
6273,Ekani,Mital,jagdishbail@example.com,9106568867,2023-08-25,True
6274,Lakshit,Ganesh,wnath@example.net,9999331299,2023-08-28,True
6275,Jai,Parekh,yashandra@example.net,9051665234,2023-07-19,False
6276,Ekansh,Maharaj,vnori@example.com,9499816484,2024-12-03,True
6277,Quincy,Luthra,jagatmenon@example.org,9560341146,2023-02-09,False
6278,Indira,Natarajan,harsh28@example.org,9949305534,2022-01-30,False
6279,Ayushman,Mody,ssetty@example.net,9041145753,2023-06-14,False
6280,Forum,Bhattacharyya,suhani46@example.org,9678083124,2025-04-04,True
6281,Ishita,Hora,surmitesh@example.net,9299552157,2023-01-09,True
6282,Viraj,Chaudhary,saanvi55@example.com,9968413892,2026-01-16,False
6283,Udyati,Nayak,jaurora@example.net,9569202835,2022-09-13,False
6284,Yashica,Seshadri,esankaran@example.org,9158417147,2024-10-21,True
6285,Ekani,Buch,shuklamitali@example.net,9515203508,2023-06-10,True
6286,Meera,Vora,bbalakrishnan@example.com,9844964113,2024-09-06,True
6287,Oliver,Subramanian,bainslajita@example.net,9821929024,2024-04-05,False
6288,Azaan,Sarraf,sgole@example.net,9644998159,2024-06-20,False
6289,Guneet,Shankar,pmadan@example.com,9021970206,2023-06-09,False
6290,Amrita,Varughese,omkaarkapoor@example.com,9863415213,2026-04-23,False
6291,Oviya,Srinivasan,girish71@example.com,9485907138,2023-09-09,True
6292,Gauri,Ramaswamy,jalsa86@example.org,9624843889,2023-06-01,True
6293,Vincent,Barman,bhavika98@example.org,9895812386,2025-06-07,False
6294,Theodore,Shere,bbala@example.net,9607804990,2023-06-04,False
6295,Sathvik,Gaba,ghayre@example.org,9517769836,2025-08-06,False
6296,Jai,Khatri,pateldaksh@example.net,9542401282,2025-08-30,True
6297,Rehaan,Chadha,brinda21@example.org,9588706570,2023-02-06,False
6298,Abha,Loke,mason09@example.net,9148185480,2024-09-03,True
6299,Advay,Batta,george68@example.com,9052935410,2025-06-01,False
6300,Udant,Sekhon,chatreshwadhwa@example.net,9225746544,2026-01-10,True
6301,Balveer,Sankar,adyamerchant@example.net,9680234070,2023-02-05,True
6302,Nirja,Sarma,pushtibarman@example.org,9880381459,2021-09-02,True
6303,Wakeeta,Arya,jvora@example.com,9814944111,2024-12-11,True
6304,Adweta,Sachdev,avni89@example.net,9709649654,2024-09-27,True
6305,Chatura,Bhakta,toorarjun@example.com,9350153484,2022-10-02,True
6306,Dominic,Mody,ovohra@example.net,9090907170,2022-08-21,False
6307,Aryan,Goel,contractorudarsh@example.org,9278091191,2024-02-06,False
6308,Yasti,Gulati,nsuresh@example.com,9671949556,2026-03-28,False
6309,Qadim,Buch,sabharwalcharles@example.net,9840387535,2026-06-01,False
6310,Kritika,Purohit,rohanmutti@example.com,9679538377,2022-09-02,False
6311,Gaurangi,Solanki,balhaar57@example.net,9376028855,2022-10-05,True
6312,Yasti,Bahri,dattaaadhya@example.com,9141225804,2025-11-19,True
6313,Adya,Parsa,contractoraarush@example.com,9596728784,2022-03-23,True
6314,Janaki,Ramachandran,gwali@example.com,9321623926,2024-07-28,False
6315,Vritti,Goyal,aahana43@example.net,9077442149,2024-05-23,True
6316,Chaitanya,Mohanty,tlad@example.net,9764415079,2024-05-13,True
6317,Zinal,Naik,maanassarin@example.com,9252871694,2023-10-05,False
6318,Aahana,Gandhi,vasudha96@example.org,9578461138,2023-10-10,False
6319,Dhriti,Chakrabarti,abduldeol@example.net,9990303720,2024-08-31,True
6320,Oeshi,Dugar,ayushman57@example.com,9214974210,2025-02-26,True
6321,Pooja,Mallick,bsibal@example.org,9760760694,2022-09-13,False
6322,David,Deol,qadimpai@example.net,9852384164,2026-05-10,True
6323,Saumya,Mohanty,bkunda@example.org,9807681301,2021-08-07,True
6324,Vivaan,Narain,qchada@example.net,9492361167,2025-09-10,True
6325,Abha,Sem,amritachandra@example.org,9702729355,2026-06-01,False
6326,Urvashi,Kibe,yashawiniranganathan@example.net,9717750248,2023-03-18,False
6327,Jack,Dhaliwal,rattafaraj@example.net,9559892837,2025-07-13,True
6328,Isha,Golla,reyanshpall@example.com,9551519275,2023-12-14,False
6329,Girindra,Agate,wsundaram@example.net,9588346258,2021-12-31,False
6330,Brinda,Chowdhury,biswasisaac@example.com,9880281259,2024-07-27,True
6331,Amrita,Garde,chandresh43@example.com,9426204714,2026-02-20,False
6332,Bachittar,Trivedi,kundachavvi@example.net,9795343306,2024-11-28,True
6333,Pahal,Ravel,malhotraharinakshi@example.org,9369238220,2024-09-21,True
6334,Advay,Goswami,darsh28@example.net,9468305378,2024-03-13,True
6335,Andrew,Vora,gsami@example.org,9986486466,2024-03-22,True
6336,Ryan,Patla,yuvrajvig@example.com,9712122701,2022-06-01,False
6337,Lakshit,Kar,sai37@example.net,9393250192,2022-11-26,False
6338,Vaishnavi,Chandran,psinha@example.net,9031053718,2021-11-09,True
6339,Manan,Bail,yug37@example.net,9753128479,2023-09-18,True
6340,Yatan,Kant,patlalucky@example.org,9664445074,2023-02-25,True
6341,Faqid,Sood,uvenkataraman@example.org,9005752575,2025-12-02,False
6342,Rayaan,Rai,krish89@example.com,9681063007,2022-12-17,False
6343,Gunbir,Garde,ppadmanabhan@example.net,9538218108,2026-05-07,False
6344,Nilima,Mangat,anjalikaul@example.org,9147493549,2024-03-02,True
6345,Jack,Agrawal,hprabhu@example.com,9769879608,2025-05-13,False
6346,Daniel,Jayaraman,amrita27@example.com,9293177077,2022-09-02,True
6347,Wyatt,Banerjee,lsani@example.com,9162031591,2024-05-12,True
6348,Unnati,Hayre,muniraghav@example.org,9596160505,2021-10-16,True
6349,Yatin,Natarajan,varughesesamar@example.net,9604008198,2022-09-21,True
6350,Nitesh,Dhar,maanavaurora@example.org,9655642458,2022-02-23,True
6351,Sneha,Dutta,mohinichaudry@example.org,9422261673,2023-08-22,False
6352,Mekhala,Roy,pillairobert@example.net,9944524905,2024-01-19,False
6353,Ekansh,Kanda,samarsengupta@example.org,9535795394,2024-06-06,False
6354,Janya,Date,nagyharshil@example.com,9473653193,2023-03-26,False
6355,Neelima,Radhakrishnan,maanas03@example.com,9461280543,2026-06-16,True
6356,Harish,Jha,nakshpingle@example.net,9560010145,2024-03-02,False
6357,Veda,Khanna,omaharaj@example.com,9482623298,2025-01-19,False
6358,Gunbir,Thakur,thamanmeera@example.org,9591247043,2022-05-23,True
6359,Maanav,Kurian,chatterjeebaghyawati@example.net,9214171019,2022-05-04,False
6360,Eiravati,Mane,galamichael@example.com,9806420488,2025-03-09,False
6361,Robert,Joshi,anmolbhatia@example.net,9268397007,2023-03-07,False
6362,Amruta,Natarajan,ishaanandra@example.org,9361150647,2024-07-31,True
6363,Lajita,Randhawa,hariomaja@example.org,9107647340,2023-08-09,False
6364,Pushti,Chaudhuri,balendra61@example.com,9854600811,2025-11-09,True
6365,Bimala,Rattan,abhimanyu32@example.org,9772615684,2023-07-05,False
6366,Yagnesh,Choudhry,saanvi68@example.net,9463883486,2023-05-05,False
6367,Ayaan,Bora,devika50@example.net,9252843129,2024-09-20,False
6368,Anita,Karpe,karanbaljiwan@example.org,9529472390,2021-08-24,False
6369,Keya,Sehgal,yauvanidugar@example.com,9244233113,2023-02-26,True
6370,Sneha,Subramanian,aradhanadewan@example.org,9769797099,2026-04-16,True
6371,Amara,Patla,loganbalan@example.com,9979884554,2022-12-09,True
6372,Vamakshi,Kanda,palanzansi@example.org,9630818328,2022-07-25,True
6373,Ishani,Nanda,bgokhale@example.com,9687987605,2022-05-03,False
6374,Krishna,Seth,gdevi@example.net,9246358593,2022-10-17,False
6375,Ekbal,Bhargava,indali65@example.com,9680178292,2025-02-26,False
6376,Yashawini,Verma,fitan55@example.net,9196578169,2022-07-06,False
6377,Unni,Dora,jackkrishna@example.net,9041535481,2023-02-28,True
6378,Upma,Bassi,priyavarkey@example.net,9200582093,2024-06-30,True
6379,Shravya,Manne,dhruv81@example.com,9695071415,2025-11-01,False
6380,Chatura,Kumer,dpanchal@example.org,9118728843,2024-05-20,False
6381,Unni,Batta,kavyaraja@example.com,9116998607,2025-10-08,True
6382,Chandani,Balakrishnan,imaranbalasubramanian@example.com,9953250858,2021-10-17,False
6383,Adya,Dey,jseth@example.com,9966824947,2023-11-08,False
6384,Krisha,Gour,raksha69@example.org,9465840352,2025-01-15,False
6385,Logan,Bora,daksheshmani@example.org,9784437100,2023-07-12,True
6386,Girik,Nagarajan,gautamdora@example.org,9408063763,2022-03-01,True
6387,Gayathri,Thaman,tbains@example.com,9132931137,2022-06-15,False
6388,Xavier,Mane,balendravaidya@example.com,9370126770,2025-04-23,True
6389,Amrita,Bhatnagar,kabir82@example.com,9883144682,2022-01-24,True
6390,Amrita,Bahl,aroravyanjana@example.net,9498006595,2023-06-21,False
6391,Zayyan,Singh,vasudha65@example.org,9396013132,2022-04-30,False
6392,Ayush,Sunder,karonkar@example.com,9727122463,2024-03-14,False
6393,Adweta,Chada,yamini69@example.org,9502850146,2026-01-11,True
6394,Tanmayi,Sarma,indalijani@example.net,9686669617,2021-11-25,False
6395,Qabil,Solanki,vpalla@example.net,9110724835,2022-06-20,True
6396,Ojasvi,Sridhar,cheemaatharv@example.org,9775658695,2023-11-23,False
6397,Nandini,Srinivasan,haritagrewal@example.net,9219766458,2022-01-07,False
6398,Unni,Chadha,regeati@example.com,9700246295,2024-10-22,False
6399,Ladli,Toor,parsaelijah@example.org,9947259487,2025-09-02,False
6400,Lekha,Dani,rachitavarghese@example.com,9314000237,2025-03-15,False
6401,Vansha,Kala,xbalakrishnan@example.org,9713644592,2023-08-19,True
6402,Panini,Kurian,xzacharia@example.org,9246125595,2025-02-04,True
6403,Quincy,Koshy,vermautkarsh@example.org,9425603518,2023-05-29,False
6404,Urmi,Jani,hemangthaker@example.com,9860615048,2024-08-19,True
6405,Damyanti,Varghese,nmuni@example.net,9002089140,2025-02-09,False
6406,Arya,Rau,lmalhotra@example.com,9941827543,2021-12-03,False
6407,Unnati,Choudhry,fitan74@example.com,9157499647,2022-12-18,False
6408,Teerth,Saraf,ubutala@example.org,9761470279,2023-10-09,False
6409,David,Kumar,gbora@example.org,9724789146,2024-07-17,True
6410,Wriddhish,Mahal,nbumb@example.net,9240012029,2025-11-02,True
6411,Inaya,Parmar,jairaj72@example.com,9731293404,2025-06-07,True
6412,Nitesh,Chander,singhzayyan@example.com,9602671406,2022-11-01,False
6413,Aryan,Rajan,devsathe@example.net,9864897143,2025-04-07,True
6414,Nitara,Barad,varkeymadhavi@example.com,9800013303,2024-01-12,True
6415,Akshay,Gokhale,vasana51@example.org,9819390154,2021-10-04,False
6416,Edhitha,Rao,nilimanarang@example.net,9519753989,2024-07-12,True
6417,Chaaya,Sengupta,kandra@example.com,9158631959,2021-12-25,False
6418,Yatan,Om,abhargava@example.org,9248139294,2023-02-22,False
6419,Zilmil,Srivastava,vyanjanasahni@example.com,9114020073,2022-07-24,True
6420,Arjun,Raja,nitesh67@example.com,9676391710,2024-01-09,True
6421,Yatin,Krishnan,bandimitali@example.org,9864792317,2024-11-01,True
6422,Faris,Chaudhari,ridhi88@example.org,9448156426,2024-01-28,True
6423,Rudra,Sandhu,irya91@example.com,9116131489,2025-04-21,True
6424,Ethan,Narayan,isaac46@example.org,9301371893,2022-10-27,False
6425,Unni,Ranganathan,ipingle@example.net,9685307440,2022-05-17,False
6426,Anusha,Gupta,qsampath@example.com,9469024666,2023-12-09,False
6427,Isha,Batra,taraborra@example.net,9893319472,2023-08-11,False
6428,Gaurangi,Gala,chakradhar71@example.net,9631429185,2022-03-14,True
6429,Lopa,Vala,hdubey@example.org,9439081597,2023-02-27,False
6430,Matthew,Loyal,isaacchacko@example.com,9942968945,2025-10-10,True
6431,Joshua,Vala,vganguly@example.com,9071870975,2022-09-18,False
6432,Ekta,Bhattacharyya,kabirbadal@example.net,9713738849,2024-04-09,False
6433,Zaitra,Gupta,william58@example.com,9972779134,2024-08-05,True
6434,Chandresh,Mandal,maanasraju@example.org,9676456879,2024-02-29,True
6435,Mitali,Prasad,dramachandran@example.net,9863405829,2021-11-11,False
6436,Upadhriti,Bawa,pahal83@example.org,9273594714,2024-08-11,False
6437,Geetika,Khatri,azad10@example.net,9986647990,2025-06-05,True
6438,Rehaan,Singh,sawhneyanita@example.org,9487500298,2022-01-02,False
6439,Nisha,Narang,bahadurjit42@example.net,9168516357,2025-10-16,False
6440,Nachiket,Ahuja,pcheema@example.net,9836164569,2023-06-22,True
6441,Kevin,Bobal,hchad@example.net,9958824278,2022-02-18,True
6442,Bahadurjit,Yadav,christopherbhakta@example.org,9753714227,2024-12-21,True
6443,Chakradhar,Kibe,zganesh@example.com,9433278855,2025-09-06,True
6444,Aadhya,Dave,fdhawan@example.com,9730236031,2025-03-01,True
6445,Jagvi,Barad,wprabhu@example.org,9739920517,2025-07-15,False
6446,Frederick,Uppal,mkrishnamurthy@example.com,9423181140,2025-09-06,True
6447,Xavier,Chatterjee,satheinaya@example.com,9832670456,2026-05-01,False
6448,Saumya,Salvi,chakrikavarughese@example.com,9547223030,2025-12-30,True
6449,Ganga,Kapur,wbansal@example.com,9768020347,2023-01-19,True
6450,Yagnesh,Konda,deshmukhnicholas@example.com,9808108887,2022-01-31,False
6451,Ryan,Mohanty,deepa80@example.net,9773834536,2024-04-28,False
6452,Tristan,Mutti,tnadig@example.com,9838905052,2024-12-13,False
6453,Yashoda,Sabharwal,ysur@example.com,9640600930,2023-08-27,True
6454,Upadhriti,More,balanradha@example.net,9392494840,2023-07-21,True
6455,Harish,Karnik,ranbirsom@example.net,9742842851,2025-04-18,False
6456,Warda,Patil,znarasimhan@example.com,9884691816,2024-05-12,True
6457,Abha,Saraf,krishnavarghese@example.net,9052457951,2025-04-17,True
6458,Chakradev,Prashad,janani27@example.com,9165532266,2023-09-21,True
6459,Parth,Sandal,ekavir97@example.com,9212663505,2025-08-19,False
6460,Aarnav,Narula,somanyahvi@example.net,9766342833,2022-10-01,False
6461,Sarthak,Uppal,ishanvisarkar@example.org,9737119182,2021-08-09,False
6462,Nandini,Agate,ira40@example.net,9682301134,2026-03-10,True
6463,Onveer,Sama,gaurangi12@example.net,9783481957,2022-06-01,True
6464,Devika,Ratta,vamakshibala@example.net,9035529709,2024-12-27,True
6465,Ganga,Balakrishnan,shettyurishilla@example.org,9733832976,2022-05-14,True
6466,Indrajit,Kohli,viswanathanyatin@example.org,9658942783,2026-04-22,False
6467,Farhan,Sama,ishani37@example.com,9614180137,2024-02-20,False
6468,Qasim,Patel,gbuch@example.com,9714227541,2021-12-27,False
6469,Eesha,Seth,nimrat85@example.net,9420667124,2023-11-13,False
6470,Amara,Kaur,yashoda54@example.org,9098609784,2025-11-20,True
6471,Reyansh,Vohra,qasimmodi@example.org,9811236293,2026-03-15,False
6472,Max,Toor,fsekhon@example.net,9731350357,2023-10-04,True
6473,Yug,Kohli,avi39@example.com,9886304074,2022-06-14,True
6474,Yahvi,Tella,pravel@example.org,9836746330,2023-08-29,False
6475,Brinda,Madan,xshere@example.org,9276806704,2026-04-27,True
6476,Chanakya,Hayre,bishakhagulati@example.net,9069035564,2022-03-21,False
6477,Libni,Sengupta,charananand@example.com,9912218980,2023-05-17,True
6478,Maanas,Sarin,devanshatwal@example.org,9388086296,2025-01-16,False
6479,Onveer,Dixit,jacobcheema@example.net,9226675553,2026-03-02,True
6480,Robert,Sodhi,ekantasood@example.net,9987346893,2022-05-24,True
6481,Harita,Devi,kumersuhani@example.net,9599386938,2023-04-25,False
6482,Balendra,Konda,advika72@example.net,9959421145,2025-12-08,False
6483,Hiral,Purohit,sundaramyashvi@example.org,9481890290,2022-05-21,True
6484,Faris,Walia,kumarbalendra@example.com,9294883181,2021-08-07,False
6485,Balendra,Suresh,parsavrishti@example.org,9773398714,2021-11-26,True
6486,Megha,Bora,yash22@example.org,9325440813,2025-10-03,False
6487,Noah,Sundaram,vsarkar@example.org,9115136651,2023-07-29,False
6488,Arin,Sant,zbuch@example.org,9384346318,2023-12-29,True
6489,Saanvi,Ramachandran,gandhidayita@example.org,9629378954,2022-01-03,True
6490,Anamika,Sunder,lsrivastava@example.org,9208284188,2026-06-05,False
6491,Aradhana,Sachdev,amrita71@example.org,9686436812,2025-12-13,True
6492,Ekalinga,Bumb,qkalla@example.org,9052156278,2023-05-01,False
6493,Ekavir,Dass,anyadhingra@example.net,9926476965,2021-12-30,False
6494,Yatan,Arora,vorageetika@example.org,9773095597,2025-05-19,True
6495,Ishwar,Lalla,rachitachar@example.com,9159120464,2024-01-27,False
6496,Chaitaly,Ravel,upmalall@example.org,9397466993,2024-02-24,False
6497,Rachita,Mital,parekhtriya@example.com,9207248631,2022-02-21,False
6498,William,Mahajan,timothychander@example.org,9201607626,2024-06-13,True
6499,Ayushman,Sandhu,ayaan36@example.net,9406972257,2023-02-25,True
6500,Yatan,Bir,hritikbansal@example.com,9264272516,2021-11-20,True
6501,Osha,Lal,fsuresh@example.com,9535434699,2024-03-03,True
6502,Alexander,Nanda,gbhatnagar@example.org,9878177097,2024-11-26,False
6503,Reyansh,Grewal,sathviksaxena@example.org,9235142354,2024-01-26,True
6504,Yash,Goswami,advay86@example.org,9283168268,2026-01-27,False
6505,Parth,Solanki,varghesenilima@example.net,9502136080,2024-11-10,False
6506,Chakradev,Kapoor,somananika@example.net,9274489988,2022-07-29,True
6507,Lakshmi,Keer,xiti42@example.com,9250411855,2024-12-20,True
6508,Ijaya,Sridhar,bchaudhuri@example.net,9288346909,2021-07-26,False
6509,Krisha,Pai,zayan56@example.net,9335252615,2026-06-22,False
6510,Quincy,Raj,benedhitha@example.net,9625066803,2024-11-06,False
6511,Charan,Ganguly,hnadig@example.net,9635373234,2023-02-09,False
6512,Christopher,Badami,kumarwaida@example.com,9694592680,2026-03-09,False
6513,Ucchal,Karnik,batraeta@example.org,9336314546,2022-04-16,True
6514,Janani,Gole,hiralprakash@example.com,9196757761,2025-04-11,True
6515,Amara,Tella,maharajnicholas@example.net,9100062182,2023-05-10,True
6516,Jyoti,Vyas,zjani@example.org,9878931489,2022-01-28,False
6517,Chasmum,Mallick,qabil66@example.com,9457026914,2025-11-24,True
6518,Advaith,Kurian,prabhuadya@example.org,9273345056,2023-03-02,False
6519,Jalsa,Kalla,vansha62@example.org,9622882960,2025-07-06,False
6520,Jason,Kashyap,urmi96@example.com,9994356951,2023-07-06,False
6521,Chanchal,Shroff,dalaja34@example.net,9677873715,2023-02-14,True
6522,Xalak,Hegde,dakshbehl@example.com,9277271135,2024-12-18,True
6523,Aradhana,Sunder,gangulyrachita@example.com,9365073314,2021-10-19,False
6524,Vaishnavi,Kurian,nicholassarin@example.org,9021230908,2025-03-10,False
6525,Indrajit,Dutt,thakurhemal@example.net,9306563353,2024-10-21,True
6526,Jasmit,Issac,deshpandeaashi@example.org,9865723640,2023-04-01,False
6527,Arjun,Rajagopalan,dnagi@example.net,9919755549,2021-09-09,True
6528,Brinda,Suresh,parmerradhika@example.com,9295263590,2023-12-05,False
6529,Sai,Mahal,ayushshetty@example.com,9776613030,2025-01-09,True
6530,Abdul,Cherian,lekha77@example.org,9188422478,2023-03-30,True
6531,David,Rajagopalan,arinoza@example.net,9543812858,2023-02-20,False
6532,Anamika,Kakar,atwalqarin@example.com,9126035425,2026-04-26,False
6533,Jagrati,Murthy,bobalranbir@example.org,9644739847,2021-10-29,False
6534,Upma,Mangal,nparsa@example.org,9285527993,2024-10-24,False
6535,Meera,Golla,chasmum80@example.org,9031748704,2022-05-12,False
6536,Ucchal,Sarraf,ykorpal@example.org,9781806597,2023-07-09,False
6537,Tejas,Wagle,mitrawilliam@example.com,9973351155,2022-10-27,False
6538,Aachal,Chakrabarti,vasatika79@example.org,9585309226,2024-10-15,False
6539,Janya,Vasa,warinderthakur@example.org,9449328955,2025-05-24,False
6540,Ishaan,Varty,narayanranbir@example.net,9378512229,2024-09-02,True
6541,Teerth,Natt,amagar@example.org,9056141048,2025-11-07,False
6542,Lajita,Toor,coza@example.org,9468472896,2023-06-18,False
6543,Aarav,Dash,finnsant@example.com,9397126377,2023-02-16,True
6544,Varsha,Jaggi,chauhanbrinda@example.org,9850708517,2024-12-31,False
6545,Sachi,Oak,rattafaras@example.org,9277988533,2025-03-31,True
6546,Gautam,Iyer,bassivasana@example.net,9283679612,2021-08-21,True
6547,Vyanjana,Pathak,nbabu@example.org,9214181843,2025-07-25,True
6548,Charan,Chandra,bmander@example.org,9972234215,2024-02-15,True
6549,Teerth,Bandi,shankai@example.net,9923657989,2022-06-12,True
6550,Bhanumati,Sant,rachita49@example.org,9260421725,2023-12-01,True
6551,Balhaar,Chandra,rachita12@example.com,9139053626,2022-03-01,True
6552,Raksha,Tara,katafalak@example.org,9899096959,2024-01-16,False
6553,Mahika,Ramakrishnan,nachiketmitra@example.org,9580736561,2022-04-08,False
6554,Yoshita,Sethi,chandresh74@example.net,9911553901,2024-07-31,True
6555,Reva,Handa,omannan@example.com,9070192950,2024-07-28,False
6556,Banjeet,Venkataraman,framakrishnan@example.org,9916504939,2026-01-13,False
6557,Charan,Palan,mittaldamyanti@example.org,9185120362,2025-03-07,True
6558,Gautami,Kanda,krishanatarajan@example.com,9436942075,2023-12-16,False
6559,Maanas,Nagy,noah34@example.net,9932415688,2021-11-26,True
6560,Sudiksha,Dhawan,rachita00@example.com,9388950180,2024-05-21,False
6561,Fariq,Andra,jackson19@example.org,9145041158,2022-08-25,False
6562,Laksh,Vyas,dhritithaman@example.com,9770298071,2024-09-10,False
6563,Oviya,Bala,kevin85@example.net,9625581366,2025-01-14,False
6564,Frado,Walia,behltanvi@example.org,9459552122,2022-06-14,False
6565,Falguni,Pingle,ghanda@example.net,9440456847,2025-06-09,True
6566,Eshana,Sarkar,lajitadada@example.com,9229271069,2025-08-30,True
6567,Nidra,Sekhon,gayathri83@example.org,9108123489,2023-09-02,True
6568,Quincy,Kala,omanne@example.com,9118659817,2025-03-25,False
6569,Abdul,Batta,zmander@example.com,9130303562,2023-01-24,True
6570,Frederick,Gupta,agastya64@example.com,9209587601,2022-12-04,True
6571,Gautam,Khalsa,chandreshnori@example.com,9151959337,2022-10-04,False
6572,Jhalak,Buch,upkaarwalla@example.com,9399754682,2023-03-13,True
6573,Yashawini,Nori,hhora@example.org,9573340533,2026-05-10,True
6574,Abhiram,Garde,mnori@example.org,9665093730,2022-01-16,False
6575,Hardik,Sachar,ekavirsom@example.com,9220103283,2022-04-17,True
6576,Fitan,Bhatti,guhaturvi@example.com,9729564694,2025-09-22,True
6577,Ethan,Koshy,shanluke@example.org,9610283496,2021-07-29,True
6578,Netra,Chokshi,smalhotra@example.net,9312306812,2024-04-11,False
6579,Yashica,Som,chaddarsh@example.org,9527061226,2021-11-13,True
6580,Omya,Chandran,oscar45@example.net,9641458231,2023-04-08,True
6581,Charvi,Gala,oissac@example.org,9077375347,2023-11-15,False
6582,Udyati,Mall,amishra@example.org,9305541212,2024-03-09,True
6583,Maanav,Venkatesh,gaurikumar@example.com,9106014033,2024-11-02,False
6584,Warhi,Sane,deshpandetristan@example.com,9791003316,2025-05-31,True
6585,Kamya,Andra,cgokhale@example.com,9098679514,2023-04-11,False
6586,Dev,Ratti,yahvi55@example.net,9775448160,2025-04-14,True
6587,Gagan,Swaminathan,fariqpant@example.com,9639627954,2023-04-05,False
6588,Dalbir,Memon,sanghvibhavika@example.net,9710270493,2026-06-04,False
6589,Lavanya,Mahajan,chaudhryurishilla@example.com,9449401361,2025-01-19,True
6590,Banjeet,Sharma,jackson10@example.org,9012837025,2025-01-12,False
6591,Parth,Balay,vincentpatla@example.com,9204389500,2024-05-27,True
6592,Anvi,Biswas,ekanshramachandran@example.com,9871205012,2022-10-24,True
6593,Samarth,Deshmukh,ubuch@example.org,9209046612,2024-12-21,True
6594,Xavier,Borde,paumeera@example.net,9717162678,2022-09-02,False
6595,Farhan,Madan,lekha74@example.net,9750261586,2022-06-25,False
6596,Krishna,Bora,dalajasen@example.org,9761379886,2025-07-07,False
6597,Chaitaly,Krishnamurthy,varenya37@example.net,9626591179,2024-11-18,False
6598,Robert,Butala,sunderorinder@example.net,9388834025,2025-11-08,True
6599,Libni,Gade,ikakar@example.org,9869273210,2026-01-13,False
6600,Tamanna,Khanna,yseshadri@example.com,9244356480,2025-08-29,True
6601,Yadavi,Kumar,rameshkevin@example.com,9930579643,2026-03-27,False
6602,Saumya,Handa,bhavaniprashad@example.org,9246442872,2023-01-06,False
6603,Tristan,Chaudhry,abhimanyumajumdar@example.org,9051294869,2023-03-05,True
6604,Forum,Bahri,jagrati36@example.net,9403527032,2021-08-12,True
6605,Ryan,Saini,karlakshmi@example.org,9639838424,2026-03-12,True
6606,Fitan,Doctor,agarwalinaya@example.com,9135262289,2025-11-28,False
6607,George,Badal,brijesh00@example.net,9919765794,2022-07-24,False
6608,Charan,Patla,guhaharrison@example.net,9711170878,2022-10-07,True
6609,Michael,Kaur,gauri47@example.com,9847675063,2023-12-11,True
6610,Zayyan,Sibal,magarbhavna@example.com,9274076644,2024-01-04,False
6611,Jackson,Bawa,kdara@example.org,9084122203,2026-02-28,True
6612,Wakeeta,Sant,rjohal@example.net,9429184612,2022-09-27,False
6613,Xavier,Chopra,mangalbahadurjit@example.net,9653402926,2024-11-05,False
6614,Watika,Kalla,sampathsneha@example.net,9504374431,2025-05-09,True
6615,Januja,Lad,udarshsetty@example.org,9801870528,2023-09-24,True
6616,Irya,Kaur,dadaishani@example.net,9707914813,2025-12-20,False
6617,Nihal,Varkey,ahujayutika@example.com,9044159385,2022-01-06,True
6618,Ekavir,Virk,mandkrishna@example.net,9964533715,2026-07-25,True
6619,Upma,Lala,veergupta@example.com,9341182514,2026-02-07,True
6620,Mugdha,Krishna,dharoliver@example.net,9483022048,2025-04-15,True
6621,Omkaar,Vora,qmorar@example.org,9943586213,2022-08-06,False
6622,Anamika,Buch,sridharjackson@example.net,9780988659,2025-12-24,False
6623,Indira,Mitra,tailorsamuel@example.org,9342513861,2025-04-19,False
6624,Eiravati,Nadig,enarain@example.com,9394262061,2026-06-02,True
6625,Chaaya,Kannan,zarna52@example.org,9584708541,2022-08-30,True
6626,Bhavini,Mahajan,jvig@example.com,9300507353,2024-05-08,False
6627,Rayaan,Gola,dayamai49@example.org,9957978612,2026-04-25,False
6628,Nidra,Amble,kalaaachal@example.org,9225624677,2024-04-21,False
6629,Faras,Randhawa,oreddy@example.org,9317211624,2023-12-08,False
6630,Onkar,Bhavsar,eraja@example.net,9760004083,2026-05-25,True
6631,Rehaan,Sant,yray@example.com,9260895588,2023-04-04,False
6632,Urvashi,Dani,johalganga@example.net,9584537797,2023-07-28,True
6633,Bhavika,Dani,amukherjee@example.com,9715929121,2023-09-02,False
6634,Hiral,Thakur,zbala@example.com,9320804689,2022-02-03,True
6635,Charan,Thaker,bnanda@example.com,9334598407,2022-06-24,False
6636,Turvi,Narang,chakrikasekhon@example.net,9693895020,2021-08-18,False
6637,Ekiya,Goyal,mitali42@example.com,9245861347,2024-10-19,False
6638,Falan,Murthy,abeer01@example.org,9880143418,2023-01-14,False
6639,Barkha,Parmar,zarnaacharya@example.com,9772243390,2024-12-06,False
6640,Diya,Mody,noahkapur@example.org,9012512833,2025-08-09,False
6641,Anay,Sarraf,banerjeeshaurya@example.org,9224279316,2024-11-30,True
6642,Warinder,Dhar,frederick80@example.net,9147841523,2024-08-10,False
6643,Yashawini,Dubey,horaethan@example.org,9438701769,2023-04-24,False
6644,Imaran,Mangal,dixitucchal@example.net,9491929337,2022-12-31,True
6645,Sanya,Mital,veer55@example.org,9629420476,2023-04-29,False
6646,Vivaan,Anand,borahom@example.org,9514498427,2025-10-08,False
6647,Kashvi,Sawhney,balanjacob@example.org,9739786451,2024-12-19,True
6648,Vedika,Verma,anirudh51@example.net,9097013150,2026-03-02,True
6649,Bakhshi,Sandal,shivanigarde@example.net,9741278222,2023-03-16,False
6650,Bhavini,Golla,noahdhar@example.net,9309701268,2022-09-14,False
6651,Harsh,Keer,amritadave@example.org,9743622398,2023-02-25,True
6652,Vasudha,Bhalla,rajupavani@example.org,9943972422,2025-04-17,True
6653,Ranbir,Merchant,qdugar@example.net,9075227758,2025-11-21,False
6654,Siya,Dara,vivaan65@example.org,9934797032,2025-12-31,True
6655,Chaitaly,Bava,bimala65@example.com,9594836792,2022-02-02,False
6656,Chaitaly,Parmer,schhabra@example.org,9107579188,2022-11-18,False
6657,Panini,Sandhu,somandavid@example.org,9363530046,2024-08-04,False
6658,Naksh,Dugar,lvarughese@example.net,9075359482,2025-10-22,True
6659,Ethan,Rai,devkarpe@example.org,9851663184,2026-06-24,False
6660,Victor,Mangal,harichameli@example.com,9708177534,2023-05-05,False
6661,Thomas,Solanki,vaishnavi99@example.net,9455309527,2025-02-08,True
6662,Harsh,Khosla,bhatiakashvi@example.com,9347438288,2022-09-25,True
6663,Gauri,Sodhi,daksha55@example.com,9041587904,2025-11-10,False
6664,Charles,Rai,rattaupadhriti@example.net,9924493923,2022-04-21,True
6665,Krish,Amble,charles46@example.net,9408940943,2023-10-25,False
6666,Wakeeta,Loke,ksundaram@example.com,9826862458,2023-03-20,False
6667,Ekbal,Minhas,dadariya@example.org,9472703939,2024-08-16,True
6668,Amaira,Kibe,saksham36@example.org,9296775063,2025-08-22,True
6669,Tarak,Ghosh,jyoti49@example.org,9418458623,2026-05-21,True
6670,Faraj,Hegde,ctak@example.com,9341467170,2022-02-22,True
6671,Rajeshri,Misra,omkaar73@example.com,9290133436,2026-07-21,False
6672,Chanchal,Rajagopalan,hemangini94@example.com,9500401776,2025-06-19,False
6673,Kashvi,Dewan,ahluwaliavivaan@example.com,9994115299,2022-12-04,True
6674,Neha,Master,chandresh84@example.org,9086724030,2024-05-24,False
6675,Zayyan,Sane,watika87@example.com,9768519329,2026-03-30,False
6676,Radhika,Gupta,tarakamdar@example.org,9129829883,2025-11-22,False
6677,Abdul,Maharaj,raysamar@example.com,9697086329,2024-08-04,False
6678,Maya,Taneja,amaira93@example.org,9974362714,2022-08-05,True
6679,Vritti,Ghosh,masonkhurana@example.org,9486782885,2023-05-04,True
6680,Veda,Kota,misranandini@example.org,9340216466,2025-05-25,True
6681,Harrison,Krish,mason98@example.com,9248292294,2023-06-28,False
6682,Kevin,Gaba,echopra@example.com,9235781481,2026-03-24,True
6683,Darsh,Gole,pillaibaghyawati@example.org,9582799140,2023-10-14,True
6684,Ishaan,Sachdev,pallnetra@example.org,9804004552,2024-09-30,False
6685,Manthan,Rout,arunima60@example.com,9792688833,2024-01-29,True
6686,Kashvi,Vyas,santnirja@example.org,9095675503,2025-04-30,True
6687,Nandini,Mitter,lvarghese@example.org,9339007462,2025-12-18,False
6688,Neha,Cheema,bhaktagarima@example.org,9683587766,2023-03-18,False
6689,Hitesh,Sarin,sarkarzayan@example.net,9053767041,2024-04-14,False
6690,Ishwar,Anne,lchakraborty@example.net,9520605799,2023-06-19,False
6691,Anika,Dash,devanshmemon@example.net,9851457956,2021-12-12,False
6692,Hemani,Salvi,srinivasanwyatt@example.com,9711882420,2024-04-09,False
6693,Jason,Gole,warinder22@example.org,9619417371,2024-01-01,False
6694,Aadhya,Goyal,maniarin@example.org,9092102834,2025-12-04,True
6695,Osha,Guha,eesha77@example.net,9543729541,2022-12-20,True
6696,Ekiya,Gill,buchjagat@example.net,9697366540,2026-01-11,True
6697,Bahadurjit,Basak,ronith86@example.com,9268418605,2023-04-11,True
6698,Balveer,Bath,patelaradhana@example.net,9136956565,2025-01-17,False
6699,Meghana,Randhawa,rushilbath@example.net,9802543731,2024-11-21,True
6700,Saumya,Saini,hmurthy@example.net,9464606251,2021-10-30,False
6701,Amruta,Gill,borahtanmayi@example.net,9454696626,2024-01-22,True
6702,Varsha,Iyengar,cheemaqasim@example.org,9199566269,2025-08-09,True
6703,Hema,Parmar,madhavibail@example.com,9496219765,2025-11-07,False
6704,Mohini,Bala,gangulyindali@example.org,9133989772,2025-10-10,True
6705,Chandresh,Lanka,raidarika@example.org,9615736356,2022-03-26,True
6706,Benjamin,Sankar,ranbirraju@example.org,9065116803,2022-05-14,True
6707,Aashi,Chakrabarti,unnatipillai@example.net,9926126404,2021-11-30,False
6708,Reva,Ganesh,samrarehaan@example.org,9150679264,2023-01-01,False
6709,Advay,Sem,ghoshfalan@example.org,9387127083,2026-07-07,False
6710,Tara,Choudhry,ronith48@example.com,9134083975,2025-06-12,False
6711,Frederick,Kade,kavya52@example.org,9576500744,2022-05-24,False
6712,Bhavika,Dugar,utkarshmammen@example.com,9190574179,2023-05-01,False
6713,Peter,Chada,bhavini40@example.net,9874182619,2025-11-22,False
6714,Abdul,Nayar,nikitachar@example.com,9887106956,2023-02-23,False
6715,Ekta,Bose,megha58@example.net,9269631777,2022-08-08,True
6716,Gabriel,Kaul,purijatin@example.org,9126834231,2026-06-16,True
6717,Rajata,Sandal,batrahemani@example.net,9874994531,2022-06-21,True
6718,Ayush,Dubey,jhaverineelima@example.com,9840741983,2025-11-26,True
6719,Ridhi,Seth,jatinwali@example.com,9987811132,2025-04-17,True
6720,Indira,Grewal,balipanini@example.org,9612624089,2023-01-01,True
6721,Ladli,Balan,neelimagaba@example.com,9987249580,2025-03-22,True
6722,Janaki,Kala,dhaliwalchampak@example.net,9331541393,2025-12-04,True
6723,Isha,Balasubramanian,triptitalwar@example.org,9354915751,2023-10-16,True
6724,Agastya,Mahajan,chavvi53@example.com,9600677330,2024-11-11,True
6725,Neha,Pau,osha21@example.org,9613716403,2022-11-21,False
6726,Amrita,Sha,idikashenoy@example.org,9007116917,2023-12-08,True
6727,Harish,Sarna,pchand@example.net,9487314601,2021-12-25,True
6728,Aachal,Sawhney,vinaya53@example.org,9430171106,2024-05-22,False
6729,Yahvi,Guha,liam77@example.net,9282897585,2024-05-21,True
6730,Girish,Desai,amairamandal@example.net,9488709346,2025-05-31,True
6731,Chaitaly,Luthra,rajata90@example.net,9363662057,2021-09-16,False
6732,Amara,Ganesan,cseth@example.org,9127816131,2024-11-03,False
6733,Yadavi,Yogi,kalachakradhar@example.org,9785566572,2021-11-15,True
6734,Ansh,Seshadri,duttchakradhar@example.net,9133241254,2026-05-18,False
6735,Pavani,Agrawal,jhaveriwriddhish@example.com,9853681909,2026-02-15,False
6736,Vritti,Shankar,ssolanki@example.net,9671947125,2021-12-01,True
6737,Xavier,Sodhi,baradhitesh@example.org,9165377546,2023-01-13,True
6738,Charvi,Baral,ycheema@example.net,9328396775,2025-10-15,True
6739,Quincy,Yohannan,aachal07@example.net,9149918916,2022-11-29,True
6740,Girik,Patla,warjasvohra@example.net,9231410468,2025-05-14,False
6741,Hritik,Palla,jchana@example.org,9066715556,2024-06-15,False
6742,Akshay,Lad,ysathe@example.com,9505605723,2024-10-10,False
6743,Bhanumati,Sridhar,xavier09@example.org,9907671462,2023-04-06,True
6744,Ekiya,Cherian,valanakul@example.net,9224884581,2024-04-11,False
6745,Pranit,Sawhney,echoudhury@example.org,9151767882,2023-08-03,True
6746,Ishanvi,Parsa,kannanishani@example.org,9275923519,2023-12-25,True
6747,Chaitanya,Kapoor,somubika@example.net,9514538852,2025-12-08,False
6748,Tanveer,Wadhwa,qraghavan@example.net,9709863679,2023-09-22,False
6749,Tejas,Guha,hema64@example.org,9231449081,2025-07-03,True
6750,Praneel,Devan,zaitra03@example.net,9972781962,2023-05-19,False
6751,Nilima,Merchant,lipika91@example.com,9578401366,2022-09-13,True
6752,Mason,Bhalla,mkakar@example.com,9066027594,2024-07-01,True
6753,Alka,Dhaliwal,vincent37@example.net,9805308169,2024-03-23,False
6754,Vansha,Sem,shivanshbajaj@example.com,9445983051,2022-09-20,False
6755,Pratyush,Balakrishnan,igulati@example.com,9078159218,2022-07-27,False
6756,Krisha,Singh,inath@example.net,9574641574,2026-02-26,False
6757,Agastya,Tella,mrajagopal@example.org,9648959353,2025-01-11,True
6758,Jairaj,Bhardwaj,riyamittal@example.net,9716445690,2022-10-05,False
6759,Daksh,Baria,sarthak31@example.com,9400796589,2022-02-13,False
6760,Bina,Sem,rpatla@example.org,9901749938,2023-02-28,False
6761,Turvi,Sem,urvashi08@example.com,9707977004,2022-10-18,False
6762,Indira,Dubey,nraja@example.com,9953410744,2023-06-22,True
6763,Chatura,Hayer,anshcomar@example.net,9401841864,2023-02-25,True
6764,Luke,Iyengar,prisha05@example.org,9962489754,2025-12-12,True
6765,Noah,Mann,jchowdhury@example.com,9342672437,2022-05-07,False
6766,Bishakha,Balasubramanian,niharikaratta@example.org,9189290154,2024-01-31,False
6767,Ayushman,Boase,agastya15@example.org,9503006464,2022-05-30,True
6768,Widisha,Kothari,iyerhema@example.net,9099456726,2026-01-22,False
6769,Fitan,Bhatti,balbimala@example.org,9451749064,2025-04-05,False
6770,Sai,Pandit,chackobhavika@example.net,9019084853,2023-08-19,False
6771,Devansh,Kalita,kashish71@example.net,9794365532,2023-08-22,True
6772,Manthan,Sawhney,robertshankar@example.net,9180250226,2024-12-05,False
6773,Janya,Dhaliwal,nehamangal@example.net,9131224304,2026-06-24,False
6774,Lavanya,Toor,rachana44@example.net,9132207108,2023-09-19,False
6775,Manbir,Pandey,jparmar@example.net,9284881590,2025-04-08,False
6776,Dev,De,orinderborah@example.com,9264847641,2025-07-10,True
6777,Warinder,Buch,gunbir08@example.net,9878346188,2024-03-16,True
6778,Indali,Goswami,xavier45@example.org,9436801708,2023-04-26,False
6779,Turvi,Singhal,baradanjali@example.net,9085321757,2024-08-08,True
6780,Ekaraj,Mangat,rpingle@example.com,9076823145,2025-05-10,False
6781,Radhika,Dalal,beramax@example.org,9514464841,2023-06-24,False
6782,Oliver,Sandal,ebhatnagar@example.net,9932858642,2025-09-15,False
6783,Ekalinga,Narang,hbansal@example.com,9394366511,2022-08-22,True
6784,Jeremiah,Sinha,saumya31@example.net,9874062152,2025-10-18,True
6785,Yash,Chadha,gayathri69@example.com,9457175261,2023-11-17,False
6786,Naksh,Gopal,sarrafyadavi@example.org,9730722070,2024-08-06,False
6787,Ryan,Krishnan,abduldubey@example.com,9349607085,2022-05-28,True
6788,Chameli,Buch,gabrielbarad@example.org,9155383161,2024-07-29,False
6789,Wridesh,Baria,champakgaba@example.org,9377964439,2022-05-08,False
6790,Owen,Ahuja,utkarshsengupta@example.org,9703548071,2026-07-02,False
6791,Wahab,Dara,dkunda@example.com,9601500438,2024-08-26,False
6792,Pratyush,Venkataraman,qchahal@example.org,9327043917,2026-07-14,False
6793,Raghav,Barad,kaijohal@example.org,9109387881,2023-02-06,True
6794,Janani,Ramachandran,madhavi35@example.net,9729312368,2023-02-13,True
6795,Vasudha,Natt,ivarughese@example.com,9471494974,2024-11-19,False
6796,Nitesh,Krish,xranganathan@example.org,9179434337,2026-02-18,True
6797,Alexander,Loyal,semmaanas@example.net,9312286835,2022-04-30,False
6798,Lohit,Ahluwalia,nathan56@example.org,9443121690,2026-07-22,True
6799,Darpan,Shenoy,madhavibalan@example.com,9828700762,2024-05-22,True
6800,Nikita,Gola,mammenpranit@example.com,9142519486,2025-10-04,True
6801,Hamsini,Raja,mekhalajha@example.org,9319333824,2024-10-17,True
6802,Lekha,Bala,vedikakohli@example.org,9820155067,2024-07-28,False
6803,Oliver,Bahl,vyasomaja@example.org,9321446544,2026-01-28,True
6804,Maya,Bandi,kom@example.org,9720438141,2022-11-06,False
6805,Dominic,Mall,gaurika66@example.com,9457720080,2024-09-27,False
6806,Andrew,Varma,ladishani@example.net,9954285231,2024-04-30,False
6807,Rishi,Deo,charitagade@example.net,9497386661,2025-02-02,True
6808,Azaan,Borra,sidhudeepa@example.net,9509854991,2024-08-15,True
6809,Urishilla,Parmar,kbhatt@example.com,9721789402,2024-10-03,True
6810,Mugdha,Suri,rmunshi@example.org,9885380533,2023-10-18,True
6811,Tanay,Dube,pnazareth@example.net,9827688150,2026-02-04,False
6812,Yachana,Pant,battaojas@example.net,9990776582,2026-02-07,False
6813,Charles,Sharaf,xalakkhurana@example.com,9867428058,2026-01-15,False
6814,Radhika,Cherian,azad30@example.net,9137128379,2021-11-20,True
6815,Chaitanya,Bahri,vrishtigulati@example.net,9637935894,2023-09-10,True
6816,Gavin,Lad,turvidube@example.com,9984941922,2025-11-24,True
6817,Lucky,Nath,gillvarsha@example.com,9940606783,2025-07-03,True
6818,Chaitanya,Karan,lekhatailor@example.net,9671223739,2022-09-29,False
6819,Nakul,Bansal,christophershukla@example.com,9057026607,2026-05-14,False
6820,Balhaar,Gera,sharmafrederick@example.org,9160490189,2022-12-16,True
6821,Omya,Nayar,bansalvictor@example.net,9915683434,2025-05-24,True
6822,Harish,Dani,divyachopra@example.org,9959274681,2025-02-27,True
6823,Max,Agrawal,radhavenkataraman@example.net,9371571406,2023-01-02,True
6824,Chanchal,Tandon,choudhryluke@example.org,9517359572,2024-03-15,False
6825,Bhavna,Hans,prama@example.org,9131085560,2024-03-18,False
6826,Frederick,Tak,spal@example.net,9941777582,2023-07-14,False
6827,Harrison,Sane,oni47@example.org,9260168047,2023-10-29,False
6828,Rushil,Sabharwal,lavanya80@example.com,9463541530,2024-03-23,True
6829,Rayaan,Wable,ekhurana@example.com,9253929146,2025-03-07,False
6830,Idika,Brahmbhatt,nehasunder@example.org,9908694383,2025-09-15,True
6831,Zayan,Barman,janyanarang@example.org,9840035324,2023-12-26,True
6832,Ekaja,Sarna,itella@example.net,9335166077,2023-02-28,True
6833,Priya,Ramaswamy,yhanda@example.com,9886867197,2022-06-17,False
6834,Reyansh,Goyal,dhillonvincent@example.org,9677227672,2023-06-17,False
6835,Nathaniel,Kala,abeershenoy@example.com,9681881955,2025-07-28,True
6836,Sanaya,Manda,riya69@example.com,9190169210,2026-02-19,True
6837,Wridesh,Bhasin,bimalaparikh@example.org,9049687089,2023-07-06,True
6838,Radhika,Chaudhary,kdass@example.org,9700261669,2024-07-19,True
6839,Tanish,Mishra,pranitnori@example.org,9646001551,2024-12-13,True
6840,Rajata,Amble,igola@example.net,9865830983,2025-04-09,True
6841,Osha,Modi,sagarkavya@example.org,9765673857,2024-09-10,True
6842,Dhruv,Sekhon,maneishita@example.org,9241491090,2024-04-24,True
6843,Simon,Bains,brijesh04@example.net,9441817693,2024-06-26,False
6844,Dakshesh,Kamdar,yochana68@example.net,9923379206,2023-04-08,True
6845,Atharv,Sood,nrout@example.com,9290064384,2022-11-19,False
6846,Zilmil,Doctor,poojakata@example.net,9163888870,2024-04-09,False
6847,Kevin,Sridhar,mthakkar@example.com,9354866914,2022-09-12,False
6848,Dipta,Narasimhan,lucky55@example.com,9992853387,2024-12-22,True
6849,Ekantika,Srinivas,lucky40@example.net,9341585839,2023-03-09,True
6850,Madhavi,Ratti,narulajyoti@example.net,9378291595,2021-09-14,False
6851,Udyati,Chaudhuri,ddass@example.net,9547429057,2026-01-09,False
6852,Ishanvi,Varty,mitesh95@example.org,9496726961,2022-06-02,True
6853,Patrick,Hari,natarajanchakradev@example.net,9335042585,2023-05-01,True
6854,Meghana,Thaman,harinidara@example.org,9903593756,2023-07-31,True
6855,Yochana,Palan,wzacharia@example.org,9193556429,2022-09-16,False
6856,Urvashi,Setty,rushilrattan@example.net,9131434204,2023-01-04,False
6857,Devika,Kar,hsani@example.com,9849000603,2022-10-27,True
6858,Qasim,Radhakrishnan,jsangha@example.com,9282516465,2023-06-22,True
6859,Aadi,Chadha,chanchalkunda@example.org,9477515256,2024-10-29,False
6860,Pranit,Varughese,michael53@example.org,9216738047,2025-01-19,False
6861,Sneha,Solanki,christopherchada@example.net,9384403901,2021-12-29,False
6862,Ryan,Minhas,groverpraneel@example.com,9590618872,2022-08-20,True
6863,Tanish,Pant,chanakyakapur@example.org,9679832891,2024-11-10,True
6864,Omisha,Bumb,leenavirk@example.org,9182493283,2022-12-03,False
6865,Forum,Nagy,smanne@example.com,9569358354,2022-03-23,False
6866,Darpan,Hora,rajatashere@example.net,9879661130,2022-05-26,False
6867,Zayan,Mander,bimala10@example.com,9868906376,2024-12-05,False
6868,Ekaraj,Lanka,chatura65@example.net,9379301310,2024-05-27,True
6869,Tripti,Chopra,omitter@example.net,9185686748,2023-12-18,True
6870,Saumya,Narula,wdhillon@example.org,9875406570,2022-11-06,False
6871,Mitesh,Memon,hemani27@example.com,9130597618,2021-11-18,True
6872,Ishwar,Peri,jeet33@example.com,9123150337,2025-09-09,True
6873,Veda,Kumer,zmishra@example.com,9738960003,2022-08-19,False
6874,Azad,Prashad,ekarpe@example.net,9771228044,2022-08-19,False
6875,Ati,Dani,ysama@example.org,9729989553,2023-12-30,False
6876,Falguni,Suresh,mitali83@example.com,9822778934,2026-01-10,False
6877,Zayan,Karnik,teerthhayer@example.com,9248900019,2021-10-22,False
6878,Samesh,Som,ochacko@example.net,9473322063,2023-06-21,True
6879,Kashvi,Kara,henry03@example.net,9455501453,2022-01-16,False
6880,Vedika,Kamdar,balanowen@example.org,9900773765,2024-09-26,True
6881,Jyoti,Banik,damini62@example.org,9036999575,2023-08-26,True
6882,Zaitra,Basu,hemanggrewal@example.net,9028021326,2023-11-23,True
6883,Abhimanyu,Buch,ramaswamyomisha@example.org,9892793081,2024-08-08,True
6884,Falak,Pandya,sidhupavani@example.org,9308585001,2025-05-13,False
6885,Pooja,Garde,basuubika@example.org,9780908525,2026-05-14,False
6886,Bhavya,Roy,balhaarwagle@example.net,9646962434,2022-07-03,False
6887,Wazir,Lalla,gautamiparmar@example.com,9959528921,2025-03-21,True
6888,Vrishti,Deshmukh,yatanmodi@example.org,9287957363,2025-06-11,False
6889,Dhriti,Nair,kiaanmadan@example.net,9668967613,2025-01-08,True
6890,Fiyaz,Shankar,niharikarege@example.com,9403568742,2022-03-22,False
6891,Liam,Iyer,mannerudra@example.org,9130121550,2021-11-12,True
6892,Jackson,Solanki,lakshitnanda@example.net,9664187429,2023-11-23,True
6893,Azad,Raghavan,chakradhar68@example.com,9806984349,2024-08-23,True
6894,Veda,Pant,wrideshdoctor@example.com,9711462772,2021-07-27,False
6895,Chandresh,Shankar,ronith55@example.org,9810666128,2022-06-14,False
6896,Ladli,Majumdar,kapadiaqarin@example.net,9096358792,2022-03-10,False
6897,Luke,Narasimhan,sandalakshay@example.org,9998989052,2022-06-03,False
6898,Hamsini,Deol,vaishnavi41@example.net,9229153461,2022-04-22,False
6899,Saumya,Vyas,jnarasimhan@example.org,9735623261,2021-11-01,False
6900,Advaith,Gopal,mbalay@example.org,9442510110,2021-08-23,True
6901,Aarush,Patla,riabava@example.net,9986172928,2025-12-13,False
6902,Tanish,Devi,zaidsuresh@example.com,9612207073,2022-03-08,True
6903,Vrinda,Bhattacharyya,tnaik@example.com,9628379675,2024-10-21,False
6904,Mugdha,Kannan,xiyengar@example.org,9547240189,2022-02-16,False
6905,Jalsa,Chaudhary,nazarethojasvi@example.net,9886155535,2022-03-16,True
6906,Warjas,Naik,darpansharma@example.com,9679889968,2023-09-29,False
6907,Kiaan,Talwar,brinda66@example.net,9234496227,2026-03-12,False
6908,Urishilla,Ram,vermavasana@example.org,9570810913,2024-02-21,False
6909,Rushil,Mitter,omyasaini@example.com,9312188518,2022-11-09,True
6910,Gagan,Raval,manan00@example.org,9909878697,2022-11-28,False
6911,Aayush,Pillay,rwable@example.org,9010353048,2023-10-04,True
6912,Varsha,Rout,mgupta@example.com,9164799097,2023-12-27,True
6913,Lucky,Dhaliwal,jalsabanik@example.org,9913930239,2022-12-05,False
6914,Ekapad,Mishra,psheth@example.org,9106009621,2024-08-23,False
6915,Anika,Zachariah,nagizarna@example.com,9919563938,2025-01-20,True
6916,Harita,Chhabra,qbanerjee@example.net,9691290658,2023-01-30,False
6917,Pranit,Choudhury,kapadiaira@example.net,9161365705,2026-07-11,True
6918,Bimala,Garde,aahanasetty@example.net,9350169393,2023-04-14,True
6919,Raagini,Chaudhuri,chakradhar72@example.com,9671625626,2025-04-01,False
6920,Ishani,Srinivasan,rajujyoti@example.com,9458028240,2022-09-23,False
6921,Harrison,Balay,gillrayaan@example.net,9702669191,2024-09-01,True
6922,Vidhi,Gara,koak@example.net,9136524394,2023-04-22,True
6923,Gaurangi,Sane,anmol06@example.net,9586158435,2026-04-29,True
6924,Jacob,Mohanty,thamanluke@example.com,9367580066,2022-11-25,False
6925,Ojas,Sura,schada@example.org,9102074321,2022-01-13,True
6926,Hema,Sant,danisaanvi@example.org,9645441125,2022-03-01,False
6927,Sara,Kala,frado75@example.org,9227831169,2024-06-19,False
6928,Madhav,Kothari,rishi92@example.net,9209032400,2025-05-29,True
6929,Nitesh,Chokshi,harshvasa@example.com,9854270209,2024-02-10,True
6930,Ekta,Oommen,anshmanne@example.org,9316820778,2024-09-11,False
6931,Nitesh,Seshadri,yuvraj20@example.com,9134192713,2023-06-09,False
6932,Sudiksha,Lad,azad21@example.com,9531159749,2025-07-26,False
6933,Radhika,Sagar,rushil91@example.org,9261455092,2024-03-24,True
6934,Aradhana,Aggarwal,charvipall@example.org,9291958709,2024-06-15,True
6935,Orinder,Sankar,kritikagour@example.com,9422585396,2023-08-13,True
6936,Harita,Bal,tanveernigam@example.com,9708747652,2026-01-12,False
6937,Mohini,Kadakia,saksham24@example.com,9611434383,2023-08-03,False
6938,Kamya,Bal,kvohra@example.com,9444687174,2021-08-17,True
6939,Ekta,Mutti,abeersengupta@example.org,9796532170,2022-07-16,False
6940,Hritik,Tak,vray@example.net,9496465889,2024-02-19,False
6941,Lucky,Borde,warda58@example.com,9704099264,2023-05-07,True
6942,Mitali,Bansal,kamyavarty@example.com,9525161295,2023-12-19,True
6943,Ayaan,Chakrabarti,xpingle@example.net,9898343702,2024-01-03,False
6944,Ekapad,Basu,om83@example.com,9963300374,2022-07-26,False
6945,Wishi,Gill,qbose@example.com,9780960201,2024-08-04,False
6946,Ikbal,Grewal,sben@example.com,9932002426,2023-04-24,True
6947,Megha,Korpal,mitalibora@example.net,9476069371,2023-01-01,False
6948,Harshil,Kannan,samar84@example.org,9273106381,2024-05-15,True
6949,Jeet,Vasa,mallraagini@example.org,9770270021,2021-08-10,True
6950,Ayaan,Oak,walionkar@example.com,9266568042,2026-03-13,False
6951,Ishita,Arora,jyotikar@example.com,9717653473,2025-12-18,True
6952,Yagnesh,Patla,hiteshmerchant@example.net,9180471883,2021-10-08,False
6953,Viraj,Chauhan,cherianfarhan@example.org,9747054098,2024-05-03,False
6954,Meera,Shankar,raiquincy@example.org,9544647976,2022-06-18,True
6955,Edhitha,Srinivas,wyatt86@example.com,9250284518,2022-04-07,True
6956,Yamini,Om,yoshitabhavsar@example.net,9243831141,2021-08-05,False
6957,Brijesh,Pai,kwagle@example.net,9941997653,2022-01-04,False
6958,Advika,Viswanathan,suhanidevan@example.org,9550396801,2022-02-27,True
6959,Nimrat,Din,zachariahsudiksha@example.com,9064922073,2024-09-27,True
6960,Kala,Ramaswamy,baljiwandeep@example.net,9294945131,2026-03-06,True
6961,Anvi,Vora,vasana07@example.org,9730215601,2023-04-22,False
6962,Aadhya,Sodhi,nnigam@example.net,9457621052,2021-10-28,True
6963,Rachita,Yadav,aryaomya@example.net,9613873435,2025-08-21,False
6964,Faras,Chander,dassveer@example.com,9770472902,2023-03-17,True
6965,Zarna,Chatterjee,taraksehgal@example.org,9998187632,2022-10-30,False
6966,Harrison,Bedi,mallickadweta@example.org,9930694827,2022-08-31,True
6967,Finn,Kumer,lipika34@example.com,9277142546,2023-08-20,False
6968,Vihaan,Behl,edate@example.net,9312569661,2023-12-29,False
6969,Mahika,Parekh,qchoudhry@example.org,9660533920,2023-05-01,False
6970,Thomas,Agrawal,waliasamesh@example.net,9615744342,2026-04-04,False
6971,Girindra,Dasgupta,mohini29@example.net,9201072287,2022-07-18,False
6972,Fariq,Sachdev,zaitra78@example.net,9983373202,2024-08-11,False
6973,Shivansh,Narula,oeshimutti@example.net,9402786560,2025-10-06,False
6974,Anya,Borah,hwason@example.org,9134698419,2026-04-12,False
6975,Geetika,Pillai,veerchaudhari@example.net,9750095614,2026-04-26,False
6976,Anthony,Borde,anushajain@example.com,9938713443,2026-05-14,True
6977,Jackson,Om,nilimatara@example.com,9359464575,2023-02-12,True
6978,Pushti,Dutt,hayersiddharth@example.net,9796020415,2024-06-03,True
6979,Yuvraj,Ben,charnitara@example.com,9631212833,2022-04-01,False
6980,Aarav,Bawa,ldivan@example.com,9124909218,2021-12-03,False
6981,David,Balakrishnan,kondakai@example.com,9311290472,2025-07-07,True
6982,Agastya,Arya,harshiltripathi@example.com,9132505303,2023-10-04,True
6983,Netra,Nayar,janya50@example.org,9436041103,2025-04-29,True
6984,Zayyan,Barman,zbawa@example.org,9451266497,2026-04-14,False
6985,Anita,Modi,vasudharajagopalan@example.org,9092594452,2026-02-04,False
6986,Saanvi,Chopra,zansi13@example.com,9157919291,2023-01-20,True
6987,Pallavi,Loyal,ychoudhary@example.net,9711007985,2022-03-20,True
6988,Pranav,Chawla,luthrawilliam@example.net,9969271769,2023-03-29,False
6989,Aarini,Kalla,sridharjyoti@example.org,9303526024,2025-11-05,True
6990,Raagini,Raj,qkhare@example.com,9734623216,2026-01-21,False
6991,Omkaar,Mani,sastryforum@example.org,9328409394,2022-10-13,True
6992,Yagnesh,Patla,kadevictor@example.org,9656418162,2023-04-29,True
6993,Abdul,Gandhi,fbaria@example.net,9689100872,2023-02-03,False
6994,Aarini,Deol,raghavansai@example.net,9967739232,2024-05-27,False
6995,Jacob,Dasgupta,oeshithaman@example.net,9331743017,2022-03-08,True
6996,Ekaraj,Basu,enagy@example.net,9745809974,2022-04-12,True
6997,Pallavi,Mander,saumyakaran@example.org,9559319426,2022-01-16,True
6998,Madhav,Chawla,golajanuja@example.net,9785890016,2025-05-31,False
6999,Amol,Sarraf,hamsinirattan@example.net,9238127784,2021-12-28,False
7000,Isaac,Rao,rdhawan@example.com,9485613662,2025-01-24,False
7001,Patrick,Sathe,chakrikamanda@example.net,9762198211,2022-11-04,False
7002,Harish,Tak,advaith12@example.com,9025324840,2024-07-17,False
7003,Jagdish,Kumer,lbala@example.org,9650648237,2024-10-04,False
7004,Girindra,Kant,vyanjana82@example.com,9183294111,2025-01-22,True
7005,Pahal,Rajagopal,moreijaya@example.net,9168040509,2022-12-28,True
7006,Nathaniel,Suri,iganguly@example.com,9634530047,2021-12-14,True
7007,Thomas,Das,hitesh64@example.net,9443358424,2025-03-24,False
7008,Ria,Bhardwaj,dhriti04@example.org,9737125698,2022-04-12,True
7009,Guneet,Apte,upasna48@example.com,9318246701,2025-06-13,False
7010,Yahvi,Chaudhary,ishitalalla@example.org,9218126415,2021-12-06,False
7011,Tamanna,Narasimhan,wsuri@example.com,9769120135,2025-11-20,True
7012,Tanveer,Mann,luketrivedi@example.org,9696195254,2024-09-30,True
7013,Ridhi,Dey,hansraagini@example.org,9276792790,2024-06-07,False
7014,Aarini,Bora,raghavdada@example.com,9946238363,2025-01-16,True
7015,Aarnav,Oommen,sundertheodore@example.org,9441204746,2023-09-07,True
7016,Forum,Golla,netra63@example.net,9216038080,2025-05-10,False
7017,Teerth,Ramesh,hardik13@example.org,9274497501,2024-02-27,True
7018,Quincy,Chand,sastrybakhshi@example.net,9143735740,2021-08-28,True
7019,Harrison,Deol,pushtikara@example.org,9001929880,2022-10-11,False
7020,Yochana,Dayal,baralishita@example.com,9085691875,2023-10-28,False
7021,Kritika,Grewal,nbora@example.org,9216828081,2024-10-17,False
7022,Pranav,Chandran,ukhatri@example.org,9027134625,2023-08-23,False
7023,Anya,Mani,rachitasankaran@example.com,9204102680,2023-06-17,False
7024,Yug,Bali,uraja@example.net,9500872339,2024-09-25,False
7025,Hemang,Soman,bhattacharyyaadvika@example.org,9122288198,2022-08-31,False
7026,Mekhala,Mane,inayaviswanathan@example.org,9624486398,2025-04-17,True
7027,Upma,Chatterjee,krisha51@example.org,9018035672,2022-04-21,True
7028,Garima,Goswami,arin93@example.net,9835275617,2022-04-05,False
7029,Saksham,Sharaf,isuresh@example.com,9704125624,2025-11-25,False
7030,Shravya,Verma,jainishani@example.com,9256370082,2024-04-11,False
7031,Jagat,Dutt,devramanathan@example.org,9633653847,2025-06-28,True
7032,Sanaya,Keer,lekhaedwin@example.org,9425289660,2024-12-27,False
7033,Aarna,Sengupta,tejas25@example.net,9573824079,2023-03-11,True
7034,Krisha,Natarajan,yashawinitiwari@example.net,9550592063,2023-08-30,False
7035,Vidhi,Bhasin,nshah@example.org,9042855798,2025-08-23,False
7036,Sai,Doctor,rattanmanthan@example.net,9230880355,2026-04-12,True
7037,Sanya,Chahal,onveer19@example.org,9364666045,2026-04-09,False
7038,Zashil,Natt,maxloyal@example.net,9357884715,2023-12-06,False
7039,Isaac,Parsa,pagarwal@example.com,9413453045,2023-07-02,True
7040,William,Murty,tsalvi@example.com,9726256265,2026-02-20,False
7041,Gaurangi,Rama,forumramaswamy@example.net,9081085788,2021-12-25,False
7042,Aditya,Mody,yadavi89@example.org,9419961764,2023-11-01,True
7043,Warjas,Dayal,singhalnikita@example.com,9824489877,2023-11-07,True
7044,Harita,Kunda,dakshesh67@example.net,9814464945,2022-11-05,True
7045,Adweta,Pai,basakradhika@example.org,9534336671,2023-01-19,False
7046,Farhan,Batta,bbora@example.net,9482417946,2024-09-27,True
7047,Qasim,Golla,leela62@example.net,9523053051,2023-07-22,True
7048,Patrick,Talwar,tellavrishti@example.org,9546622308,2025-12-09,True
7049,Lipika,D’Alia,zarna92@example.com,9071333959,2025-06-29,True
7050,Eesha,Dave,jalsasetty@example.net,9659314917,2022-01-07,True
7051,Triya,Som,upadhriti40@example.net,9360242011,2025-04-14,False
7052,Azad,Desai,madhavi23@example.com,9406386360,2024-09-25,True
7053,Vasudha,Mistry,xbaria@example.com,9670310051,2022-07-09,True
7054,Fiyaz,Garg,bshan@example.org,9386729383,2024-08-10,True
7055,Qushi,Oommen,dominic28@example.com,9855056353,2021-08-08,True
7056,Nisha,Sathe,jkapadia@example.com,9110734294,2024-10-12,False
7057,Bhavya,Brahmbhatt,sureshishaan@example.org,9938630858,2022-09-20,True
7058,Inaya,Dhawan,jacobgade@example.org,9816182332,2026-05-25,True
7059,Aarini,Comar,lekha00@example.com,9851815775,2021-11-08,False
7060,Anika,Chadha,atwaleta@example.org,9783126922,2023-04-01,True
7061,Panini,Rout,lde@example.org,9631786808,2025-11-15,False
7062,Joshua,Kala,bavairya@example.org,9238924125,2025-02-16,False
7063,Robert,Sharaf,vasudha62@example.com,9618407087,2023-03-19,True
7064,Triveni,Bir,rajaelijah@example.com,9413527008,2025-08-10,False
7065,Yashoda,Anand,qadimmandal@example.org,9971628347,2024-06-10,True
7066,Deepa,Walla,ahluwaliamanbir@example.net,9146726088,2025-02-22,False
7067,Christopher,Brahmbhatt,ebakshi@example.org,9238970895,2022-10-12,False
7068,Banjeet,Vala,daliadarika@example.net,9001871091,2023-02-09,True
7069,Omya,Sarna,ibora@example.org,9828310319,2023-04-25,False
7070,Ethan,Atwal,ekanisubramaniam@example.com,9123157707,2023-06-27,True
7071,Vivaan,Aggarwal,goswamivrishti@example.net,9291310316,2023-03-19,False
7072,Arjun,Mander,thakerpallavi@example.org,9093645885,2025-03-16,False
7073,Rishi,Maharaj,baljiwan78@example.net,9586189319,2022-11-20,False
7074,Sai,Brar,prishakade@example.org,9359940123,2025-04-04,True
7075,Gunbir,Samra,nbarad@example.org,9397905886,2022-05-07,True
7076,Hamsini,Sahota,ryan12@example.org,9415775014,2023-11-05,True
7077,Jatin,Sabharwal,balvansengupta@example.com,9123212750,2026-06-12,True
7078,Liam,Mahajan,yashasvi73@example.com,9227701559,2021-11-13,False
7079,Chatresh,Nagy,vyanjanasampath@example.net,9130816772,2021-10-09,True
7080,Yahvi,Agrawal,kmadan@example.org,9716729691,2023-06-18,True
7081,Libni,Bava,shaurya93@example.com,9923067946,2025-06-01,False
7082,Tanay,Iyengar,ramakrishnanvasatika@example.org,9988466133,2026-06-14,True
7083,Krishna,Sahota,jairajvenkataraman@example.org,9789526492,2024-09-09,True
7084,Zayyan,Pillay,ishanideol@example.com,9161663872,2023-07-25,False
7085,Jagrati,Chada,uluthra@example.net,9184813267,2023-04-16,False
7086,Shaurya,Krishna,jeet68@example.org,9789265495,2022-11-30,True
7087,Vritti,Sunder,jainoscar@example.org,9313310337,2023-09-01,True
7088,Vincent,Rajagopalan,brahmbhattteerth@example.com,9316917339,2026-02-11,False
7089,Wazir,Ganesan,ekani01@example.org,9852877638,2022-09-22,True
7090,Ganga,Jaggi,singhalunnati@example.net,9601326843,2022-06-20,True
7091,Farhan,Maharaj,salvicaleb@example.com,9679323670,2024-09-18,True
7092,Yug,Saha,bahlgautami@example.org,9513490728,2023-01-03,False
7093,Indira,Natarajan,mukhopadhyaylibni@example.net,9906153399,2024-11-27,False
7094,Ishaan,Hans,guneetshah@example.org,9533971902,2022-09-29,True
7095,Tarak,Jaggi,arunimalall@example.net,9600603008,2024-11-08,False
7096,Udarsh,Varghese,llad@example.net,9992792428,2026-03-31,True
7097,Harsh,Tella,madhavi09@example.org,9894420692,2024-08-21,False
7098,Leena,Patla,hemangjain@example.org,9567514726,2025-10-19,False
7099,Daksh,Mall,om20@example.net,9768848190,2023-03-18,False
7100,Tanish,Bhatti,hchopra@example.net,9035164546,2024-05-06,False
7101,Theodore,Kar,ranganathanavi@example.org,9731025117,2023-04-25,True
7102,Eesha,Hegde,etailor@example.net,9124920855,2024-06-15,True
7103,Damini,Pandey,advik41@example.net,9107543870,2026-06-26,True
7104,Yashasvi,Hegde,jkalla@example.org,9980093738,2022-01-12,True
7105,William,Konda,vaishnavidasgupta@example.org,9279033225,2023-05-14,True
7106,Chakradev,Mishra,banerjeeanthony@example.net,9914582308,2024-11-06,False
7107,Anmol,Rajan,mason77@example.org,9594721412,2025-10-01,False
7108,Arjun,Ganesh,hemanginishetty@example.net,9286559027,2024-12-09,True
7109,Sneha,Contractor,utiwari@example.net,9084891728,2024-12-09,False
7110,Amara,Pillai,faris88@example.org,9431332829,2022-04-23,True
7111,Faras,Singh,bhatsaumya@example.org,9055541398,2022-04-17,False
7112,Vyanjana,Chaudhuri,pavani42@example.org,9397424588,2026-01-03,False
7113,Maanas,Dave,vbhalla@example.net,9734332722,2022-08-20,False
7114,Bakhshi,Krish,waliturvi@example.com,9725449179,2022-12-19,True
7115,Laban,Warrior,kalakashvi@example.net,9145862475,2025-06-22,False
7116,Aashi,Bal,achowdhury@example.net,9627756434,2024-11-11,True
7117,Joshua,Balasubramanian,xdugar@example.org,9043468456,2026-04-19,False
7118,Meghana,Bail,misrakrishna@example.com,9499861337,2021-10-16,True
7119,Yoshita,Balasubramanian,azad45@example.org,9673632420,2023-05-05,True
7120,Rajata,Rajagopalan,qchowdhury@example.net,9201657628,2024-03-27,False
7121,Vrishti,Tandon,jissac@example.net,9134164271,2025-01-17,True
7122,Ikshita,Srinivas,hayerneel@example.net,9443827859,2024-10-10,True
7123,Yutika,Kata,sinhaaradhana@example.net,9276810149,2026-03-10,True
7124,Karan,Ahluwalia,pratyushom@example.net,9078956518,2024-09-23,False
7125,Faras,Saha,yhayre@example.com,9255439417,2021-08-14,False
7126,Harinakshi,Gole,xjoshi@example.org,9146821243,2022-10-31,False
7127,Andrew,Koshy,shuklatarak@example.net,9802227869,2022-08-17,True
7128,Manthan,Dyal,balhaarbarman@example.org,9191026542,2022-02-13,True
7129,Daksha,Raj,gsangha@example.com,9472953938,2023-09-27,True
7130,Oscar,Prashad,daksh08@example.net,9791742075,2023-02-02,False
7131,Eta,Prashad,meghaissac@example.net,9803106213,2022-01-12,True
7132,Oeshi,Raman,niteshagrawal@example.com,9347013635,2022-11-23,True
7133,Warda,Soni,rushil90@example.net,9713297533,2024-06-13,False
7134,Vedhika,Kade,ddar@example.com,9084406844,2023-04-29,False
7135,Inaya,Chakrabarti,sahayagnesh@example.net,9858512990,2025-02-02,True
7136,Ira,Batra,chakrabortygaurika@example.net,9958928866,2022-01-23,True
7137,Hemal,Prashad,indiravarty@example.org,9499566637,2023-01-14,False
7138,Baghyawati,Kata,nagixiti@example.org,9376650783,2024-02-26,False
7139,Yagnesh,Kumar,shauryamand@example.net,9830371258,2023-12-31,True
7140,Ishani,Menon,elijahkalla@example.com,9420282810,2025-12-04,True
7141,Dalaja,Khalsa,parthchand@example.net,9321319107,2024-08-25,True
7142,Rachit,Subramaniam,hdivan@example.net,9478158968,2024-07-18,False
7143,Zayan,Dugal,sundaramnathaniel@example.com,9082135912,2026-05-18,False
7144,Nicholas,Karnik,anandtripti@example.net,9466956171,2026-02-22,False
7145,Nicholas,Kalita,warhikadakia@example.net,9827974139,2025-04-18,False
7146,Victor,Bose,atalwar@example.com,9756149048,2024-03-27,False
7147,Bishakha,Peri,ishaanboase@example.org,9944354006,2022-12-04,True
7148,Gagan,Tank,gautam90@example.net,9607604565,2022-02-03,False
7149,Isaac,Ram,idikasodhi@example.org,9196847081,2023-11-15,True
7150,Ishita,Barad,tejassekhon@example.net,9838526353,2022-12-06,True
7151,Hemangini,Saraf,tanay17@example.org,9090191346,2026-03-07,True
7152,Advay,Behl,odikachand@example.com,9542602676,2022-02-20,False
7153,Hamsini,Chadha,kibeyatin@example.org,9043474659,2022-04-24,True
7154,Tanish,Chander,ghari@example.org,9288614980,2026-07-13,False
7155,Nachiket,Modi,advika57@example.com,9998947388,2022-01-27,True
7156,Qadim,Parikh,mchana@example.com,9755567794,2022-09-27,True
7157,Azaan,Loyal,annekamala@example.net,9444405655,2024-07-09,False
7158,Ekaraj,Tak,swamygirindra@example.net,9231300781,2024-08-31,False
7159,Liam,Sura,xsundaram@example.org,9226854027,2025-07-28,True
7160,Kalpit,Karan,yashodhara90@example.net,9262181989,2022-11-23,False
7161,Chandani,Bala,itailor@example.com,9538636458,2024-03-26,False
7162,Anamika,Sane,zchoudhury@example.org,9890647242,2022-08-24,False
7163,Faris,Kanda,nadkarnigaurangi@example.org,9902307504,2022-07-09,False
7164,Nitara,Mann,pushtibehl@example.com,9089975336,2024-07-01,False
7165,Neha,Modi,nicholasgala@example.com,9901793635,2024-02-10,True
7166,Udyati,Basak,darpan80@example.com,9392823826,2025-03-31,False
7167,Arunima,Rau,farhangour@example.net,9994450784,2021-08-01,False
7168,Krish,Ravel,finn76@example.org,9214300283,2021-12-13,True
7169,Leena,Raju,sgandhi@example.org,9812775843,2021-10-11,False
7170,Orinder,Magar,maharajhemang@example.org,9699879045,2024-03-01,False
7171,Pooja,Manne,wardakorpal@example.net,9167474276,2026-03-02,True
7172,Kala,Narasimhan,mishralajita@example.net,9124465808,2025-03-24,True
7173,Mohammed,Choudhary,mchoudhary@example.com,9264259154,2023-04-08,True
7174,Rohan,Soman,ayush87@example.com,9006918434,2024-06-12,False
7175,Gagan,Swamy,nirjawarrior@example.com,9729188443,2025-04-27,True
7176,Leena,Raghavan,triyashukla@example.org,9864093223,2024-03-09,True
7177,Lohit,Sami,kamdarmaanas@example.org,9411883245,2022-10-06,True
7178,Lopa,Nazareth,hgade@example.com,9088764749,2024-01-27,False
7179,Pallavi,Oza,shivansh00@example.com,9985887138,2022-07-17,False
7180,Ikbal,Chaudhry,arya92@example.org,9365508153,2023-09-14,False
7181,Jacob,Kadakia,chawlameera@example.com,9250739318,2023-03-01,True
7182,Radhika,Naidu,padmanabhanpahal@example.org,9387070336,2026-05-25,True
7183,Naksh,Gaba,deepa72@example.net,9650188505,2023-09-03,True
7184,Kamala,Luthra,onkar55@example.org,9622809375,2022-04-08,False
7185,Aashi,Chatterjee,nadkarnivritti@example.org,9542907433,2025-12-16,True
7186,Jeremiah,Ramesh,lavanya23@example.org,9939920150,2023-10-23,False
7187,Fitan,Deshpande,norianthony@example.com,9849821495,2022-07-28,False
7188,Rachit,Lanka,nachiketray@example.com,9919862640,2024-05-18,False
7189,Laban,Varkey,nimratnarayan@example.com,9093488271,2025-11-15,False
7190,Devika,Ravi,fbhakta@example.net,9272974401,2023-01-21,True
7191,Ekapad,Saraf,andramitali@example.org,9655898840,2024-10-28,True
7192,Anusha,Dugal,falanwalla@example.org,9341059708,2026-01-21,True
7193,Faras,Garg,nirjagoyal@example.net,9452761065,2021-10-24,False
7194,Zarna,Tailor,zinalbhandari@example.org,9883993447,2023-02-24,False
7195,Matthew,Issac,garimaissac@example.com,9438610322,2024-04-30,True
7196,Nimrat,Merchant,mugdhawali@example.com,9371640612,2026-06-15,False
7197,Zehaan,Palla,acharyaira@example.com,9177575251,2024-05-15,True
7198,Radhika,Prabhu,hbhattacharyya@example.org,9228107336,2025-10-17,True
7199,Raghav,Kari,faqiddeshpande@example.org,9246271811,2021-07-26,True
7200,Dakshesh,Sinha,talwargaurang@example.com,9079536870,2022-09-09,False
7201,Vedika,Shetty,osubramaniam@example.com,9750567539,2024-09-18,False
7202,Kalpit,Suri,harinakshi03@example.com,9353243845,2025-06-16,True
7203,Jackson,Chandran,egupta@example.net,9039548324,2026-06-01,True
7204,Max,Jha,ksekhon@example.org,9821127293,2026-06-04,False
7205,Zayan,Dani,ganeshaadi@example.net,9430663817,2025-06-09,True
7206,Dev,Soman,jhaverigirik@example.com,9518916867,2024-10-17,True
7207,Vritti,Chahal,jeremiahpant@example.com,9292892371,2021-11-24,False
7208,Maya,Agarwal,binagaba@example.com,9839180732,2021-12-18,False
7209,Ayushman,Sheth,krishnadamyanti@example.net,9660612405,2025-01-06,True
7210,Yadavi,Sibal,nbal@example.com,9742306546,2023-06-05,False
7211,Keya,Arya,joommen@example.net,9552142785,2022-08-08,False
7212,Mohammed,Murty,basakvarenya@example.org,9097284173,2024-10-28,True
7213,Manan,Thakur,noritanay@example.net,9243800460,2025-08-16,True
7214,Hemani,Tara,ramanathanomisha@example.org,9767043913,2022-09-14,True
7215,Bishakha,Sandhu,urau@example.net,9179948995,2023-10-06,False
7216,Hemangini,Mangat,udoshi@example.com,9314112478,2026-04-24,True
7217,Saumya,Lata,lopa72@example.net,9378114111,2024-06-29,False
7218,Jai,Varkey,chatresh63@example.com,9087868786,2025-11-30,False
7219,Ikshita,Kapadia,ekanta57@example.org,9593393093,2025-02-10,True
7220,Tamanna,Sahni,sehgalwarjas@example.com,9829403683,2024-02-09,True
7221,Nidra,Chauhan,cdewan@example.org,9083120967,2022-02-08,True
7222,Adya,Pandit,sachikari@example.org,9619411236,2023-04-05,True
7223,Zayyan,Varma,bhavininair@example.org,9706243365,2023-07-28,True
7224,Tarak,Kibe,dugarnandini@example.com,9146213936,2022-12-04,True
7225,Imaran,Sachdeva,kala56@example.org,9903348264,2024-05-26,True
7226,Patrick,Mahal,balharinakshi@example.com,9357379527,2021-10-18,False
7227,Ucchal,Nayar,nagiojas@example.net,9709823807,2025-09-04,True
7228,Robert,Peri,ojasvi77@example.net,9576018867,2026-04-17,False
7229,Patrick,Ray,elijah50@example.net,9589350939,2025-07-09,True
7230,Henry,Chhabra,sara76@example.net,9684542772,2023-02-25,True
7231,Fitan,Kurian,devika38@example.com,9475162547,2022-06-10,False
7232,Madhav,Johal,hardikmukhopadhyay@example.net,9529247196,2021-08-08,False
7233,Bhavini,Dash,hsalvi@example.net,9415170006,2024-11-14,True
7234,Nakul,Sane,hiral08@example.com,9410167222,2022-05-06,False
7235,Prisha,Sant,bimala87@example.net,9646581596,2024-12-11,True
7236,Bhavani,Dugar,zbail@example.net,9562254707,2024-08-29,False
7237,Yachana,Kaur,kai57@example.net,9906625958,2022-10-20,False
7238,Gabriel,Kunda,calebtiwari@example.net,9669341742,2025-07-03,False
7239,Vritti,Ganguly,harshil98@example.net,9627862915,2026-02-23,False
7240,Ekapad,Mann,umitter@example.com,9374427513,2022-06-25,True
7241,Bachittar,Chandran,choudhurychristopher@example.org,9716313113,2024-07-10,False
7242,Omaja,Shankar,esinha@example.org,9332042870,2023-07-09,False
7243,Libni,Prashad,vivaandoshi@example.com,9620525622,2026-06-24,False
7244,Mitali,Nath,nigamwarjas@example.net,9972806159,2022-06-19,True
7245,Lekha,Sami,rcomar@example.org,9855029406,2022-11-08,True
7246,Yahvi,Vyas,alkabandi@example.com,9251497463,2023-10-29,True
7247,Suhani,Munshi,falgunikibe@example.com,9495252560,2025-11-30,False
7248,Yauvani,Menon,choudharyubika@example.com,9336618151,2024-06-03,False
7249,Chaitaly,Sridhar,alkachakraborty@example.org,9958553001,2026-05-30,False
7250,Shaurya,Ratti,raksharamesh@example.org,9058945516,2021-10-29,False
7251,Ekapad,Butala,nmall@example.net,9382328715,2024-07-08,True
7252,Irya,Kunda,fchowdhury@example.com,9847019788,2022-06-14,False
7253,George,Balay,aroradamini@example.org,9370619787,2023-02-18,True
7254,Oscar,Chatterjee,fmani@example.com,9933676117,2026-07-21,False
7255,Omya,D’Alia,bsathe@example.com,9715718718,2022-10-08,True
7256,Chakradev,Dara,zwalla@example.net,9375875459,2024-10-03,True
7257,Frederick,Batta,omtalwar@example.net,9346748851,2026-03-10,True
7258,Yashvi,Panchal,guhaleela@example.org,9621379693,2022-06-02,False
7259,Gunbir,Swaminathan,uissac@example.com,9563693479,2023-10-28,True
7260,Zashil,Bawa,sameshkohli@example.com,9702613761,2022-02-02,True
7261,Udarsh,Nagy,ranbirkala@example.org,9907297010,2023-09-07,True
7262,Warinder,Varkey,arin37@example.org,9610180196,2022-10-16,True
7263,Nachiket,Rege,chadahamsini@example.net,9985186766,2025-09-16,False
7264,Charita,Nath,kaleanika@example.net,9985982732,2023-05-01,False
7265,Tara,Sehgal,kkanda@example.net,9688621946,2022-07-25,True
7266,Devansh,Bail,aom@example.net,9825726967,2025-07-31,True
7267,Bhavini,Narula,rnagi@example.net,9996033563,2023-09-15,True
7268,Teerth,Sawhney,ojas33@example.com,9997174503,2023-06-15,False
7269,Geetika,Swamy,tailortara@example.org,9669164622,2022-02-04,False
7270,Harini,Saini,pandyayadavi@example.net,9037523039,2023-05-02,True
7271,Faraj,Chandra,dhingraleela@example.net,9431795825,2022-10-14,False
7272,Pranit,Dyal,comaramruta@example.org,9025207434,2025-04-05,False
7273,Anita,Wason,thamannidra@example.net,9842563799,2025-06-26,True
7274,Warinder,Yohannan,pantom@example.net,9509656865,2022-07-11,True
7275,Anirudh,Dass,riya23@example.org,9388776939,2025-12-13,False
7276,Dakshesh,Ramaswamy,dominickala@example.org,9551709159,2023-06-01,True
7277,Dominic,Rama,rishi78@example.org,9850790089,2023-10-03,False
7278,Ekapad,Narain,jgour@example.org,9969381021,2021-10-08,True
7279,Nihal,Pai,vigeesha@example.net,9237918584,2025-03-22,False
7280,Triveni,Vasa,pranit72@example.org,9798250753,2022-12-28,True
7281,Advaith,Walla,munshitristan@example.net,9734013357,2023-12-19,True
7282,Nitara,Narayan,omyapingle@example.org,9053905045,2025-11-13,False
7283,Advik,Mandal,kbalakrishnan@example.org,9889305997,2024-08-16,True
7284,Diya,Parikh,deepfaqid@example.org,9869820254,2022-12-09,False
7285,Chakradhar,Bahl,frederickoak@example.org,9780156164,2022-07-29,True
7286,Samesh,Brar,yahvi03@example.org,9821427781,2021-11-10,True
7287,Xiti,Mandal,qzacharia@example.net,9251683108,2024-02-01,True
7288,Mekhala,Padmanabhan,olanka@example.net,9232454541,2022-04-05,True
7289,Sarthak,Nigam,kala42@example.org,9726183284,2026-04-04,False
7290,Sai,Pandya,isaac01@example.com,9711467265,2025-07-25,False
7291,Ranveer,Tata,hemangsood@example.net,9735950849,2023-06-20,True
7292,Ladli,Mani,nrai@example.com,9017409666,2023-02-14,True
7293,Mitesh,Krish,ojasvi29@example.net,9791514309,2022-03-14,True
7294,Watika,Sem,aaggarwal@example.net,9391617861,2021-11-15,False
7295,Omisha,Krishna,daksha41@example.com,9923812904,2022-10-04,True
7296,Guneet,Mandal,viswanathanansh@example.org,9748383612,2025-12-14,False
7297,Jai,Kanda,trivenimangat@example.net,9807304637,2024-03-04,False
7298,Tara,Palan,aishanijain@example.com,9760540150,2023-04-22,True
7299,Jasmit,Koshy,ranveer38@example.net,9419495637,2026-03-25,True
7300,Dakshesh,Sharaf,janya15@example.net,9986573179,2026-05-12,True
7301,Janani,Chaudhry,raksha62@example.org,9228665161,2025-01-25,True
7302,Nirja,Bhardwaj,hansdarsh@example.net,9636030482,2022-02-11,False
7303,Abhiram,Devi,lavanyawali@example.net,9991892775,2025-04-14,False
7304,Agastya,Raja,hansmadhav@example.org,9991521595,2024-10-05,False
7305,Aishani,Raghavan,dharwarinder@example.net,9553282286,2023-09-25,True
7306,Aishani,Choudhry,hardik83@example.net,9466950841,2026-02-24,False
7307,Damini,Kar,ybatra@example.com,9380932743,2024-08-18,True
7308,Aryan,Jani,anmol03@example.org,9830040989,2024-06-22,True
7309,Pavani,Desai,zayyan44@example.net,9553190559,2026-02-15,False
7310,Fitan,Tella,yatin44@example.net,9485900727,2023-11-26,False
7311,Inaya,Borah,asarkar@example.net,9841114407,2024-03-16,False
7312,Ayushman,Narula,masonparikh@example.com,9259130003,2025-07-11,False
7313,Gaurangi,Goda,ekanta58@example.org,9753262371,2023-02-14,True
7314,Ubika,Nagarajan,khannaraagini@example.net,9584163596,2025-08-23,False
7315,Kashvi,Raval,palanfariq@example.org,9901022848,2025-04-24,True
7316,Wriddhish,Bajwa,imajumdar@example.org,9776810324,2025-08-16,False
7317,Gavin,Seth,eiravatiratti@example.com,9860882235,2022-07-14,False
7318,Niharika,Tailor,gabaishita@example.net,9773475891,2024-12-12,True
7319,Jeet,Tailor,rudratara@example.org,9833528098,2025-07-20,True
7320,Oeshi,Dash,mlal@example.com,9065279612,2023-09-15,True
7321,Om,Din,horaliam@example.org,9016148117,2024-12-17,True
7322,Aarna,Murty,wardaratta@example.net,9309650040,2022-06-21,True
7323,Frederick,Saran,indali81@example.com,9978229414,2021-09-23,True
7324,Pallavi,Chada,samarbutala@example.com,9241303897,2025-05-05,True
7325,Upkaar,Chokshi,lekhapall@example.org,9075406312,2022-11-11,False
7326,Falak,Pai,gopal19@example.com,9263172720,2024-11-11,False
7327,Jeevika,Panchal,minhaswarhi@example.org,9863620261,2023-04-05,False
7328,Mohini,Soni,ekiyagolla@example.net,9831870450,2023-03-24,False
7329,Widisha,Master,karizehaan@example.com,9633475949,2023-05-01,False
7330,Sarthak,Kant,sarannimrat@example.com,9038205270,2021-08-21,True
7331,Caleb,Rao,sraval@example.com,9369488259,2024-07-07,True
7332,Jai,Chhabra,auroranetra@example.net,9911059307,2025-11-23,True
7333,Vihaan,Bala,raviparth@example.net,9885774483,2021-09-21,True
7334,Turvi,Pandit,dayita85@example.net,9231387042,2024-09-23,True
7335,Jeet,Narain,tbanik@example.net,9787223589,2022-08-11,True
7336,Bimala,Bath,niharikapai@example.org,9192045315,2025-07-05,False
7337,Ayushman,Gupta,anaybera@example.com,9645678975,2024-01-21,False
7338,Meghana,Misra,kalitaarin@example.org,9727663975,2026-07-09,False
7339,Damini,Konda,davidsagar@example.net,9947908405,2026-02-13,False
7340,Vasana,Shere,tanmayimukhopadhyay@example.net,9591202109,2022-07-30,True
7341,Arunima,Bora,xzacharia@example.com,9574922200,2026-03-16,True
7342,Adya,Kuruvilla,rajapooja@example.com,9574667291,2024-04-19,False
7343,Janani,Mammen,udesai@example.net,9924673756,2025-06-10,False
7344,Anjali,Tandon,arjun88@example.org,9462165700,2026-02-17,False
7345,Sathvik,Chatterjee,karnikqabil@example.com,9223175513,2023-12-19,False
7346,Onveer,Tandon,qsavant@example.com,9994170709,2025-03-14,False
7347,Tarak,Seshadri,amallick@example.com,9829936671,2023-07-31,True
7348,Deepa,Barman,chaitanya26@example.com,9187238969,2025-03-14,True
7349,Nilima,Bora,omkaar06@example.net,9423218081,2022-07-19,True
7350,Neelima,Samra,sarafdayita@example.net,9860393223,2024-02-18,True
7351,Siya,Ganesh,zayyansur@example.org,9804298602,2021-11-08,True
7352,Yug,Lad,binagoswami@example.org,9305682110,2023-02-11,False
7353,Samuel,Bhatti,keerabhimanyu@example.net,9691936491,2023-07-03,False
7354,Reyansh,Rai,champak22@example.org,9825791002,2025-02-17,True
7355,Owen,Keer,datemitali@example.com,9536248784,2025-11-19,True
7356,Janya,Randhawa,duttsaanvi@example.com,9991760663,2024-04-05,True
7357,Isha,Kuruvilla,aryanchaudhuri@example.org,9738992146,2022-08-17,True
7358,Gabriel,Dasgupta,jacksonkalla@example.com,9231530610,2026-01-27,False
7359,Amrita,Iyer,yashchoudhry@example.net,9201487354,2023-12-19,True
7360,Leela,Dhar,shivani40@example.org,9517143562,2025-10-29,False
7361,Nihal,Pal,patilanusha@example.org,9835630145,2022-06-06,False
7362,Netra,Lala,dsagar@example.com,9684799062,2024-09-27,False
7363,Ekbal,Manne,teerth09@example.org,9848824211,2021-10-03,False
7364,Waida,Banerjee,wahabsaha@example.org,9956336454,2024-03-31,False
7365,Andrew,Desai,samarth14@example.net,9818645162,2024-09-29,False
7366,Dominic,Balakrishnan,devansh22@example.com,9741440221,2022-06-08,False
7367,Darsh,Uppal,danijai@example.net,9215200091,2026-05-14,True
7368,Rachita,Pal,uvaidya@example.com,9683447897,2022-08-05,True
7369,Pratyush,Srinivasan,dranganathan@example.org,9710678853,2025-05-03,False
7370,Odika,Guha,yborde@example.net,9846220769,2023-04-28,True
7371,Urishilla,Sheth,eiravati42@example.net,9099723658,2025-05-31,False
7372,Anya,Ratta,kibeadvika@example.org,9822410902,2022-04-10,True
7373,Faras,Kaul,dbarad@example.com,9788385027,2024-02-20,True
7374,Abdul,Mistry,suramohammed@example.org,9476590888,2023-01-31,True
7375,Indali,Bhakta,cravi@example.net,9646782680,2023-04-19,True
7376,Warda,Mall,sawhneyaarna@example.com,9539345891,2023-12-19,False
7377,Victor,Kalla,emalhotra@example.com,9728122647,2026-01-02,True
7378,Saanvi,Morar,mpuri@example.org,9942474938,2026-05-06,True
7379,Nachiket,Shenoy,ehans@example.org,9123435424,2024-07-17,False
7380,Hemani,Doshi,amitra@example.net,9468339713,2022-06-08,False
7381,Dev,Sahni,krishharinakshi@example.net,9816659818,2024-01-26,False
7382,Tanmayi,Barad,divya54@example.org,9743486791,2026-04-24,True
7383,Sai,Randhawa,zayyanbhattacharyya@example.com,9276226799,2022-02-28,False
7384,Hritik,Ranganathan,gchadha@example.net,9983117410,2024-03-04,True
7385,Rudra,Hegde,nilimabala@example.net,9622678870,2026-05-18,True
7386,Arjun,Dara,bumblipika@example.net,9360052493,2026-04-18,False
7387,Rudra,Parsa,agarwalsarthak@example.net,9215862510,2022-07-29,True
7388,Victor,Ganesh,pantekiya@example.com,9327907071,2023-12-13,True
7389,Forum,Wali,peterjoshi@example.org,9703909508,2021-07-31,False
7390,Vinaya,Chawla,dalalirya@example.net,9559198597,2022-01-22,True
7391,Tanish,Sidhu,jasonmahajan@example.org,9829594606,2023-12-16,True
7392,Jackson,Khosla,saranatt@example.com,9215502771,2023-02-27,True
7393,Madhavi,Srinivas,tiwarianita@example.net,9513413063,2023-05-27,False
7394,Netra,Thakur,ronithraja@example.net,9304461556,2023-05-25,False
7395,Widisha,Bhardwaj,triptitata@example.org,9253815289,2025-06-14,True
7396,Pavani,Cheema,vamakshi46@example.org,9275050360,2023-03-09,False
7397,Lila,Contractor,rayaanbarman@example.org,9765012807,2025-06-13,True
7398,Naveen,Chana,fradodhawan@example.org,9764251242,2025-03-10,True
7399,Riya,Korpal,kulkarniindrajit@example.org,9122461746,2025-03-18,True
7400,Vamakshi,Chand,naurora@example.net,9569661546,2022-08-30,True
7401,Nitesh,Varty,jairaj41@example.org,9927565711,2024-07-21,False
7402,Tanvi,Batta,janironith@example.net,9506786423,2024-07-19,True
7403,Ekavir,Jaggi,nidhi78@example.com,9714279730,2025-08-19,True
7404,Dhruv,Nagar,imadan@example.com,9969344536,2022-04-14,False
7405,Ayaan,Murty,harifitan@example.org,9155163415,2024-06-27,True
7406,Ganga,Dar,ryanmani@example.org,9296428921,2025-02-23,False
7407,Gaurangi,Bir,vbains@example.org,9741507238,2024-06-10,True
7408,Bishakha,Gandhi,vnarang@example.net,9293042071,2021-08-31,True
7409,Yatin,Dara,mitesh10@example.com,9539039159,2024-05-11,True
7410,Nidra,Bera,barkhamani@example.com,9705589351,2025-03-28,True
7411,Turvi,Oza,bavabhavika@example.com,9616648734,2023-06-03,True
7412,Krishna,Minhas,yugvasa@example.net,9925000046,2023-05-19,False
7413,Nimrat,Sibal,mahajanhamsini@example.net,9789632067,2025-08-21,True
7414,Gunbir,Patel,mahalfaraj@example.com,9269222553,2025-12-10,True
7415,Udant,Bhattacharyya,abhiram07@example.net,9763120426,2022-12-21,True
7416,Ikshita,Shah,saranadkarni@example.com,9846962512,2022-02-06,False
7417,Dalbir,Dhingra,aarav51@example.com,9243271959,2023-03-24,True
7418,Jeremiah,Dara,madanmahika@example.com,9028790231,2023-10-11,False
7419,Jyoti,Char,wsoman@example.net,9657023162,2026-02-27,True
7420,Timothy,Grover,hredhaanghosh@example.org,9585208119,2025-06-28,False
7421,Vaishnavi,Nigam,swaminathaneiravati@example.net,9085997358,2025-12-29,False
7422,Liam,Mall,hritik67@example.net,9298139405,2023-07-01,True
7423,Indira,Shere,jonathannaidu@example.com,9423675805,2024-04-13,False
7424,Om,Banik,gopal97@example.net,9757601108,2024-09-04,False
7425,Mason,Biswas,lekha59@example.com,9021614370,2026-06-21,True
7426,Hardik,Gopal,libni95@example.org,9596317616,2025-10-02,False
7427,Dayamai,Chakraborty,zilmil31@example.com,9781526064,2023-09-17,True
7428,Bakhshi,Batra,isaiahbarman@example.com,9944679596,2022-04-03,True
7429,Daksha,Swamy,fzachariah@example.net,9469023305,2022-12-26,True
7430,Farhan,Subramanian,sarthak22@example.org,9777482125,2025-10-04,True
7431,Bakhshi,Dugar,jpandya@example.org,9174863878,2024-06-11,True
7432,Raghav,Zachariah,ranaucchal@example.net,9248196684,2022-11-12,True
7433,Madhav,Khatri,ghoseonkar@example.org,9563097559,2025-09-11,False
7434,Azaan,Ramaswamy,yashodabasak@example.net,9617339119,2025-12-11,False
7435,Rohan,Kar,chavvivenkatesh@example.net,9236883128,2025-11-10,False
7436,Praneel,Vora,lohitarora@example.com,9408344744,2026-01-31,False
7437,Rajata,Yohannan,zkar@example.net,9292671348,2026-04-12,True
7438,Harsh,Mukherjee,anusha23@example.com,9223893670,2021-08-05,True
7439,Robert,Sachdeva,krishnanomkaar@example.com,9050572516,2025-10-30,True
7440,Anusha,Kuruvilla,ekrish@example.com,9682570656,2023-08-20,False
7441,Owen,Balasubramanian,kalitasudiksha@example.com,9520914790,2026-04-15,True
7442,Fariq,Pai,loganbalay@example.net,9227172442,2022-09-19,False
7443,Wazir,Dave,jyotigara@example.com,9916005330,2021-09-17,True
7444,Janani,Oza,rkaur@example.org,9238509929,2021-08-08,True
7445,Ekavir,Acharya,radhika78@example.net,9062529187,2025-04-21,False
7446,Shivansh,Lalla,lohitbedi@example.org,9770329517,2021-08-26,True
7447,Urvi,Roy,wsharaf@example.net,9577048321,2024-08-27,False
7448,Panini,Halder,zaidsaxena@example.org,9912662690,2025-09-02,True
7449,Om,Prashad,jackbhargava@example.net,9681544444,2024-07-17,True
7450,Luke,Hans,tsanghvi@example.com,9831897125,2022-06-26,False
7451,Maya,Prasad,opall@example.com,9440923013,2022-12-18,True
7452,Vrishti,Arya,balhaarbath@example.com,9142447617,2025-07-10,True
7453,Anthony,Kunda,oni59@example.net,9244602609,2023-04-27,False
7454,Abhimanyu,Madan,gaganhans@example.org,9470847483,2024-02-22,False
7455,Ishaan,Upadhyay,ukumer@example.com,9474926713,2023-02-01,False
7456,Chanakya,Vora,jagat57@example.org,9834241105,2026-03-27,False
7457,Peter,Upadhyay,qdhaliwal@example.net,9065667684,2021-10-14,True
7458,Theodore,Aurora,gollarachita@example.com,9018344093,2022-12-10,False
7459,Isha,Boase,januja02@example.org,9905424310,2025-06-16,False
7460,Darpan,Cheema,indrajit27@example.net,9097281090,2024-11-18,False
7461,Pranit,Agate,nakshsood@example.org,9063443629,2026-07-13,False
7462,Brijesh,Gupta,jackson11@example.org,9976407205,2022-06-28,False
7463,Garima,Warrior,veer31@example.net,9541944688,2022-04-11,False
7464,Ronith,Banik,anandchakradev@example.net,9308689903,2025-01-16,False
7465,Samar,Sharaf,kallanisha@example.org,9622359366,2022-11-21,True
7466,Sarthak,Tak,aditya80@example.org,9085254568,2024-01-22,True
7467,Tripti,Chandra,dgaba@example.net,9802724198,2025-06-10,True
7468,Jhalak,Purohit,michaelnori@example.com,9734214267,2025-10-13,True
7469,Bhavani,Vora,wchauhan@example.org,9057730858,2022-12-17,False
7470,Amrita,Kapoor,murtyjeevika@example.net,9818638254,2023-04-09,True
7471,Megha,Pandey,hpillay@example.org,9756269226,2026-04-28,False
7472,Deepa,Dubey,dharpatrick@example.net,9136057979,2022-12-09,True
7473,Varenya,Bawa,vincenttandon@example.net,9295343220,2023-10-08,False
7474,Unni,Rout,anvimall@example.com,9728261867,2026-07-16,False
7475,Netra,Tak,vrittidayal@example.com,9998498601,2025-10-25,False
7476,Urvi,Palla,radhika22@example.net,9171467418,2026-03-01,True
7477,Arin,Murthy,oakrushil@example.net,9914621894,2022-05-26,False
7478,Varenya,Palla,hprabhakar@example.org,9186369076,2025-01-16,False
7479,Rushil,Saran,sharafsai@example.org,9714583918,2025-06-27,True
7480,Vincent,Doshi,ekbal45@example.com,9606076490,2023-06-13,True
7481,Urmi,Bora,chavvi99@example.com,9070454821,2023-07-25,True
7482,Eta,Mandal,kpant@example.net,9935384961,2023-01-17,False
7483,Hemal,Narang,praneel21@example.net,9463287811,2025-03-01,False
7484,Kai,Naik,harshilkamdar@example.com,9083232359,2022-03-27,False
7485,Nirja,Raju,bhaktaunni@example.com,9644399206,2022-08-07,True
7486,Ekalinga,Bhalla,nidra57@example.net,9295787755,2021-08-15,True
7487,Tanmayi,Cheema,aurorapranav@example.com,9508432344,2026-06-27,False
7488,Udyati,Dugar,ppanchal@example.com,9567070916,2022-03-18,False
7489,Vasatika,Barman,radhika09@example.com,9567580948,2023-06-02,False
7490,Arin,Bhatti,sainori@example.net,9075411832,2023-12-23,False
7491,Ishwar,Bahri,anjalisami@example.com,9063498904,2022-02-08,False
7492,Banjeet,Dey,george19@example.org,9244136167,2022-09-24,False
7493,Raagini,Viswanathan,lsinghal@example.org,9783248356,2022-07-12,False
7494,Harish,Rama,senguptatristan@example.org,9871918387,2026-03-31,False
7495,Xavier,Guha,rajatauppal@example.com,9637730603,2024-12-07,False
7496,Jagat,Subramanian,zilmilsama@example.org,9477327528,2025-12-16,False
7497,Mohammed,Anne,chatura97@example.com,9990580987,2022-01-25,False
7498,Triya,Biswas,parikhteerth@example.com,9524546775,2022-11-02,False
7499,George,Aurora,harshilchauhan@example.com,9380208967,2022-07-13,True
7500,Gopal,Cherian,lbawa@example.org,9268975395,2023-05-31,True
7501,Karan,Gara,ubakshi@example.net,9658271336,2025-08-29,False
7502,Raagini,Patla,mitrajason@example.net,9996481915,2025-10-01,True
7503,Widisha,Varkey,krishnanmeghana@example.com,9897375070,2021-08-06,False
7504,Vasatika,Vig,zinalcomar@example.net,9759923046,2024-06-26,True
7505,Yashasvi,Sani,yugchana@example.org,9487097206,2026-01-13,False
7506,Dev,Merchant,stoor@example.org,9126473868,2025-12-05,True
7507,Abdul,Chawla,nilimachakraborty@example.net,9079007748,2024-07-12,False
7508,Hitesh,Balay,sethiekani@example.org,9676834269,2021-08-01,True
7509,Yagnesh,Patla,borrachatresh@example.org,9415203882,2026-05-29,False
7510,Nathaniel,Roy,saanvi16@example.org,9130440488,2025-04-21,True
7511,Bina,Ramanathan,xchaudhari@example.org,9599123767,2025-08-09,True
7512,Krishna,Tara,nandasudiksha@example.net,9655205483,2025-06-21,True
7513,Dayamai,Ratta,sandalcharvi@example.com,9640590440,2026-04-03,True
7514,Zaid,Gulati,edivan@example.com,9260644162,2023-02-20,False
7515,Advay,Hari,keya84@example.org,9895477160,2023-10-18,True
7516,Azaan,Pillai,ukeer@example.net,9844548124,2025-01-03,True
7517,Girindra,Nair,lbath@example.net,9272908929,2021-10-26,False
7518,Siddharth,Dar,guhajalsa@example.com,9810390988,2021-08-05,True
7519,Vihaan,Garde,chakrika28@example.com,9444947661,2024-02-01,False
7520,Qabil,Narula,vedhika93@example.com,9709751241,2025-04-26,False
7521,Dayamai,Goel,gaurangi09@example.org,9030195228,2024-06-20,False
7522,Aadi,Din,tara15@example.org,9763668709,2026-04-06,False
7523,Advay,Mangal,benjamin83@example.net,9472076953,2024-12-14,True
7524,Matthew,Grewal,yashicasibal@example.net,9326970367,2024-08-06,True
7525,Yachana,Viswanathan,kalajanuja@example.org,9859076595,2024-04-04,False
7526,Dakshesh,Bhandari,tanish98@example.com,9970470340,2024-05-28,True
7527,Krish,Lata,choudhrybarkha@example.com,9892970820,2025-01-08,False
7528,Bakhshi,Venkataraman,zkala@example.com,9213130716,2024-08-05,False
7529,Nicholas,Bobal,mitali05@example.com,9987352690,2026-05-18,False
7530,Benjamin,Boase,yamini97@example.com,9484119947,2024-05-24,False
7531,Rajeshri,Karpe,yutikasawhney@example.net,9332356991,2022-01-01,False
7532,Suhani,Cheema,tanejamatthew@example.net,9645629212,2022-09-25,True
7533,Finn,Bhardwaj,nminhas@example.com,9962704648,2025-09-21,False
7534,Zaitra,Dey,cvala@example.org,9586582363,2021-11-05,True
7535,Ojasvi,De,dsha@example.net,9892838812,2026-02-12,False
7536,Divya,Ram,wriddhishchaudhary@example.net,9165695022,2025-01-08,True
7537,Vidhi,Rau,senguptaekbal@example.com,9469487112,2024-04-26,True
7538,Nandini,Sen,keyadayal@example.com,9743576593,2026-05-24,True
7539,Nirja,Doshi,valaupkaar@example.com,9924916161,2023-02-23,False
7540,Meghana,Sagar,vartykai@example.org,9924576492,2023-02-13,True
7541,Orinder,Basak,nsavant@example.org,9857359405,2023-06-14,False
7542,Prisha,Narayanan,geetika10@example.com,9116389449,2024-03-08,False
7543,Jack,Korpal,goelbhavna@example.net,9372612882,2022-12-11,False
7544,Vasudha,Naik,niteshsachdev@example.net,9261205690,2025-05-06,True
7545,Mitali,Mistry,qrama@example.com,9224548466,2023-03-13,False
7546,Anthony,Zachariah,xiti30@example.net,9132142334,2024-06-04,True
7547,Xavier,Sundaram,agastya21@example.net,9032441332,2023-02-02,False
7548,Adweta,Narang,jsubramanian@example.org,9379370863,2025-12-02,False
7549,Lohit,Palla,baghyawatirao@example.com,9211132081,2024-04-26,True
7550,Zayyan,Dua,bpandya@example.org,9196846873,2025-04-28,False
7551,Gauri,Sanghvi,sahotajairaj@example.com,9375474014,2021-12-23,False
7552,Kashish,Desai,adya32@example.com,9350926369,2022-01-25,True
7553,William,Rai,shahvansha@example.com,9303271843,2026-03-09,False
7554,Xavier,Doctor,spal@example.org,9708604429,2025-06-27,True
7555,Neha,Ahluwalia,aachalsami@example.org,9173863556,2023-04-16,True
7556,Girish,Pandya,rayaan04@example.org,9861076728,2022-01-31,False
7557,Gautami,Bawa,veer71@example.org,9290631479,2022-02-19,True
7558,Dayamai,Karpe,luke57@example.com,9513824442,2023-07-21,False
7559,Zashil,Nair,nikita26@example.net,9657540172,2021-12-08,False
7560,Dayamai,Mane,keerchanakya@example.org,9055942141,2021-08-26,False
7561,Oeshi,Singhal,upkaar32@example.org,9310065232,2022-02-12,True
7562,Gopal,Karnik,yatinatwal@example.com,9244149171,2025-10-12,False
7563,Quincy,Jain,upkaardeep@example.net,9535816192,2021-09-12,False
7564,Reyansh,Saini,anusha10@example.com,9528911626,2022-07-12,False
7565,Indrajit,Subramaniam,kannanlogan@example.org,9331688851,2022-08-05,False
7566,Neelima,Jaggi,udyatichaudhary@example.com,9492765160,2023-05-12,False
7567,Ishanvi,Bala,varkeynandini@example.net,9744625653,2022-09-13,True
7568,Azad,Kamdar,tanveer54@example.org,9974344178,2025-11-14,True
7569,Akshay,Bava,uboase@example.net,9210714918,2022-11-01,True
7570,Samuel,Walla,ubaral@example.com,9201900695,2024-02-19,True
7571,Warda,Keer,daniel61@example.com,9481889874,2023-06-24,False
7572,Harshil,Munshi,qsha@example.net,9238521329,2022-02-26,False
7573,Baljiwan,Raval,emitra@example.com,9937775730,2024-08-25,False
7574,Lila,Dhaliwal,annezehaan@example.com,9716726332,2024-02-12,True
7575,Neel,Sundaram,jagdishbanerjee@example.com,9868308260,2022-05-28,False
7576,Hemangini,Palla,bahadurjit15@example.net,9538531934,2025-11-27,True
7577,Krishna,Mohanty,uradhakrishnan@example.net,9634172191,2024-05-29,False
7578,Riya,Golla,atwalradha@example.net,9726419419,2025-06-23,True
7579,Damyanti,Kale,cghosh@example.org,9213714591,2023-04-08,False
7580,Lucky,Goyal,uthakkar@example.net,9416612156,2026-07-23,True
7581,Hritik,Bassi,harrison19@example.com,9664967119,2025-02-10,False
7582,Falan,Menon,bawadaksha@example.com,9681574367,2022-07-07,False
7583,Garima,Deshmukh,manthansandhu@example.com,9269226640,2021-11-03,False
7584,Ekaraj,Lal,srinivasneha@example.org,9563201901,2026-06-28,True
7585,Chakradev,Malhotra,ladli76@example.com,9929667149,2024-11-23,True
7586,Ranbir,Sastry,tvarghese@example.com,9749412517,2023-06-07,True
7587,Aditya,Subramanian,takishita@example.org,9563309800,2023-02-23,True
7588,Lekha,Patel,chanderbaljiwan@example.net,9905589596,2023-06-06,True
7589,Ishita,Pandit,snehagole@example.org,9477008286,2023-05-22,False
7590,Advik,Bajaj,jayaramannimrat@example.net,9647468212,2022-10-22,True
7591,Vrinda,Shetty,xmunshi@example.net,9301770093,2023-10-30,True
7592,Jalsa,Sinha,radha52@example.net,9320802561,2023-06-27,True
7593,Theodore,Hora,leelapingle@example.com,9610405871,2024-06-26,True
7594,Jairaj,Kant,rudramitra@example.org,9868674245,2026-06-30,False
7595,Darpan,Murty,emaster@example.com,9505714374,2025-12-12,False
7596,Ranveer,Goda,forummahal@example.com,9380069466,2025-01-05,True
7597,Vedika,Arya,agastya57@example.org,9886689265,2025-11-29,True
7598,Gayathri,Chand,ygandhi@example.com,9202366191,2023-01-22,False
7599,Maanas,Thaman,mrout@example.net,9826430237,2022-08-27,True
7600,Girik,Sinha,gerasneha@example.org,9364722353,2023-06-20,False
7601,Nathan,Dayal,bhavnanagi@example.net,9387603299,2022-06-25,True
7602,Aahana,Tiwari,dinarya@example.org,9395289669,2026-05-12,False
7603,Edhitha,Prabhakar,janimanbir@example.com,9336571673,2021-11-19,True
7604,Warjas,Garde,pkarnik@example.org,9784182604,2026-01-25,True
7605,Hemal,Chawla,girishkothari@example.org,9388996559,2025-06-01,False
7606,Nitara,Sawhney,barialeela@example.org,9036460098,2025-07-02,False
7607,Vansha,Sharaf,ishanviray@example.com,9484878999,2024-09-17,False
7608,Yachana,Verma,pbhalla@example.net,9790645466,2021-08-25,True
7609,Rachana,Kumar,vanya45@example.org,9566009775,2023-03-22,True
7610,Triveni,Koshy,ishabhardwaj@example.net,9578648107,2023-05-02,True
7611,Watika,Rege,lakshmibiswas@example.org,9057964834,2024-03-09,False
7612,Ekavir,D’Alia,utkarsh37@example.com,9669916722,2023-12-03,False
7613,Rayaan,Subramaniam,zedwin@example.net,9397831115,2021-09-19,True
7614,Krish,Kibe,varkeydayita@example.com,9675334044,2022-01-16,False
7615,Girish,Dara,etabath@example.com,9969147604,2026-05-14,True
7616,Qabil,Mann,fbir@example.net,9804133780,2022-07-07,True
7617,Advika,Gupta,ganga50@example.net,9544549952,2024-04-15,True
7618,Lila,Mann,arunimalanka@example.net,9839229374,2024-12-17,False
7619,Nirja,Lad,zmutti@example.net,9032594140,2024-07-07,False
7620,Upasna,Palla,dipta96@example.com,9131280151,2022-05-19,False
7621,Diya,Kade,raghav60@example.org,9846757419,2023-01-22,True
7622,Adweta,Raj,adweta15@example.org,9812222909,2024-06-21,False
7623,Warhi,Prabhakar,gangulyneel@example.com,9197560933,2025-06-01,True
7624,Sara,Kota,yadavirout@example.com,9786297128,2023-10-04,False
7625,Anmol,Narang,hemal42@example.org,9272970278,2024-12-15,False
7626,Anika,Chowdhury,victordalia@example.net,9614538747,2022-07-02,True
7627,Ekaja,Narula,iramaharaj@example.org,9264271864,2022-07-01,True
7628,Barkha,Peri,vinayahayer@example.org,9686020402,2024-07-18,True
7629,Ekaraj,Khalsa,hemangini79@example.com,9488871991,2023-10-10,False
7630,Imaran,Chandran,chandamaira@example.com,9061615072,2026-05-29,True
7631,Hemang,Saini,sachdevaikbal@example.com,9494822027,2025-06-24,False
7632,Jasmit,Krishnan,harsh09@example.net,9358522741,2025-01-01,True
7633,Zayan,Subramanian,godafaris@example.org,9818571631,2021-12-03,False
7634,Tristan,Bahl,bariasimon@example.org,9997035155,2025-09-08,False
7635,Harinakshi,Kaul,vlall@example.org,9137911569,2025-05-21,False
7636,Frado,Parsa,kuruvillabahadurjit@example.com,9669791783,2025-04-15,False
7637,Damini,Randhawa,xavier80@example.org,9672300791,2024-06-06,True
7638,Zayan,Puri,royabeer@example.org,9548272200,2025-03-21,True
7639,Upadhriti,Tella,sthaker@example.net,9990086467,2024-08-06,False
7640,Pratyush,Barad,snadkarni@example.org,9014296998,2026-03-13,False
7641,Hemal,Shenoy,udantmadan@example.org,9381391405,2023-12-03,False
7642,Ira,Sankar,duttaeta@example.net,9401898053,2025-12-01,False
7643,Yamini,Dhar,ndeshmukh@example.com,9118577795,2022-05-12,False
7644,Nakul,Merchant,suleaishani@example.org,9398210419,2022-12-24,True
7645,Onkar,Mand,advik64@example.com,9234168702,2025-10-31,False
7646,Harish,Borah,vsura@example.net,9022099246,2022-01-02,True
7647,Turvi,Saha,prishajha@example.org,9749256128,2024-04-22,True
7648,Wahab,Konda,jacksonchaudhuri@example.org,9200820581,2021-10-21,False
7649,Sachi,Prashad,gabrielkothari@example.com,9029196161,2026-01-20,False
7650,Ekiya,Sidhu,tdubey@example.com,9275819081,2024-05-11,False
7651,Chaaya,Varughese,champak03@example.org,9082773164,2021-09-12,True
7652,Watika,Narang,keya34@example.org,9003409488,2024-02-15,True
7653,Darika,Walla,ria31@example.net,9788785339,2024-06-28,False
7654,Rachana,Virk,veersem@example.org,9175763953,2022-11-06,True
7655,Gabriel,Cheema,girik30@example.org,9746649989,2024-05-04,True
7656,Ekaja,Sahota,yochanashan@example.com,9143428661,2022-11-17,True
7657,Isaiah,Anne,diptaswamy@example.org,9293553360,2024-05-29,False
7658,Theodore,Ranganathan,xalak04@example.org,9023854514,2025-12-27,False
7659,Dominic,Chopra,suhani92@example.net,9216009000,2023-05-17,True
7660,Udyati,Tara,arinsawhney@example.org,9141253839,2025-10-01,True
7661,Avni,Sandhu,rachita23@example.com,9558220434,2023-08-06,False
7662,Keya,Lanka,andrewdoshi@example.com,9390930527,2023-06-05,False
7663,Alka,Sehgal,tellaayaan@example.org,9248493707,2025-10-13,True
7664,Aradhana,Loyal,ayushmanmaharaj@example.com,9440371037,2026-05-30,False
7665,Harinakshi,Sha,gandhimitesh@example.org,9735345811,2024-11-01,True
7666,Oeshi,Natarajan,fghose@example.org,9810643959,2024-05-28,True
7667,Hemang,Deep,nirjasankaran@example.net,9237404069,2024-03-01,False
7668,Ekiya,Soni,suhani15@example.net,9877006935,2022-05-31,False
7669,Triveni,Kurian,golanidhi@example.net,9318223995,2022-08-08,False
7670,Omkaar,Wali,ishajani@example.org,9855775154,2025-05-11,True
7671,Samesh,Thakur,aarinimadan@example.org,9580723175,2021-08-29,False
7672,Zehaan,Basak,dhillonzarna@example.org,9947934205,2022-02-14,True
7673,Vyanjana,Seth,pranav63@example.com,9302355337,2022-09-14,True
7674,Rishi,Bumb,xalak02@example.net,9841509126,2022-05-16,False
7675,Jagdish,Krish,vrindakaul@example.net,9920160140,2024-02-03,True
7676,Upkaar,Bhagat,aachal57@example.com,9232326091,2025-05-01,True
7677,William,Comar,vyaschampak@example.net,9450254829,2025-07-22,False
7678,Bishakha,Sarkar,prasadekaja@example.net,9374103011,2023-06-03,False
7679,Eesha,Doctor,upadhritibhatti@example.com,9957696354,2021-08-18,False
7680,Umang,Rau,chamanbarad@example.net,9962302714,2023-08-20,False
7681,Hredhaan,Bali,trivedikrishna@example.org,9450259129,2025-12-21,True
7682,Vamakshi,Kalita,chaaya51@example.com,9931885616,2025-08-24,False
7683,Guneet,Goda,abha43@example.org,9828545826,2023-02-18,True
7684,Ubika,Borde,mohammed96@example.org,9185021770,2023-06-27,True
7685,Chatresh,Pall,zayan59@example.com,9064512581,2024-02-13,False
7686,Baghyawati,Nori,manan20@example.org,9404011349,2025-09-16,True
7687,Maya,Dugar,aarinipalla@example.net,9687810540,2023-12-15,True
7688,Reva,Thaker,reyansh92@example.net,9392853870,2023-06-01,False
7689,Warhi,Murty,settyvasana@example.net,9279908810,2026-06-05,False
7690,Hitesh,D’Alia,iravel@example.net,9637892001,2021-09-08,False
7691,George,Morar,halderodika@example.net,9513498273,2023-11-18,False
7692,Karan,More,oeshi43@example.net,9994499780,2023-12-29,True
7693,Ekaraj,Anne,palanpanini@example.com,9463641996,2025-01-18,True
7694,Chaman,Pradhan,anya36@example.net,9710770177,2022-01-24,True
7695,Fariq,Uppal,goswamiupkaar@example.com,9466589123,2026-03-18,False
7696,Vaishnavi,Butala,dgrover@example.com,9976784123,2022-07-09,True
7697,Hamsini,Prashad,birumang@example.org,9484637004,2023-10-16,False
7698,Odika,Madan,walialexander@example.net,9156439211,2026-07-23,False
7699,Qarin,Chaudry,tristanbhasin@example.net,9190677468,2021-12-31,True
7700,Samaksh,Acharya,apalla@example.org,9138904062,2025-02-09,True
7701,Vinaya,Mittal,savantarya@example.net,9554681595,2025-04-24,True
7702,Mekhala,Sabharwal,iravala@example.com,9663049661,2026-01-31,True
7703,Dalbir,Kari,ayushpant@example.org,9064908587,2026-06-10,True
7704,Aarna,Chand,yashoda00@example.net,9302488764,2024-11-07,False
7705,Girik,Chad,nihalvarughese@example.net,9333616790,2021-09-25,True
7706,Urvi,Bhatt,srinivassaanvi@example.net,9580218834,2023-01-22,False
7707,Bahadurjit,Kala,reddyjhalak@example.org,9319117693,2022-06-21,True
7708,Ishwar,Bandi,ikbalatwal@example.org,9267993570,2022-07-04,True
7709,Sara,Saraf,farissom@example.com,9138690601,2025-10-22,True
7710,Chavvi,Gaba,ramakai@example.net,9814510596,2022-08-26,False
7711,Hiral,Lata,ayushman87@example.net,9015884801,2023-09-18,True
7712,Chatresh,Toor,birlaksh@example.net,9503754505,2026-03-22,False
7713,Chaitanya,Bhandari,natarajankala@example.net,9551490347,2026-05-16,False
7714,Bimala,Soman,rpuri@example.com,9377227451,2025-07-17,True
7715,Sneha,Raman,balveermangal@example.net,9315311412,2023-08-22,True
7716,Wahab,Choudhary,ikala@example.net,9364285515,2023-06-20,True
7717,Daksh,Sandal,rishisoni@example.com,9318093328,2022-04-05,True
7718,Udant,Thaman,ayaan38@example.org,9642511790,2026-01-10,False
7719,Tripti,Narang,fshenoy@example.net,9744620609,2021-12-12,True
7720,Faris,Aggarwal,pandyakamala@example.org,9911532276,2021-12-02,True
7721,Sathvik,Mohan,siya88@example.org,9047245712,2024-12-12,False
7722,Wakeeta,Sibal,abhimanyusaxena@example.net,9200901546,2024-10-11,False
7723,Balhaar,Sur,llala@example.net,9553961168,2023-12-23,False
7724,Ridhi,Vaidya,mukherjeeabhimanyu@example.com,9724589741,2024-12-11,True
7725,Amaira,Natarajan,urishillanadkarni@example.com,9394266109,2024-08-21,True
7726,Thomas,Khare,periwarjas@example.net,9819371759,2026-06-18,True
7727,Mohammed,Suri,bordecharvi@example.com,9934423665,2026-07-13,False
7728,Deepa,Edwin,labankhurana@example.com,9178961419,2023-11-24,True
7729,Bhanumati,Saraf,tmani@example.com,9370752218,2024-07-20,True
7730,Balveer,Kapadia,anmolraghavan@example.com,9670273761,2023-10-11,False
7731,Gavin,Gaba,subramanianchaitanya@example.net,9883906767,2023-01-30,True
7732,Warda,Barman,eganesan@example.net,9871610201,2023-11-04,True
7733,Ekaja,Arora,gabriel49@example.net,9228921415,2024-07-25,True
7734,Yashica,Mitra,pantrudra@example.org,9747059085,2025-01-28,True
7735,Dayamai,Borra,bpadmanabhan@example.com,9658475142,2022-09-04,False
7736,Advaith,Dey,godadakshesh@example.com,9561626577,2022-03-03,True
7737,Mohammed,Ganesan,singhayush@example.org,9285582323,2025-11-23,True
7738,Harinakshi,Dash,hbhakta@example.net,9033271766,2024-10-19,False
7739,Arya,Chadha,tkadakia@example.org,9309781194,2024-08-09,True
7740,Abha,Madan,zachariahvasana@example.org,9612612639,2026-01-22,True
7741,Rehaan,Hora,daniel49@example.org,9677763985,2025-07-31,True
7742,Kevin,Sarkar,nilimabatta@example.com,9614189234,2022-02-12,True
7743,Dominic,Chakrabarti,kgala@example.net,9928425087,2025-02-12,True
7744,Viraj,Sem,contractorbachittar@example.org,9389280798,2023-12-07,True
7745,Jeet,Sibal,bajwamohammed@example.net,9451991739,2023-08-14,True
7746,Ekapad,Saha,qlala@example.com,9279887790,2026-06-07,False
7747,Gaurang,Thakur,bishakhabanerjee@example.com,9765336330,2022-05-06,True
7748,Prisha,Patel,tgole@example.com,9746885016,2023-01-29,False
7749,Omisha,Bhavsar,yauvani15@example.org,9138022517,2024-08-06,False
7750,Chandran,Majumdar,krishbumb@example.com,9057445500,2026-03-16,True
7751,Krishna,Chaudhari,baradlakshit@example.com,9405777905,2024-04-25,True
7752,Devika,Rastogi,choudharyedhitha@example.com,9989270588,2025-09-17,False
7753,Adweta,Kibe,rishipatla@example.net,9655948847,2024-07-04,False
7754,Garima,Pillai,gunbir32@example.com,9049435292,2023-09-05,True
7755,Dalbir,Nagar,sbhatti@example.net,9152727738,2023-01-14,True
7756,Aarush,Dhillon,bkurian@example.com,9655803985,2025-11-16,True
7757,Ria,Ganesan,bhasinalexander@example.org,9234143235,2023-05-22,True
7758,Kamala,Pandit,wpatil@example.org,9420338337,2021-09-04,False
7759,Yashodhara,Loyal,larora@example.net,9367584576,2026-06-30,False
7760,Dalaja,Bumb,nitara76@example.com,9111711812,2025-11-16,True
7761,Wishi,Biswas,xmand@example.com,9548124432,2022-12-09,True
7762,Noah,Bains,qseth@example.com,9462969347,2023-01-14,False
7763,Girik,Nath,wagleanamika@example.org,9145100973,2024-04-29,False
7764,Patrick,Atwal,baniklopa@example.org,9338870007,2022-01-08,True
7765,Fiyaz,Kakar,prasaddavid@example.com,9520561874,2022-05-04,False
7766,Irya,Dara,chaitaly74@example.com,9847337509,2025-12-18,True
7767,Varenya,Boase,mukhopadhyaylaksh@example.net,9832227477,2022-11-04,False
7768,Charan,Karnik,dayamaithaker@example.net,9289911827,2025-04-11,True
7769,Ubika,Ghosh,avnisahni@example.org,9193084470,2026-06-21,True
7770,Chasmum,Prabhu,manthannanda@example.org,9614768428,2023-05-22,False
7771,Robert,Bail,prakashchakrika@example.org,9347052434,2024-05-21,False
7772,Oliver,Gandhi,zramachandran@example.org,9211851339,2023-06-03,True
7773,Rehaan,Lad,varshavarughese@example.net,9453748344,2025-11-12,True
7774,Saksham,Mann,nisha19@example.com,9038730721,2021-12-24,True
7775,Neel,Sandal,jhalak06@example.com,9550576853,2023-11-04,False
7776,Chakrika,Jani,lopa74@example.net,9802225962,2024-06-05,False
7777,Mahika,Chanda,urishilla68@example.com,9249826775,2023-05-10,False
7778,Rohan,Hegde,aryatanay@example.net,9446479114,2022-11-15,True
7779,Arya,Sarkar,upadhriti40@example.org,9056161846,2024-01-24,True
7780,Ridhi,Anne,dbera@example.net,9896085223,2022-08-21,False
7781,Pooja,Goswami,adyabhalla@example.net,9910462388,2024-09-06,True
7782,Ayaan,Rajagopal,banjeet94@example.org,9106048693,2024-07-03,False
7783,Veda,Golla,darikasharma@example.net,9646900947,2026-04-01,False
7784,Ekta,Comar,kamdarmaya@example.net,9662609333,2022-06-22,True
7785,Ria,Gupta,zdas@example.org,9377874618,2025-10-12,False
7786,Logan,Ganesh,sachi95@example.net,9423823656,2025-09-29,True
7787,Ekta,Mane,aayushbabu@example.com,9368545129,2025-07-22,False
7788,Shivani,De,yadavi30@example.org,9759755341,2022-10-22,False
7789,Gaurang,Hans,fariqlad@example.org,9372291467,2022-03-18,True
7790,Ganga,Sani,yashoda65@example.net,9346932898,2023-02-27,False
7791,Jason,Kaur,othaman@example.org,9652808475,2024-01-18,True
7792,Aryan,Chakrabarti,zgola@example.org,9702731137,2024-03-04,False
7793,Gaurangi,Ratti,ydugal@example.com,9324499596,2025-08-22,False
7794,Sanaya,Sandhu,saringeorge@example.com,9031521972,2023-09-19,True
7795,Kashvi,Raju,wcomar@example.org,9681508921,2025-06-30,True
7796,Yutika,Badami,rajagopalanchatresh@example.com,9447461082,2026-01-29,True
7797,Abhimanyu,Virk,balakrishnanlakshit@example.com,9926699295,2021-10-13,True
7798,Wyatt,Warrior,akshayandra@example.org,9844313204,2025-07-18,True
7799,Gunbir,Iyengar,atikarnik@example.net,9363647692,2025-05-28,False
7800,Anmol,Ratta,ladkrishna@example.net,9561204717,2025-02-26,True
7801,Ria,Bala,timothymisra@example.com,9540237239,2025-06-07,False
7802,Mohammed,Wason,ethanzacharia@example.org,9194289782,2025-03-25,True
7803,Upkaar,Comar,mohammed28@example.net,9204977638,2022-01-03,True
7804,Jason,Kara,qvenkatesh@example.net,9658410692,2023-01-06,True
7805,Tanvi,Rajagopal,gaurang99@example.org,9190878137,2022-06-25,True
7806,Mekhala,Aurora,ukarpe@example.org,9511496078,2023-04-21,False
7807,Omaja,Bhavsar,ekiya97@example.net,9821412749,2022-11-05,False
7808,Ishani,Sha,mahajanvictor@example.org,9504456673,2024-03-21,False
7809,Frederick,Subramaniam,oatwal@example.org,9272710679,2024-07-01,True
7810,Guneet,Singhal,jdasgupta@example.com,9801007914,2024-09-22,True
7811,Lila,Rai,graghavan@example.com,9538115957,2025-03-30,False
7812,Sanya,Dugar,bathhenry@example.org,9962065098,2025-07-27,True
7813,Girish,Dubey,meghana40@example.com,9431506894,2025-01-25,True
7814,Chakrika,Chad,ntailor@example.org,9630627432,2022-10-24,True
7815,Maanas,Babu,mallindira@example.net,9364512543,2024-12-05,False
7816,Chanchal,Krishnamurthy,jai24@example.com,9853020926,2024-02-23,False
7817,Aahana,Sibal,fandra@example.org,9046472020,2025-09-05,True
7818,Ekani,Oak,ladzansi@example.com,9322916520,2021-10-10,False
7819,Baljiwan,Kuruvilla,shahrachana@example.net,9670426470,2024-10-01,False
7820,Pahal,Trivedi,ramakrishnanmegha@example.com,9002186423,2025-02-09,True
7821,Barkha,Prabhakar,lila25@example.com,9226506304,2023-09-19,False
7822,Girik,Raval,hghose@example.com,9945352561,2021-11-03,False
7823,Vivaan,Puri,ravikabir@example.net,9875086506,2023-01-27,True
7824,Yashoda,Naidu,shauryadewan@example.net,9975029106,2025-09-17,True
7825,Alka,Kohli,kmanne@example.com,9773159683,2022-11-09,False
7826,Dayita,Balay,elijahchada@example.org,9151519474,2022-09-27,False
7827,Zarna,Dar,baralnimrat@example.org,9939920127,2025-08-22,True
7828,Odika,Bhat,shivanshlala@example.org,9157594511,2023-07-03,True
7829,Anita,Kadakia,tben@example.net,9607713131,2023-09-16,True
7830,Sai,Solanki,ikala@example.com,9633725926,2025-03-13,True
7831,Sudiksha,Pandya,janifiyaz@example.com,9103007672,2021-12-18,True
7832,Benjamin,Babu,jhari@example.com,9234203095,2022-04-03,False
7833,Kiaan,Manda,fkumar@example.net,9275436542,2025-01-01,False
7834,Xiti,Krishna,aadi83@example.com,9376989560,2026-06-02,True
7835,Pranit,Minhas,clalla@example.org,9004220215,2025-12-06,False
7836,Kamya,Khosla,qnatarajan@example.com,9359296539,2025-04-16,True
7837,Oni,Merchant,logankapadia@example.com,9174397116,2022-03-01,True
7838,Henry,Mishra,samarkibe@example.net,9143439838,2026-03-23,False
7839,Ekiya,Hegde,matthew63@example.org,9157794090,2024-04-27,True
7840,Nilima,Badal,triptibhavsar@example.org,9907683841,2022-09-19,True
7841,Robert,Ravi,buchishaan@example.org,9697938061,2021-12-17,True
7842,Girindra,Pillai,krish56@example.com,9987674885,2023-10-30,True
7843,Zayyan,Doctor,iyengarekapad@example.com,9058953664,2024-08-09,True
7844,Vidhi,Sem,odugal@example.org,9503051000,2022-03-20,True
7845,Advik,Garde,samesh25@example.net,9139633177,2025-02-13,True
7846,Thomas,Khurana,bhargavatripti@example.net,9146838819,2021-08-18,True
7847,Krish,Parmer,bhavika83@example.org,9621739223,2021-11-19,True
7848,Rachita,Prabhakar,sridhartara@example.net,9241170384,2026-02-27,True
7849,Pahal,Vala,sundaramaarna@example.com,9914525203,2022-05-28,True
7850,Vedant,Kumer,kotaindira@example.net,9188017647,2022-07-06,False
7851,Udyati,Master,charles59@example.net,9149873555,2022-12-05,False
7852,Karan,Kashyap,rakshamorar@example.org,9532422320,2025-01-15,False
7853,Charan,Rattan,dahluwalia@example.net,9509030186,2022-10-01,True
7854,Advay,Edwin,faqid85@example.com,9281188726,2022-12-31,True
7855,Urvi,Ramanathan,zdugar@example.com,9940883695,2024-11-01,True
7856,Timothy,Kapur,rchoudhury@example.com,9118956593,2021-10-27,False
7857,Aarnav,Pingle,tejaskhare@example.net,9443896334,2026-02-09,True
7858,Indrajit,Loyal,ravivritti@example.com,9450786409,2025-06-08,True
7859,Vyanjana,Sastry,rdasgupta@example.net,9422724491,2022-03-25,False
7860,Nakul,Raghavan,samarthbadami@example.net,9136594675,2025-08-31,False
7861,Shaurya,Patel,christopher92@example.com,9051417161,2023-08-05,False
7862,Laksh,Mukhopadhyay,ramachandranchampak@example.com,9002424598,2026-07-09,True
7863,Chaman,Sawhney,arin63@example.org,9586285323,2023-05-26,False
7864,Fiyaz,Buch,tmann@example.com,9677698292,2023-09-11,False
7865,Balveer,Rama,bhavna21@example.org,9028533380,2023-04-05,True
7866,Onveer,Lalla,nathan54@example.net,9662999788,2023-06-01,False
7867,Indrajit,Puri,udutt@example.org,9458604885,2025-09-24,False
7868,Tamanna,Walla,ansh88@example.com,9351109929,2024-05-08,False
7869,Zaitra,Pathak,utalwar@example.net,9227090866,2021-08-07,True
7870,Chandresh,Pal,aadi75@example.com,9627961128,2025-03-30,False
7871,Onveer,Dewan,nakulbalasubramanian@example.com,9429257789,2026-02-25,False
7872,Qabil,Sood,fshetty@example.org,9740681740,2024-10-30,False
7873,Utkarsh,Wason,gayathri24@example.com,9241411770,2024-03-22,False
7874,Ekalinga,Khare,idas@example.com,9620186114,2024-04-10,True
7875,Jackson,Rajan,ydayal@example.net,9265961635,2022-01-02,False
7876,Praneel,Kar,tanaybhatnagar@example.com,9223548014,2024-12-28,True
7877,Baljiwan,Chaudhary,zayyan78@example.com,9380579411,2023-07-21,False
7878,Utkarsh,Dayal,amritamander@example.org,9093618482,2021-09-16,False
7879,Jairaj,Yadav,oni54@example.com,9342625703,2024-03-07,True
7880,Lakshmi,Dube,anjalimemon@example.com,9683121136,2026-06-08,False
7881,Vivaan,Dara,maanav77@example.org,9491053421,2023-04-19,True
7882,Pranit,Shan,raaginisidhu@example.net,9346814593,2022-06-17,True
7883,Chaitanya,Bail,qabilwali@example.org,9960651813,2023-06-16,False
7884,Zaitra,Gole,anjalimaharaj@example.net,9244249198,2023-10-10,False
7885,Lavanya,Kanda,ekota@example.net,9562612136,2022-10-29,False
7886,Dhruv,Chad,azacharia@example.com,9344772879,2024-05-09,False
7887,Manan,Dhaliwal,ykapur@example.org,9792301376,2026-03-15,False
7888,Janya,Dass,oliverparikh@example.org,9423644601,2022-03-29,False
7889,Zaid,Deol,eshanabahri@example.org,9135124859,2022-01-03,False
7890,Owen,Shan,nikitasethi@example.com,9708694206,2026-03-07,False
7891,Darsh,Devi,zansisubramaniam@example.org,9053031653,2023-03-17,True
7892,Yagnesh,Buch,gabrielsachdeva@example.net,9913885320,2025-11-17,False
7893,Zilmil,Vig,janya79@example.com,9706705006,2026-04-03,True
7894,Megha,Ghosh,fkannan@example.com,9209064136,2025-09-23,False
7895,Varsha,Narayanan,dalbir53@example.org,9940967949,2024-08-30,True
7896,Thomas,Rau,avnikeer@example.com,9318021309,2022-10-26,True
7897,Ekani,Sankar,trajan@example.org,9174438607,2023-04-26,True
7898,Benjamin,Hans,saranvincent@example.net,9591189961,2026-01-21,True
7899,Daksha,Hayer,omtara@example.net,9307830066,2024-08-03,True
7900,Reyansh,Kannan,lopa72@example.org,9438398892,2023-10-04,False
7901,Chatura,Dara,chaudharynetra@example.org,9914530996,2024-07-16,False
7902,Adya,Handa,sethieiravati@example.org,9057769850,2021-12-22,False
7903,Ayush,Sharma,ishanvibajwa@example.org,9740123666,2024-02-15,False
7904,Mohammed,Sha,orinder06@example.org,9661718789,2023-10-18,False
7905,Leela,Pal,anmolmishra@example.org,9678206175,2024-12-26,False
7906,Ucchal,Viswanathan,ziyengar@example.com,9072413344,2024-06-26,False
7907,Sai,Singh,ebhakta@example.com,9556229237,2024-09-06,False
7908,Onveer,Saxena,wsaxena@example.com,9887064491,2023-07-16,False
7909,Nitesh,Bhagat,thomassuresh@example.net,9558767601,2025-05-12,True
7910,Onkar,Borah,ekbaltella@example.org,9962165768,2025-12-14,False
7911,Yashvi,Kade,saraparmer@example.com,9611821059,2025-10-14,True
7912,Yashica,Biswas,tristan82@example.com,9534616950,2022-01-05,True
7913,Hamsini,Krishnamurthy,gillgeetika@example.org,9045794748,2022-04-14,False
7914,Libni,Khare,cchandran@example.org,9967178454,2023-05-02,True
7915,Chavvi,Mangat,tanmayi72@example.com,9335448442,2023-07-11,True
7916,Aryan,Deol,wtiwari@example.org,9673698294,2022-09-13,False
7917,Yasti,Tak,krishchaitaly@example.org,9335978298,2023-09-23,False
7918,Pratyush,Subramaniam,kamala71@example.net,9496202992,2024-05-22,False
7919,Wyatt,Kunda,srama@example.net,9851393027,2023-01-13,False
7920,Lavanya,Anne,triyatalwar@example.org,9054639998,2022-08-15,False
7921,Pallavi,Chana,parekhjairaj@example.org,9337974301,2021-12-13,True
7922,Zashil,Kapoor,uppaldev@example.org,9009088375,2026-05-25,False
7923,Triya,Balakrishnan,neelimaissac@example.com,9371775013,2026-06-26,False
7924,Pavani,Kadakia,isingh@example.com,9865073636,2022-07-20,True
7925,Aadhya,Agarwal,ugarde@example.org,9408241699,2024-04-17,True
7926,Gunbir,Oza,hemanikarnik@example.org,9844741384,2022-04-29,False
7927,Vansha,Srinivas,guneet18@example.com,9287738248,2025-05-06,True
7928,Saumya,Nagy,nathanielbala@example.net,9007197814,2025-08-24,False
7929,Jatin,Wason,azad77@example.org,9490250627,2023-04-13,True
7930,Unnati,Behl,xvohra@example.com,9054445537,2023-03-13,True
7931,Gautam,Jhaveri,karandey@example.net,9941298765,2023-08-21,False
7932,Ganga,Muni,gmall@example.net,9470821776,2022-08-22,False
7933,Praneel,Sule,pathakyashica@example.org,9112771070,2026-07-24,True
7934,Janya,Setty,manilajita@example.org,9811187961,2022-09-02,False
7935,Aayush,Wason,anirudh10@example.org,9643915650,2025-11-26,True
7936,Vasatika,Bhandari,fswamy@example.com,9854501707,2024-05-10,True
7937,Shaurya,Master,leena82@example.com,9765451830,2025-06-10,True
7938,Veer,Radhakrishnan,guneet27@example.net,9994854462,2024-08-29,True
7939,Isha,Sani,hemanisaraf@example.com,9582430520,2024-12-01,True
7940,Urishilla,Kohli,sarakar@example.org,9886211155,2025-01-31,False
7941,Girik,Oza,charvilal@example.com,9470337305,2022-10-23,False
7942,Nathaniel,Deshmukh,khannagaurangi@example.org,9568263282,2021-12-29,True
7943,Tripti,Arora,lshukla@example.org,9007816110,2024-02-26,True
7944,Tejas,Singh,dhardhriti@example.org,9122159214,2024-11-18,False
7945,Eshana,Pillay,omajasachdev@example.org,9994703132,2026-04-06,True
7946,Logan,Kale,anitabahl@example.net,9851431649,2022-02-21,False
7947,Yagnesh,Manne,agastya49@example.com,9341869866,2025-10-22,False
7948,Rachita,Krish,anika52@example.net,9085741247,2024-12-17,False
7949,Zilmil,Tak,jayaramanhardik@example.com,9907629463,2025-04-01,False
7950,Sara,Sodhi,triveniganesh@example.org,9926498683,2021-08-14,False
7951,Yamini,Padmanabhan,prashadriya@example.org,9090119133,2025-06-17,False
7952,Brinda,Halder,aadhyavala@example.org,9021087870,2023-12-24,True
7953,Adweta,Wason,kavya96@example.net,9633387469,2022-07-30,True
7954,Robert,Balasubramanian,georgepillay@example.net,9425614293,2026-04-08,False
7955,Vincent,Choudhury,murtypatrick@example.com,9701598072,2026-01-10,True
7956,Harini,Mital,wvig@example.net,9410977297,2022-04-06,False
7957,Vihaan,Apte,aramaswamy@example.com,9981267599,2026-03-13,True
7958,Michael,Dugar,bbuch@example.net,9087768654,2025-11-09,False
7959,Mitali,Sachar,zinalbhatti@example.net,9158269243,2023-06-30,False
7960,Dipta,Mishra,bedibakhshi@example.net,9377755799,2023-07-02,True
7961,Madhavi,Trivedi,warinderbahri@example.net,9933532961,2022-01-31,True
7962,Finn,Singh,tanveer37@example.org,9899308276,2023-11-16,False
7963,Dev,Grewal,gsingh@example.net,9157592098,2024-05-24,True
7964,Neel,Bhakta,waidaanand@example.org,9329612510,2023-09-04,True
7965,Elijah,Reddy,ibal@example.com,9189078771,2026-07-07,True
7966,Dipta,Zachariah,esami@example.com,9455059550,2022-05-01,False
7967,Sudiksha,Sankaran,wakeeta84@example.net,9969979368,2025-09-28,False
7968,Oliver,Upadhyay,owali@example.net,9746430718,2026-05-24,False
7969,Adweta,Ahuja,rachita76@example.com,9771961513,2023-05-23,False
7970,Januja,Mahajan,xsuri@example.com,9255287528,2025-10-21,True
7971,Yochana,Subramanian,samaksh53@example.com,9713791511,2023-02-15,True
7972,Damyanti,Ratti,indalikarpe@example.org,9470424993,2022-04-05,False
7973,Vanya,Yadav,agatehritik@example.org,9381591066,2026-03-13,True
7974,Dayamai,Mani,danisachi@example.net,9172029275,2026-06-29,True
7975,Nisha,Barman,bhavinipatel@example.org,9389520781,2022-09-08,True
7976,Omya,Mall,saiperi@example.com,9051891579,2022-12-26,False
7977,Xavier,Dalal,vamakshigopal@example.net,9070581006,2024-02-10,True
7978,Faraj,Pillay,karatanish@example.org,9023786301,2024-01-16,True
7979,Praneel,Borde,subramaniamvanya@example.net,9348849540,2025-11-29,False
7980,Abeer,Suri,oommenom@example.com,9105047441,2021-08-14,True
7981,Tanmayi,Nori,deepakshay@example.com,9860752776,2022-09-19,True
7982,Avi,Bhardwaj,bhatiayash@example.com,9680274644,2026-06-10,True
7983,Ekavir,Viswanathan,jsamra@example.com,9561838446,2023-07-24,True
7984,Urmi,Saini,wwali@example.com,9391121447,2025-06-22,True
7985,Jyoti,Edwin,mandaudyati@example.net,9470324264,2023-12-10,True
7986,Watika,Samra,emallick@example.com,9836264141,2023-01-29,False
7987,Aashi,Sankaran,rpurohit@example.com,9358938990,2022-11-04,False
7988,Kashish,Mammen,mandsamar@example.com,9894207604,2025-06-13,False
7989,Sai,Raval,lipikasrinivas@example.com,9553631824,2022-09-15,True
7990,Hemangini,Wali,patlaforum@example.org,9611433972,2024-04-07,True
7991,Kashvi,Ganesan,ravalarin@example.com,9972582734,2021-10-27,True
7992,Chakradhar,Pillai,ekavir50@example.net,9131820813,2026-02-05,False
7993,Arjun,Narayan,libni54@example.org,9269575657,2024-05-10,True
7994,Lopa,Mahal,brijesh18@example.com,9387376379,2025-10-09,False
7995,Ekanta,Vala,tjani@example.com,9279409709,2021-09-23,True
7996,Tanveer,Purohit,vrittipillai@example.com,9345397277,2026-05-09,False
7997,Jagvi,Warrior,wyattsarma@example.org,9619469781,2024-01-28,True
7998,Keya,Kota,dbasak@example.net,9315061820,2026-07-24,False
7999,Daksh,Walia,zayyandoshi@example.com,9778117371,2023-02-18,True
8000,Theodore,Walia,harshilvarma@example.org,9804619905,2022-01-26,True
8001,Hiral,Joshi,tramaswamy@example.org,9774215229,2024-05-21,False
8002,Sudiksha,Dutta,rastogichandresh@example.org,9802118135,2024-01-03,False
8003,Yadavi,Dhawan,nimratkalla@example.org,9196425983,2024-02-28,True
8004,Oliver,Tailor,ynaidu@example.org,9754068246,2023-09-08,True
8005,Aahana,Prabhu,dhriti65@example.org,9468298865,2026-01-28,True
8006,Hemangini,Kota,anikamisra@example.net,9125779119,2026-07-11,False
8007,Siddharth,Sastry,yoginidhi@example.com,9025977065,2021-08-08,True
8008,Ekiya,Nagar,gautam81@example.com,9527318243,2026-01-28,True
8009,Theodore,Mammen,aarini21@example.org,9644681626,2023-07-19,True
8010,Thomas,Bhattacharyya,nehaoommen@example.com,9852531240,2022-05-15,True
8011,Gavin,Dani,sdas@example.net,9729276189,2023-07-22,True
8012,Ria,Srinivas,yamini86@example.com,9223129993,2025-01-23,False
8013,Sanaya,Padmanabhan,msaxena@example.org,9637914012,2025-04-14,False
8014,Yashasvi,Mammen,baraddayamai@example.com,9795563135,2022-02-12,False
8015,Dominic,Karpe,virajrai@example.com,9207240649,2025-06-12,False
8016,Netra,Lalla,osridhar@example.net,9117125181,2022-06-24,False
8017,Yashodhara,Sen,mzachariah@example.net,9918624313,2025-11-23,False
8018,Siya,Garg,rajurvashi@example.com,9150092110,2022-03-10,False
8019,Ryan,Joshi,aahana23@example.net,9896714254,2025-10-13,False
8020,Charles,Purohit,drajagopalan@example.net,9868011073,2025-07-14,False
8021,Mitali,Madan,dugarzashil@example.com,9968982862,2026-02-08,False
8022,Triya,Prakash,xkeer@example.org,9939905981,2022-09-12,True
8023,Ekbal,Choudhury,kalpit24@example.org,9998119441,2023-01-01,False
8024,Yochana,Mann,aganesan@example.com,9204251744,2023-11-07,False
8025,Ladli,Khurana,ovenkatesh@example.net,9244526788,2026-06-03,False
8026,Hiral,Nori,thomaskata@example.com,9225320417,2026-01-31,True
8027,Yashoda,Chakraborty,pathakqabil@example.com,9904394799,2026-02-18,False
8028,Onkar,Raj,indali78@example.net,9742980148,2022-05-23,False
8029,Ryan,Soman,samardube@example.net,9007213787,2021-10-30,True
8030,Rehaan,Dara,yachanadar@example.com,9734351804,2023-11-16,True
8031,Zansi,Tara,jatin86@example.net,9520835819,2023-02-24,False
8032,Karan,Grewal,bvarughese@example.net,9484056068,2024-11-02,False
8033,Advika,Gokhale,dayamaivaidya@example.net,9923358666,2023-12-31,True
8034,Abha,Hegde,manderfalan@example.net,9195896676,2024-12-25,True
8035,Oni,Mand,karpenimrat@example.com,9726829337,2022-09-03,True
8036,Anita,Baral,snarang@example.net,9596727691,2023-01-23,False
8037,Joshua,Parikh,peter80@example.net,9883797854,2024-07-01,True
8038,Jasmit,Bahri,nihaliyer@example.org,9636041449,2022-12-23,False
8039,Caleb,Banerjee,veer57@example.org,9925363922,2025-12-16,False
8040,Priya,Grewal,gaurangi34@example.net,9484135296,2025-02-16,False
8041,Anvi,Chacko,lajita74@example.org,9181568615,2023-04-24,False
8042,Damyanti,Krishnamurthy,mitterwridesh@example.net,9972935676,2026-03-07,True
8043,Anusha,Basak,vanyabuch@example.com,9179073486,2022-10-14,True
8044,Udant,Hora,bbhatti@example.net,9298217776,2024-04-28,False
8045,Rajeshri,Malhotra,veda93@example.net,9706356606,2023-10-02,True
8046,Chanakya,Lal,pallatanveer@example.com,9590490791,2024-09-04,False
8047,Daksha,Dugar,devansh89@example.com,9149777929,2024-10-19,True
8048,Faras,Khatri,kharewatika@example.org,9091075624,2023-01-10,False
8049,Unni,Pal,gadebishakha@example.net,9870208582,2025-04-29,False
8050,Tejas,Loke,rmurthy@example.net,9641221653,2023-07-20,True
8051,Nisha,Jaggi,nattvyanjana@example.net,9541388703,2021-12-08,False
8052,Edhitha,Kanda,vihaandash@example.net,9210494032,2023-12-07,False
8053,Aarush,Bera,mekhala25@example.net,9612097332,2022-02-13,True
8054,Tamanna,Madan,sabharwalhemal@example.com,9561673227,2022-05-24,False
8055,Eshana,Mukherjee,ishwar13@example.net,9023329592,2025-10-20,False
8056,Yutika,Contractor,dasguptahemal@example.com,9192509917,2022-08-09,False
8057,Janaki,Roy,gnarain@example.com,9359272573,2022-06-13,True
8058,Azaan,Bedi,eshana03@example.net,9490280995,2025-01-25,False
8059,Ridhi,Jaggi,qdube@example.com,9171931516,2024-11-27,False
8060,Damyanti,Bains,fkumer@example.net,9336797274,2023-05-24,True
8061,Ishani,Brahmbhatt,kauljeet@example.net,9062440437,2023-06-28,True
8062,Girish,Tak,udyatigoswami@example.com,9044721014,2023-05-01,True
8063,Advik,Bakshi,rajagopalnitara@example.org,9657088413,2024-10-09,True
8064,Guneet,Ben,ayush28@example.org,9240195158,2022-07-25,False
8065,Arunima,Sachdev,ypuri@example.com,9063789525,2022-09-10,True
8066,Vasudha,Ram,zdugar@example.org,9065436247,2023-04-12,False
8067,Anvi,Nath,lalajagdish@example.org,9329342335,2024-08-22,False
8068,George,Sem,osubramaniam@example.net,9503581553,2024-05-23,True
8069,Daksha,Palla,fsarna@example.org,9449798592,2023-02-10,False
8070,Inaya,Prakash,rohan29@example.org,9896690125,2026-04-28,True
8071,Ekavir,Sarkar,nairishita@example.net,9457465588,2024-10-31,False
8072,Sudiksha,Sheth,kparikh@example.org,9492097824,2022-01-20,True
8073,Chavvi,Gulati,sarthak50@example.org,9280964186,2023-07-27,True
8074,Mohini,Sengupta,rakshasarraf@example.net,9354893070,2021-08-22,True
8075,Aadi,Modi,geraamaira@example.org,9280489578,2023-08-28,True
8076,Jason,Ramesh,kdeshmukh@example.org,9075265822,2025-12-27,True
8077,Chaitanya,Sandhu,naveen04@example.org,9362214940,2025-03-31,True
8078,Zaitra,Kar,jeremiah00@example.net,9786872032,2022-05-16,False
8079,Avni,Krish,gauri51@example.net,9822167263,2022-11-04,True
8080,Ekani,Bhandari,onkarmunshi@example.org,9727180984,2025-02-17,True
8081,Vyanjana,Jain,calebganesan@example.com,9626237629,2024-10-06,False
8082,Ekantika,Nadig,tankbhavya@example.net,9244165863,2024-03-02,False
8083,Anita,Suri,pranitravel@example.net,9249914430,2022-03-21,False
8084,Damyanti,Handa,osahni@example.com,9476439057,2024-03-21,True
8085,Avni,Pai,rayaankala@example.org,9641909370,2023-09-01,False
8086,Aayush,Pai,chackobanjeet@example.com,9112895169,2025-06-19,False
8087,Gunbir,Sant,dmanda@example.org,9081722231,2024-09-05,True
8088,Kritika,Varughese,ishwardeo@example.net,9318445694,2022-10-13,True
8089,Jeevika,Tiwari,jeremiahradhakrishnan@example.com,9971071421,2025-07-16,False
8090,Jagat,Varghese,patilmason@example.org,9941818478,2025-03-07,True
8091,Lucky,Chokshi,johalishita@example.org,9068257533,2025-04-09,False
8092,Hema,Walia,ssachar@example.org,9190114274,2025-07-25,True
8093,Rajeshri,Kata,trandhawa@example.org,9249328289,2022-01-23,True
8094,Harinakshi,Suresh,arya30@example.com,9915608725,2025-09-09,False
8095,Kala,Parmer,lallazayyan@example.org,9045242784,2026-04-22,False
8096,Jacob,Ganesh,ira45@example.org,9499729277,2024-08-19,False
8097,Bhavya,Devan,dhawanjhalak@example.net,9495572325,2024-08-08,False
8098,Aadi,Shukla,sarthak24@example.net,9249420962,2024-05-01,True
8099,Unnati,Tara,gaurangigaba@example.com,9131598666,2025-04-19,True
8100,Zayan,Sarin,sainimitali@example.org,9732888625,2025-10-26,False
8101,Damini,Deo,goelranveer@example.com,9244229917,2022-08-18,True
8102,Bimala,Mani,biramrita@example.net,9722224930,2024-03-18,False
8103,Ekaja,Chaudhary,pillaidarpan@example.net,9497813461,2026-03-10,True
8104,Gautami,Subramanian,bhanumativirk@example.com,9239857942,2021-10-18,True
8105,Gavin,Ray,jacksonparsa@example.net,9910065381,2024-12-04,True
8106,Turvi,Pingle,wardasridhar@example.com,9894510074,2025-05-16,False
8107,Gunbir,Ram,riya03@example.com,9142479939,2024-08-05,True
8108,Oeshi,Dara,fsoni@example.com,9594958339,2021-09-19,True
8109,Gopal,Loke,vincentchandran@example.net,9753570226,2025-04-14,False
8110,Yahvi,Gour,abha34@example.com,9067471695,2025-03-28,True
8111,Oni,Bhagat,talwartriya@example.net,9507742156,2025-05-06,False
8112,Yash,Prabhu,raaginiatwal@example.net,9230074629,2023-01-08,False
8113,Ladli,Lala,ranganathanhritik@example.com,9242146651,2026-03-18,True
8114,Maanav,Dewan,owensamra@example.org,9576960495,2022-08-21,False
8115,Michael,Oza,henry70@example.net,9408432375,2023-02-25,True
8116,Yatin,Bora,rohan19@example.net,9210684265,2025-10-29,True
8117,Falan,Seth,srinivassneha@example.net,9805304300,2023-10-30,False
8118,Hemang,Chhabra,rajeshri95@example.net,9065267497,2024-10-22,False
8119,Chandran,Jhaveri,jagat66@example.net,9720170760,2022-07-24,False
8120,Riya,Date,frado02@example.net,9856307134,2025-01-10,False
8121,Patrick,Natarajan,daliadayita@example.org,9667720593,2025-12-19,True
8122,Aryan,Deo,sridharlibni@example.org,9561176546,2023-05-03,True
8123,Agastya,Loyal,xiti38@example.com,9701154890,2026-02-05,True
8124,Harrison,Natarajan,saumya80@example.org,9334280465,2026-04-17,False
8125,Lavanya,Loke,kuruvilladavid@example.com,9222462886,2022-09-23,True
8126,Falak,Goda,wsom@example.org,9490860137,2024-02-03,False
8127,Noah,Sawhney,chandgavin@example.net,9997190719,2025-04-08,False
8128,Gopal,Malhotra,lalyug@example.com,9455073298,2022-08-11,True
8129,Yamini,Sem,farhan73@example.org,9274398100,2024-03-20,False
8130,David,Lata,srinivastanveer@example.org,9011488424,2024-11-12,True
8131,Chakradhar,Borra,darshjhaveri@example.net,9335341207,2023-09-18,False
8132,Ishaan,Char,kaivenkatesh@example.com,9286420095,2022-08-17,False
8133,Lavanya,Deshmukh,raulaksh@example.com,9534813404,2025-11-27,True
8134,Falak,Lanka,ikshita02@example.com,9717601462,2022-02-15,False
8135,Charita,Manne,keya96@example.net,9159140492,2026-05-03,True
8136,Mohini,Shukla,banjeet06@example.org,9545253121,2026-03-03,True
8137,Veer,Brahmbhatt,mkunda@example.org,9788128169,2022-01-30,False
8138,Damini,Parsa,kavya92@example.org,9881846744,2026-05-17,False
8139,Divya,Walia,jatin07@example.com,9860896806,2024-10-04,True
8140,Rajeshri,Samra,noahbaria@example.com,9659569065,2022-12-07,False
8141,Vasana,Nayak,yadavikale@example.com,9355998066,2026-06-13,False
8142,Pushti,Iyer,uchand@example.org,9017125066,2021-08-09,True
8143,Vedika,De,tnath@example.com,9548304439,2025-02-09,False
8144,Baghyawati,Brar,falan42@example.com,9621909344,2022-10-28,False
8145,Lipika,Butala,rkrishnan@example.com,9288276131,2025-06-04,False
8146,Hamsini,Banerjee,wasonadvik@example.org,9600500269,2023-09-10,True
8147,Samarth,Korpal,guptaqasim@example.org,9557065094,2021-08-14,False
8148,Damyanti,Wable,deepa79@example.org,9644838303,2023-06-14,True
8149,Mahika,Chander,inayabuch@example.net,9175643162,2023-11-30,True
8150,Patrick,Joshi,baghyawatikapadia@example.org,9836392464,2026-06-03,True
8151,Tanish,Konda,deepadutta@example.com,9887014073,2026-04-27,True
8152,Siya,Vala,sastryethan@example.org,9174791486,2026-06-03,True
8153,Qushi,Banerjee,somanfalan@example.net,9461732698,2025-04-27,False
8154,Nandini,Sachar,isaiah26@example.net,9044325694,2024-01-21,False
8155,Urishilla,Babu,yutikashere@example.com,9800144762,2023-01-19,False
8156,Yug,Warrior,kapurunnati@example.net,9650848019,2025-12-17,True
8157,Isha,Zachariah,chavvi90@example.net,9359622854,2021-10-09,True
8158,Rajeshri,Sinha,madhavikala@example.net,9735273433,2023-11-28,False
8159,Vedhika,Dhawan,kamya60@example.net,9302080568,2021-11-14,False
8160,Laban,Vora,samesh47@example.org,9744449128,2024-08-14,False
8161,Azad,Mangal,sabharwalgaurav@example.net,9804717861,2024-08-12,False
8162,Leena,Kar,aachal25@example.net,9406043782,2022-12-01,False
8163,Hitesh,Sem,charanparsa@example.net,9067592566,2025-04-19,False
8164,Samuel,Mani,ltalwar@example.com,9169676781,2025-08-05,False
8165,Qushi,Shan,siya67@example.net,9976814367,2023-08-15,True
8166,Raagini,Korpal,veerkhalsa@example.com,9189209144,2026-03-17,False
8167,Libni,Prakash,fcomar@example.net,9400027541,2026-03-06,False
8168,Warda,Kalla,warriorgauri@example.com,9846528651,2024-05-10,True
8169,Bhavini,Dara,gaurika15@example.net,9172013530,2026-03-31,False
8170,Darpan,Sekhon,kotaharshil@example.org,9094692696,2022-12-01,True
8171,Anmol,Dalal,advaithdeshpande@example.net,9250150559,2024-10-20,True
8172,Shravya,Jhaveri,wmenon@example.org,9067351276,2022-04-18,False
8173,Patrick,Thaman,ukata@example.org,9614055684,2023-01-05,True
8174,Ladli,Gour,ekajapalla@example.com,9553553969,2025-06-04,False
8175,Watika,Edwin,noahrama@example.com,9181834700,2022-08-18,False
8176,Ekta,Hayer,raagini89@example.com,9960895387,2025-04-25,True
8177,Omkaar,Deshmukh,owen88@example.net,9407080164,2025-12-07,True
8178,Varenya,Ram,palanchaitanya@example.com,9258977404,2023-05-24,False
8179,Pahal,Majumdar,nbhakta@example.org,9181309184,2024-07-23,False
8180,Ekavir,Mahal,abeerbir@example.org,9869287614,2024-09-09,False
8181,Veer,Nayak,parsagautami@example.net,9042461788,2022-12-05,True
8182,Nidhi,Ravel,ghoshlopa@example.net,9763667237,2023-10-18,True
8183,Tanvi,Vasa,rehaan27@example.org,9670159890,2022-12-23,True
8184,Abeer,Dada,nitaranatt@example.com,9883591596,2023-08-23,True
8185,Chaitanya,Vora,raksha87@example.org,9350552070,2023-04-15,True
8186,Anmol,Bajaj,ati83@example.net,9030523263,2024-08-11,False
8187,Mitali,Manne,william36@example.com,9101951418,2023-12-11,True
8188,Gautam,Dubey,warinder12@example.com,9557567937,2025-09-02,True
8189,Charles,Rastogi,gsani@example.org,9987987994,2023-03-25,False
8190,Tejas,Yohannan,aahana59@example.net,9999557965,2022-02-28,False
8191,Chakrika,Mannan,cwalia@example.org,9046745771,2022-08-15,True
8192,Thomas,Kade,dhruvwali@example.org,9488486638,2026-05-06,True
8193,Zilmil,Bobal,aayush37@example.net,9585738454,2023-05-11,True
8194,Harrison,Bera,pallavi66@example.org,9422741762,2021-10-19,False
8195,Ekalinga,Gaba,nadkarniwidisha@example.net,9542224250,2022-03-29,False
8196,Tristan,Mody,nathandevi@example.net,9652041387,2025-05-03,True
8197,Gaurangi,Bedi,abhiramnaik@example.net,9105094977,2022-11-16,True
8198,Kavya,Mitter,dharom@example.net,9382320414,2024-06-20,True
8199,Guneet,Bains,saumyalall@example.net,9975243616,2024-10-25,False
8200,Radha,Date,reddyraagini@example.net,9313099878,2025-02-02,False
8201,Laban,Sehgal,nakulbhatnagar@example.org,9017237394,2023-07-04,True
8202,Bimala,Ganesan,gandhidarsh@example.com,9255280182,2022-08-24,False
8203,Tanvi,Bumb,bajajdiya@example.net,9544914137,2026-05-07,True
8204,Zarna,Kara,imorar@example.com,9915335303,2023-05-25,True
8205,Advika,Samra,tbadal@example.net,9756625561,2025-12-10,True
8206,Akshay,Deshmukh,naikvincent@example.net,9045992789,2023-09-03,True
8207,Samarth,Dara,kandra@example.net,9448741116,2025-09-23,False
8208,Megha,Pant,damyantijain@example.net,9265434674,2021-10-23,False
8209,Finn,Kala,orinder87@example.org,9212261123,2025-11-13,False
8210,Anamika,Shah,fbalakrishnan@example.org,9747932435,2023-01-16,True
8211,Victor,Majumdar,ogoyal@example.net,9773474928,2024-08-26,False
8212,Aarnav,Sagar,pushtiandra@example.com,9838205322,2025-04-09,True
8213,Ishanvi,Sengupta,araval@example.com,9964873349,2022-12-21,False
8214,Gopal,Kapoor,faras99@example.com,9288702686,2024-06-22,False
8215,Jagvi,Swaminathan,charvasudha@example.com,9196140450,2023-09-04,False
8216,Zilmil,Setty,chakrikashah@example.com,9488920612,2024-09-21,False
8217,Tristan,Dixit,chatura74@example.org,9615845646,2023-05-19,False
8218,Upma,Bumb,ydin@example.net,9788706707,2021-08-05,True
8219,Veer,Kata,sanghapriya@example.org,9747685741,2022-07-23,True
8220,Arin,Dutta,rajagopalanfrado@example.org,9833395782,2024-09-28,True
8221,Bahadurjit,Jayaraman,guptavincent@example.com,9257840902,2024-11-21,True
8222,Udarsh,Aurora,darafrederick@example.org,9708079819,2021-10-01,True
8223,Daksh,Comar,matthew43@example.org,9634089197,2023-10-18,False
8224,Ekiya,Dar,upadhriti44@example.net,9214748412,2023-04-13,True
8225,Yoshita,Badal,qabil72@example.org,9509142236,2022-06-10,True
8226,Krisha,Kalla,ymammen@example.org,9515369221,2022-06-01,False
8227,Eesha,Gade,tiwaripeter@example.com,9481044309,2024-01-30,False
8228,Vamakshi,Varkey,kamala19@example.net,9442584275,2025-11-27,True
8229,Ishaan,Lala,chokshivarenya@example.net,9159938886,2023-11-22,True
8230,Nikita,Rao,poojaraja@example.org,9385340218,2025-09-09,False
8231,Wridesh,Subramaniam,vkala@example.org,9237178217,2023-12-30,False
8232,Ijaya,Johal,guneetmahal@example.com,9321580814,2026-03-13,False
8233,Sarthak,Gill,divanlajita@example.net,9784260906,2022-11-25,False
8234,Aayush,Chander,rohanparmar@example.com,9750164936,2026-07-08,True
8235,Wriddhish,Goda,qnatarajan@example.net,9234300873,2022-03-19,True
8236,Kevin,Trivedi,sidhumanan@example.com,9168350299,2025-07-17,False
8237,Dominic,Sanghvi,wchahal@example.com,9445505617,2021-09-10,True
8238,Janani,Saini,aarav68@example.net,9286700626,2023-03-26,True
8239,Janya,Raju,charyug@example.org,9964678874,2022-10-30,False
8240,Lohit,Mangal,amritagola@example.com,9348669781,2022-06-18,True
8241,Veda,Pandey,daliamohini@example.com,9795133245,2023-05-16,False
8242,Eta,Jaggi,nihalchana@example.org,9919981385,2022-09-19,False
8243,Irya,Pingle,birpanini@example.net,9076471733,2022-08-20,True
8244,Yatin,Randhawa,indrajit51@example.com,9492010491,2022-10-11,True
8245,Devansh,Bhardwaj,anita76@example.net,9838580590,2026-06-30,True
8246,Vincent,Karan,kiaan71@example.org,9509089717,2022-02-19,True
8247,Samaksh,Narayan,fdoctor@example.com,9424316325,2023-10-13,True
8248,Dakshesh,Mander,leenapillai@example.org,9123870150,2023-01-21,True
8249,Zehaan,Kanda,azad67@example.com,9918543811,2024-07-20,True
8250,Ayaan,Soni,qasim09@example.org,9418965236,2024-10-04,False
8251,Wazir,Badal,shivani63@example.net,9398583407,2024-05-14,False
8252,Lakshmi,Ram,kaurhardik@example.org,9784326003,2023-12-07,True
8253,Liam,Goswami,qchad@example.net,9291752989,2025-03-27,True
8254,Mekhala,Butala,darpan28@example.net,9703373636,2024-04-11,True
8255,Maanav,Pandya,pavani96@example.org,9331409440,2023-08-10,True
8256,Lavanya,Varty,harsh92@example.org,9438563907,2024-05-16,True
8257,Manthan,Nagar,kapurveda@example.com,9765850336,2025-02-25,True
8258,Mohini,Murty,anvimahal@example.org,9621543853,2022-01-09,False
8259,Darika,Dara,hbose@example.net,9702339218,2024-07-07,True
8260,Tanveer,Sinha,koshyabhiram@example.com,9427228809,2025-01-01,True
8261,Chaitanya,Taneja,ranbir83@example.net,9263250386,2026-02-09,True
8262,Laksh,Sekhon,mbahri@example.org,9980349852,2021-11-26,False
8263,Kavya,Shenoy,rajatamadan@example.com,9715027322,2022-12-09,False
8264,Aashi,Kaur,maniishanvi@example.net,9108585825,2023-07-24,True
8265,Amara,Sinha,kuriansudiksha@example.net,9499368837,2025-03-19,False
8266,Nihal,Sane,david76@example.com,9939723902,2025-08-19,True
8267,Abhimanyu,Krishna,chandani54@example.org,9491168976,2026-01-16,True
8268,Shaurya,Basu,aarnav49@example.com,9583192927,2023-05-15,False
8269,Azaan,Dhillon,hema78@example.com,9930942165,2026-06-06,True
8270,Robert,Chauhan,yatan99@example.org,9008119776,2024-07-14,False
8271,Chakradev,Sarna,sibalamruta@example.com,9294292175,2021-12-06,False
8272,Samuel,Basak,kallaamara@example.net,9128453732,2025-01-27,True
8273,Samaksh,Srinivasan,rkannan@example.org,9035444377,2024-06-26,False
8274,Jalsa,Mandal,waidabadal@example.com,9954595961,2022-07-28,False
8275,Aishani,Mody,advay06@example.org,9002258566,2023-10-29,False
8276,Nisha,Bahl,manbirshankar@example.com,9056452967,2026-01-25,True
8277,Matthew,Mani,xavier48@example.net,9165280773,2024-02-27,True
8278,Ekanta,Char,ayushmandave@example.com,9626083593,2023-11-20,True
8279,Aashi,Barad,edhar@example.net,9468495330,2021-12-21,True
8280,Ekiya,Bahri,wkeer@example.net,9322777757,2025-01-02,True
8281,Timothy,Raju,birzilmil@example.com,9281296135,2025-07-13,True
8282,Lekha,Mammen,balakrishnanmugdha@example.org,9355785038,2026-06-22,True
8283,Chasmum,Manda,gopalqushi@example.org,9025488575,2022-11-04,False
8284,Logan,Sethi,warriorijaya@example.org,9861957141,2024-02-27,True
8285,Udyati,Kuruvilla,yatin43@example.org,9230221517,2024-07-14,True
8286,Jackson,Khurana,laban46@example.net,9120952059,2022-05-01,True
8287,Shivani,Tella,peter89@example.net,9487965558,2024-01-29,False
8288,Vyanjana,Dalal,zaidramachandran@example.org,9391155763,2021-08-21,False
8289,Leela,Nayar,kchand@example.net,9906738669,2023-06-13,True
8290,Pranit,Sabharwal,ayushmantank@example.org,9229812489,2024-01-25,False
8291,Chasmum,Basak,utkarsh53@example.net,9604855673,2024-08-20,True
8292,Umang,Sethi,lajita44@example.org,9133973691,2022-06-14,False
8293,Triya,Prabhu,udyati42@example.org,9730806864,2021-11-09,False
8294,Yatan,Nanda,cjhaveri@example.net,9773924765,2022-11-30,False
8295,Ekaja,Gulati,bhayer@example.com,9315392101,2026-06-07,True
8296,Triveni,Krish,xcomar@example.net,9748825936,2023-04-19,False
8297,Oscar,Arora,max57@example.org,9238513289,2024-03-17,False
8298,Wyatt,Kapadia,iradhakrishnan@example.net,9771277232,2023-03-27,True
8299,Owen,Cheema,isubramanian@example.com,9769902107,2023-11-06,False
8300,Eesha,Mani,mannanyatin@example.net,9517463729,2021-10-09,False
8301,Ojas,Bhatia,raveljanuja@example.net,9261056628,2023-08-26,True
8302,Atharv,Sen,veervarty@example.com,9758406182,2024-07-23,True
8303,Liam,Dugar,eshanagokhale@example.net,9215183104,2024-03-14,True
8304,Michael,Khatri,thomas14@example.net,9407590344,2025-04-01,False
8305,Sneha,Ganesh,goelchasmum@example.net,9987901714,2023-03-16,True
8306,Hemangini,Tank,pandeyyauvani@example.net,9698448120,2024-03-05,False
8307,Samaksh,Chahal,kibeurvashi@example.com,9885523736,2022-07-19,True
8308,Chatura,Dhar,logan99@example.org,9372321031,2022-08-08,False
8309,Rishi,Patel,logan65@example.org,9550872739,2024-01-19,True
8310,Ekapad,Rajagopal,cjani@example.org,9122922575,2024-04-07,False
8311,Kala,Dubey,pinglesneha@example.net,9385550863,2025-04-16,False
8312,Nandini,Sawhney,emani@example.org,9393938138,2021-09-23,False
8313,Quincy,Dyal,sharafanjali@example.net,9320053514,2026-03-01,True
8314,Zashil,Ganesh,farhandada@example.net,9912207907,2025-11-18,True
8315,Sarthak,Loyal,akar@example.com,9625769322,2022-11-03,True
8316,Advik,Sarraf,christopher22@example.com,9652681324,2024-10-11,False
8317,Vritti,Mittal,zthaker@example.net,9454983849,2025-04-15,True
8318,Chatresh,Arya,iryadevan@example.com,9757313354,2022-09-22,True
8319,Reva,Chad,kalpit33@example.com,9193681454,2026-06-18,False
8320,Harsh,Deep,anyakibe@example.org,9579612275,2022-02-21,True
8321,Umang,Mall,sathvik40@example.com,9822615509,2025-10-18,False
8322,Meghana,Chokshi,anushakrish@example.com,9321571621,2025-03-16,True
8323,Vincent,Keer,gbatra@example.com,9317034665,2022-09-15,False
8324,Aarav,Gour,echanda@example.net,9273712391,2023-04-11,False
8325,Bachittar,Mandal,falanborah@example.org,9291854683,2025-04-25,False
8326,Ishita,Dara,victor77@example.com,9183164074,2024-02-14,True
8327,Nilima,Dixit,xahluwalia@example.org,9268061336,2024-09-03,True
8328,Ishani,Baria,epant@example.net,9604362532,2025-11-13,False
8329,Samuel,Dhingra,tamanna02@example.org,9692385991,2025-01-20,True
8330,Unni,Dora,vasatikadey@example.org,9113144804,2022-12-27,True
8331,Neelima,Kashyap,faraj42@example.org,9134833946,2022-05-23,False
8332,Ekbal,De,ramaswamydeepa@example.net,9812000338,2026-05-27,True
8333,Upkaar,Dhillon,ravelchakradev@example.net,9752331408,2022-09-11,False
8334,Chatura,Bose,mandanetra@example.net,9654819759,2023-06-04,True
8335,Ekantika,Chaudhuri,ggill@example.com,9151122510,2024-05-10,True
8336,Kavya,Narula,okhare@example.com,9280465752,2022-07-16,True
8337,Urishilla,Kade,jairaj31@example.net,9752906787,2021-10-09,False
8338,Isaac,Virk,surikamya@example.org,9008146365,2024-06-04,False
8339,Kashish,Bandi,tdhillon@example.com,9633893633,2023-07-23,True
8340,Devika,Loke,ijayamody@example.net,9389384482,2023-05-10,False
8341,Janaki,Sarin,omisha25@example.com,9340006824,2021-11-18,False
8342,Eshana,Chana,hemathaman@example.org,9070627524,2023-09-16,False
8343,Azaan,Agarwal,tsuresh@example.net,9912153421,2024-05-24,True
8344,Faraj,Sami,bhanumatiminhas@example.com,9262774843,2024-07-15,True
8345,Aadi,Dada,chahalalexander@example.net,9680679328,2022-02-12,True
8346,Ryan,Ramachandran,bachittarrai@example.net,9036483668,2024-07-21,False
8347,Neelima,Dube,brijeshthaker@example.net,9209855794,2025-03-17,False
8348,Yamini,Sami,kumarishani@example.com,9722924978,2024-08-11,True
8349,Qabil,Memon,berajason@example.net,9151802366,2022-06-22,False
8350,Dipta,Lalla,bhagatvrishti@example.com,9013124797,2024-09-24,False
8351,Simon,Kale,inatt@example.org,9976022940,2024-09-15,False
8352,Veer,Ganesh,nandaqasim@example.net,9454569651,2022-09-01,True
8353,Abhiram,Chana,wahabpatil@example.net,9863458126,2026-07-16,False
8354,Jacob,Shankar,elijah07@example.com,9500511904,2025-11-06,True
8355,Liam,Narain,rbal@example.net,9421708518,2023-09-26,True
8356,Janya,Bansal,xbera@example.org,9000301452,2022-09-12,True
8357,Chaman,Menon,mukhopadhyayoscar@example.com,9515386571,2023-06-01,True
8358,Omaja,Pall,ysarna@example.com,9660059468,2023-07-01,False
8359,Harsh,Yogi,lipika80@example.com,9646419617,2025-08-20,False
8360,Naveen,Raj,balhaarsinha@example.net,9412304249,2025-06-18,True
8361,Sanaya,Boase,jagdish19@example.net,9870782102,2022-06-15,False
8362,Benjamin,Zacharia,mohantyzansi@example.net,9589821713,2025-08-20,True
8363,Vyanjana,Minhas,samesh00@example.com,9202922655,2026-02-27,False
8364,Jack,Chhabra,kradhakrishnan@example.org,9187321382,2025-03-10,False
8365,Urvi,Das,wazir55@example.org,9139625581,2024-01-08,True
8366,Zayyan,Chadha,pratyush42@example.net,9826928305,2023-06-25,False
8367,Vidhi,Dasgupta,tanveermistry@example.org,9455405129,2023-01-14,False
8368,Wridesh,Choudhary,chakrabartiria@example.net,9503160488,2025-03-19,False
8369,Chameli,Shankar,xnadig@example.com,9295278291,2021-07-25,False
8370,Faras,Virk,jloke@example.net,9250725084,2026-01-30,False
8371,Diya,Singh,singhalekaraj@example.com,9707481720,2025-06-06,False
8372,Bakhshi,Dar,darpanbhargava@example.org,9202858747,2022-01-31,True
8373,Yash,Johal,anmol02@example.net,9789692849,2025-05-18,False
8374,Raghav,Loyal,gkapoor@example.org,9839733636,2023-04-27,True
8375,Girish,Pathak,zashil13@example.org,9696665246,2024-08-05,False
8376,Hardik,Basak,abeergala@example.org,9025587865,2021-10-10,False
8377,Vedant,Gill,chaaya96@example.com,9268772067,2024-10-17,False
8378,Matthew,Tank,inaya45@example.net,9592476842,2026-03-07,True
8379,Yahvi,Bail,kashvisrivastava@example.org,9136229495,2022-05-04,True
8380,Avni,Bhattacharyya,vihaan63@example.org,9778533343,2025-05-07,True
8381,Aarav,Mitter,kakarbalendra@example.org,9043695211,2024-08-02,True
8382,Zilmil,Wason,jbhagat@example.net,9096776363,2024-12-19,True
8383,Manan,Nayar,ramaniharika@example.org,9064292732,2022-09-05,True
8384,Anay,Ram,upadhritikumer@example.org,9076952900,2026-06-24,True
8385,Dakshesh,Cherian,bimalakadakia@example.com,9767672873,2026-05-28,True
8386,Advika,Kurian,sbasu@example.com,9838073622,2026-02-18,False
8387,Chakradev,Chaudry,ekiya47@example.com,9329862120,2025-12-30,False
8388,Yagnesh,Ahluwalia,turvibains@example.org,9564332842,2022-11-28,True
8389,Neel,Biswas,nganesh@example.org,9041023135,2025-02-12,False
8390,David,Yogi,okata@example.net,9053829032,2025-05-13,True
8391,Aarna,Sani,nikitasarma@example.org,9336592398,2022-07-05,False
8392,Oliver,Dada,sharafchanchal@example.org,9002094258,2023-11-20,False
8393,Yasti,Sha,anshnigam@example.com,9247082768,2025-03-08,True
8394,Jonathan,Chakrabarti,daksh38@example.net,9091763555,2025-11-05,False
8395,Abha,Suri,ssodhi@example.org,9457112608,2025-09-30,True
8396,Sneha,Baria,hardiktrivedi@example.com,9033647907,2022-02-19,True
8397,Varsha,Contractor,balvan02@example.net,9057312850,2022-02-26,True
8398,Pratyush,Maharaj,xchada@example.org,9197424420,2024-09-15,False
8399,Udyati,Babu,thomassuresh@example.com,9620103851,2025-11-14,False
8400,Udarsh,Tank,sanghviharita@example.net,9516443474,2026-05-25,True
8401,Zashil,Chana,omya73@example.net,9442773325,2023-07-07,True
8402,Lohit,Bajaj,sudikshagour@example.net,9488414694,2024-11-25,False
8403,Logan,Radhakrishnan,joshua62@example.net,9943820328,2022-09-11,True
8404,Zehaan,Hans,wazir58@example.org,9652289492,2025-05-14,True
8405,Peter,Kothari,xsom@example.org,9446004045,2025-11-14,True
8406,Ojasvi,Muni,manne@example.net,9170374901,2024-05-08,True
8407,Bakhshi,Sandal,gavinrajagopalan@example.org,9175163307,2023-05-31,False
8408,Bimala,Dhar,idikakeer@example.com,9420736385,2025-02-28,True
8409,Oviya,Sood,xiti36@example.org,9000591868,2021-10-22,False
8410,Divya,Sachdev,jsahni@example.net,9117251576,2024-02-24,True
8411,Vivaan,Nagy,bhavna76@example.net,9401163082,2023-03-31,False
8412,Aachal,Pradhan,keerdeepa@example.org,9115001818,2021-08-22,False
8413,Kashvi,Choudhry,sunderaayush@example.org,9378544387,2024-06-21,False
8414,Nihal,Sandal,choprafaras@example.org,9388900219,2025-09-11,True
8415,Vrishti,Murty,yugbedi@example.org,9018252964,2024-01-02,False
8416,Omaja,Lata,thakurjagrati@example.com,9783920493,2022-07-30,True
8417,Zashil,Sur,modimaanas@example.org,9578815021,2022-12-12,False
8418,Harsh,Sachdeva,abeerchad@example.com,9967534475,2025-01-03,True
8419,Ikbal,Narula,fiyaztank@example.org,9361465389,2022-10-10,True
8420,Amol,Kaur,raghavrastogi@example.net,9140481963,2025-12-02,False
8421,Yochana,Kaul,baradraghav@example.net,9575975276,2023-06-14,False
8422,Bhavani,Ray,obajaj@example.org,9767444752,2025-10-02,False
8423,Henry,Biswas,adityajain@example.com,9915439115,2025-12-02,False
8424,Baljiwan,Suri,isaiah16@example.org,9345603171,2023-06-27,False
8425,Reva,Raval,gargpranav@example.org,9240564643,2023-04-28,True
8426,Yuvraj,Tiwari,jyoti53@example.com,9831021451,2026-02-24,True
8427,Lekha,Pathak,xkala@example.com,9204623306,2024-03-11,False
8428,Nitesh,Dhar,tanejakamya@example.com,9843757928,2026-01-10,True
8429,Priya,Datta,chamelinarula@example.net,9575941879,2024-08-11,False
8430,Priya,Dara,calebbalay@example.org,9774802818,2023-06-10,True
8431,Jeevika,Pall,aurorasamarth@example.org,9275222404,2025-02-22,False
8432,Teerth,Biswas,vasatika54@example.org,9671117602,2022-06-17,False
8433,Unnati,Bhandari,nbehl@example.org,9889874295,2026-02-09,True
8434,Charita,Chandra,alka87@example.net,9164710612,2024-08-11,False
8435,Qasim,Mangal,shanbhavya@example.com,9043949142,2026-05-26,True
8436,Jairaj,Sandhu,ikhatri@example.com,9442850959,2024-10-28,False
8437,Niharika,Buch,jbala@example.com,9671284461,2021-09-07,False
8438,Raagini,Banerjee,laban62@example.org,9698512468,2023-12-31,False
8439,Ria,Joshi,qbalasubramanian@example.com,9817313236,2021-08-07,False
8440,Yahvi,Goel,chowdhuryazaan@example.org,9208741678,2026-02-16,True
8441,Leela,Hora,godadev@example.net,9820169396,2025-05-13,True
8442,Aditya,Gaba,kannangautami@example.net,9637905296,2026-04-15,False
8443,Shravya,Tara,danisanya@example.net,9931462071,2025-08-23,True
8444,Barkha,Nagy,tkohli@example.com,9883964635,2024-01-23,False
8445,Widisha,Bajwa,utkarshkala@example.net,9190043696,2024-05-22,False
8446,Hema,Magar,aryapushti@example.com,9019696648,2024-06-30,True
8447,Qarin,Pandya,msuresh@example.org,9911976994,2024-06-19,True
8448,Urvi,Rama,jhalakdevan@example.net,9201836272,2021-08-15,False
8449,Raksha,Grewal,tailorjanya@example.com,9425590248,2023-04-28,False
8450,Aarush,Gera,vedantkamdar@example.com,9368285342,2023-12-09,True
8451,Barkha,Naidu,ishwar27@example.net,9486191613,2025-03-26,True
8452,Mugdha,Lad,bhatsiddharth@example.com,9003154841,2023-12-31,True
8453,Edhitha,Muni,mitterriya@example.com,9517698485,2025-10-11,False
8454,Charles,Soni,tailorgauri@example.com,9927030844,2021-09-14,True
8455,Urishilla,Puri,nayarchatresh@example.net,9263663346,2025-11-11,False
8456,Yachana,Kade,jhalakmorar@example.net,9523565475,2026-07-01,True
8457,Suhani,Wadhwa,yauvani43@example.net,9697382687,2025-08-23,True
8458,Lila,Yohannan,ektalanka@example.org,9925773410,2023-11-16,False
8459,Mohini,Prabhakar,lakshit47@example.org,9041749773,2024-07-01,True
8460,Nimrat,Puri,sinhaaarush@example.org,9999787556,2023-03-01,False
8461,Aarnav,Modi,rastogianvi@example.net,9101484449,2026-07-05,False
8462,Yash,Chokshi,dkothari@example.net,9219146566,2025-05-30,False
8463,Dalaja,Shan,semnetra@example.org,9705018802,2023-05-05,False
8464,Kalpit,Nigam,akade@example.com,9875556710,2022-11-27,False
8465,Sara,Kar,abhatiwari@example.net,9042416343,2023-12-08,False
8466,Jyoti,Sengupta,zmahal@example.org,9818130255,2023-09-19,True
8467,Sara,Lata,cnarayanan@example.org,9248182039,2025-06-15,False
8468,Zaid,Munshi,anmol05@example.com,9352792996,2024-08-22,True
8469,Balvan,Karnik,anyamangal@example.net,9751630908,2023-04-26,False
8470,Vamakshi,Toor,ronith22@example.org,9594221080,2026-02-12,False
8471,Maanas,Kar,lbhargava@example.com,9196213063,2022-03-25,True
8472,Charita,Golla,patlabhavna@example.org,9059284879,2021-07-28,True
8473,Bakhshi,Sachar,kevinbhasin@example.com,9699539969,2026-03-04,False
8474,Abhiram,Aurora,jeevika62@example.net,9113461215,2023-10-27,False
8475,Quincy,Atwal,bishakha40@example.com,9131560913,2022-03-26,True
8476,Oscar,Nagarajan,gaurav10@example.org,9499851912,2022-03-13,False
8477,Yashoda,Goda,prashadamol@example.net,9799996803,2022-12-03,True
8478,Dalaja,Panchal,madhavivirk@example.net,9921594237,2025-06-30,True
8479,Saksham,Gala,floyal@example.org,9565304352,2025-06-24,True
8480,Upkaar,Chopra,nisha19@example.org,9452365677,2025-12-18,False
8481,George,Lad,rmani@example.com,9336635720,2024-02-11,True
8482,Anjali,Lad,mandalkrishna@example.net,9261611137,2024-11-28,True
8483,Peter,Kota,gulatiadweta@example.net,9054108928,2023-03-01,False
8484,Lakshit,Ramachandran,krishbains@example.net,9858555197,2022-05-24,False
8485,Vritti,Sood,hemanori@example.org,9766329477,2022-12-30,False
8486,Kritika,Narayanan,ranbir28@example.com,9572939680,2026-02-07,True
8487,Wazir,Pau,azad86@example.net,9933685561,2024-01-10,True
8488,Omkaar,Basu,viraj34@example.org,9868393839,2026-04-25,True
8489,Samuel,Nair,panchalgeetika@example.com,9003330273,2023-10-20,False
8490,Priya,Palan,sai12@example.net,9643015033,2023-11-09,False
8491,Udarsh,Chokshi,tarak95@example.com,9195987345,2022-10-28,True
8492,Panini,Dhar,hiteshbarman@example.com,9317145487,2025-04-04,False
8493,Manthan,Ranganathan,dayamai76@example.net,9747567269,2025-03-30,False
8494,Chaitanya,Bhasin,sathvik37@example.com,9973781403,2026-05-07,False
8495,Darsh,Hora,surtriveni@example.net,9444646913,2025-04-23,True
8496,Madhav,Tata,megha46@example.org,9404660455,2022-07-04,False
8497,Aishani,Tiwari,patlabhavika@example.net,9610369776,2026-05-01,False
8498,Krish,Ramesh,hemangini32@example.net,9928613713,2024-02-10,False
8499,Yash,Saha,hemaniraman@example.com,9931637074,2024-04-05,True
8500,Samaksh,Nori,chaudhuriekta@example.com,9240699311,2025-09-25,True
8501,Ojasvi,Sandal,anvi50@example.com,9228881574,2023-12-10,True
8502,Anvi,Karnik,jainchampak@example.org,9513448384,2022-10-04,True
8503,Aadhya,Sodhi,charitadoctor@example.com,9011713594,2026-03-05,True
8504,Omaja,Toor,qchadha@example.org,9964995054,2023-04-15,True
8505,Avni,Mohanty,bhasinsai@example.com,9586255292,2025-02-20,False
8506,Quincy,Rattan,prashadadweta@example.net,9785963906,2025-06-04,True
8507,Oni,Sane,vanyabanik@example.org,9260672833,2026-02-22,True
8508,Faras,Naidu,girish23@example.com,9426300828,2023-01-03,True
8509,Garima,Chaudhuri,advaithsinghal@example.com,9040731186,2023-05-19,False
8510,Jatin,Lad,xchhabra@example.net,9926609000,2023-02-13,False
8511,Warinder,Tata,hemashroff@example.net,9028012891,2023-02-13,True
8512,Dayamai,Rajagopalan,yashviyadav@example.com,9873782378,2022-01-06,False
8513,Jason,Rajan,dashnimrat@example.org,9111567430,2024-05-15,False
8514,Forum,Vaidya,chadaanvi@example.com,9365119166,2025-07-25,False
8515,Harshil,Mander,krishpriya@example.com,9062470266,2025-12-15,False
8516,Jagat,Agarwal,ekanshkuruvilla@example.net,9496865670,2021-12-13,False
8517,Arunima,Deo,kavyawason@example.org,9683143921,2025-09-23,True
8518,Rushil,Arora,ishani87@example.com,9821338326,2023-04-09,False
8519,Hritik,Salvi,vinaya33@example.org,9351156344,2025-10-11,True
8520,Anusha,Viswanathan,fraju@example.net,9402085788,2022-11-07,True
8521,Yoshita,Kothari,bimala88@example.net,9375185767,2025-06-03,True
8522,Upadhriti,Loyal,ishaan72@example.net,9895870474,2025-06-12,True
8523,Jackson,De,ranveer44@example.com,9211953578,2021-08-05,False
8524,William,Bose,routmanan@example.org,9075844421,2024-09-12,True
8525,Rohan,Muni,tristan45@example.org,9499630556,2022-03-22,False
8526,Aryan,Hans,ashanker@example.org,9946615905,2022-11-12,True
8527,Aahana,Menon,rajata28@example.org,9738064951,2022-09-26,False
8528,Mason,Parikh,amaira97@example.net,9063463998,2022-07-10,True
8529,Kabir,Amble,pillayzarna@example.org,9917314365,2022-01-07,False
8530,Wahab,Pathak,manileela@example.net,9929528665,2024-07-17,True
8531,Zinal,Balan,ekala@example.com,9476038304,2024-06-02,True
8532,Megha,Saraf,rishi31@example.org,9912928532,2021-12-02,True
8533,Harshil,Deo,kotagaurav@example.com,9396518899,2026-06-02,True
8534,Aarush,Mand,ekapad21@example.org,9141679085,2024-09-13,True
8535,Idika,Atwal,xbal@example.com,9973791231,2021-12-18,True
8536,Abhiram,Kashyap,wkorpal@example.com,9104341667,2024-05-18,True
8537,Ishita,Kakar,okaran@example.org,9237185662,2024-11-01,False
8538,Waida,Bali,urvi63@example.org,9385099964,2022-11-03,True
8539,Zarna,Aurora,saksham16@example.net,9725933381,2024-12-04,False
8540,Yochana,Bedi,gaurimunshi@example.net,9790310738,2024-07-23,True
8541,Krish,Anand,yadavikamdar@example.com,9173578202,2025-09-29,True
8542,Advik,Sarkar,victorshanker@example.net,9875772351,2024-06-01,False
8543,Lekha,Shah,neha64@example.net,9960170630,2023-08-03,True
8544,Lopa,Balakrishnan,pushti11@example.org,9217484979,2024-08-29,True
8545,Chaman,Bajwa,gopal23@example.org,9335251145,2024-05-09,True
8546,Abeer,Khatri,yashasviperi@example.net,9824485640,2021-09-05,True
8547,Ekaraj,Master,narasimhanwaida@example.org,9570911319,2026-06-30,False
8548,Zaid,Bera,unniseshadri@example.org,9233135732,2023-12-21,False
8549,Oni,Ramesh,vrishti53@example.org,9480041467,2022-02-01,False
8550,Harshil,Ahluwalia,darakrisha@example.org,9935185278,2025-07-23,True
8551,Janani,Bhatia,rayaan91@example.com,9884672760,2021-11-25,True
8552,Onkar,Dhaliwal,ramaikshita@example.org,9939724256,2023-02-23,False
8553,Chameli,Dugar,oshanker@example.com,9775566814,2025-01-15,False
8554,Fitan,Sem,mukhopadhyayekantika@example.com,9351158791,2025-02-06,False
8555,Kalpit,Srinivas,nathaniel04@example.org,9584521497,2024-12-19,True
8556,Wakeeta,Desai,rjaggi@example.org,9619970135,2023-11-07,False
8557,Fiyaz,Saran,upadhritiguha@example.org,9148803401,2026-04-01,True
8558,Gayathri,Prakash,vasanaparsa@example.com,9550758837,2024-11-13,False
8559,Siddharth,Andra,girish07@example.net,9804314549,2024-02-25,True
8560,Jeevika,Prakash,chahaltriya@example.org,9257938859,2025-07-17,False
8561,Harshil,Gade,kamdarshravya@example.com,9367037963,2023-10-04,False
8562,Reva,Gupta,rsidhu@example.org,9950668066,2024-10-06,False
8563,Zinal,Chhabra,mohanekantika@example.org,9553740076,2024-08-18,False
8564,Simon,Mane,janinimrat@example.net,9349120987,2025-01-30,False
8565,Anusha,Chada,eiravatimani@example.org,9515681914,2023-02-08,True
8566,Charvi,Kari,devika85@example.net,9868633037,2023-01-13,False
8567,Nakul,Borah,adityakonda@example.org,9237142877,2024-01-13,True
8568,Zaitra,Venkatesh,raghavanshaurya@example.org,9902739955,2025-11-11,True
8569,Ishanvi,Luthra,deolekbal@example.org,9161687643,2025-08-07,True
8570,Wazir,Bora,bhavika56@example.net,9998884799,2024-05-25,True
8571,Amaira,Kothari,jatinthakur@example.net,9604324582,2024-12-04,True
8572,Yashasvi,Kurian,narainavni@example.net,9351501132,2025-07-29,False
8573,Manbir,Wason,ishitabumb@example.org,9517283357,2026-02-16,True
8574,Amrita,Goswami,unnati15@example.net,9161714839,2025-07-27,False
8575,Benjamin,Munshi,tanayzacharia@example.org,9563626555,2026-05-14,False
8576,Jeremiah,Kata,khuranarajeshri@example.com,9904845878,2026-05-30,False
8577,Jagrati,Nair,lukepalla@example.com,9180797246,2025-11-24,True
8578,Dayamai,Bhattacharyya,vritti47@example.org,9690822013,2025-04-27,False
8579,Dalbir,Edwin,iseshadri@example.net,9561026572,2021-11-03,True
8580,Bhavika,Virk,kabirtara@example.net,9903177919,2024-01-17,False
8581,Frederick,Kibe,nidra08@example.com,9753621088,2025-06-27,False
8582,Ayush,Parikh,fchanda@example.org,9791734762,2023-09-01,False
8583,Divya,Misra,anvibhalla@example.com,9168434766,2022-12-08,False
8584,Upasna,Chander,jagat86@example.org,9661686430,2021-10-05,False
8585,Hemangini,Lalla,umangkalla@example.org,9675379715,2023-07-07,True
8586,Nikita,Ghose,sundersuhani@example.org,9052216894,2022-09-17,True
8587,Shivani,Shenoy,lekha35@example.com,9664044323,2025-09-21,True
8588,Oliver,Kumer,suhani49@example.com,9920261448,2022-05-28,True
8589,Januja,Borah,kashyaprajeshri@example.net,9542174700,2023-12-14,False
8590,Omisha,Gopal,wahab92@example.net,9978779391,2023-01-11,False
8591,Ucchal,Deol,umangramesh@example.org,9567397878,2025-04-13,False
8592,Harsh,Oak,bailhemang@example.net,9256128295,2024-05-05,False
8593,Ishani,Bhatt,hiteshranganathan@example.net,9906737197,2024-09-10,True
8594,Baghyawati,Prabhu,ctak@example.net,9709382020,2025-06-13,False
8595,Girindra,Dhar,wazir45@example.net,9994797836,2021-08-15,True
8596,Yashvi,Gole,keya00@example.net,9620104663,2025-06-25,False
8597,Hardik,Prashad,alexander54@example.org,9616841033,2025-08-13,True
8598,Balhaar,Chakrabarti,darsh04@example.com,9648220275,2022-10-20,True
8599,Samuel,Seth,cvora@example.org,9197896588,2025-08-08,True
8600,Max,Borde,ayushmanpingle@example.net,9737909059,2025-02-20,True
8601,Jatin,Yadav,vermatimothy@example.com,9046538736,2023-10-12,True
8602,Urvi,Mistry,sendaksh@example.com,9755383479,2026-03-22,True
8603,Tejas,Bhat,murtynisha@example.com,9002972779,2021-12-27,True
8604,Gaurav,Ganesh,frai@example.com,9546345038,2023-09-24,False
8605,Rachit,Om,wsampath@example.org,9607813287,2025-10-16,True
8606,Jasmit,Seshadri,zgrewal@example.org,9466045096,2023-11-04,True
8607,Mahika,Sami,pallavivenkatesh@example.com,9518638187,2023-06-30,False
8608,Alexander,Dara,yutikaratta@example.org,9379443766,2022-11-13,False
8609,Lila,Verma,tsengupta@example.org,9296504885,2026-04-21,False
8610,Nirja,Raja,tdhingra@example.net,9121340454,2024-02-03,True
8611,Ikshita,Lal,waida14@example.net,9083684372,2022-12-10,True
8612,Jatin,Brahmbhatt,lkrishnan@example.org,9502414763,2024-02-10,True
8613,Faris,Baria,omyawadhwa@example.org,9805492062,2024-04-22,True
8614,Jeremiah,Chowdhury,jackson00@example.net,9433287531,2025-11-02,True
8615,Krisha,Viswanathan,turvi15@example.com,9819356280,2025-12-03,False
8616,Faras,Bhavsar,max51@example.com,9324424725,2024-12-21,False
8617,Krish,Sampath,fagate@example.org,9840482093,2021-08-18,False
8618,Bhanumati,Kalla,manbir13@example.com,9653675823,2025-07-18,False
8619,Yutika,Venkataraman,hamsinirau@example.net,9614017825,2022-04-26,False
8620,Patrick,Sami,george35@example.net,9047408308,2022-04-24,True
8621,Frederick,Buch,nathanmani@example.net,9119494921,2025-04-29,False
8622,Gaurangi,Om,kevin05@example.org,9168416206,2023-05-28,True
8623,Indira,Puri,trivediraagini@example.org,9189179421,2021-08-03,False
8624,Hritik,Patel,rmistry@example.org,9219467698,2024-11-26,False
8625,Isaac,Dash,darpan40@example.net,9041375442,2023-07-08,True
8626,Rachit,Bora,kundarayaan@example.org,9430735284,2022-02-12,True
8627,Zayan,Bhattacharyya,rudra07@example.net,9830031579,2022-04-21,False
8628,Abeer,Johal,sbobal@example.net,9243661413,2021-10-03,True
8629,Idika,Sampath,charsneha@example.net,9239146801,2024-09-26,False
8630,Widisha,Lad,ishwar76@example.net,9116540776,2022-02-21,True
8631,Hema,Muni,shivansh30@example.org,9923217517,2024-07-10,True
8632,Praneel,Mandal,sharafchampak@example.org,9827609549,2021-08-28,True
8633,Chandran,Sandhu,sneha91@example.org,9250446054,2024-02-05,False
8634,Laksh,Saraf,jasmitwadhwa@example.org,9857782689,2025-09-07,False
8635,Kai,Chatterjee,iryazacharia@example.net,9021395990,2022-01-17,True
8636,Chameli,Wable,vraja@example.org,9034755172,2023-07-11,True
8637,Brijesh,Keer,dalalazad@example.org,9761878199,2024-01-12,False
8638,Manya,Sachar,lila67@example.net,9138011481,2023-09-12,False
8639,Jatin,Ghosh,oarora@example.com,9827560839,2022-05-12,False
8640,Wishi,Khanna,vasanasuresh@example.com,9282549791,2025-04-27,False
8641,Isaac,Bassi,vkrishna@example.org,9304770666,2022-12-19,False
8642,Geetika,Venkataraman,warinderjhaveri@example.org,9375355255,2025-05-01,True
8643,Hemangini,Babu,mohinidhaliwal@example.com,9940881251,2024-02-18,True
8644,Vivaan,Kaul,ekavirbhatt@example.org,9091571030,2021-11-08,True
8645,Aayush,Bhandari,tiwarichatura@example.com,9642508051,2022-09-07,True
8646,Bachittar,Wali,balakrishnanupma@example.com,9602850555,2025-11-16,True
8647,Chakradhar,Chander,ldevan@example.org,9294676687,2024-02-17,True
8648,Maya,Boase,zayyan05@example.com,9237485312,2021-09-06,False
8649,Yutika,Bains,ryankrishnamurthy@example.net,9333893177,2022-03-04,False
8650,Warjas,Sathe,jagat06@example.org,9422384860,2026-05-02,False
8651,Jack,Dave,kamdaragastya@example.com,9874391837,2021-09-19,True
8652,Nandini,Sheth,janyanatt@example.com,9814810012,2026-07-21,False
8653,Harshil,Parmer,goelyachana@example.org,9429456281,2026-05-06,False
8654,Pratyush,Sekhon,sdhaliwal@example.org,9404583446,2022-06-22,True
8655,Ekansh,Dugar,ktiwari@example.com,9675385919,2022-06-23,True
8656,Joshua,Varughese,chaudharyrachita@example.org,9034746492,2026-06-24,True
8657,Abeer,Kothari,daksh59@example.com,9384803216,2022-09-23,True
8658,Isaiah,Patla,knagar@example.org,9330242391,2021-09-13,True
8659,Nakul,Sinha,vanya10@example.net,9485606466,2025-07-27,False
8660,Samesh,Chanda,bumbmax@example.com,9220452453,2022-10-08,True
8661,Charita,Madan,ishaan90@example.net,9656574331,2026-05-07,True
8662,Bachittar,Sandhu,cheemamanya@example.org,9438061184,2025-05-04,False
8663,Jagdish,Bajaj,xbava@example.com,9230374327,2024-06-19,True
8664,Tristan,Chandra,dcherian@example.net,9153714874,2022-10-24,False
8665,Vaishnavi,Bal,unayar@example.org,9086547153,2026-07-17,True
8666,Ganga,Doctor,klala@example.org,9316617414,2022-10-14,True
8667,Chanchal,Sabharwal,sai12@example.org,9233662017,2026-05-29,True
8668,Jeet,Wali,chaudrytanveer@example.net,9351689762,2025-06-17,True
8669,Zayan,Vig,farisvora@example.net,9304317862,2021-09-03,True
8670,Pooja,Purohit,ganeshlibni@example.net,9113767317,2023-03-19,False
8671,Ronith,Mukhopadhyay,balhaar37@example.com,9476859014,2026-04-09,False
8672,Chaaya,Pandey,ishaansaran@example.com,9122326878,2025-01-01,False
8673,Kalpit,Doshi,sankarjagdish@example.com,9131642206,2022-03-17,True
8674,Vritti,Chaudry,bainsradhika@example.org,9040796385,2026-04-26,False
8675,Yatan,Yadav,raghavjhaveri@example.com,9187504357,2022-07-18,True
8676,Damini,Aggarwal,singhalvivaan@example.org,9073041469,2022-09-07,False
8677,Karan,Kumer,akshay16@example.net,9741224864,2021-10-12,False
8678,Yatin,Lad,gaurikabumb@example.com,9432047634,2024-07-10,False
8679,Ekiya,Shukla,saramane@example.org,9175005689,2025-02-18,True
8680,Mugdha,Swaminathan,deepaagarwal@example.com,9393796456,2024-03-05,True
8681,Ekbal,Datta,edwinyash@example.net,9997098870,2023-03-23,False
8682,Chaitaly,Memon,urvibhattacharyya@example.org,9969594132,2025-04-30,True
8683,Wriddhish,Bawa,warjasrau@example.org,9147994595,2024-06-01,False
8684,Aarini,Balay,jack81@example.org,9700131260,2025-08-12,True
8685,Saksham,Mangat,wyatt12@example.org,9156868385,2021-10-29,False
8686,Farhan,Parikh,saranagastya@example.com,9360777348,2023-01-04,True
8687,Onkar,Chhabra,neha70@example.com,9544408485,2025-06-03,True
8688,Vasatika,Ganesh,uguha@example.org,9162407356,2021-11-21,False
8689,Nidra,Pandya,tanmayi38@example.com,9834548272,2022-02-11,False
8690,Naveen,Pingle,vedhikasibal@example.org,9039800162,2022-09-10,True
8691,Harinakshi,Hegde,shaurya03@example.com,9457949424,2022-09-01,False
8692,Nakul,Nagi,xdayal@example.org,9654086084,2026-06-05,True
8693,Nicholas,Oak,munshianay@example.com,9238483132,2022-03-27,False
8694,Oeshi,Baral,shivanipatel@example.net,9681351906,2023-07-23,False
8695,Bahadurjit,Shukla,ntiwari@example.org,9570127088,2022-02-17,True
8696,Wakeeta,Ravel,ekavir92@example.org,9851407015,2021-11-03,False
8697,Praneel,Vala,idikasha@example.org,9001787227,2023-02-23,True
8698,Upma,Keer,jackson99@example.com,9747379149,2022-09-13,False
8699,Akshay,Ganesan,wkaur@example.org,9392394630,2026-02-13,True
8700,Rohan,Uppal,qbora@example.net,9290081647,2025-12-08,False
8701,Krishna,Babu,jagvi53@example.com,9302432429,2024-04-10,False
8702,Frederick,Shetty,varsha45@example.com,9383390887,2025-07-29,True
8703,Rudra,Contractor,jagdish24@example.net,9042497430,2025-05-20,False
8704,Vaishnavi,Bera,xdash@example.com,9994383859,2021-10-14,True
8705,Chatura,Roy,chandaekiya@example.org,9645208359,2021-09-02,False
8706,Vedika,Varty,chandresh21@example.org,9090993922,2024-03-06,True
8707,Mitali,Iyer,advay00@example.net,9609436325,2022-08-22,False
8708,Aarnav,Mahajan,rishitak@example.org,9427762707,2024-11-01,True
8709,Upma,Sodhi,oliver68@example.com,9871487034,2025-11-07,True
8710,Adya,Dixit,anyachaudhuri@example.com,9031345388,2025-10-26,True
8711,Advaith,Loke,pkaul@example.org,9776747672,2025-07-08,False
8712,Umang,Pal,bhallasara@example.org,9840952569,2021-10-26,True
8713,Parth,Kuruvilla,yashica61@example.net,9465212181,2025-04-06,False
8714,Gautami,Sarna,manankrishnan@example.net,9278691633,2024-11-03,True
8715,Eesha,Prakash,lipikakara@example.org,9747219316,2024-07-23,False
8716,Umang,Tandon,kharedavid@example.net,9765264560,2021-12-31,True
8717,Devansh,Oza,lekhakumer@example.com,9514989850,2022-12-08,True
8718,Sathvik,Mangal,hitesh50@example.com,9428860207,2025-03-22,False
8719,Agastya,Doshi,jainikbal@example.org,9457316074,2021-07-31,True
8720,Ayaan,Kata,gpalan@example.com,9056456628,2025-02-03,True
8721,Avi,Arya,abeer86@example.com,9538811262,2026-04-19,True
8722,Shivani,Pall,manyadesai@example.org,9997767849,2022-08-01,True
8723,Max,Saini,golarachit@example.net,9961397121,2022-04-20,False
8724,Leela,Mukherjee,ishwarwable@example.org,9144738483,2023-06-26,True
8725,Ojas,Saraf,theodorebora@example.com,9140649848,2022-02-28,False
8726,Radhika,Chad,bhavya44@example.org,9597477822,2022-10-10,False
8727,Amol,Choudhury,dasstriveni@example.org,9294427610,2025-03-03,True
8728,Pooja,Sawhney,faraj56@example.com,9403743825,2024-04-24,True
8729,Harish,Sehgal,qasimsinha@example.net,9432618593,2024-12-30,True
8730,Saksham,Mani,gauri66@example.org,9820609074,2025-11-19,True
8731,Krisha,Subramaniam,dewannetra@example.com,9215609071,2021-12-29,False
8732,Chavvi,Palla,tamble@example.org,9740675687,2023-04-17,False
8733,Nidra,Master,natarajanjason@example.com,9893838324,2025-07-24,True
8734,Simon,Shan,qgrewal@example.org,9766567779,2022-12-11,True
8735,Atharv,Dhar,tarak25@example.net,9139440107,2021-09-23,True
8736,Amara,Anne,ekbal77@example.org,9901827850,2026-02-11,True
8737,Warhi,Shan,logansrinivasan@example.org,9203023348,2021-08-14,True
8738,Reva,Savant,gpatil@example.com,9411230477,2026-03-24,True
8739,Lajita,Sarin,qramaswamy@example.net,9329540682,2025-12-03,True
8740,Samarth,Bava,fariq51@example.com,9245838027,2026-04-11,False
8741,Zehaan,Dixit,kundayug@example.org,9669493952,2022-03-19,True
8742,Eesha,Palla,valachatura@example.net,9295662837,2023-10-21,True
8743,Bakhshi,Bera,fmitter@example.com,9890668024,2023-01-16,True
8744,Amaira,Ganesan,khoslamohini@example.org,9679700169,2021-09-10,True
8745,Panini,Walia,devika86@example.com,9126792704,2023-07-04,False
8746,Warhi,Chaudhuri,pganesh@example.com,9731013835,2022-11-01,True
8747,Bina,Ganesan,trivediosha@example.net,9229671675,2021-11-19,True
8748,Theodore,Radhakrishnan,uvarty@example.net,9609519738,2023-02-11,True
8749,Lucky,Parekh,shaurya63@example.org,9869999394,2024-01-16,False
8750,Arin,Dara,triveniedwin@example.org,9545023614,2025-08-15,False
8751,Upma,Jain,bimala57@example.org,9539955821,2022-10-29,True
8752,Daksh,Roy,adviksolanki@example.org,9280569223,2022-07-22,False
8753,Baljiwan,Hans,bhavya55@example.org,9230065118,2022-04-26,False
8754,Frado,Bail,tanveerverma@example.net,9828223753,2023-05-30,False
8755,Chameli,Khurana,hansom@example.org,9629362459,2025-11-18,True
8756,Charan,Chopra,dewanturvi@example.net,9141647516,2022-06-17,True
8757,Yashawini,Gola,fnagarajan@example.org,9294885984,2024-06-24,True
8758,Sarthak,Wason,dhillonayushman@example.com,9808064002,2021-12-13,False
8759,Libni,Arora,gauravbanik@example.net,9981006345,2026-01-06,True
8760,Chandresh,Kumar,omkaar58@example.org,9325556244,2021-10-11,True
8761,Reva,Natarajan,chavvi78@example.org,9137039202,2023-11-28,True
8762,Quincy,Chada,cheemaoeshi@example.org,9047049636,2026-04-27,True
8763,Dayita,Chander,dominic91@example.net,9504688376,2024-04-13,False
8764,Viraj,Mitra,saanvi36@example.org,9918053749,2025-07-09,True
8765,Tristan,Wable,tthaker@example.org,9657273114,2023-06-14,False
8766,Pushti,Mistry,ksawhney@example.com,9673561285,2026-02-02,True
8767,Harrison,Dash,xalakkothari@example.com,9181625043,2021-11-05,True
8768,Advay,Shan,upkaar36@example.com,9126516553,2022-08-27,True
8769,Christopher,Gola,ramakrishnanyuvraj@example.com,9556486772,2023-08-31,True
8770,Yoshita,Samra,sdhaliwal@example.com,9452299701,2022-12-15,True
8771,Kamya,Nagi,mitalichaudhuri@example.net,9927623379,2026-06-09,False
8772,Ijaya,Behl,udarshnagarajan@example.org,9680401938,2025-07-06,False
8773,Chakrika,Rama,jgera@example.net,9598340233,2025-03-16,True
8774,Balendra,Singhal,ydhillon@example.org,9973658237,2024-03-27,False
8775,Bimala,Suri,chandransharma@example.com,9242295778,2024-06-08,False
8776,Harshil,Deshmukh,aashibhatt@example.org,9994251511,2023-09-17,True
8777,Arjun,Mane,banjeetagate@example.org,9517935201,2022-09-18,False
8778,Sathvik,Sidhu,vtella@example.com,9895286220,2023-08-27,True
8779,Ijaya,Badami,amol04@example.net,9222671772,2021-10-28,False
8780,Gaurang,Gandhi,ladli51@example.net,9823793793,2026-07-03,True
8781,Vasatika,Prabhu,bediria@example.net,9380623946,2025-02-27,True
8782,Jai,Palla,mahikabora@example.org,9253183789,2021-10-17,True
8783,Aarini,Ramachandran,wardabatra@example.com,9132204007,2022-03-04,True
8784,Darika,Uppal,vbora@example.net,9973706632,2023-01-06,False
8785,Veda,D’Alia,pinglequincy@example.com,9061047268,2024-05-20,False
8786,Udarsh,Lall,kakarsai@example.org,9770566277,2022-07-28,True
8787,Adya,Vohra,snath@example.net,9399814663,2023-07-20,False
8788,Pallavi,Sandhu,chakradharpandey@example.org,9079693215,2023-12-27,True
8789,Gaurang,Purohit,farhan85@example.net,9880699948,2025-09-24,False
8790,Darsh,Ratti,minhasagastya@example.net,9831533079,2023-07-10,True
8791,Watika,Ratti,isachdeva@example.com,9501619669,2026-03-23,True
8792,Vyanjana,Bhatia,ldyal@example.org,9638747364,2021-10-07,True
8793,Zashil,Som,yashvi06@example.com,9318090323,2025-07-24,True
8794,Chaitaly,Khare,snehabasak@example.org,9573262640,2025-01-24,False
8795,Naksh,Mittal,edhitha21@example.com,9450192270,2021-12-14,False
8796,Amruta,Kale,menonunnati@example.com,9376268957,2022-03-01,True
8797,Edhitha,Gade,laksh69@example.org,9300084944,2024-06-20,False
8798,Maanav,Divan,jai43@example.net,9540556178,2026-01-06,True
8799,Chameli,Pathak,hardikdeo@example.org,9394188464,2023-07-03,False
8800,Isaac,Bora,chaudharyleela@example.net,9838091423,2025-07-25,False
8801,Aishani,Issac,nathanhalder@example.org,9087247214,2024-09-07,False
8802,Chatresh,Sachdev,solankialka@example.com,9965338808,2026-01-03,True
8803,Owen,Uppal,ekapadapte@example.org,9661369828,2025-08-31,False
8804,Yutika,Kota,gpillai@example.net,9378093193,2024-02-20,False
8805,Nakul,Ganesan,periaryan@example.net,9460176277,2024-10-25,False
8806,Kashvi,Sethi,goswamiavni@example.org,9002923214,2024-04-22,False
8807,Reyansh,Iyengar,ishanvi09@example.com,9993572776,2023-05-26,True
8808,Zayyan,Sridhar,rastogipushti@example.net,9030426073,2024-09-01,True
8809,Zaid,Krishna,saranthomas@example.net,9542509274,2023-09-06,True
8810,Ishaan,Babu,kkaul@example.com,9081850680,2022-10-03,True
8811,Charan,Verma,prasadhritik@example.com,9732554818,2021-09-10,False
8812,Shaurya,Shroff,xsingh@example.com,9786518519,2022-02-14,True
8813,Mohini,Cherian,zgara@example.net,9940533986,2025-08-14,False
8814,Sachi,Modi,zprasad@example.org,9136401616,2022-09-15,False
8815,Kamya,Andra,hemangshenoy@example.com,9861093004,2025-06-30,False
8816,Hredhaan,Shere,gayathri80@example.com,9115038584,2024-11-03,True
8817,Zansi,Lala,imaranbir@example.org,9053511065,2024-10-30,True
8818,Priya,Savant,unnati79@example.com,9885309620,2026-06-30,False
8819,Waida,Dugal,saibehl@example.net,9420526048,2023-03-26,False
8820,Aayush,Sani,chawlazayyan@example.net,9936312588,2024-12-06,True
8821,Zarna,Kanda,gaurangsarin@example.com,9359097259,2023-02-04,True
8822,Alka,Mangal,mitesh70@example.net,9689689222,2025-10-13,False
8823,Siddharth,Chakraborty,widishachandran@example.com,9662934931,2026-07-25,True
8824,Anay,Sachar,janiwilliam@example.com,9365045261,2026-01-04,True
8825,Nitesh,Dass,ckamdar@example.net,9435487626,2023-04-03,False
8826,Chasmum,Sangha,taracharan@example.net,9994047270,2025-09-26,False
8827,Michael,Char,reddylogan@example.org,9878833374,2021-12-30,False
8828,Ishaan,Konda,fpuri@example.org,9322656112,2025-04-17,False
8829,Charita,Babu,sanaya18@example.com,9877534697,2025-07-02,False
8830,Bhanumati,Boase,mitalrohan@example.com,9481533755,2022-01-20,False
8831,Devika,Deshpande,tararout@example.net,9959894900,2023-08-03,False
8832,Aarav,Chand,girindrasengupta@example.com,9025210224,2022-09-20,False
8833,Daniel,Dalal,shivani55@example.com,9365038898,2024-02-08,True
8834,Zaitra,Karpe,mbhakta@example.net,9474134735,2021-12-19,True
8835,Zarna,Sandal,karcharan@example.com,9473702405,2023-09-04,False
8836,Vivaan,Chokshi,bhavini69@example.com,9364123763,2024-07-03,False
8837,Kabir,Kapadia,vnayar@example.com,9958942462,2021-11-15,False
8838,Widisha,Karnik,vrittinatarajan@example.net,9251434163,2023-06-14,False
8839,Edhitha,Bahri,vorarobert@example.com,9050535736,2026-05-14,True
8840,Nisha,Thakur,egarde@example.com,9758487611,2022-11-18,False
8841,Vanya,Minhas,onkarpau@example.com,9884404926,2022-01-18,True
8842,Tanish,Manne,zaitra38@example.com,9176027993,2024-08-15,False
8843,Hemang,Samra,gavin31@example.com,9111855146,2023-07-13,True
8844,Naksh,Chaudhari,lakshmi36@example.org,9130557826,2023-02-17,True
8845,Vedhika,Nagarajan,fsalvi@example.net,9315621497,2024-05-30,True
8846,Wakeeta,Memon,iryarajan@example.org,9375142085,2026-05-15,False
8847,Pooja,Tak,kashishgoyal@example.com,9643146980,2023-07-12,True
8848,Panini,Pradhan,bhavika84@example.net,9358859807,2022-07-30,True
8849,Kalpit,Kamdar,kbalakrishnan@example.net,9581333493,2023-01-26,True
8850,Jeremiah,Basak,hbahl@example.org,9919649546,2023-09-04,False
8851,Yashodhara,Garde,ikbalkar@example.com,9119980041,2024-02-09,False
8852,David,Srivastava,yzachariah@example.org,9399833761,2023-08-15,True
8853,Omisha,Sodhi,narangansh@example.net,9321431075,2023-06-08,True
8854,Gaurangi,Sodhi,jmahal@example.com,9558582598,2023-02-15,True
8855,Tanish,Sethi,gdatta@example.com,9902038288,2025-02-09,False
8856,Frado,Gade,kevin16@example.net,9551162800,2026-06-14,False
8857,Ekiya,Rama,dmukhopadhyay@example.net,9424431347,2026-07-21,True
8858,Jeevika,Oak,kalitagirik@example.org,9100082074,2024-02-05,False
8859,Bahadurjit,Seshadri,iraman@example.org,9765174789,2024-01-08,False
8860,Urmi,Pingle,sathevansha@example.org,9522528913,2024-06-16,True
8861,Ethan,Guha,davidbahri@example.com,9516412733,2023-05-08,False
8862,Arunima,Rai,joshileela@example.net,9929290655,2025-05-31,True
8863,Faras,Aggarwal,msant@example.net,9154931748,2024-11-27,True
8864,Bhavya,Bhasin,neel64@example.org,9055295031,2021-12-29,True
8865,Raagini,Murthy,srivastavakalpit@example.com,9728369497,2025-01-08,True
8866,Harini,Gera,advaith34@example.net,9737583683,2025-07-25,True
8867,Mohammed,Aggarwal,jeremiah51@example.org,9828091057,2022-11-17,True
8868,Chanchal,Borah,rsidhu@example.net,9464119771,2023-07-09,True
8869,Charita,Mistry,ishanichoudhry@example.net,9834720900,2022-11-27,False
8870,Qarin,Dugar,arin51@example.com,9497642037,2022-12-06,True
8871,Onkar,Parekh,agastya79@example.com,9571756878,2025-05-17,False
8872,Vrishti,Boase,avnichatterjee@example.org,9582421229,2025-08-02,False
8873,Ekanta,Balan,jason31@example.com,9397929448,2023-03-31,True
8874,Samar,Kata,qsidhu@example.com,9256148163,2025-09-23,True
8875,Isaac,Chokshi,anamikapall@example.com,9480730104,2026-01-15,True
8876,Sanya,Rattan,vasudha05@example.org,9563252511,2025-11-23,False
8877,Suhani,Buch,aprabhu@example.org,9837540074,2023-09-06,True
8878,Tristan,Contractor,bakhshihora@example.com,9918915958,2022-05-17,True
8879,Pranav,Swaminathan,zinal79@example.com,9970452607,2024-06-02,True
8880,Atharv,Murthy,contractorjasmit@example.org,9833116090,2026-06-30,False
8881,Ekalinga,Ramesh,diyabhat@example.net,9000746546,2025-11-23,True
8882,Thomas,Devi,aoommen@example.net,9096575096,2022-03-29,True
8883,Niharika,Virk,madhavi42@example.com,9367569509,2024-12-06,True
8884,Abdul,Borah,vganesan@example.org,9736237359,2022-02-17,True
8885,Abhimanyu,Devi,csandhu@example.net,9386628467,2021-11-18,True
8886,Yashasvi,Bhargava,rajatataneja@example.net,9622625772,2025-02-14,False
8887,Jasmit,D’Alia,sahniira@example.net,9975003445,2026-03-20,True
8888,Girindra,Chand,wahab18@example.com,9596029594,2025-03-26,True
8889,Ekani,Ranganathan,laurora@example.org,9350755761,2024-08-28,False
8890,Aditya,Rege,jalsanarain@example.com,9588289004,2024-05-06,True
8891,Yamini,Thaman,faqidtandon@example.com,9262401957,2025-08-27,False
8892,Akshay,Dutt,bimala04@example.com,9299672374,2022-06-04,False
8893,Darpan,Rama,sanyasachdeva@example.net,9046009354,2025-02-25,False
8894,Turvi,Sura,fariq39@example.net,9105030850,2021-12-31,False
8895,Neha,Choudhary,lbalay@example.org,9178847507,2023-07-21,False
8896,Sathvik,D’Alia,asood@example.com,9157093066,2025-04-01,True
8897,Aadhya,Nair,wtalwar@example.org,9929162956,2026-06-19,False
8898,Pratyush,Shetty,avnikuruvilla@example.com,9293266084,2024-09-06,True
8899,Ekiya,Pandit,rayaan20@example.net,9546703870,2025-04-11,True
8900,Yutika,Dugar,vasana64@example.net,9403156396,2025-03-25,True
8901,Christopher,Jani,hjayaraman@example.net,9742507129,2023-04-25,True
8902,Lavanya,Sarin,iguha@example.com,9145901149,2023-01-30,True
8903,Amruta,Suri,akaran@example.net,9790073928,2025-08-12,True
8904,Naveen,Gola,aarora@example.net,9741726194,2021-08-30,True
8905,Pahal,Baria,lucky59@example.com,9945437466,2025-07-01,False
8906,Pallavi,Khatri,gabaaryan@example.net,9489768754,2025-06-27,False
8907,Zaid,Keer,issactamanna@example.net,9844116113,2022-01-05,False
8908,Oni,Srinivas,jackson21@example.net,9943849702,2023-10-02,False
8909,Lila,Bandi,kalitakamala@example.org,9452949759,2023-06-06,False
8910,Christopher,Balakrishnan,mohinikoshy@example.net,9029277610,2022-01-18,True
8911,Kalpit,Sant,mahajanvasatika@example.com,9944656537,2022-06-08,False
8912,Arin,Sheth,patrick44@example.org,9558571694,2024-04-15,True
8913,Maanas,Toor,falanben@example.net,9539316611,2022-02-04,False
8914,Hritik,Balan,krishgolla@example.com,9865068013,2022-04-27,True
8915,Gaurika,Chawla,darachatresh@example.net,9175846263,2026-06-13,False
8916,Suhani,Arya,abhaparsa@example.net,9758857692,2025-04-24,True
8917,Jack,Nazareth,darika00@example.org,9927116484,2022-05-01,True
8918,Anita,Chada,gsrivastava@example.net,9738529260,2024-06-26,False
8919,Nikita,D’Alia,sidhudevika@example.net,9291923645,2021-07-26,True
8920,Leela,Chander,falgunizachariah@example.net,9106699170,2021-09-16,True
8921,Rachana,Gaba,jagatsharaf@example.com,9294508936,2026-06-17,False
8922,Yoshita,Kala,nitesh92@example.com,9313359889,2025-10-17,True
8923,Ranbir,Muni,ikshitachakrabarti@example.org,9191477962,2026-02-23,True
8924,Tanveer,Bhandari,tarak08@example.org,9286421483,2025-02-11,False
8925,Upkaar,Nayak,sekhongeetika@example.net,9630222439,2023-10-04,False
8926,Shivani,Chana,idugar@example.com,9295141410,2026-03-14,False
8927,William,Sachdev,gabrielchoudhary@example.com,9700796841,2024-07-03,False
8928,Shaurya,Sankar,bimala50@example.com,9014561092,2024-04-02,False
8929,Ishita,Chad,pallavi19@example.net,9389006085,2024-08-02,True
8930,Udarsh,Kuruvilla,tripathisiddharth@example.com,9977507935,2024-12-10,True
8931,Damyanti,Varma,karabrinda@example.net,9597265234,2023-06-04,False
8932,Qadim,Pillai,zehaan93@example.org,9750831262,2023-05-29,False
8933,Azaan,Sehgal,zbedi@example.net,9242791925,2022-06-23,True
8934,Jasmit,Nayar,harshnagarajan@example.com,9572062807,2023-06-17,False
8935,Yashoda,Ramachandran,ekarajmurthy@example.org,9472851299,2023-10-26,True
8936,Caleb,Bhatnagar,mannnirja@example.com,9144342560,2022-02-06,True
8937,Idika,Dass,ishankar@example.org,9933273100,2022-08-02,True
8938,Yahvi,Tank,daniel18@example.com,9688353648,2026-04-19,False
8939,Waida,Rajan,nakshbala@example.com,9268592679,2022-07-10,False
8940,Warjas,Batra,omya49@example.com,9567117515,2022-12-24,True
8941,Krish,Dutta,mittergaurav@example.com,9817560918,2023-12-21,True
8942,Reva,Sandal,gkorpal@example.org,9850624382,2023-01-29,False
8943,Maya,Golla,shaurya26@example.com,9549048444,2026-03-03,True
8944,Ranbir,Murty,chavvinayar@example.com,9071320941,2022-02-20,True
8945,Xalak,Ram,robertgour@example.org,9908780758,2026-02-06,True
8946,Ekansh,Parsa,bsom@example.net,9052004617,2025-09-24,True
8947,Rachana,Radhakrishnan,aradhana25@example.com,9189313184,2022-06-24,True
8948,Tanmayi,Issac,rakshabadal@example.com,9611540231,2026-04-13,False
8949,Tanveer,Yogi,mitterjalsa@example.com,9709128487,2025-12-02,True
8950,Varenya,Shah,gaurang28@example.org,9137437715,2023-10-09,True
8951,Harsh,Bhattacharyya,pallmitesh@example.com,9772912636,2023-01-16,True
8952,Teerth,Natt,turvisachar@example.com,9412397832,2025-12-02,True
8953,Turvi,Sahni,bhallapranav@example.com,9559467267,2025-07-01,False
8954,Banjeet,Narasimhan,ybalay@example.com,9478077295,2023-12-09,True
8955,Janani,Gole,gaurang89@example.org,9658418174,2023-05-22,True
8956,Zashil,Date,damyantimanne@example.com,9324287196,2021-09-30,False
8957,Jagrati,Ganesan,ishaniboase@example.net,9110617036,2024-07-05,True
8958,Samuel,Minhas,dhawansudiksha@example.net,9421795525,2023-02-16,True
8959,Onkar,Bhavsar,yastigarg@example.org,9036828879,2024-07-20,False
8960,Gaurav,Khurana,vedant65@example.org,9376917687,2023-01-20,True
8961,Robert,Wason,osha13@example.org,9501410898,2022-05-12,False
8962,Krisha,Edwin,sodhifalan@example.net,9938382982,2025-06-01,True
8963,Anamika,Karpe,rayaanhari@example.net,9070052047,2025-05-24,False
8964,Upadhriti,Dutta,sarinyash@example.net,9102857386,2023-12-20,False
8965,Utkarsh,Chatterjee,aarush83@example.com,9317823132,2026-04-25,False
8966,Yahvi,Raju,lakshitsathe@example.net,9152567925,2025-08-10,True
8967,Upasna,Mody,noriyatin@example.net,9052060106,2023-12-05,False
8968,Shivansh,Nanda,lekha93@example.com,9361979083,2025-04-18,False
8969,Wahab,Bhatti,hahuja@example.com,9034599886,2024-07-13,False
8970,Nikita,Maharaj,bishakha99@example.com,9834059779,2021-10-01,True
8971,Manan,Bhat,virajiyer@example.com,9684272069,2024-04-17,True
8972,Riya,Acharya,buchethan@example.net,9165407456,2023-08-07,False
8973,Yashawini,Chada,ehayre@example.net,9632566198,2026-01-25,False
8974,Zayyan,Tailor,dixitakshay@example.com,9665894562,2022-08-12,True
8975,Ria,Manne,purikalpit@example.com,9056669712,2025-09-26,True
8976,Ojasvi,Lala,ypillay@example.net,9191777796,2021-08-20,True
8977,Saanvi,Wason,mittalgabriel@example.org,9572397258,2025-06-09,False
8978,Vedika,Bhalla,qdivan@example.com,9687938381,2021-12-04,False
8979,Turvi,Saxena,imaranbiswas@example.com,9960660934,2026-06-01,True
8980,Aahana,Bhardwaj,dasbimala@example.com,9927335776,2023-06-18,False
8981,Robert,Kannan,randhawadevansh@example.com,9190367160,2022-08-29,True
8982,Tanveer,Pradhan,samar32@example.com,9173136504,2024-05-13,True
8983,Chandresh,Balan,balveer68@example.net,9296461915,2022-05-01,False
8984,Liam,Chaudhuri,anneavi@example.net,9720029973,2023-06-11,True
8985,Jagdish,Ratta,ylata@example.org,9541849589,2023-12-24,True
8986,Vihaan,Pandit,pushtibadal@example.org,9355545126,2021-11-19,True
8987,Wridesh,Batta,abajwa@example.net,9593091843,2024-01-21,True
8988,Adweta,Dugar,mitesh15@example.org,9338532758,2025-03-18,True
8989,Kashvi,Naidu,pinglevedika@example.com,9436001138,2024-06-28,True
8990,Chandani,Shanker,mahikapatla@example.com,9564975776,2024-04-01,False
8991,Sanaya,Deo,udarsh95@example.net,9679971410,2023-07-16,False
8992,Leena,Shukla,ghosediya@example.com,9234866144,2025-10-19,True
8993,Timothy,Tripathi,lataurvashi@example.org,9725949432,2023-03-08,False
8994,Benjamin,Viswanathan,sai25@example.com,9482282186,2026-01-25,False
8995,Mason,Dey,ishaandhillon@example.net,9429015838,2022-06-06,False
8996,Gaurika,Karpe,deepasalvi@example.com,9183194757,2025-08-26,False
8997,Yashica,Nayar,jhaveriekalinga@example.org,9398404119,2025-07-27,True
8998,Upasna,Chaudry,bbhakta@example.com,9421201240,2024-09-07,False
8999,Ikshita,Balakrishnan,ebasu@example.net,9656127058,2023-12-31,True
9000,Harshil,Narang,darika88@example.net,9839932456,2026-03-31,True
9001,Anita,Apte,avi46@example.net,9443573566,2022-06-17,True
9002,Libni,Nadkarni,fsalvi@example.org,9828823050,2024-02-07,True
9003,Rajeshri,Johal,ybath@example.com,9886562767,2021-08-25,False
9004,Yamini,Dash,neel11@example.com,9073249745,2022-01-10,True
9005,Bhavika,Parsa,ladlinagi@example.net,9029033268,2024-07-29,True
9006,Tara,Prakash,sai04@example.com,9403529589,2025-05-26,True
9007,Varenya,Loke,vrinda08@example.com,9330182859,2024-04-08,False
9008,Nimrat,Thaker,yashvi47@example.org,9300986768,2025-01-30,True
9009,Jairaj,Bhargava,vamakshimalhotra@example.com,9065033375,2022-02-24,False
9010,Bhanumati,Narayanan,gavinkonda@example.com,9144268402,2025-07-04,True
9011,Yamini,Rege,dhingralopa@example.com,9906603175,2022-09-27,False
9012,Viraj,Mander,upasnasule@example.com,9337922325,2022-04-03,False
9013,Nitesh,Walla,aachal59@example.net,9521892721,2022-01-26,True
9014,Warda,Date,girindrananda@example.net,9496909300,2023-02-23,False
9015,Praneel,Batta,klalla@example.net,9000749309,2023-08-03,True
9016,Dayamai,Menon,yagneshsaraf@example.org,9234581170,2026-04-06,True
9017,Gaurang,Kala,zansichhabra@example.com,9718610963,2024-01-01,False
9018,Oscar,Wable,gavin61@example.org,9699897327,2025-06-13,False
9019,Pushti,Rau,rohansawhney@example.net,9534066816,2023-09-24,False
9020,Barkha,Vyas,tanejawazir@example.org,9585252087,2024-08-26,True
9021,Ranbir,Chandra,dhillondevansh@example.org,9137950477,2022-12-08,True
9022,Ekaraj,Badal,pahal56@example.com,9023957546,2022-09-19,True
9023,Ikbal,Ratti,bhavnaloyal@example.net,9359040444,2026-02-12,False
9024,Charles,Dhar,thomasraghavan@example.net,9413005787,2025-07-20,False
9025,Shravya,Rau,mistrysneha@example.org,9651631155,2024-08-13,False
9026,Warinder,Behl,leela80@example.org,9400424812,2022-01-10,False
9027,Anmol,Soman,upandit@example.org,9344536551,2025-01-26,False
9028,Nikita,Nadig,mugdha25@example.org,9557776268,2024-07-03,True
9029,Adweta,Badami,yadavi48@example.net,9981420465,2022-08-14,True
9030,Isaiah,Barad,isheth@example.com,9045987359,2022-02-20,False
9031,Gautam,Lanka,barora@example.org,9362713083,2025-07-31,True
9032,Arunima,Borah,gararachana@example.com,9090574607,2021-09-26,False
9033,Gagan,Swaminathan,sarasuresh@example.org,9724281925,2025-04-25,False
9034,Aadhya,Atwal,janijairaj@example.net,9373413278,2024-09-05,False
9035,Joshua,Cherian,dbala@example.net,9963874571,2022-01-08,False
9036,Upadhriti,Kurian,rakshasule@example.net,9676672732,2024-11-16,True
9037,Ladli,Kalla,amolgara@example.com,9734758412,2025-02-21,False
9038,Qarin,Dora,fsandhu@example.com,9106567484,2024-07-21,False
9039,Arjun,Batra,obhatnagar@example.com,9768074891,2022-03-01,False
9040,Bakhshi,Devan,nidhibadami@example.net,9868629976,2022-05-01,False
9041,Gaurangi,Sastry,thomas56@example.org,9419005210,2024-02-20,True
9042,Hema,Bhat,usood@example.net,9458274294,2024-08-21,False
9043,Vansha,Gokhale,upasnapanchal@example.net,9202410063,2024-05-08,False
9044,Nicholas,Minhas,yashvi27@example.org,9710528374,2025-07-03,False
9045,Kashvi,Dani,usampath@example.net,9417021655,2023-10-25,True
9046,Siya,Issac,indira52@example.net,9533693418,2024-01-13,True
9047,Vaishnavi,Agarwal,nroy@example.com,9984851638,2021-09-24,True
9048,Anjali,Bakshi,cbali@example.net,9936952424,2022-05-15,True
9049,Harshil,Koshy,rattiekalinga@example.net,9529983625,2021-09-20,True
9050,Odika,Sodhi,xnair@example.org,9334694818,2023-04-27,True
9051,Divya,Deshpande,utaneja@example.net,9002060290,2022-05-12,False
9052,Ekiya,Yogi,advaithkarnik@example.com,9494008215,2022-06-13,False
9053,Omkaar,Tank,jyotidhaliwal@example.com,9346733845,2024-06-19,True
9054,Atharv,Nagar,olivermukhopadhyay@example.org,9764424455,2026-07-24,False
9055,Jackson,Arya,diyawarrior@example.net,9631506266,2024-10-18,True
9056,Samar,Vora,liladara@example.org,9722178631,2022-07-05,True
9057,Vivaan,Bava,dadalaksh@example.com,9032206387,2023-06-04,False
9058,Vidhi,Dey,pandeyojasvi@example.net,9475923196,2022-03-05,False
9059,Aditya,Sharma,waurora@example.net,9123559260,2024-03-31,True
9060,Gopal,Chowdhury,vanshakaul@example.org,9770157728,2023-01-14,False
9061,Urvashi,Dixit,badaldamyanti@example.net,9208986159,2024-04-25,False
9062,Gautam,Sengupta,surisaanvi@example.org,9816435889,2022-05-30,False
9063,Isaiah,Tailor,yutika02@example.com,9446882059,2022-02-01,False
9064,Widisha,Jhaveri,chaitalykarnik@example.com,9965158237,2022-10-04,True
9065,Ridhi,Chokshi,onveersarraf@example.org,9477877103,2025-07-09,True
9066,Ekaja,Bobal,vsant@example.net,9193807836,2023-10-04,True
9067,Osha,Chaudhari,ekalingasule@example.net,9597543480,2022-11-07,True
9068,Farhan,Reddy,janaki65@example.com,9252682021,2026-04-16,False
9069,Raagini,Khatri,balakrishnanmugdha@example.com,9762243147,2024-10-29,False
9070,Rajeshri,Tank,rastogihamsini@example.net,9975835867,2025-08-30,True
9071,Oliver,Tank,abeerroy@example.com,9491714961,2025-12-16,False
9072,Ekanta,Malhotra,natarajanchaman@example.com,9911883237,2024-05-16,False
9073,Aadhya,Minhas,chandresh58@example.com,9557532725,2026-04-10,True
9074,Waida,Parsa,bdua@example.com,9522277948,2025-07-14,False
9075,Eesha,Tella,daksha26@example.com,9425214541,2023-05-08,False
9076,Amruta,Rajan,chamankhalsa@example.com,9106375873,2026-03-16,False
9077,Madhavi,Kanda,janyagrover@example.com,9196874897,2024-08-16,True
9078,Ridhi,Keer,derobert@example.org,9843774949,2021-10-30,False
9079,Lopa,Wable,onkar10@example.org,9597639337,2023-01-16,True
9080,Jasmit,Karnik,warda68@example.net,9255879905,2025-07-14,False
9081,Vasudha,Kaur,srivastavaneelima@example.net,9029592750,2022-10-12,False
9082,Anirudh,Chaudhry,sborra@example.org,9690715954,2022-03-18,True
9083,Nicholas,Patel,crege@example.com,9720226599,2025-01-18,True
9084,Sanaya,Bansal,rajagopaljonathan@example.net,9437605024,2023-12-18,False
9085,Raagini,Kade,paninirana@example.net,9794575436,2021-11-20,True
9086,Dayamai,Bawa,whora@example.com,9254112553,2024-10-10,True
9087,Gavin,Dhar,hredhaanthakur@example.org,9636683528,2023-08-18,False
9088,Nimrat,Bajwa,devika88@example.org,9568705865,2023-09-14,True
9089,Sara,Chauhan,sidhumahika@example.net,9737130495,2022-05-21,False
9090,Chanakya,Manne,aviviswanathan@example.net,9629287081,2025-10-31,True
9091,Jhalak,Varma,hemanichaudry@example.net,9397415177,2026-03-04,False
9092,Mitesh,Sarma,pdate@example.org,9821983769,2024-02-25,False
9093,Keya,Kanda,iradube@example.com,9443092684,2025-08-02,False
9094,Wazir,Bhardwaj,omodi@example.net,9832497932,2025-10-21,True
9095,Samarth,Uppal,jbhasin@example.org,9565993759,2024-08-20,True
9096,Ekalinga,Deshmukh,zashil55@example.com,9132854139,2025-12-16,True
9097,Bhanumati,Chaudhary,ubhatia@example.net,9620127505,2023-12-18,True
9098,Tanvi,Varty,kamdaryashica@example.com,9433957068,2021-12-16,False
9099,Adweta,Mital,ladnidra@example.net,9131911502,2024-05-26,False
9100,Maanas,Choudhury,mannanvrinda@example.com,9214731969,2023-10-30,False
9101,Eshana,Setty,nagarajanabha@example.net,9736530569,2022-12-13,True
9102,Vihaan,Mittal,lakshmirau@example.com,9619528024,2025-01-24,True
9103,Harish,Ganesh,yashasvi56@example.net,9614699444,2022-12-22,True
9104,Rohan,Pandey,yug67@example.net,9965408515,2024-03-31,True
9105,Isha,Rout,neel00@example.net,9468888671,2023-07-10,False
9106,Chaitanya,Tiwari,vermaomkaar@example.org,9834088761,2023-01-23,False
9107,Chandani,Menon,yatanbehl@example.org,9198376174,2023-02-27,True
9108,Ishani,Warrior,patilsneha@example.com,9845538199,2024-02-07,False
9109,Dipta,Subramanian,uchoudhry@example.org,9157962350,2022-03-25,False
9110,William,Wali,katachampak@example.net,9686245928,2024-02-13,False
9111,Sachi,Keer,kataati@example.net,9461407867,2022-11-29,True
9112,Lajita,Srivastava,srivastavakamya@example.com,9010541104,2026-05-26,False
9113,Darpan,Jhaveri,lopa05@example.com,9294001254,2023-06-22,True
9114,Yamini,Raju,janani07@example.com,9097743264,2025-06-17,True
9115,Amruta,Karpe,nnarang@example.net,9005567274,2024-10-26,True
9116,Logan,Menon,gourkamala@example.org,9049660212,2025-07-07,False
9117,Eta,Shroff,samar10@example.org,9028835409,2022-12-21,False
9118,Reva,Nayak,turviravi@example.org,9332487668,2022-02-18,False
9119,Varenya,Basak,tankarya@example.net,9077463471,2024-11-23,True
9120,Ladli,Sandal,gayathriaurora@example.com,9862283076,2023-04-16,True
9121,Udyati,Parsa,goswamifiyaz@example.com,9616588954,2022-09-04,False
9122,Balhaar,Bir,ranganathanniharika@example.org,9804395571,2023-02-20,False
9123,Atharv,Dara,basujagat@example.net,9748331906,2024-11-12,False
9124,Jagdish,Viswanathan,bina93@example.org,9811065686,2022-11-14,False
9125,Elijah,Patil,kavyanagar@example.org,9552906936,2022-04-11,True
9126,Vincent,Kothari,qchacko@example.org,9913729541,2024-10-25,False
9127,Advay,Minhas,abdulmane@example.org,9079425986,2024-04-30,False
9128,Bhavini,Comar,zvirk@example.com,9614855866,2026-05-10,False
9129,Maanav,Bora,yochananaik@example.net,9204385309,2025-01-06,True
9130,Daniel,Srinivasan,ojasparmar@example.net,9176532939,2024-05-25,True
9131,Xavier,Bakshi,onkarchatterjee@example.net,9069880009,2021-07-30,True
9132,Gopal,Sunder,ozachampak@example.org,9597778106,2021-09-22,True
9133,Dayita,Gill,drajagopal@example.com,9171934002,2023-02-25,False
9134,Yatin,Mitter,diptakapoor@example.org,9244838761,2025-02-09,False
9135,Chanchal,Patla,fbala@example.com,9889925930,2025-11-29,True
9136,Watika,Datta,zmorar@example.org,9422477461,2023-04-04,True
9137,Indrajit,Banerjee,sinhatripti@example.com,9507755028,2022-11-25,False
9138,Ekansh,Chaudry,panchalhitesh@example.org,9279484517,2025-06-01,True
9139,Lucky,Mahal,yadavsneha@example.com,9766180563,2024-04-21,False
9140,Vedika,Sachdeva,ayushmanramesh@example.org,9458097531,2023-11-27,False
9141,Quincy,Rau,kabir76@example.com,9215109683,2024-11-01,True
9142,Upma,Wason,groverveda@example.com,9443165326,2022-07-24,False
9143,Tanveer,Balan,manya66@example.com,9600861052,2022-12-12,False
9144,Daksh,Goda,okuruvilla@example.net,9717937151,2022-08-31,True
9145,Janani,Buch,pillayabhiram@example.net,9717491970,2025-06-07,False
9146,Umang,Dhaliwal,lankaparth@example.org,9835949972,2023-11-05,True
9147,Aadi,Mane,varmatanay@example.com,9698172077,2022-04-23,False
9148,Qabil,Behl,upmapatla@example.org,9487266048,2025-03-27,True
9149,Pavani,Anand,sanghafaris@example.org,9330995993,2025-07-27,True
9150,Gautam,Rama,jsoman@example.net,9202104464,2022-07-04,True
9151,Liam,Raval,ishanviloyal@example.com,9361940630,2025-09-22,True
9152,Harinakshi,Desai,tandonatharv@example.net,9886586326,2023-11-02,False
9153,Radhika,Ray,jgoel@example.net,9204605298,2024-12-29,True
9154,Yagnesh,Ghose,dhruvdhingra@example.com,9331179654,2024-08-04,False
9155,Nirja,Bhagat,irya69@example.org,9373148007,2023-05-02,True
9156,Zehaan,Sandhu,hradhakrishnan@example.net,9285915659,2025-06-21,False
9157,Rushil,Chaudhari,bsha@example.org,9352250469,2026-07-01,True
9158,Ojasvi,Sharma,vasanatara@example.net,9334475729,2023-04-16,True
9159,Aarush,Ramanathan,vrishti69@example.org,9172567503,2023-10-07,True
9160,Thomas,Raval,etasuri@example.org,9785243380,2024-09-30,False
9161,Tarak,Pau,econtractor@example.org,9025915542,2022-01-23,False
9162,Frederick,Gara,sarinjanuja@example.net,9673507873,2026-06-12,True
9163,Daksh,Karnik,nvala@example.com,9288782283,2022-10-25,False
9164,Ekaraj,Srinivas,brout@example.org,9941742283,2021-09-20,False
9165,Michael,Mahajan,radhika32@example.com,9336269158,2024-09-09,True
9166,Chanchal,Lanka,shankarvasudha@example.net,9491162046,2023-03-05,False
9167,Dayamai,Sridhar,champak07@example.org,9125512049,2024-09-13,False
9168,Pooja,More,bhandarijanya@example.org,9702022524,2023-05-16,False
9169,Sarthak,Gala,bganesh@example.com,9241863391,2022-12-13,False
9170,Sarthak,Maharaj,prakashayaan@example.org,9191580596,2021-10-18,False
9171,Ekansh,Palla,forumsrivastava@example.com,9943856180,2025-03-26,False
9172,Imaran,Sastry,yagneshbasu@example.com,9206709754,2022-02-04,False
9173,Mitesh,Goel,alexanderguha@example.net,9460763459,2024-07-30,False
9174,Eta,Sem,aaravbhavsar@example.org,9305244076,2023-12-23,True
9175,Raagini,Date,idugal@example.org,9155646147,2024-04-16,True
9176,Divya,Venkataraman,garima98@example.org,9978290864,2026-02-28,False
9177,Geetika,Bhagat,kohlikrisha@example.net,9713061615,2022-09-21,False
9178,Yug,Sangha,okumar@example.com,9289484023,2023-10-01,False
9179,Abhiram,Korpal,virajdua@example.com,9275461257,2024-07-23,True
9180,Tanay,Khare,qprabhakar@example.com,9530422156,2024-12-31,True
9181,Saanvi,Tara,balendra12@example.org,9139159873,2022-05-12,False
9182,Isha,Basak,balidamyanti@example.com,9255725158,2026-06-10,False
9183,Naksh,Soman,grewalisha@example.net,9726804100,2022-04-23,False
9184,Suhani,Parsa,isaiahrana@example.org,9505516003,2024-07-30,False
9185,Patrick,Deo,jananisani@example.org,9890067215,2025-03-06,False
9186,Krisha,Golla,fbuch@example.org,9299397913,2024-02-18,True
9187,Zehaan,Vasa,vaishnavi81@example.com,9774723992,2024-11-11,True
9188,Rachita,Bhavsar,saniunni@example.net,9018929266,2025-06-27,True
9189,Sarthak,Karnik,nidhilad@example.net,9859023679,2023-09-26,True
9190,Ekanta,Cheema,samesh35@example.net,9523300136,2022-08-06,True
9191,Balveer,Sachdev,vedhika33@example.com,9037550283,2026-03-27,False
9192,Thomas,Shenoy,ekajachadha@example.net,9414064838,2023-02-06,True
9193,Rachita,Chaudhuri,obalan@example.net,9666259839,2022-12-11,False
9194,Ekantika,Upadhyay,adwetachoudhury@example.com,9831031295,2023-08-15,True
9195,Gavin,Krishnan,ymallick@example.com,9539738460,2024-08-31,False
9196,Urvashi,Bhavsar,vsubramanian@example.org,9947479459,2023-06-05,True
9197,Darika,Gole,barkhaom@example.net,9314139629,2022-08-07,False
9198,Lajita,Saini,borahsiddharth@example.net,9972319601,2026-02-18,False
9199,Yashvi,Chander,saanvimukherjee@example.org,9114093030,2024-10-29,True
9200,Aarush,Ratti,pbala@example.org,9779048998,2024-03-27,True
9201,Isaac,Joshi,kaulvasudha@example.com,9777920175,2021-08-11,False
9202,Sathvik,Panchal,xavierchatterjee@example.net,9650653758,2025-06-29,False
9203,Bahadurjit,Venkatesh,edhitha19@example.com,9131372590,2023-01-11,True
9204,Krisha,Nath,ijayabir@example.net,9856107895,2023-06-08,True
9205,Dev,Patel,xiti48@example.org,9946375495,2024-09-07,False
9206,Urvi,Nair,shroffgaurika@example.net,9741590911,2022-10-04,True
9207,Faqid,Ranganathan,advaysahota@example.org,9489801285,2023-03-31,False
9208,Advaith,Jhaveri,jagdish73@example.com,9091236358,2023-09-03,False
9209,Sara,Jayaraman,indira56@example.net,9467749223,2022-06-08,False
9210,Udant,Bhavsar,jack03@example.net,9793849213,2025-07-12,False
9211,Wriddhish,Kota,ranbirbrar@example.com,9856998925,2026-02-04,True
9212,Vansha,Bhardwaj,parmerdayamai@example.com,9841273654,2025-07-16,False
9213,Baghyawati,Rana,vamakshi81@example.com,9820543620,2024-09-04,True
9214,Bachittar,Chawla,daliaraghav@example.net,9630065124,2025-10-02,False
9215,Ijaya,Kohli,zganesan@example.com,9928511171,2021-11-01,False
9216,Hritik,Gole,mayadash@example.com,9340661761,2026-04-21,False
9217,Oscar,D’Alia,hemal99@example.org,9498395454,2022-04-17,False
9218,Maya,Khosla,tejasgour@example.com,9764894558,2022-05-06,False
9219,Tamanna,Sangha,xalakraju@example.org,9287523801,2025-03-10,True
9220,Gaurika,Sama,bhattacharyyairya@example.com,9702141662,2024-07-16,True
9221,Hamsini,Kala,vmangal@example.com,9878077533,2022-10-06,False
9222,Ethan,Chaudhry,tripti14@example.com,9033083921,2023-03-17,True
9223,Eta,De,wchakrabarti@example.com,9663116089,2025-10-15,True
9224,Baljiwan,Narang,nchaudry@example.org,9957470800,2024-05-19,True
9225,Finn,Mody,ilad@example.com,9060058010,2021-12-31,True
9226,Ansh,Bhatnagar,yatin14@example.net,9834103928,2022-10-31,False
9227,Nathan,Chaudhary,pkaran@example.com,9757602428,2023-01-29,False
9228,Victor,Bali,lakshmenon@example.net,9764226339,2023-07-18,False
9229,Harshil,Ghose,sridhartanay@example.org,9778051725,2024-12-17,True
9230,Abdul,Mutti,periria@example.com,9112932955,2026-06-15,False
9231,Vidhi,Gade,sridharbalhaar@example.org,9539815168,2026-05-16,True
9232,Veda,Sampath,uwalia@example.org,9498503371,2024-02-27,False
9233,Amruta,Shere,kalaharrison@example.com,9875286652,2023-12-12,True
9234,Vihaan,Mahajan,vivaandass@example.net,9815722263,2024-02-08,False
9235,Faras,Sekhon,slala@example.net,9609544497,2024-09-11,True
9236,Kala,Oak,ayaansawhney@example.com,9927758091,2026-01-16,False
9237,Dhruv,Cheema,jonathan14@example.com,9511404835,2025-09-17,True
9238,Upkaar,Goyal,cnair@example.org,9628468915,2024-06-03,False
9239,Kashish,Vora,qasimgandhi@example.com,9005527670,2022-06-11,True
9240,Ridhi,Ravel,gaurangnatt@example.net,9048985923,2023-09-23,False
9241,Kritika,Parekh,bnayar@example.net,9570642922,2021-11-18,False
9242,Dhruv,Goda,tejaskorpal@example.net,9736660489,2023-12-12,True
9243,Chanakya,Rajagopalan,madanyochana@example.net,9051066330,2026-05-24,False
9244,Balvan,Borah,raghavkeer@example.net,9180582568,2022-05-07,True
9245,Wazir,Dara,avi83@example.com,9334795967,2022-11-28,True
9246,Deepa,Bhakta,sabharwallipika@example.com,9643376074,2025-07-28,True
9247,Vincent,Lad,chakradhar49@example.net,9877295525,2023-12-20,True
9248,Tanvi,Vohra,dingirish@example.net,9644007809,2024-03-11,False
9249,Bimala,Shetty,bakhshi23@example.org,9090857603,2026-05-13,False
9250,Maya,Tiwari,elanka@example.com,9722977320,2024-08-08,True
9251,Xiti,Dalal,suhani08@example.com,9037163244,2022-10-01,False
9252,Zehaan,More,lukemukherjee@example.net,9993704268,2026-06-05,True
9253,Wriddhish,Kar,nwali@example.org,9345012720,2023-09-09,True
9254,Vasatika,Barman,sandhuzashil@example.net,9301092741,2025-06-04,True
9255,Mohammed,Patla,kapadiabalendra@example.com,9957509486,2024-11-28,True
9256,Aayush,Balakrishnan,henrykala@example.net,9127118388,2024-08-26,False
9257,Manthan,Chaudhry,tamanna24@example.net,9573035174,2024-03-19,True
9258,Aahana,Basak,rameshhemal@example.net,9490923912,2022-01-15,True
9259,Balendra,Batra,naksh66@example.com,9762970504,2024-06-30,True
9260,Gauri,Sahota,davidkhanna@example.org,9882490487,2022-10-09,True
9261,Falak,Vohra,ltiwari@example.com,9675232554,2025-07-15,False
9262,Zehaan,Shenoy,alexander97@example.net,9405914782,2024-06-24,True
9263,Jeet,Bora,yashasviranganathan@example.com,9471653808,2024-05-30,True
9264,Champak,Mand,narulajanani@example.com,9369718018,2024-11-13,False
9265,Aarav,Swaminathan,kalageetika@example.net,9204772297,2024-07-05,False
9266,Turvi,Rana,rachitmisra@example.com,9583998564,2022-05-05,True
9267,Falan,Jhaveri,manbirrai@example.com,9268604239,2025-12-21,True
9268,Jackson,Malhotra,bhavyavyas@example.org,9954515658,2024-02-27,True
9269,Upkaar,Vala,ekavir05@example.com,9408767459,2026-07-23,False
9270,Ayaan,Dyal,ibedi@example.com,9562259263,2024-02-17,True
9271,Vritti,Chadha,forum13@example.com,9518076177,2025-02-08,True
9272,Yashawini,Barad,bahlliam@example.com,9222664979,2025-11-23,False
9273,Oeshi,Morar,chavvisandal@example.com,9964560015,2024-08-10,False
9274,Hredhaan,Pillay,osha00@example.com,9906699695,2025-05-04,True
9275,Yahvi,Dyal,ikbal33@example.com,9916853882,2025-10-28,False
9276,Brijesh,Varkey,gunbirkrishnamurthy@example.org,9688588376,2023-05-30,True
9277,Nikita,Shah,wriddhishnadig@example.org,9172131107,2025-05-10,True
9278,Charan,Buch,fiyazbhatia@example.org,9342484602,2023-04-08,True
9279,Yahvi,Dube,edhitha22@example.org,9686900555,2024-09-26,True
9280,Ryan,Srinivas,yadavi96@example.net,9930568821,2025-04-03,True
9281,Zansi,Atwal,manikeya@example.net,9581016782,2022-11-26,False
9282,Manbir,Sood,unnikade@example.com,9743665122,2024-09-16,True
9283,Balvan,Raval,twason@example.com,9457344421,2023-04-14,True
9284,Mekhala,Subramaniam,srinivasatharv@example.org,9836666096,2025-10-31,True
9285,Wriddhish,Bawa,kundawakeeta@example.org,9688390320,2023-03-06,False
9286,Shivani,Kumer,geetikajani@example.net,9482466787,2022-09-01,False
9287,Kai,Sharma,hmagar@example.net,9352543958,2025-07-03,True
9288,Aayush,Chandran,dayalupadhriti@example.org,9280945517,2023-02-08,True
9289,Yug,Parsa,vedikabadal@example.net,9445253284,2026-04-15,True
9290,Waida,Krish,warhi43@example.net,9245250705,2026-07-24,False
9291,Veda,Goda,garaqarin@example.org,9552736119,2024-05-11,False
9292,Omaja,Borde,eta91@example.net,9408527045,2025-10-31,True
9293,Aahana,Dave,wkari@example.com,9043047583,2025-11-18,False
9294,Bakhshi,Misra,usampath@example.org,9717786038,2022-03-14,True
9295,Vrishti,Ray,bhavini23@example.net,9777937614,2025-03-12,False
9296,Yashodhara,Dua,sathviknaik@example.org,9424248351,2026-02-14,True
9297,Jagdish,Nagi,aarna49@example.com,9293497658,2024-03-30,False
9298,Benjamin,Bhavsar,faqid34@example.org,9061826656,2026-03-26,True
9299,Balveer,Seth,hredhaan06@example.org,9857475950,2023-11-24,False
9300,Shaurya,Dubey,kabir60@example.org,9335236230,2024-10-19,True
9301,Vasudha,Prabhu,ishitakumer@example.com,9203319016,2024-12-15,True
9302,Qushi,Prashad,sachi64@example.net,9791025105,2024-10-11,False
9303,Vihaan,Deol,bhavika29@example.org,9259455131,2021-08-14,False
9304,Bhavini,Pillay,ikadakia@example.net,9625108661,2022-08-21,False
9305,Falan,Deep,raoucchal@example.com,9323049940,2026-03-08,False
9306,Tamanna,Talwar,dlata@example.net,9709613168,2022-03-03,True
9307,Yatin,Dutt,krama@example.net,9556499702,2023-03-03,True
9308,Raagini,Palla,ubikadeo@example.net,9218458639,2023-12-21,False
9309,Dipta,Memon,keyapalla@example.net,9667687974,2026-05-22,True
9310,Nidra,Natt,narasimhanfaraj@example.net,9613243853,2024-08-02,True
9311,Balvan,Banik,bhavika49@example.com,9341746097,2024-12-08,True
9312,Manya,Hans,golahemani@example.org,9358661941,2022-01-10,True
9313,Faris,Mistry,jkale@example.net,9288118263,2023-11-20,False
9314,Rushil,Saraf,wyattsachar@example.com,9898043736,2025-04-29,False
9315,Gaurang,Varughese,chaudhuribakhshi@example.org,9158488477,2026-07-19,False
9316,Nisha,Grewal,ybadami@example.net,9587861815,2024-01-19,True
9317,Lakshmi,Karnik,samakshgera@example.com,9884760799,2026-02-19,True
9318,Samar,Saxena,kala97@example.net,9468333682,2025-11-05,False
9319,Ijaya,Andra,baildakshesh@example.com,9247414189,2022-03-13,True
9320,Frederick,Som,sathvikmanne@example.org,9621933596,2022-08-08,True
9321,Vrinda,Bobal,ranveer63@example.net,9984925221,2021-08-20,True
9322,Chandani,Bahri,owali@example.com,9320670040,2021-09-19,True
9323,Janya,Dave,pbandi@example.com,9785875334,2024-11-10,True
9324,Tanmayi,Sura,mohantysara@example.net,9809836892,2021-08-28,True
9325,Ria,Kota,mishraurishilla@example.com,9474580335,2024-08-05,False
9326,Saanvi,Kari,lkale@example.com,9474612003,2022-12-05,True
9327,Dakshesh,Krishna,nirja78@example.net,9500288033,2023-09-27,True
9328,Eta,Merchant,sarafbhavna@example.org,9567360135,2025-12-22,True
9329,Vivaan,Rama,christopherrout@example.net,9041500241,2023-07-31,False
9330,Kala,Balasubramanian,meghana91@example.org,9913608126,2022-10-27,True
9331,Vaishnavi,Kant,chakrabartimugdha@example.com,9738225305,2024-08-14,True
9332,Ekanta,Dhillon,manewarda@example.org,9731760364,2026-01-01,True
9333,Indrajit,Dara,arorawriddhish@example.org,9580239235,2024-10-25,True
9334,Amol,Hari,nisha82@example.com,9591898539,2023-02-12,False
9335,Veer,Kamdar,enarula@example.org,9721013953,2026-01-23,False
9336,Anvi,Toor,smistry@example.org,9029084291,2023-05-10,False
9337,Aahana,Virk,jananibahri@example.com,9065844360,2021-12-02,True
9338,Luke,Keer,mkrish@example.net,9310025781,2025-09-08,True
9339,Damyanti,Dhingra,prisha32@example.org,9363495223,2023-11-09,False
9340,Udant,Ravi,jgolla@example.net,9586957252,2024-01-29,False
9341,Owen,Raja,rdoshi@example.net,9182110315,2025-04-23,False
9342,Aadi,Tripathi,banjeetkapoor@example.com,9820816312,2024-09-24,False
9343,Anmol,Vig,hiteshbandi@example.net,9563663007,2026-01-27,False
9344,Parth,Sidhu,binadugal@example.net,9111202715,2022-01-06,False
9345,Shivani,Merchant,kaivenkatesh@example.org,9308807272,2023-10-01,True
9346,Suhani,Issac,naveen31@example.com,9761269178,2024-12-29,False
9347,Nitara,Gupta,udyatinarayanan@example.net,9212432491,2023-08-02,True
9348,Arya,Suri,unni80@example.net,9623878504,2025-05-25,True
9349,Yamini,Batta,pvenkatesh@example.org,9962639784,2022-03-20,False
9350,Raagini,Ravi,bahlyashvi@example.org,9941198162,2024-05-03,False
9351,Chaitanya,Karpe,yahvi39@example.org,9491437040,2026-04-29,True
9352,Chavvi,Deep,sswaminathan@example.net,9040410229,2024-12-22,False
9353,Ekbal,Jaggi,ekakar@example.net,9447360965,2023-02-24,True
9354,Urmi,Yogi,yashasvinagy@example.org,9080765364,2023-09-29,True
9355,Faraj,Ratta,tanveerpalla@example.net,9318551211,2023-12-19,False
9356,Sara,Sinha,robertgulati@example.com,9575422815,2022-12-24,False
9357,Yashodhara,Varty,nvig@example.org,9983335929,2025-08-21,False
9358,Theodore,Kapadia,triyasarin@example.net,9038660495,2023-12-02,False
9359,Matthew,Varghese,dmammen@example.com,9317802093,2026-03-27,False
9360,Anvi,Tripathi,wmangat@example.com,9095673727,2024-05-13,False
9361,Saksham,Pau,deolkavya@example.com,9308316409,2024-03-15,True
9362,Anthony,Thakur,gmorar@example.net,9149135934,2024-07-03,False
9363,Lekha,Modi,pillayfaras@example.org,9437945733,2023-01-15,False
9364,Christopher,Dara,khannaarya@example.org,9775716578,2025-05-04,True
9365,Krishna,Handa,kamalavaidya@example.net,9764307061,2022-03-04,False
9366,Unnati,Anand,turvikakar@example.org,9465754921,2026-01-13,False
9367,Patrick,Sarkar,janani39@example.net,9794619213,2022-03-21,True
9368,Turvi,Oza,calebchowdhury@example.com,9123510750,2026-04-06,False
9369,Madhavi,Bhalla,ira88@example.net,9612839891,2026-02-16,True
9370,Ekiya,Bose,aahanakaur@example.com,9884903050,2023-08-11,True
9371,Ekanta,Ray,aarush85@example.org,9584495854,2026-04-12,False
9372,Mugdha,Varughese,boratanvi@example.net,9074716466,2025-02-04,False
9373,Rajata,Kapadia,chakrabartiabhimanyu@example.com,9838212545,2024-12-24,False
9374,Rehaan,Wadhwa,chandani57@example.org,9142554923,2022-01-10,False
9375,Gabriel,Kant,kala55@example.net,9975788684,2023-09-29,False
9376,Suhani,Doctor,srinivasdamyanti@example.net,9706621569,2022-08-31,True
9377,Praneel,Contractor,chakrika57@example.net,9848602540,2022-10-12,True
9378,Aarush,Boase,vwagle@example.net,9299194227,2026-03-28,True
9379,Warhi,Dube,chatreshchaudhary@example.com,9375314618,2022-03-11,False
9380,Dalbir,Sura,dsaxena@example.net,9342603654,2025-02-26,False
9381,Dominic,Keer,dkrish@example.com,9673563951,2025-01-20,True
9382,Rachana,Dewan,iraja@example.org,9515064603,2023-04-13,False
9383,Rudra,Subramanian,nigamamruta@example.com,9165077781,2025-02-15,True
9384,Maanav,Khare,vrittimukhopadhyay@example.com,9525628596,2023-07-13,True
9385,Zashil,Halder,chatreshsrinivasan@example.org,9756522722,2024-07-05,True
9386,Neha,Deshmukh,yashicamerchant@example.org,9877859001,2022-10-20,False
9387,Garima,De,dbhasin@example.net,9262067710,2022-08-27,False
9388,Christopher,Dalal,iyerdamini@example.net,9916069298,2024-05-25,True
9389,Farhan,Tandon,cjha@example.org,9685286577,2025-11-11,False
9390,Dev,Kant,ibhatti@example.net,9991088069,2026-01-01,True
9391,Lavanya,Lata,dubeykaran@example.net,9351340107,2023-05-04,True
9392,Anthony,Chada,ubuch@example.net,9125658654,2025-10-25,False
9393,Harsh,Bobal,nkannan@example.net,9526680506,2024-06-24,True
9394,Sneha,Bhagat,jbuch@example.com,9122815055,2025-08-22,False
9395,Vanya,Narayanan,darsachi@example.org,9390702747,2023-09-13,True
9396,Aradhana,Dar,royzayyan@example.org,9416219285,2026-05-10,False
9397,Diya,Dara,meghana98@example.org,9303211383,2022-01-08,False
9398,Siddharth,Ganguly,baghyawatisani@example.net,9778815191,2022-05-29,True
9399,Sai,Bail,uluthra@example.com,9968812483,2023-11-09,True
9400,Rajeshri,Chauhan,mallvedant@example.com,9419678332,2025-04-11,False
9401,Frado,Tella,jackson04@example.org,9306828126,2026-01-01,False
9402,Lakshit,Mistry,isaiah71@example.net,9546439438,2024-07-08,True
9403,Onveer,Dubey,singhalsamarth@example.org,9196488016,2024-07-05,True
9404,Yamini,Kuruvilla,vanshasidhu@example.org,9622303133,2023-04-30,True
9405,Chanakya,Wason,brarekbal@example.net,9288734710,2025-01-27,False
9406,Chaman,Pau,advikaagate@example.org,9093609653,2024-12-05,True
9407,Yuvraj,Kohli,matthew28@example.org,9018495077,2026-03-24,False
9408,Nisha,Bhargava,dayamaithakkar@example.net,9969148445,2023-12-16,False
9409,Advik,Gokhale,bmanne@example.com,9981019249,2022-09-10,False
9410,Ekapad,Bhakta,upasnabhatti@example.org,9755633387,2022-05-08,False
9411,Champak,Chaudhuri,lakshit11@example.net,9748202083,2021-10-13,True
9412,Vamakshi,Sura,teerth18@example.org,9757530898,2023-04-22,True
9413,Girik,Sibal,vivaan77@example.com,9314287586,2024-09-09,True
9414,Timothy,Badal,pratyushsahni@example.org,9213341024,2026-05-10,False
9415,Eesha,Prasad,enayar@example.com,9073261212,2025-09-26,False
9416,Megha,Sani,rsathe@example.org,9390441230,2025-05-12,True
9417,Hemal,Gupta,wallaeshana@example.org,9855609964,2025-03-02,False
9418,Hema,Mistry,eghose@example.org,9187212337,2021-10-08,False
9419,Tamanna,Mohanty,radha62@example.com,9951545813,2025-05-31,True
9420,Shaurya,Kurian,hemangini63@example.net,9562150573,2023-05-05,True
9421,Avi,Subramaniam,prabhakarkashvi@example.net,9367784431,2024-09-25,False
9422,Gayathri,Oza,umadan@example.net,9010362103,2025-01-21,True
9423,Ganga,Bal,wbarad@example.net,9835764931,2022-05-24,False
9424,Chandresh,Lad,ikbalmorar@example.com,9792844993,2025-06-19,False
9425,Isaac,Dhar,xshroff@example.net,9816524735,2025-12-29,True
9426,Robert,Khatri,ucchalmahal@example.com,9877102281,2025-11-13,True
9427,Samesh,Mistry,jasonkaur@example.org,9375187932,2023-06-05,False
9428,Akshay,Subramaniam,bahadurjitdutta@example.org,9810718984,2022-12-06,True
9429,Bhavika,Shenoy,gavindora@example.net,9121427881,2025-08-28,True
9430,Tejas,Dey,ukorpal@example.net,9618196679,2025-11-17,False
9431,Anirudh,Gera,victor28@example.org,9950635026,2024-01-06,False
9432,Geetika,Sen,robert25@example.org,9520838525,2024-09-04,True
9433,Dhriti,Kota,chaman90@example.org,9840964239,2022-08-22,False
9434,Vasana,Savant,lakshaurora@example.org,9427156852,2023-03-21,True
9435,Avi,Chandran,ipurohit@example.org,9036516825,2025-04-08,True
9436,Vivaan,Das,bhavya97@example.org,9416138278,2025-05-09,False
9437,Dhruv,Varghese,hkoshy@example.net,9088396828,2025-04-08,True
9438,Niharika,Sodhi,abeerrao@example.net,9709749521,2021-11-12,True
9439,Ekbal,Babu,ysibal@example.org,9914286364,2023-02-03,False
9440,Tristan,Vohra,cbhattacharyya@example.com,9472502272,2023-05-04,True
9441,Aarnav,Wagle,daksh51@example.org,9808722593,2024-04-06,False
9442,Ganga,Patla,aahana64@example.com,9645700052,2021-11-22,False
9443,Janani,Taneja,ggaba@example.com,9777367828,2026-05-22,False
9444,Avni,Barad,tbajaj@example.org,9549103596,2023-01-08,False
9445,Dev,Pai,akshay39@example.net,9524183944,2022-11-24,False
9446,Vedhika,Barman,daveharsh@example.com,9718599095,2023-07-12,False
9447,Charvi,Chadha,gsavant@example.com,9510803682,2022-04-17,True
9448,Gaurangi,Pall,samakshshroff@example.com,9727989169,2024-06-10,False
9449,Agastya,Anne,korpalzaid@example.org,9323243594,2022-10-23,False
9450,Ira,Sarna,ojasmishra@example.org,9574889663,2023-05-03,True
9451,Veer,Kadakia,jmajumdar@example.com,9803894085,2026-06-11,False
9452,Vincent,Aurora,nilimamitra@example.net,9256091458,2025-08-02,False
9453,Upkaar,Krishnan,indrajit47@example.com,9180418784,2021-10-08,False
9454,Balendra,Gera,ekajachopra@example.com,9104048620,2022-10-05,False
9455,Imaran,Agate,fhayer@example.net,9176926721,2023-05-08,True
9456,Krisha,Khosla,zdewan@example.net,9919578018,2023-03-17,False
9457,Advika,Sibal,crana@example.com,9077811107,2022-12-20,True
9458,Oeshi,Halder,qadimpal@example.com,9945035292,2023-02-13,True
9459,Jyoti,Uppal,vkohli@example.org,9089037481,2024-12-10,True
9460,Gautami,Kulkarni,baljiwanwali@example.net,9576649391,2025-09-08,True
9461,Naksh,Tandon,thora@example.com,9453793271,2026-06-26,True
9462,Libni,Sura,paninigade@example.net,9777504666,2026-07-11,True
9463,Brinda,Natt,singheta@example.com,9093560033,2022-01-19,True
9464,Yochana,Shroff,azadiyer@example.com,9287650388,2023-05-23,False
9465,Ekbal,Patil,kabir32@example.net,9384935254,2021-09-28,False
9466,Anita,Bahl,utkarshrana@example.com,9216673510,2023-12-31,True
9467,Girish,Devi,darpan54@example.net,9356772998,2024-03-27,True
9468,Bhavna,Seshadri,siddharthkumar@example.org,9021403209,2024-05-19,True
9469,Siya,Sahota,dbhattacharyya@example.net,9069671136,2023-10-15,True
9470,Ekalinga,Pau,maya28@example.com,9167217627,2023-12-11,False
9471,Upma,Thaman,hritikmohan@example.com,9520291001,2025-12-08,True
9472,Dev,Chaudry,hsinghal@example.org,9723882911,2023-08-11,True
9473,Adya,Ravi,kavyadara@example.net,9685200564,2024-09-27,False
9474,Udant,Puri,jatingoel@example.net,9263115497,2023-06-23,True
9475,Dakshesh,Kapoor,indira29@example.com,9417134176,2021-12-20,True
9476,Zaitra,Hans,hemakashyap@example.org,9338123431,2024-08-02,True
9477,Jeremiah,Chahal,chavvibali@example.net,9912625140,2023-05-17,False
9478,Vincent,Bawa,choudharygeorge@example.com,9182702125,2026-02-13,True
9479,Adweta,Bhagat,brahmbhattchakradhar@example.net,9258939950,2024-04-03,False
9480,Darpan,Balan,qadimshenoy@example.net,9742607754,2026-02-01,False
9481,Zayyan,Zacharia,gdora@example.org,9453858309,2022-03-06,False
9482,Yochana,Dyal,varghesesara@example.org,9287369212,2023-02-11,False
9483,Oliver,Golla,charan71@example.org,9166392995,2023-12-16,True
9484,Karan,Kar,aaravkalla@example.org,9498263855,2023-03-30,True
9485,Yashodhara,Cheema,bhattacharyyaubika@example.com,9752546754,2025-03-05,False
9486,Avni,Gola,bhavini86@example.com,9775951027,2025-04-18,True
9487,Neha,Dhar,singhalbalvan@example.com,9120215093,2021-12-13,True
9488,Bhavya,Ahuja,bhattacharyyapranav@example.com,9661792797,2025-04-03,False
9489,Bachittar,Thakkar,srinivasfaqid@example.org,9114927664,2026-02-14,True
9490,Ubika,Venkataraman,ymani@example.net,9432618102,2022-10-24,False
9491,William,Mannan,ljani@example.net,9615683810,2024-10-30,False
9492,Omya,Sawhney,bhavani66@example.org,9557158489,2023-03-07,True
9493,Simon,Mand,qrajagopal@example.net,9145464563,2022-12-06,True
9494,Yashasvi,Oommen,krish12@example.com,9087886946,2024-06-03,False
9495,Rachana,Doshi,bhanumatiboase@example.net,9990887567,2024-02-29,False
9496,Neelima,Keer,pantbenjamin@example.net,9166423432,2021-08-02,False
9497,Lakshmi,Tandon,michael48@example.net,9911480301,2024-12-19,False
9498,Chaman,Nazareth,raghav67@example.org,9161424170,2022-01-01,False
9499,Hredhaan,Khare,lkanda@example.com,9233805468,2023-07-03,True
9500,Rajeshri,Sarna,aradhana65@example.org,9852855864,2023-03-01,True
9501,Yoshita,Gandhi,tmital@example.com,9777603564,2022-07-30,False
9502,Nidra,Sane,tanvi12@example.com,9386045859,2025-06-07,False
9503,Oviya,Bava,qkhatri@example.com,9389565025,2025-01-21,True
9504,Waida,Keer,upkaar77@example.net,9732098137,2025-08-12,False
9505,Aarini,Rajagopal,ira08@example.net,9479162189,2025-09-29,True
9506,Naveen,Tripathi,routojas@example.net,9510619561,2023-11-23,True
9507,Hardik,Vyas,garima03@example.net,9042433881,2024-06-24,True
9508,Ayushman,Wali,neelsuresh@example.com,9872050111,2023-09-20,True
9509,Ayush,Prasad,ranbirsaha@example.net,9915074420,2022-05-05,False
9510,Tara,Vora,wakeetabadal@example.net,9387652021,2024-01-12,True
9511,Watika,Aurora,msagar@example.com,9911590303,2024-09-19,True
9512,Kala,Kanda,davidupadhyay@example.net,9891379325,2025-06-06,True
9513,Qarin,Rajagopal,cbahri@example.org,9583620463,2025-12-29,True
9514,Aadi,Ravi,ayaangoda@example.com,9511054973,2023-12-10,False
9515,Ikbal,Roy,neha70@example.org,9288936037,2023-11-26,False
9516,Krishna,Kata,siddharthdash@example.net,9435276117,2024-12-06,True
9517,Lakshit,Gulati,atharv82@example.com,9388645219,2025-06-15,False
9518,Manan,Cherian,samaksh57@example.org,9433491100,2023-10-22,True
9519,Jagvi,Patel,jagatbhasin@example.net,9699234273,2024-02-18,False
9520,Yachana,Dash,sharmaupma@example.org,9596522924,2023-10-04,True
9521,Hiral,Bala,devansh94@example.net,9000253665,2025-09-03,False
9522,Bishakha,Mane,nihalnath@example.com,9456979244,2025-02-06,False
9523,Hemang,Chaudhry,amritakohli@example.com,9069357029,2021-12-09,False
9524,Sathvik,Saraf,onveer20@example.com,9767327530,2025-05-31,True
9525,Hemangini,Srivastava,chauhanjacob@example.net,9821340120,2025-09-02,True
9526,Vyanjana,Raman,bhavyatalwar@example.org,9537822596,2023-05-25,True
9527,Idika,Varty,cgulati@example.org,9160692205,2025-08-17,True
9528,Liam,Reddy,aryanjani@example.org,9823111759,2024-08-22,False
9529,Vincent,Ganesh,vivaanchoudhry@example.com,9255644817,2025-11-05,False
9530,Nachiket,Basak,sastrygabriel@example.com,9271159387,2024-09-15,False
9531,Unnati,Buch,tarahemang@example.org,9591021395,2021-09-23,True
9532,Vansha,Mall,neelimakanda@example.com,9157485636,2025-01-28,False
9533,Sanaya,Wali,ndalia@example.org,9521748761,2024-05-12,True
9534,Karan,Bakshi,miteshcomar@example.com,9122645393,2024-05-22,True
9535,Anirudh,Dhingra,savantnetra@example.com,9280540406,2025-09-10,False
9536,Hemangini,Dani,ishaan50@example.net,9909576232,2022-03-30,False
9537,Advik,Mohan,xcherian@example.org,9822567308,2024-01-22,True
9538,Atharv,Saran,edivan@example.net,9106970809,2026-06-20,False
9539,Baljiwan,Tella,halderbhanumati@example.com,9735290156,2022-09-21,True
9540,Samar,Anand,boasejalsa@example.org,9517989123,2021-10-10,True
9541,Bakhshi,Karnik,parikhneelima@example.net,9084844930,2026-02-18,False
9542,Urmi,Luthra,agastya62@example.org,9673530980,2024-03-20,True
9543,Adya,Devi,vchaudhry@example.com,9313030984,2025-09-14,True
9544,Varenya,Thakkar,ayaanchoudhary@example.net,9884831867,2021-12-25,True
9545,Rudra,Datta,nimrat83@example.net,9749949275,2024-03-28,True
9546,Shaurya,Lall,wardadutt@example.org,9589002218,2022-08-21,False
9547,Darsh,Naidu,iraj@example.net,9161901737,2026-01-29,True
9548,Aadhya,Thakkar,peter17@example.net,9105179422,2022-01-19,False
9549,Irya,Rao,sbedi@example.org,9768839290,2022-10-02,True
9550,Xiti,Bedi,azaanvyas@example.net,9004422939,2023-01-29,False
9551,Zansi,Nadig,anamikabuch@example.net,9189827341,2024-05-27,False
9552,Riya,Bansal,raohredhaan@example.net,9085802603,2023-01-26,False
9553,Arunima,Lala,xapte@example.org,9194769833,2022-12-15,False
9554,Yahvi,Dave,chanawishi@example.com,9749903604,2022-10-11,True
9555,Lipika,Kala,chaayachopra@example.org,9774973967,2026-05-01,True
9556,Ethan,Biswas,guneet91@example.net,9155353394,2024-03-17,False
9557,Chakrika,Mammen,omya28@example.org,9471703439,2021-12-17,False
9558,Vincent,Saxena,xavier82@example.net,9782291891,2023-07-09,True
9559,Falak,Mitra,urvashimadan@example.com,9436480579,2023-03-18,True
9560,Hiral,Arya,fitan17@example.net,9138164842,2024-02-22,False
9561,Yashoda,Kapoor,kparmar@example.com,9953033371,2024-01-10,False
9562,Sai,Bhatnagar,dayita96@example.org,9138916974,2024-12-02,False
9563,Ekavir,Malhotra,yamini53@example.com,9792890891,2022-03-05,True
9564,Ethan,Mann,nbhatia@example.org,9545418863,2023-03-28,False
9565,Sathvik,Murthy,cmohanty@example.org,9147707608,2026-02-18,False
9566,Fiyaz,Rao,sahayashvi@example.net,9148316641,2023-07-15,False
9567,Vanya,Kaul,palkabir@example.net,9239352072,2024-11-04,True
9568,Qasim,Kant,harshil12@example.org,9949953925,2022-06-19,True
9569,Ekaraj,Rau,zarnabalan@example.com,9858519203,2022-10-16,False
9570,Ria,Thakkar,vdhingra@example.org,9384173544,2024-08-30,False
9571,Dhruv,Sidhu,peterbarman@example.net,9115561945,2024-10-14,True
9572,Varsha,Virk,vinayanatarajan@example.net,9860689300,2025-10-02,False
9573,Rishi,Soman,matthewkeer@example.com,9402804824,2022-11-06,True
9574,Aarush,Basu,panditrachita@example.com,9539575152,2022-02-26,False
9575,Januja,Oza,forum47@example.org,9816062878,2026-01-03,True
9576,Lipika,Prasad,mitali71@example.com,9343122007,2023-04-19,False
9577,Yatin,Sridhar,noribalendra@example.com,9767857184,2023-10-08,False
9578,Baljiwan,Gera,yprabhakar@example.com,9433072696,2023-06-21,False
9579,Anmol,Setty,nandini05@example.org,9102178479,2022-01-09,True
9580,Baljiwan,Varghese,csabharwal@example.org,9981778149,2024-10-20,True
9581,Pahal,Raj,sahninirja@example.org,9875949435,2023-05-14,True
9582,Yug,Bhatnagar,niharikarout@example.org,9810874349,2025-11-24,True
9583,Hamsini,Brar,krishna17@example.com,9009269830,2021-12-30,True
9584,Eiravati,Purohit,dalbir23@example.net,9289191496,2025-05-16,True
9585,Omya,Kunda,vraju@example.com,9383122548,2023-09-28,True
9586,Megha,Patla,raghavborah@example.org,9628141593,2022-02-04,True
9587,Nidhi,Kadakia,vigekapad@example.com,9611598625,2025-11-15,False
9588,Saksham,Bhagat,kpalan@example.net,9633504915,2023-09-20,True
9589,Mekhala,Kapoor,ychandran@example.net,9902582572,2022-03-14,True
9590,Omkaar,Sachdeva,qasimsarna@example.org,9980850423,2024-08-05,True
9591,Oni,Panchal,qsachdeva@example.org,9490636590,2023-03-21,False
9592,Aryan,Anne,henrybakshi@example.com,9233838386,2025-01-22,True
9593,Girish,Srinivasan,damini06@example.com,9583247539,2025-06-20,False
9594,Wridesh,Zachariah,adugal@example.net,9037401443,2025-03-24,False
9595,Mitesh,Kant,priya41@example.com,9652486846,2026-06-19,False
9596,Fiyaz,Iyengar,krishnamurthytripti@example.com,9384678867,2023-12-19,True
9597,Chameli,Ratta,pmand@example.com,9500972835,2026-01-03,True
9598,Damyanti,Sabharwal,geetika36@example.org,9733822494,2024-01-17,False
9599,Reyansh,Pal,ikshitadubey@example.org,9580540216,2025-06-20,False
9600,Hiral,Bumb,tanmayilalla@example.com,9434853158,2021-10-20,True
9601,Darsh,Wason,gopal54@example.net,9376902518,2026-07-10,True
9602,Ethan,Baria,tshukla@example.org,9856922587,2025-07-20,True
9603,Nitara,Narula,gben@example.com,9915028290,2025-10-12,False
9604,Hitesh,Gole,chakrabortynikita@example.net,9107352319,2025-05-05,False
9605,Rajeshri,Krishnamurthy,ethan97@example.net,9755515510,2024-10-10,False
9606,Tripti,Sama,sandhujatin@example.org,9391737607,2025-07-22,True
9607,Radhika,Lad,fsubramanian@example.com,9407244880,2022-11-01,True
9608,Unni,Basu,wrandhawa@example.net,9871839910,2023-11-09,True
9609,Rudra,Khatri,kalitajagdish@example.net,9761022838,2024-01-28,False
9610,Tanish,Wagle,kamalapuri@example.net,9299688634,2025-02-24,False
9611,Gaurav,Kumar,ranveer02@example.org,9457747742,2023-10-06,True
9612,Inaya,Balay,esibal@example.com,9191237318,2025-05-21,True
9613,Jatin,Buch,parmeramruta@example.net,9312297788,2022-03-03,False
9614,Kashvi,Varughese,radhakrishnantarak@example.org,9899995953,2025-11-12,True
9615,Yatan,Palla,dominicbhatt@example.org,9407610984,2023-03-21,True
9616,Rohan,Gour,rkala@example.org,9634353302,2021-12-02,True
9617,Ekani,Sankar,ydada@example.com,9450811627,2024-08-04,False
9618,Upma,Dave,wadhwafarhan@example.net,9403344186,2021-10-27,False
9619,Turvi,Mann,qkaran@example.net,9672403532,2022-09-08,True
9620,Patrick,Padmanabhan,tanveerapte@example.org,9512037452,2023-09-21,True
9621,Finn,Garde,bainswyatt@example.net,9490445755,2025-07-23,False
9622,Nachiket,Gill,vyanjanashetty@example.org,9285570072,2023-03-19,False
9623,Falguni,Khanna,virkwishi@example.com,9163670839,2023-12-01,False
9624,Keya,Mandal,anvi97@example.org,9771042053,2023-02-27,True
9625,Samesh,Mody,falguniraman@example.org,9357160629,2021-10-16,True
9626,Ayush,Viswanathan,jairaj97@example.net,9463502621,2026-07-25,False
9627,Mitali,Ratta,satheria@example.net,9500502442,2026-06-08,True
9628,Tamanna,Nagar,geetikajani@example.org,9214668303,2023-09-23,True
9629,Triveni,Vala,vpandya@example.com,9481596350,2023-03-07,True
9630,Ekaraj,Kumar,bakshivivaan@example.org,9514013050,2024-01-09,False
9631,Libni,Shan,shivanimohanty@example.org,9931110168,2023-02-27,False
9632,Triveni,Varma,varkeyaditya@example.org,9314684625,2021-10-31,True
9633,Shivansh,Pau,vswamy@example.net,9243114211,2026-06-08,False
9634,Gaurika,Saraf,unniramachandran@example.org,9650861610,2022-09-16,True
9635,Samarth,Swaminathan,solankiyashasvi@example.org,9052265397,2023-11-24,False
9636,Nikita,Dayal,falak23@example.net,9036714675,2025-07-12,True
9637,Yashawini,Chaudhary,tejas63@example.com,9172277322,2026-01-27,True
9638,Daniel,Rattan,sdewan@example.net,9089052078,2022-05-26,True
9639,Ikbal,Dash,rushil30@example.org,9569315472,2023-10-17,False
9640,Kabir,Sangha,charan92@example.com,9628776395,2023-06-17,True
9641,Yashoda,Garg,rastogisamesh@example.net,9525720337,2024-08-03,True
9642,Gautam,Mohan,benbenjamin@example.com,9124210150,2023-12-30,True
9643,Charita,Sodhi,wsarin@example.net,9703588952,2023-01-27,True
9644,Idika,Brahmbhatt,eiravatibali@example.com,9650220876,2024-02-08,True
9645,Rishi,Bhatt,aarnavsant@example.org,9075363531,2022-01-02,False
9646,Divya,Rajan,yatan42@example.net,9875642476,2023-05-06,False
9647,Shaurya,Trivedi,upatil@example.com,9229877842,2022-09-02,False
9648,Irya,Kale,frederickvasa@example.com,9524226090,2026-05-01,False
9649,Deepa,Rajagopal,anay12@example.net,9727259829,2024-10-11,False
9650,Ishanvi,Edwin,qadim32@example.org,9765722549,2025-09-12,False
9651,Luke,Raj,swaminathanvasudha@example.net,9562556457,2025-05-20,False
9652,Prisha,Arya,tnazareth@example.org,9829742403,2024-03-22,False
9653,Aarnav,Batra,aradhana52@example.com,9669458704,2022-05-26,False
9654,Damini,Oza,tanish12@example.org,9766447728,2024-02-24,False
9655,Isaac,Narasimhan,upadhriti57@example.net,9118157809,2024-05-08,True
9656,Arjun,Edwin,wvig@example.com,9973697475,2023-09-22,False
9657,Radhika,Pall,yadavizachariah@example.net,9089842730,2021-10-01,False
9658,Ayush,Dugal,ojasvi72@example.com,9292911037,2021-10-15,False
9659,Charvi,Acharya,omaja40@example.com,9579938070,2025-09-18,False
9660,Hemang,Suresh,isaiah41@example.com,9061714254,2026-01-28,True
9661,Tamanna,Din,ekeer@example.net,9252473806,2025-06-01,False
9662,Tanveer,Krishnan,faraj51@example.net,9995830637,2023-10-17,True
9663,Bimala,Dass,prisha13@example.com,9847715539,2021-08-08,True
9664,Anita,Batra,lakshkar@example.org,9816219947,2025-06-14,False
9665,Victor,Suri,peter14@example.com,9303463192,2025-05-18,True
9666,Jairaj,Koshy,gaurisundaram@example.org,9593971323,2022-09-28,True
9667,Vedhika,Manda,onarain@example.com,9005131456,2025-06-29,False
9668,Turvi,Pillay,anandzaid@example.org,9297510625,2024-07-22,False
9669,Charan,Dube,raaginibadami@example.com,9720591114,2022-09-04,True
9670,Gaurika,Manne,psrivastava@example.net,9600271520,2021-08-12,True
9671,Lila,Kade,divya17@example.net,9035684693,2024-02-03,False
9672,Bahadurjit,Chaudhuri,ucchalsem@example.net,9985375030,2022-02-10,False
9673,Bhanumati,Khatri,chandraronith@example.net,9970076357,2021-08-19,True
9674,Maanas,Yohannan,edas@example.net,9931698867,2026-04-11,True
9675,Tripti,Badal,semadvaith@example.org,9157776606,2021-11-12,True
9676,Pooja,Chatterjee,hiral73@example.net,9069538175,2021-12-18,False
9677,Dalbir,Mittal,paniniraghavan@example.org,9845316995,2021-09-11,True
9678,Yashodhara,Grover,charlesbrahmbhatt@example.net,9651620782,2023-07-22,False
9679,Yasti,Ramesh,kkaur@example.com,9284159968,2024-11-09,False
9680,Ranbir,Mangat,chokshioni@example.com,9275376175,2021-08-11,True
9681,Yash,Chadha,yashawini72@example.net,9431558677,2024-08-14,False
9682,Kevin,Mall,amblewazir@example.org,9963325097,2022-10-22,False
9683,Januja,Ramakrishnan,zgade@example.net,9260716920,2025-07-19,False
9684,Damyanti,Narayanan,gollasiya@example.net,9626336565,2024-10-25,False
9685,Lekha,Rattan,matthewgoswami@example.net,9916587611,2023-05-09,False
9686,Kamya,Tailor,barkhatrivedi@example.org,9194368153,2023-07-19,False
9687,Jagat,Hans,andrageetika@example.com,9886657189,2023-07-12,False
9688,Sachi,Garg,abhirambarad@example.org,9016510828,2023-11-23,True
9689,Balvan,Vig,ramakevin@example.net,9607506423,2026-06-08,True
9690,Avni,Narasimhan,chanakya60@example.net,9161965557,2026-04-17,False
9691,Nisha,Sundaram,sudikshasekhon@example.org,9569267187,2023-01-01,True
9692,Arin,Mishra,nmutti@example.com,9969039640,2024-11-20,False
9693,Thomas,Bajaj,samraekta@example.com,9385469220,2026-06-14,False
9694,Omaja,Roy,azaan87@example.com,9135251337,2023-05-02,False
9695,Madhav,Bal,nachiket26@example.org,9629768274,2024-02-23,False
9696,Mohammed,Krishnan,idoctor@example.org,9552235916,2024-01-18,True
9697,Jacob,Patel,rudra92@example.org,9674248485,2025-08-08,True
9698,Aarna,Kakar,devanquincy@example.net,9478300733,2022-11-23,False
9699,Daksha,Khatri,ychar@example.net,9441708023,2024-05-11,True
9700,Nandini,Chand,somanvincent@example.org,9650523103,2022-07-22,False
9701,Vrinda,Karpe,handayug@example.org,9836148179,2022-12-25,True
9702,Odika,Nagi,mahalrobert@example.net,9242352384,2022-02-13,False
9703,Dalbir,Zacharia,basuzayyan@example.net,9957236347,2021-09-26,True
9704,Edhitha,Tank,gerayutika@example.net,9722862985,2023-09-28,False
9705,Nicholas,Purohit,raagini33@example.com,9311280854,2025-09-05,False
9706,Daniel,Sehgal,pranit01@example.com,9909851305,2026-02-20,False
9707,Isaiah,Nagy,tanvi16@example.org,9836820396,2024-11-14,True
9708,Rushil,Mohan,wazir16@example.org,9219125588,2022-09-24,False
9709,Naksh,Wadhwa,zmallick@example.com,9543506826,2025-10-21,True
9710,Mugdha,Gandhi,gautam78@example.com,9862548083,2022-06-19,False
9711,Chanchal,Singhal,daniharinakshi@example.org,9882238288,2026-05-10,True
9712,Qasim,Sinha,chandrachaitanya@example.org,9255371957,2025-10-26,True
9713,Hemang,Raja,aroraaarnav@example.org,9400716903,2022-10-05,False
9714,Aarush,Goel,fariqshah@example.net,9002741695,2025-12-24,True
9715,Hamsini,Deo,madhavi04@example.com,9808511807,2026-04-30,True
9716,Janaki,Tripathi,onarasimhan@example.org,9159718961,2023-08-27,False
9717,Vrinda,Garde,dsolanki@example.com,9010683650,2023-05-18,False
9718,Harinakshi,Saraf,rdugal@example.com,9431270104,2026-02-19,True
9719,Chandran,Maharaj,oeshi67@example.net,9299429775,2025-09-15,False
9720,Kiaan,Patel,dhruv43@example.com,9998752147,2022-12-23,False
9721,Girik,Tiwari,golejacob@example.com,9347251921,2023-03-15,True
9722,Gopal,Koshy,cnazareth@example.org,9346363639,2026-06-21,True
9723,Keya,Prashad,lallavivaan@example.org,9425859119,2023-08-23,False
9724,Jeevika,Balan,pranit06@example.org,9971298200,2023-09-25,True
9725,Vyanjana,Badami,mitraabhiram@example.org,9393656541,2024-10-11,False
9726,Jason,Luthra,aarush61@example.net,9557753801,2024-07-20,False
9727,Wakeeta,Chacko,patrick19@example.net,9103906875,2023-02-10,True
9728,Bina,Naik,vasanarout@example.com,9646531400,2025-07-30,True
9729,Zehaan,Roy,aarnavnatarajan@example.net,9146105327,2025-04-14,False
9730,Geetika,Mohan,wiyengar@example.org,9793510806,2023-06-23,True
9731,Rachit,Solanki,dhruvwason@example.com,9238003636,2022-06-28,True
9732,Yachana,Gopal,subramanianteerth@example.net,9053977627,2022-10-25,False
9733,Mohini,Bandi,anthonysehgal@example.org,9842432173,2024-05-21,True
9734,Ekalinga,Vora,ddalia@example.org,9461316394,2026-01-14,False
9735,Praneel,Wason,balxalak@example.org,9808848738,2023-01-13,True
9736,Zinal,Zacharia,gparmar@example.com,9955911072,2021-10-02,True
9737,Baljiwan,Kaul,echadha@example.com,9379758961,2025-01-27,False
9738,Ekansh,Bajaj,vihaan84@example.com,9249921779,2022-06-08,False
9739,Owen,Nair,onkarmutti@example.net,9745499364,2024-04-14,True
9740,Suhani,Sridhar,gtata@example.com,9414307973,2025-12-11,False
9741,Jai,Virk,yrajagopalan@example.com,9111549470,2022-11-19,False
9742,Jai,Prabhakar,nihal83@example.com,9944852900,2026-02-03,False
9743,Anmol,Mallick,udant16@example.org,9235678028,2026-06-14,True
9744,Aryan,Srinivasan,samuellala@example.com,9973868330,2025-06-01,False
9745,Hemang,Mody,indira02@example.com,9031427404,2021-11-26,False
9746,Baljiwan,Bala,ekapad04@example.com,9124481716,2025-08-31,False
9747,Udarsh,Ganguly,ramaupma@example.net,9323373810,2021-10-31,True
9748,Falak,Sunder,hshetty@example.net,9956407366,2024-08-22,False
9749,Ekantika,Madan,irasoman@example.net,9111874626,2025-06-15,False
9750,Aayush,Bhatti,mitesh02@example.net,9160622400,2025-05-15,True
9751,Udarsh,Char,vinayaloyal@example.net,9979187626,2025-05-09,True
9752,Amrita,Zachariah,uhayer@example.com,9915032862,2022-09-12,False
9753,Deepa,Sami,senjeet@example.org,9989577402,2025-06-26,True
9754,Gavin,Gole,mgarg@example.net,9105558943,2026-03-16,False
9755,Aryan,Palla,kulkarnioscar@example.org,9670511121,2025-03-31,True
9756,Kamya,Bora,balayjagrati@example.net,9424051525,2025-04-13,False
9757,Rajeshri,Nagi,azad80@example.net,9979766262,2025-09-25,False
9758,Sai,Jha,indirapau@example.org,9677670310,2026-05-07,True
9759,Ojasvi,Chopra,kuruvillayashasvi@example.com,9817586264,2025-11-29,False
9760,Logan,Bakshi,bawamanbir@example.org,9808204577,2025-09-18,False
9761,Yagnesh,Edwin,harshbuch@example.net,9678841579,2022-09-21,True
9762,Veda,Kala,brinda32@example.com,9345000956,2026-02-06,False
9763,Ekaraj,Jaggi,thakerabeer@example.com,9892956720,2023-04-29,False
9764,Priya,Shenoy,hamble@example.org,9550728404,2024-06-20,True
9765,Qadim,Gola,nhari@example.net,9418919090,2023-01-25,True
9766,Kalpit,Parikh,arya66@example.net,9669324855,2025-03-23,False
9767,Aadhya,Nagarajan,rwali@example.net,9425993069,2021-11-16,False
9768,Patrick,Kothari,gautami32@example.net,9191748882,2023-05-26,False
9769,Damyanti,Suresh,pranit67@example.com,9176867320,2025-07-02,False
9770,Vinaya,Muni,udarshramanathan@example.net,9423784163,2021-08-04,False
9771,Balendra,Pathak,msani@example.net,9379653892,2022-12-10,False
9772,Dayamai,Gola,krishnahiral@example.net,9521864644,2021-11-25,False
9773,Raagini,Acharya,xitidhar@example.org,9303244320,2025-12-11,False
9774,Aarna,Radhakrishnan,qadim41@example.com,9659452071,2023-03-26,False
9775,Yashica,Bhasin,deepyatin@example.org,9764470072,2023-08-17,False
9776,Henry,Chandran,dayita92@example.com,9739730029,2026-04-06,True
9777,Kritika,Chokshi,sarinjack@example.net,9253286512,2023-03-31,True
9778,Pahal,Batta,kibecaleb@example.org,9987387524,2023-06-24,False
9779,Chakrika,Bedi,rvirk@example.com,9613558012,2026-04-25,True
9780,Ayushman,Merchant,jeremiahsawhney@example.org,9646943039,2022-04-12,True
9781,Nilima,Bahl,danieldutt@example.com,9721450140,2024-11-03,False
9782,Indali,Bansal,bhattacharyyasneha@example.com,9473732782,2023-08-05,True
9783,Lohit,Sankaran,nraman@example.org,9036835105,2022-01-26,False
9784,Indali,Lala,bajwaedhitha@example.com,9824697418,2022-04-03,True
9785,Riya,Varughese,behllakshmi@example.net,9880761032,2026-07-16,False
9786,Zaid,Patla,chasmumshanker@example.org,9542714564,2025-04-01,True
9787,Jagdish,Mahajan,rdate@example.net,9777743723,2026-06-16,False
9788,Samarth,Talwar,yadavisuri@example.com,9988574086,2025-09-03,True
9789,Henry,Kaur,latwal@example.org,9004955985,2023-09-09,False
9790,Jairaj,Hayre,dhawanmekhala@example.org,9968062400,2023-08-12,True
9791,Urishilla,Bhalla,dugarturvi@example.net,9275428847,2022-10-08,False
9792,Vansha,Ray,jagattalwar@example.org,9704578835,2024-01-04,False
9793,Caleb,Peri,obalakrishnan@example.com,9045065510,2025-06-19,True
9794,Advik,Buch,kohliharinakshi@example.org,9214077649,2025-08-16,True
9795,Sudiksha,Venkataraman,robert60@example.org,9567486559,2025-11-10,True
9796,Kashish,Kuruvilla,mitternidhi@example.org,9714102038,2025-04-18,False
9797,Avni,Pradhan,darpanwason@example.com,9034611969,2024-06-28,True
9798,Rayaan,Tripathi,wazir47@example.org,9897200773,2021-10-17,False
9799,Reyansh,Mani,raualka@example.com,9027128529,2025-03-24,True
9800,Elijah,Luthra,champak58@example.org,9057876929,2023-09-14,False
9801,Pranit,Wagle,chanakyahayre@example.com,9126950582,2024-04-19,False
9802,Zaid,Sachdeva,balendrarama@example.com,9798321874,2026-07-13,False
9803,Krisha,Barad,zchaudhari@example.net,9302773844,2022-09-03,True
9804,Anjali,Vig,tkeer@example.net,9532430588,2025-06-05,True
9805,Chaman,Som,veer96@example.com,9482486707,2026-06-19,True
9806,Nitara,Balay,kaidivan@example.net,9701984328,2025-11-24,True
9807,Maya,Sur,jacob03@example.com,9345602732,2023-03-19,True
9808,Kashvi,Dalal,madhavi18@example.net,9250652598,2022-12-19,False
9809,Reva,Dugal,gabriel22@example.com,9468313289,2024-02-13,True
9810,Aarnav,Hari,nayarjeevika@example.net,9572654056,2021-09-05,True
9811,Lakshit,Chaudhuri,gautami78@example.com,9436160413,2022-10-02,True
9812,Inaya,Pau,balhaar13@example.net,9816421000,2022-01-08,False
9813,Tripti,Chaudry,zramachandran@example.net,9548402518,2023-03-03,False
9814,Rushil,Yogi,shivanshtank@example.org,9834898164,2025-12-21,True
9815,Nihal,Karpe,quincy61@example.com,9638681029,2021-07-28,False
9816,Ikbal,Pandit,nirjabath@example.net,9666126944,2022-06-25,True
9817,Xavier,Dar,odikaarora@example.net,9164812449,2022-11-06,True
9818,Dhriti,Chana,murtybishakha@example.com,9394487535,2021-08-16,True
9819,Nirja,Sachdeva,ishwar65@example.org,9756045539,2026-01-17,True
9820,Odika,Grewal,modishaurya@example.org,9461079318,2023-11-30,True
9821,Ishaan,Nagy,ojas95@example.org,9501999484,2025-02-11,True
9822,Hemal,Dugar,mason81@example.org,9453372622,2023-06-29,True
9823,Watika,Ben,mohammed13@example.net,9172319394,2024-08-22,True
9824,Nitara,Garde,yganguly@example.org,9481334370,2025-11-30,True
9825,Rachit,Ratta,qadimmisra@example.net,9952601143,2022-03-06,True
9826,Baljiwan,Dhawan,andrewkakar@example.org,9297349791,2023-11-13,False
9827,Edhitha,Nazareth,epradhan@example.com,9879501604,2022-04-02,True
9828,Anita,Mannan,chahalvarenya@example.org,9262120393,2024-03-31,False
9829,Ira,Iyer,vartypatrick@example.org,9181362100,2025-07-14,False
9830,Anjali,Venkataraman,sehgalaayush@example.com,9989223768,2021-11-09,True
9831,Chakradhar,Kunda,ydyal@example.org,9326963351,2021-09-24,True
9832,Arjun,Raval,tanvi85@example.com,9207729716,2025-11-23,False
9833,Rajata,Gill,srinivasanjyoti@example.org,9644696614,2024-12-27,False
9834,Sanya,Mand,ranachandran@example.org,9862388980,2025-09-26,False
9835,Dayita,Sarkar,shankerbarkha@example.org,9491952571,2024-05-25,True
9836,Aachal,Morar,bhatiamaanas@example.net,9155738555,2022-03-04,True
9837,Urmi,Krish,jdubey@example.net,9322772178,2026-06-19,False
9838,Vaishnavi,Ramaswamy,mseshadri@example.com,9446594087,2022-01-08,False
9839,Balhaar,Yogi,jayaramanrayaan@example.org,9762004720,2023-03-14,True
9840,Vasudha,Thakur,robert79@example.com,9967560153,2024-05-22,False
9841,Harshil,Kaur,eshana44@example.com,9689072064,2024-12-18,True
9842,Jason,Halder,saniirya@example.net,9530795352,2024-10-13,True
9843,Nisha,Banik,xkashyap@example.org,9699313221,2023-07-18,True
9844,Pooja,Lall,aditya99@example.org,9439824711,2022-11-09,True
9845,Chaaya,Patla,saimaster@example.org,9282698472,2026-03-23,True
9846,Gaurang,Chawla,gwalia@example.com,9865873781,2024-01-03,True
9847,Upkaar,Dutta,lajita57@example.net,9628454465,2024-09-01,True
9848,Bhavika,Sharaf,vpalan@example.org,9862614044,2026-03-02,False
9849,Ekta,Aggarwal,ekapadmutti@example.com,9503089233,2022-06-08,False
9850,Vasudha,Chaudhuri,pinglefrado@example.net,9086033157,2023-10-27,False
9851,Yahvi,Ganesan,dasguptaarjun@example.net,9554447171,2023-11-08,False
9852,Ria,Kulkarni,meghanapatla@example.net,9608009193,2025-08-26,True
9853,Ojas,Pai,omand@example.net,9813697602,2024-09-29,False
9854,Daksha,Sani,mandgavin@example.org,9127777296,2023-06-29,False
9855,Saumya,Buch,kdate@example.net,9969724735,2022-05-25,False
9856,Chanchal,Atwal,isinghal@example.com,9711846057,2025-03-02,False
9857,Sarthak,Murty,mmallick@example.org,9162688865,2026-07-20,False
9858,Mitali,Choudhry,tejasmajumdar@example.org,9017214486,2025-04-04,True
9859,Bahadurjit,Wagle,upadhritibaral@example.com,9304151680,2024-01-05,False
9860,Osha,Goyal,xdash@example.org,9076633016,2022-04-24,False
9861,Ekapad,Mittal,radha14@example.com,9617221968,2022-02-27,False
9862,Abhiram,Chokshi,paninisankar@example.net,9477396001,2023-01-11,True
9863,Onveer,Gill,edwinaditya@example.net,9375716031,2023-01-30,True
9864,Timothy,Roy,henrykakar@example.net,9849499491,2023-07-07,False
9865,Yoshita,Ghose,samuel27@example.org,9295866140,2021-09-30,False
9866,Ladli,Shanker,maanavmani@example.org,9998088514,2025-04-23,True
9867,Lucky,Seth,ckrish@example.net,9298583799,2025-01-03,False
9868,Ekta,Mitra,lmittal@example.com,9248001687,2026-05-19,True
9869,Ladli,Sheth,harini52@example.net,9571152723,2025-09-03,False
9870,Luke,Mani,dayamaide@example.org,9408539761,2023-08-05,True
9871,Indira,Sen,harinakshikurian@example.org,9342762826,2024-08-05,False
9872,Amol,Pal,pushtinadig@example.org,9153179019,2023-10-15,True
9873,Jackson,Merchant,fitanbalay@example.net,9562311074,2024-08-05,False
9874,Oscar,Das,tara65@example.org,9076799878,2024-06-26,True
9875,Ekta,Jayaraman,patrickdeol@example.com,9279936551,2023-08-23,False
9876,Suhani,Sarraf,wsoni@example.org,9241851928,2026-01-03,False
9877,Abeer,Gera,ubarman@example.net,9053265745,2022-05-20,False
9878,Nidra,Mandal,anya91@example.com,9234321774,2022-11-14,True
9879,Lekha,Narayanan,hemal68@example.com,9486803450,2026-01-12,True
9880,Zashil,Natarajan,ziyer@example.org,9677699633,2026-07-19,False
9881,Bhanumati,Naidu,abdultak@example.net,9260157233,2026-07-02,True
9882,Yashodhara,Badami,karnikanya@example.org,9115120164,2024-11-14,False
9883,Girik,Hayre,dalaja77@example.net,9150640741,2024-06-14,False
9884,Dayita,Palan,urishilla95@example.org,9510171012,2023-02-14,True
9885,Dhriti,Dhillon,frederick36@example.net,9014569276,2023-10-28,True
9886,Charan,Bassi,rkadakia@example.org,9509576106,2024-07-10,True
9887,Raghav,Pall,sarmaprisha@example.org,9936730333,2025-02-18,False
9888,Bina,Garg,kamya92@example.net,9383580604,2026-07-21,False
9889,Wahab,Parmar,rishimanne@example.com,9778403175,2024-09-14,False
9890,Owen,Hegde,gdayal@example.net,9984050434,2024-04-13,True
9891,Advay,Sinha,falguni90@example.org,9448434571,2024-12-12,False
9892,Yasti,Panchal,minhaswyatt@example.net,9940967934,2024-03-04,False
9893,Hemangini,Sengupta,iryathaker@example.net,9487507386,2023-12-23,False
9894,Mason,Om,jasmit48@example.net,9465035669,2024-10-15,True
9895,Gautam,Tank,tandonvictor@example.org,9676747422,2024-05-19,False
9896,Adya,Kapadia,ishashanker@example.com,9453976864,2025-12-29,False
9897,Mohammed,Brar,biswasaashi@example.org,9358365799,2021-11-14,False
9898,Faqid,Rege,nandaomaja@example.org,9945795107,2026-06-23,True
9899,Falan,Pillai,kantgauri@example.net,9538161277,2026-05-28,False
9900,Manan,Bhavsar,udyati75@example.net,9810848878,2026-07-01,True
9901,Yachana,Shukla,valahiral@example.org,9896374641,2024-10-09,False
9902,Finn,Rastogi,eeshamani@example.com,9436068371,2025-12-14,False
9903,Tanveer,Sengupta,janya20@example.com,9843651691,2021-08-30,False
9904,Vidhi,Gupta,xdass@example.com,9922397351,2026-01-07,True
9905,Vamakshi,Choudhry,boraoeshi@example.com,9568704030,2024-11-19,True
9906,Yochana,Bakshi,mason18@example.org,9057600795,2021-09-25,True
9907,Chaitanya,Mahal,neelimasachdeva@example.net,9323260087,2025-12-07,True
9908,Yoshita,Bhatti,suleavni@example.com,9363244499,2021-11-06,True
9909,Arunima,Krish,ekantikasathe@example.com,9323094318,2025-02-03,True
9910,Mohini,Rao,hredhaankurian@example.net,9449124496,2022-11-24,True
9911,Leela,Maharaj,vgoel@example.net,9963975762,2025-07-15,False
9912,Nidra,Naik,tamannavohra@example.com,9119558860,2022-11-12,False
9913,Samesh,Banik,jonathanshroff@example.com,9961298753,2021-08-28,False
9914,Faras,Gour,xkala@example.org,9561045137,2025-11-09,True
9915,Krishna,Bali,mandaudyati@example.com,9238624991,2025-11-12,True
9916,Hredhaan,Kade,arorajack@example.org,9205475425,2023-06-16,True
9917,Chatresh,Ramachandran,darshbail@example.net,9856655684,2023-02-02,True
9918,Abhimanyu,Tak,fyogi@example.com,9508941368,2022-06-03,False
9919,Banjeet,Khatri,chackoishanvi@example.org,9943339097,2022-12-19,False
9920,Aahana,Edwin,sarnakrisha@example.net,9677004440,2025-02-26,True
9921,Gopal,Varkey,hemangini95@example.org,9002246667,2024-12-18,True
9922,Siddharth,Saini,sarthak45@example.net,9945914362,2023-09-23,False
9923,Harshil,Sha,umital@example.net,9606504843,2021-12-14,True
9924,Zarna,Kadakia,ldasgupta@example.com,9956142827,2024-12-12,True
9925,Harita,Khare,chatreshkhanna@example.net,9611540629,2024-06-23,True
9926,Nidra,Mutti,diya26@example.com,9291608979,2021-10-20,False
9927,Oliver,Kohli,saanvi67@example.org,9900191798,2024-03-14,False
9928,Faras,Dutt,raufaqid@example.net,9570367082,2023-10-07,True
9929,Orinder,Jha,jkhurana@example.org,9934797189,2026-04-03,True
9930,Nitara,Bora,mandallohit@example.com,9586883404,2022-12-17,False
9931,Meera,Ratti,waida73@example.org,9370691538,2024-01-03,True
9932,Nathaniel,Kara,ughose@example.com,9985195856,2024-07-15,False
9933,Vidhi,Dasgupta,keerishanvi@example.com,9936354957,2026-04-20,False
9934,Yashawini,Sur,lakshitsarkar@example.net,9078999634,2023-12-29,True
9935,Ekaja,Natt,kalitachaaya@example.org,9489829411,2023-03-20,True
9936,Neel,Din,isha35@example.net,9846195697,2022-12-13,True
9937,Varenya,Bhandari,dixitamaira@example.com,9513440883,2021-11-07,False
9938,Vrishti,Basu,riyadass@example.net,9399815973,2022-07-26,False
9939,Ganga,Konda,indira61@example.com,9378996421,2025-04-11,False
9940,Bahadurjit,Natarajan,yochana82@example.net,9360229983,2023-01-09,False
9941,Varsha,Rai,darayutika@example.com,9620029793,2023-11-10,True
9942,Anya,Purohit,ebarad@example.org,9953172853,2026-07-16,True
9943,Yashasvi,Barad,warda93@example.org,9336220889,2025-12-11,True
9944,Ansh,Gokhale,xsarraf@example.com,9047065713,2024-10-20,False
9945,Sachi,Mohanty,sakshamvirk@example.com,9759120634,2021-10-24,True
9946,Chandani,Shah,lajitahalder@example.com,9715076371,2024-02-28,True
9947,Urvi,Ravi,xiti12@example.org,9307197837,2021-10-07,True
9948,Indali,Chawla,lmittal@example.org,9111728603,2025-03-24,True
9949,Xalak,Naik,lokefiyaz@example.net,9471466243,2023-09-20,True
9950,Amaira,Biswas,anthonykalla@example.org,9886284040,2022-03-08,True
9951,Kevin,Nazareth,chaturadevan@example.org,9817551591,2024-07-11,True
9952,Triveni,Tailor,yochana07@example.org,9611779664,2021-12-09,True
9953,Daksha,Sehgal,gmital@example.com,9648995157,2022-07-03,False
9954,Nikita,Ratta,gopalom@example.com,9595756146,2025-08-14,False
9955,Pranit,Sahni,moraratharv@example.net,9851882700,2022-01-18,True
9956,Ranveer,Raghavan,duaindrajit@example.org,9598196870,2024-07-23,False
9957,Fitan,Chander,purohitlaban@example.net,9872809519,2021-09-06,True
9958,Abhimanyu,Grewal,mistryjason@example.org,9957713696,2025-12-15,False
9959,Amaira,Kala,sameshbumb@example.org,9010747748,2025-05-21,True
9960,Darika,Date,kotaatharv@example.net,9712163976,2026-05-14,True
9961,Ishwar,Ramachandran,simonkala@example.com,9418255346,2023-03-15,False
9962,Rayaan,Dani,katajagat@example.org,9336358784,2025-05-11,False
9963,Vasudha,Ganesh,chakradhar89@example.org,9201708089,2023-09-02,False
9964,Tanveer,Shah,hbains@example.org,9504169109,2026-03-20,True
9965,Rachit,Sarkar,gavingade@example.org,9144304218,2025-11-11,True
9966,Chandran,Bansal,kavyamahal@example.com,9373262528,2024-11-22,False
9967,Suhani,Bajaj,zinal82@example.net,9661396633,2024-08-10,False
9968,Rachana,Guha,reyansh44@example.net,9813435041,2024-01-14,False
9969,Krishna,Sibal,nathaniel71@example.org,9868725355,2023-12-18,True
9970,Ekalinga,Joshi,gangasingh@example.org,9090635803,2024-05-13,True
9971,Edhitha,Munshi,raviojasvi@example.org,9191201160,2026-05-10,True
9972,Baghyawati,Mistry,jhayer@example.com,9373705113,2022-08-18,False
9973,Priya,Khosla,ishani97@example.net,9051449494,2023-02-06,True
9974,Kritika,Gupta,shivani19@example.net,9492777595,2022-02-27,True
9975,Gautami,Chanda,quincyaurora@example.net,9599853721,2024-09-17,False
9976,Harish,Bhasin,wlal@example.net,9904111431,2026-04-10,True
9977,Charan,Krishnamurthy,kshere@example.net,9091620231,2023-04-14,True
9978,Anjali,Apte,aishanikrishna@example.org,9091309254,2023-02-25,False
9979,Gopal,Dhawan,halderneel@example.com,9980378917,2024-01-28,True
9980,Ekaja,Ray,vincentmadan@example.org,9983513120,2021-08-12,True
9981,Agastya,Vaidya,reyansh43@example.com,9974757146,2022-03-17,False
9982,Oliver,Mand,voraanay@example.org,9282423502,2023-04-07,False
9983,Jonathan,Sethi,wdate@example.com,9512637658,2023-02-18,False
9984,Sneha,Kurian,sanghvibhavini@example.org,9579536247,2023-10-21,False
9985,Gauri,Wable,vermafrederick@example.net,9447576501,2026-03-11,True
9986,Ansh,Varma,vaishnavi38@example.com,9098483584,2022-04-16,True
9987,Onkar,Mall,upadhyayekalinga@example.net,9444472229,2024-10-02,False
9988,Aahana,Varma,agastyabrahmbhatt@example.net,9393503275,2023-04-01,True
9989,Dipta,Bhat,ayaangarde@example.org,9409658456,2023-12-20,True
9990,Gaurika,Panchal,acharyawilliam@example.net,9807370247,2023-01-23,False
9991,Xalak,Kumer,hemal67@example.com,9768732244,2025-08-26,False
9992,Yashawini,Mangat,radha96@example.com,9308203130,2025-01-21,True
9993,Bhavani,Korpal,karan72@example.net,9235564605,2022-07-30,True
9994,Chatura,Thaker,ekaja37@example.com,9553927537,2024-08-10,False
9995,Ekaraj,Oza,megha38@example.net,9037332880,2021-08-14,False
9996,Upkaar,Kari,vasanamadan@example.net,9218009080,2023-11-25,True
9997,Ronith,Mutti,ranagaurangi@example.org,9277898800,2025-11-22,True
9998,Idika,Basak,qadimdeo@example.org,9830695531,2025-05-09,False
9999,Ekbal,Mahajan,yramesh@example.net,9030411226,2023-08-26,False
10000,Panini,Ganesan,nisharau@example.net,9738487621,2023-08-22,False
