product_id,product_name,category_id,seller_id,brand,stock_keeping_unit,price,cost_price,discount_percentage,description,average_rating,total_reviews,launch_date,is_active
1,Penguin Smart Textbook,4,1,Penguin,BOO-PEN-00001,562.94,433.99,15,"Penguin Textbook designed for quality, durability and everyday use.",4.0,172,2019-03-09,True
2,HarperCollins Eco Dictionary,4,1,HarperCollins,BOO-HAR-00002,1263.73,907.83,15,"HarperCollins Dictionary designed for quality, durability and everyday use.",4.3,170,2025-07-08,True
3,Penguin Elite Dictionary,4,1,Penguin,BOO-PEN-00003,779.46,465.06,40,"Penguin Dictionary designed for quality, durability and everyday use.",4.7,527,2018-04-10,True
4,Pearson Premium Textbook,4,1,Pearson,BOO-PEA-00004,1500.0,1066.3,40,"Pearson Textbook designed for quality, durability and everyday use.",4.7,23,2026-06-20,True
5,Penguin Smart Novel,4,1,Penguin,BOO-PEN-00005,1580.18,1336.15,25,"Penguin Novel designed for quality, durability and everyday use.",4.0,113,2025-07-17,True
6,Lenovo Plus Smartphone,1,2,Lenovo,ELE-LEN-00006,95976.79,68166.74,5,"Lenovo Smartphone designed for quality, durability and everyday use.",4.6,432,2021-03-25,True
7,Samsung Premium Smart Watch,1,2,Samsung,ELE-SAM-00007,121146.78,81210.68,0,"Samsung Smart Watch designed for quality, durability and everyday use.",3.9,94,2024-10-06,True
8,LG Ultra Mouse,1,2,LG,ELE-LG-00008,41202.26,25709.73,10,"LG Mouse designed for quality, durability and everyday use.",4.8,25,2026-04-10,True
9,Dell Classic Mouse,1,2,Dell,ELE-DEL-00009,113855.76,92033.13,0,"Dell Mouse designed for quality, durability and everyday use.",4.9,4,2026-05-06,True
10,Asus Eco Headphones,1,2,Asus,ELE-ASU-00010,129395.4,71613.15,15,"Asus Headphones designed for quality, durability and everyday use.",4.4,236,2024-06-30,True
11,Yonex Advanced Cricket Bat,6,3,Yonex,SPO-YON-00011,595.74,456.71,15,"Yonex Cricket Bat designed for quality, durability and everyday use.",3.7,47,2025-11-05,True
12,Puma Plus Badminton Racket,6,3,Puma,SPO-PUM-00012,6367.88,4216.65,0,"Puma Badminton Racket designed for quality, durability and everyday use.",3.8,366,2023-01-02,True
13,Nike Max Football,6,3,Nike,SPO-NIK-00013,26422.3,21124.62,5,"Nike Football designed for quality, durability and everyday use.",5.0,103,2023-06-11,True
14,Dettol Ultra Vitamin Tablets,9,4,Dettol,HEA-DET-00014,3332.78,2779.72,0,"Dettol Vitamin Tablets designed for quality, durability and everyday use.",4.5,277,2024-03-09,True
15,Dabur Elite Hand Sanitizer,9,4,Dabur,HEA-DAB-00015,4976.23,3707.11,10,"Dabur Hand Sanitizer designed for quality, durability and everyday use.",4.6,165,2021-04-05,True
16,Dettol Plus Vitamin Tablets,9,4,Dettol,HEA-DET-00016,1179.07,673.6,15,"Dettol Vitamin Tablets designed for quality, durability and everyday use.",4.8,58,2024-11-07,True
17,Horlicks Smart First Aid Kit,9,4,Horlicks,HEA-HOR-00017,2742.25,2103.32,25,"Horlicks First Aid Kit designed for quality, durability and everyday use.",4.5,493,2022-08-26,True
18,Himalaya Elite Protein Powder,9,4,Himalaya,HEA-HIM-00018,1836.06,1236.28,25,"Himalaya Protein Powder designed for quality, durability and everyday use.",5.0,91,2023-07-21,True
19,Horlicks Smart Protein Powder,9,4,Horlicks,HEA-HOR-00019,1038.79,738.46,0,"Horlicks Protein Powder designed for quality, durability and everyday use.",4.9,286,2023-06-04,True
20,Tata Eco Rice,8,5,Tata,GRO-TAT-00020,1680.25,1412.58,30,"Tata Rice designed for quality, durability and everyday use.",4.1,326,2022-09-21,True
21,Amul Ultra Rice,8,5,Amul,GRO-AMU-00021,789.0,667.17,5,"Amul Rice designed for quality, durability and everyday use.",4.2,162,2025-05-16,True
22,Amul Smart Atta,8,5,Amul,GRO-AMU-00022,628.58,528.39,10,"Amul Atta designed for quality, durability and everyday use.",4.5,85,2023-04-28,True
23,Nestle Ultra Coffee,8,5,Nestle,GRO-NES-00023,160.92,113.02,25,"Nestle Coffee designed for quality, durability and everyday use.",5.0,573,2018-08-29,True
24,Nestle Plus Atta,8,5,Nestle,GRO-NES-00024,1209.31,889.83,10,"Nestle Atta designed for quality, durability and everyday use.",4.5,92,2024-06-18,True
25,Aashirvaad Pro Atta,8,5,Aashirvaad,GRO-AAS-00025,821.78,617.57,5,"Aashirvaad Atta designed for quality, durability and everyday use.",4.8,64,2023-05-29,True
26,Nestle Classic Rice,8,5,Nestle,GRO-NES-00026,1098.39,770.81,0,"Nestle Rice designed for quality, durability and everyday use.",4.7,538,2018-09-08,True
27,Borosil Pro Storage Box,3,6,Borosil,HMK-BOR-00027,15486.11,13103.88,15,"Borosil Storage Box designed for quality, durability and everyday use.",5.0,278,2024-09-05,True
28,Philips Classic Bottle,3,6,Philips,HMK-PHI-00028,22297.96,17230.19,0,"Philips Bottle designed for quality, durability and everyday use.",4.8,308,2021-12-03,True
29,Milton Advanced Induction Cooktop,3,6,Milton,HMK-MIL-00029,6652.47,5471.31,0,"Milton Induction Cooktop designed for quality, durability and everyday use.",4.4,61,2023-04-01,True
30,Philips Pro Storage Box,3,6,Philips,HMK-PHI-00030,4458.76,3043.33,15,"Philips Storage Box designed for quality, durability and everyday use.",4.5,678,2020-11-01,True
31,Milton Eco Induction Cooktop,3,6,Milton,HMK-MIL-00031,4128.3,2428.41,5,"Milton Induction Cooktop designed for quality, durability and everyday use.",4.0,243,2023-03-23,True
32,Lego Eco Building Blocks,7,7,Lego,TOY-LEG-00032,4443.85,2985.88,15,"Lego Building Blocks designed for quality, durability and everyday use.",4.9,150,2023-11-29,True
33,Lego Max Toy Car,7,7,Lego,TOY-LEG-00033,3955.46,2664.06,15,"Lego Toy Car designed for quality, durability and everyday use.",4.3,230,2020-11-22,True
34,Lego Smart Doll,7,7,Lego,TOY-LEG-00034,1157.95,955.93,5,"Lego Doll designed for quality, durability and everyday use.",4.1,46,2024-04-01,True
35,Barbie Pro Building Blocks,7,7,Barbie,TOY-BAR-00035,4348.89,3653.36,5,"Barbie Building Blocks designed for quality, durability and everyday use.",4.4,21,2026-01-03,True
36,Oxford Plus Dictionary,4,8,Oxford,BOO-OXF-00036,1930.69,1215.64,0,"Oxford Dictionary designed for quality, durability and everyday use.",4.6,151,2024-10-04,True
37,Pearson Elite Novel,4,8,Pearson,BOO-PEA-00037,1814.08,1101.19,0,"Pearson Novel designed for quality, durability and everyday use.",4.6,43,2026-01-07,True
38,HarperCollins Elite Textbook,4,8,HarperCollins,BOO-HAR-00038,279.45,209.38,5,"HarperCollins Textbook designed for quality, durability and everyday use.",4.8,169,2024-09-07,True
39,Levis Pro Shirt,2,9,Levis,FAS-LEV-00039,4568.98,2775.89,15,"Levis Shirt designed for quality, durability and everyday use.",4.7,375,2023-12-23,True
40,Levis Premium Dress,2,9,Levis,FAS-LEV-00040,2639.84,1618.37,20,"Levis Dress designed for quality, durability and everyday use.",4.5,306,2022-06-23,True
41,Allen Solly Ultra Jacket,2,9,Allen Solly,FAS-ALL-00041,5373.15,3412.68,15,"Allen Solly Jacket designed for quality, durability and everyday use.",4.4,848,2018-08-29,True
42,H&M Ultra Jeans,2,9,H&M,FAS-H&M-00042,488.08,304.29,10,"H&M Jeans designed for quality, durability and everyday use.",4.1,784,2019-03-01,True
43,Zara Elite Shirt,2,9,Zara,FAS-ZAR-00043,4106.7,2559.28,15,"Zara Shirt designed for quality, durability and everyday use.",5.0,277,2023-08-07,True
44,Dettol Premium First Aid Kit,9,10,Dettol,HEA-DET-00044,2831.29,2336.5,0,"Dettol First Aid Kit designed for quality, durability and everyday use.",4.9,163,2025-12-23,True
45,Ensure Eco First Aid Kit,9,10,Ensure,HEA-ENS-00045,2284.98,1365.84,25,"Ensure First Aid Kit designed for quality, durability and everyday use.",4.6,236,2024-07-21,True
46,Ensure Pro Vitamin Tablets,9,10,Ensure,HEA-ENS-00046,2255.38,1723.25,5,"Ensure Vitamin Tablets designed for quality, durability and everyday use.",4.7,130,2023-06-15,True
47,Ensure Smart Vitamin Tablets,9,10,Ensure,HEA-ENS-00047,414.72,278.81,10,"Ensure Vitamin Tablets designed for quality, durability and everyday use.",4.7,279,2022-05-10,True
48,Dettol Plus Protein Powder,9,10,Dettol,HEA-DET-00048,1963.87,1083.6,5,"Dettol Protein Powder designed for quality, durability and everyday use.",4.3,157,2025-05-08,True
49,Dettol Advanced Vitamin Tablets,9,10,Dettol,HEA-DET-00049,1175.17,800.0,0,"Dettol Vitamin Tablets designed for quality, durability and everyday use.",4.7,62,2025-04-08,True
50,Mamaearth Premium Moisturizer,5,11,Mamaearth,BEA-MAM-00050,4548.6,3309.42,15,"Mamaearth Moisturizer designed for quality, durability and everyday use.",5.0,66,2025-08-03,True
51,Loreal Smart Serum,5,11,Loreal,BEA-LOR-00051,2355.29,1533.88,25,"Loreal Serum designed for quality, durability and everyday use.",4.8,84,2025-05-13,True
52,Loreal Eco Face Wash,5,11,Loreal,BEA-LOR-00052,402.62,336.42,5,"Loreal Face Wash designed for quality, durability and everyday use.",5.0,75,2023-03-24,True
53,Maybelline Plus Face Wash,5,11,Maybelline,BEA-MAY-00053,889.05,522.64,15,"Maybelline Face Wash designed for quality, durability and everyday use.",4.5,477,2021-06-08,True
54,Mamaearth Classic Sunscreen,5,11,Mamaearth,BEA-MAM-00054,3922.29,2349.96,5,"Mamaearth Sunscreen designed for quality, durability and everyday use.",4.5,43,2026-03-25,True
55,Loreal Smart Lipstick,5,11,Loreal,BEA-LOR-00055,518.58,392.66,15,"Loreal Lipstick designed for quality, durability and everyday use.",5.0,7,2026-05-14,True
56,Mamaearth Max Face Wash,5,11,Mamaearth,BEA-MAM-00056,2733.81,2046.14,0,"Mamaearth Face Wash designed for quality, durability and everyday use.",4.4,641,2019-03-07,True
57,Asus Elite Tablet,1,12,Asus,ELE-ASU-00057,28068.27,19830.91,15,"Asus Tablet designed for quality, durability and everyday use.",4.4,139,2025-09-17,True
58,Lenovo Smart Monitor,1,12,Lenovo,ELE-LEN-00058,124948.19,71970.02,25,"Lenovo Monitor designed for quality, durability and everyday use.",4.8,42,2026-06-03,True
59,Samsung Max Mouse,1,12,Samsung,ELE-SAM-00059,28912.3,17741.63,20,"Samsung Mouse designed for quality, durability and everyday use.",4.7,182,2024-07-19,True
60,HP Smart Smartphone,1,12,HP,ELE-HP-00060,108571.05,75627.7,20,"HP Smartphone designed for quality, durability and everyday use.",4.4,134,2025-10-02,True
61,Apple Smart Headphones,1,12,Apple,ELE-APP-00061,61851.37,38532.88,15,"Apple Headphones designed for quality, durability and everyday use.",4.7,148,2024-12-05,False
62,Sony Advanced Monitor,1,12,Sony,ELE-SON-00062,42095.63,26327.5,0,"Sony Monitor designed for quality, durability and everyday use.",4.9,296,2021-01-14,True
63,Asus Plus Headphones,1,12,Asus,ELE-ASU-00063,146537.84,103659.56,5,"Asus Headphones designed for quality, durability and everyday use.",5.0,469,2021-04-10,True
64,Samsung Pro Tablet,1,12,Samsung,ELE-SAM-00064,8736.32,4947.88,5,"Samsung Tablet designed for quality, durability and everyday use.",3.8,46,2025-10-02,True
65,Ensure Advanced First Aid Kit,9,13,Ensure,HEA-ENS-00065,1769.46,1485.73,5,"Ensure First Aid Kit designed for quality, durability and everyday use.",4.0,530,2020-05-13,True
66,Dettol Ultra Protein Powder,9,13,Dettol,HEA-DET-00066,831.07,597.42,5,"Dettol Protein Powder designed for quality, durability and everyday use.",3.5,390,2022-05-02,True
67,Dettol Eco Vitamin Tablets,9,13,Dettol,HEA-DET-00067,1963.85,1615.37,5,"Dettol Vitamin Tablets designed for quality, durability and everyday use.",4.5,39,2026-03-10,True
68,Himalaya Smart Vitamin Tablets,9,13,Himalaya,HEA-HIM-00068,1396.77,802.24,5,"Himalaya Vitamin Tablets designed for quality, durability and everyday use.",4.5,310,2022-04-16,True
69,Ensure Premium Hand Sanitizer,9,13,Ensure,HEA-ENS-00069,1234.23,940.59,15,"Ensure Hand Sanitizer designed for quality, durability and everyday use.",4.6,241,2024-06-25,True
70,Maybelline Classic Lipstick,5,14,Maybelline,BEA-MAY-00070,2791.13,2077.41,30,"Maybelline Lipstick designed for quality, durability and everyday use.",4.1,971,2018-06-19,True
71,Minimalist Pro Moisturizer,5,14,Minimalist,BEA-MIN-00071,2279.89,1574.51,5,"Minimalist Moisturizer designed for quality, durability and everyday use.",4.7,304,2022-10-08,True
72,Lakme Max Lipstick,5,14,Lakme,BEA-LAK-00072,3078.01,1716.79,5,"Lakme Lipstick designed for quality, durability and everyday use.",4.4,1,2026-04-17,False
73,Minimalist Plus Serum,5,14,Minimalist,BEA-MIN-00073,345.12,268.12,10,"Minimalist Serum designed for quality, durability and everyday use.",4.4,189,2024-01-07,True
74,Loreal Advanced Face Wash,5,14,Loreal,BEA-LOR-00074,1837.61,1194.43,15,"Loreal Face Wash designed for quality, durability and everyday use.",4.0,227,2022-10-11,True
75,Pearson Advanced Novel,4,15,Pearson,BOO-PEA-00075,312.91,195.79,0,"Pearson Novel designed for quality, durability and everyday use.",4.2,396,2023-01-03,True
76,McGraw Hill Premium Story Book,4,15,McGraw Hill,BOO-MCG-00076,497.03,327.31,20,"McGraw Hill Story Book designed for quality, durability and everyday use.",4.4,108,2024-02-21,True
77,Oxford Advanced Story Book,4,15,Oxford,BOO-OXF-00077,374.64,315.43,15,"Oxford Story Book designed for quality, durability and everyday use.",4.8,685,2020-01-29,True
78,HarperCollins Advanced Novel,4,15,HarperCollins,BOO-HAR-00078,1902.06,1415.73,0,"HarperCollins Novel designed for quality, durability and everyday use.",3.9,525,2021-07-13,True
79,McGraw Hill Advanced Dictionary,4,15,McGraw Hill,BOO-MCG-00079,1169.84,778.03,30,"McGraw Hill Dictionary designed for quality, durability and everyday use.",4.6,201,2023-05-23,True
80,3M Pro Cleaning Kit,10,16,3M,AUT-3M-00080,41117.2,26103.32,5,"3M Cleaning Kit designed for quality, durability and everyday use.",4.5,58,2025-09-29,True
81,Michelin Max Car Cover,10,16,Michelin,AUT-MIC-00081,27819.91,19836.4,10,"Michelin Car Cover designed for quality, durability and everyday use.",4.8,492,2021-05-04,True
82,Michelin Max Engine Oil,10,16,Michelin,AUT-MIC-00082,37362.91,28454.41,20,"Michelin Engine Oil designed for quality, durability and everyday use.",4.7,313,2023-11-08,True
83,Castrol Plus Cleaning Kit,10,16,Castrol,AUT-CAS-00083,16933.74,9823.42,25,"Castrol Cleaning Kit designed for quality, durability and everyday use.",5.0,133,2023-02-01,True
84,Castrol Advanced Engine Oil,10,16,Castrol,AUT-CAS-00084,39185.5,24667.54,15,"Castrol Engine Oil designed for quality, durability and everyday use.",4.7,850,2018-12-03,True
85,Michelin Advanced Car Cover,10,16,Michelin,AUT-MIC-00085,43682.96,24496.08,0,"Michelin Car Cover designed for quality, durability and everyday use.",4.4,231,2024-04-10,True
86,Bosch Advanced Engine Oil,10,16,Bosch,AUT-BOS-00086,8735.06,5589.04,0,"Bosch Engine Oil designed for quality, durability and everyday use.",4.8,523,2019-01-03,True
87,Levis Ultra Dress,2,17,Levis,FAS-LEV-00087,1608.87,922.99,25,"Levis Dress designed for quality, durability and everyday use.",4.4,357,2020-10-20,True
88,Puma Pro Jacket,2,17,Puma,FAS-PUM-00088,5434.67,4454.65,10,"Puma Jacket designed for quality, durability and everyday use.",4.8,286,2023-06-01,True
89,Allen Solly Elite Sneakers,2,17,Allen Solly,FAS-ALL-00089,5615.41,3858.07,5,"Allen Solly Sneakers designed for quality, durability and everyday use.",3.5,181,2023-08-07,True
90,Puma Pro Dress,2,17,Puma,FAS-PUM-00090,7943.73,5072.62,40,"Puma Dress designed for quality, durability and everyday use.",4.4,740,2020-04-10,True
91,Puma Smart Hoodie,2,18,Puma,FAS-PUM-00091,4974.4,3261.7,15,"Puma Hoodie designed for quality, durability and everyday use.",4.4,381,2023-10-08,True
92,Zara Premium Shirt,2,18,Zara,FAS-ZAR-00092,2678.78,1827.59,10,"Zara Shirt designed for quality, durability and everyday use.",4.3,494,2018-10-30,True
93,Adidas Ultra Jeans,2,18,Adidas,FAS-ADI-00093,6356.15,5167.16,5,"Adidas Jeans designed for quality, durability and everyday use.",4.6,383,2020-12-02,True
94,Levis Pro Hoodie,2,18,Levis,FAS-LEV-00094,6048.51,3941.3,0,"Levis Hoodie designed for quality, durability and everyday use.",3.7,506,2021-04-07,True
95,H&M Max Dress,2,18,H&M,FAS-H&M-00095,995.33,665.25,5,"H&M Dress designed for quality, durability and everyday use.",4.9,189,2024-06-20,True
96,Zara Classic Sneakers,2,18,Zara,FAS-ZAR-00096,5496.24,3800.34,15,"Zara Sneakers designed for quality, durability and everyday use.",3.8,164,2021-03-29,True
97,Oxford Classic Story Book,4,19,Oxford,BOO-OXF-00097,408.59,340.71,5,"Oxford Story Book designed for quality, durability and everyday use.",4.6,278,2019-07-05,True
98,Oxford Elite Biography,4,19,Oxford,BOO-OXF-00098,1236.58,949.67,25,"Oxford Biography designed for quality, durability and everyday use.",4.4,26,2026-06-14,True
99,Oxford Max Novel,4,19,Oxford,BOO-OXF-00099,551.95,377.21,5,"Oxford Novel designed for quality, durability and everyday use.",4.7,159,2025-01-22,True
100,Oxford Elite Novel,4,19,Oxford,BOO-OXF-00100,660.38,555.02,30,"Oxford Novel designed for quality, durability and everyday use.",4.1,817,2018-08-06,True
101,Penguin Max Novel,4,19,Penguin,BOO-PEN-00101,600.6,353.02,10,"Penguin Novel designed for quality, durability and everyday use.",5.0,190,2024-02-29,True
102,Aashirvaad Plus Atta,8,20,Aashirvaad,GRO-AAS-00102,55.53,44.84,0,"Aashirvaad Atta designed for quality, durability and everyday use.",4.9,232,2020-12-23,True
103,Tata Premium Atta,8,20,Tata,GRO-TAT-00103,748.57,588.77,15,"Tata Atta designed for quality, durability and everyday use.",5.0,551,2020-09-16,True
104,Tata Advanced Tea,8,20,Tata,GRO-TAT-00104,1567.13,1103.21,0,"Tata Tea designed for quality, durability and everyday use.",4.6,397,2023-03-30,True
105,Amul Premium Milk Powder,8,20,Amul,GRO-AMU-00105,168.61,116.96,10,"Amul Milk Powder designed for quality, durability and everyday use.",4.4,38,2025-06-27,True
106,Aashirvaad Ultra Coffee,8,20,Aashirvaad,GRO-AAS-00106,178.08,112.64,15,"Aashirvaad Coffee designed for quality, durability and everyday use.",4.5,230,2022-12-22,True
107,Nestle Classic Tea,8,20,Nestle,GRO-NES-00107,1596.54,932.9,15,"Nestle Tea designed for quality, durability and everyday use.",4.0,150,2024-03-16,True
108,Fortune Max Tea,8,20,Fortune,GRO-FOR-00108,1663.47,1113.89,15,"Fortune Tea designed for quality, durability and everyday use.",4.8,483,2021-06-06,True
109,Asus Classic Smartphone,1,21,Asus,ELE-ASU-00109,125102.24,72305.22,0,"Asus Smartphone designed for quality, durability and everyday use.",4.3,3,2026-02-13,True
110,Sony Elite Smartphone,1,21,Sony,ELE-SON-00110,54332.52,40727.77,20,"Sony Smartphone designed for quality, durability and everyday use.",4.0,193,2024-08-12,True
111,Apple Ultra Smart Watch,1,21,Apple,ELE-APP-00111,99196.97,61231.66,0,"Apple Smart Watch designed for quality, durability and everyday use.",4.1,186,2024-07-24,True
112,LG Plus Laptop,1,21,LG,ELE-LG-00112,139504.48,111441.51,5,"LG Laptop designed for quality, durability and everyday use.",4.9,275,2024-09-24,True
113,Samsung Ultra Tablet,1,21,Samsung,ELE-SAM-00113,85815.52,57516.59,0,"Samsung Tablet designed for quality, durability and everyday use.",4.4,360,2019-06-28,True
114,Asus Ultra Monitor,1,21,Asus,ELE-ASU-00114,56767.86,43511.36,20,"Asus Monitor designed for quality, durability and everyday use.",4.5,319,2018-02-23,True
115,Bosch Advanced Car Cover,10,22,Bosch,AUT-BOS-00115,33265.97,23143.09,10,"Bosch Car Cover designed for quality, durability and everyday use.",4.8,236,2023-08-22,True
116,3M Advanced Cleaning Kit,10,22,3M,AUT-3M-00116,26583.24,17080.42,5,"3M Cleaning Kit designed for quality, durability and everyday use.",3.6,468,2018-07-29,True
117,Castrol Pro Car Cover,10,22,Castrol,AUT-CAS-00117,16742.06,9246.96,20,"Castrol Car Cover designed for quality, durability and everyday use.",4.9,168,2024-04-16,True
118,3M Elite Engine Oil,10,22,3M,AUT-3M-00118,43157.34,24284.23,0,"3M Engine Oil designed for quality, durability and everyday use.",3.9,27,2026-03-25,True
119,Michelin Classic Car Cover,10,22,Michelin,AUT-MIC-00119,20549.1,17258.37,0,"Michelin Car Cover designed for quality, durability and everyday use.",3.8,42,2025-01-11,True
120,Yonex Elite Badminton Racket,6,23,Yonex,SPO-YON-00120,15956.9,10670.86,5,"Yonex Badminton Racket designed for quality, durability and everyday use.",4.7,198,2020-12-10,True
121,Nike Eco Badminton Racket,6,23,Nike,SPO-NIK-00121,6220.16,4869.57,5,"Nike Badminton Racket designed for quality, durability and everyday use.",3.7,180,2023-10-30,True
122,Puma Ultra Cricket Bat,6,23,Puma,SPO-PUM-00122,18270.77,14215.84,15,"Puma Cricket Bat designed for quality, durability and everyday use.",4.9,138,2025-10-08,True
123,Levis Plus Shirt,2,24,Levis,FAS-LEV-00123,5251.04,4442.17,5,"Levis Shirt designed for quality, durability and everyday use.",3.7,114,2022-06-19,True
124,Zara Pro Sneakers,2,24,Zara,FAS-ZAR-00124,4853.93,3182.15,0,"Zara Sneakers designed for quality, durability and everyday use.",4.6,433,2019-01-13,True
125,H&M Classic Hoodie,2,24,H&M,FAS-H&M-00125,5035.56,3535.57,10,"H&M Hoodie designed for quality, durability and everyday use.",4.5,290,2023-03-26,True
126,Allen Solly Smart Shirt,2,24,Allen Solly,FAS-ALL-00126,2775.76,1922.74,0,"Allen Solly Shirt designed for quality, durability and everyday use.",5.0,186,2021-12-04,True
127,Adidas Smart T-Shirt,2,24,Adidas,FAS-ADI-00127,5748.69,4870.84,10,"Adidas T-Shirt designed for quality, durability and everyday use.",4.5,139,2024-08-02,True
128,Puma Plus Shirt,2,24,Puma,FAS-PUM-00128,703.21,519.86,5,"Puma Shirt designed for quality, durability and everyday use.",4.7,92,2025-03-02,True
129,Allen Solly Ultra Hoodie,2,25,Allen Solly,FAS-ALL-00129,2866.89,2077.98,0,"Allen Solly Hoodie designed for quality, durability and everyday use.",4.7,53,2025-03-13,True
130,Nike Eco Sneakers,2,25,Nike,FAS-NIK-00130,3200.43,2520.33,20,"Nike Sneakers designed for quality, durability and everyday use.",4.4,43,2025-12-14,True
131,Levis Max Dress,2,25,Levis,FAS-LEV-00131,440.38,283.01,40,"Levis Dress designed for quality, durability and everyday use.",4.7,97,2024-01-29,False
132,Adidas Pro T-Shirt,2,25,Adidas,FAS-ADI-00132,6802.1,3947.55,20,"Adidas T-Shirt designed for quality, durability and everyday use.",4.1,398,2023-03-19,True
133,H&M Ultra Dress,2,25,H&M,FAS-H&M-00133,4898.8,2921.04,0,"H&M Dress designed for quality, durability and everyday use.",4.3,284,2023-12-06,True
134,Puma Smart Shirt,2,25,Puma,FAS-PUM-00134,7765.83,5693.74,20,"Puma Shirt designed for quality, durability and everyday use.",4.2,416,2021-05-04,True
135,H&M Smart Jacket,2,25,H&M,FAS-H&M-00135,3132.38,2612.84,50,"H&M Jacket designed for quality, durability and everyday use.",4.6,337,2022-02-21,True
136,Maybelline Ultra Moisturizer,5,26,Maybelline,BEA-MAY-00136,4384.06,2479.86,10,"Maybelline Moisturizer designed for quality, durability and everyday use.",4.7,51,2025-11-22,True
137,Maybelline Advanced Serum,5,26,Maybelline,BEA-MAY-00137,4540.74,2698.13,10,"Maybelline Serum designed for quality, durability and everyday use.",3.8,258,2022-07-12,True
138,Loreal Elite Face Wash,5,26,Loreal,BEA-LOR-00138,2584.73,1604.43,50,"Loreal Face Wash designed for quality, durability and everyday use.",4.7,891,2018-04-12,True
139,Maybelline Premium Shampoo,5,26,Maybelline,BEA-MAY-00139,1541.37,1231.44,15,"Maybelline Shampoo designed for quality, durability and everyday use.",4.9,21,2025-07-07,True
140,Lakme Smart Serum,5,26,Lakme,BEA-LAK-00140,4199.57,3001.19,15,"Lakme Serum designed for quality, durability and everyday use.",4.5,343,2021-08-13,True
141,Lakme Elite Shampoo,5,26,Lakme,BEA-LAK-00141,3248.92,2393.94,0,"Lakme Shampoo designed for quality, durability and everyday use.",4.1,1,2026-01-02,True
142,Mamaearth Ultra Shampoo,5,26,Mamaearth,BEA-MAM-00142,1562.67,860.2,5,"Mamaearth Shampoo designed for quality, durability and everyday use.",4.5,656,2020-06-24,False
143,Lakme Eco Moisturizer,5,26,Lakme,BEA-LAK-00143,2610.54,2209.82,10,"Lakme Moisturizer designed for quality, durability and everyday use.",4.7,115,2025-03-03,True
144,Prestige Smart Bottle,3,27,Prestige,HMK-PRE-00144,18457.06,13630.12,20,"Prestige Bottle designed for quality, durability and everyday use.",4.3,480,2020-03-31,True
145,Cello Advanced Cookware Set,3,27,Cello,HMK-CEL-00145,24530.07,17013.06,0,"Cello Cookware Set designed for quality, durability and everyday use.",4.9,29,2025-07-26,True
146,Funskool Max Puzzle,7,28,Funskool,TOY-FUN-00146,4680.18,3297.73,50,"Funskool Puzzle designed for quality, durability and everyday use.",4.5,392,2021-01-26,True
147,Lego Pro Building Blocks,7,28,Lego,TOY-LEG-00147,797.48,526.66,25,"Lego Building Blocks designed for quality, durability and everyday use.",4.3,106,2025-03-02,False
148,Ensure Eco Hand Sanitizer,9,29,Ensure,HEA-ENS-00148,1406.93,808.68,10,"Ensure Hand Sanitizer designed for quality, durability and everyday use.",4.6,179,2024-01-05,True
149,Himalaya Max Protein Powder,9,29,Himalaya,HEA-HIM-00149,3338.5,2143.15,15,"Himalaya Protein Powder designed for quality, durability and everyday use.",4.7,154,2024-12-20,True
150,Horlicks Pro First Aid Kit,9,29,Horlicks,HEA-HOR-00150,3233.4,2546.12,0,"Horlicks First Aid Kit designed for quality, durability and everyday use.",4.4,60,2025-11-16,True
151,Dabur Premium First Aid Kit,9,29,Dabur,HEA-DAB-00151,718.53,446.06,15,"Dabur First Aid Kit designed for quality, durability and everyday use.",4.7,369,2023-03-08,True
152,Ensure Max Hand Sanitizer,9,29,Ensure,HEA-ENS-00152,2275.3,1303.9,0,"Ensure Hand Sanitizer designed for quality, durability and everyday use.",4.7,355,2021-07-24,True
153,Funskool Eco Doll,7,30,Funskool,TOY-FUN-00153,2057.54,1478.35,5,"Funskool Doll designed for quality, durability and everyday use.",4.8,18,2026-06-07,True
154,Barbie Classic Toy Car,7,30,Barbie,TOY-BAR-00154,851.5,487.24,0,"Barbie Toy Car designed for quality, durability and everyday use.",4.3,210,2024-10-16,True
155,Cosco Pro Yoga Mat,6,31,Cosco,SPO-COS-00155,25615.18,19558.28,30,"Cosco Yoga Mat designed for quality, durability and everyday use.",4.4,77,2025-11-07,True
156,Adidas Smart Cricket Bat,6,31,Adidas,SPO-ADI-00156,23816.01,13286.6,10,"Adidas Cricket Bat designed for quality, durability and everyday use.",4.7,8,2026-02-03,True
157,Nike Pro Football,6,31,Nike,SPO-NIK-00157,12245.72,9368.96,10,"Nike Football designed for quality, durability and everyday use.",4.7,4,2026-03-23,True
158,Himalaya Advanced First Aid Kit,9,32,Himalaya,HEA-HIM-00158,3432.53,2242.66,25,"Himalaya First Aid Kit designed for quality, durability and everyday use.",4.2,236,2024-01-08,True
159,Ensure Classic Protein Powder,9,32,Ensure,HEA-ENS-00159,2638.7,1692.03,0,"Ensure Protein Powder designed for quality, durability and everyday use.",3.8,225,2022-11-28,True
160,Horlicks Eco Vitamin Tablets,9,32,Horlicks,HEA-HOR-00160,1444.81,1065.56,15,"Horlicks Vitamin Tablets designed for quality, durability and everyday use.",5.0,37,2026-04-27,True
161,Dettol Plus Hand Sanitizer,9,32,Dettol,HEA-DET-00161,301.85,244.24,0,"Dettol Hand Sanitizer designed for quality, durability and everyday use.",3.8,206,2024-06-26,True
162,GoMechanic Advanced Engine Oil,10,33,GoMechanic,AUT-GOM-00162,44505.35,31762.28,15,"GoMechanic Engine Oil designed for quality, durability and everyday use.",4.8,232,2022-04-11,True
163,Bosch Advanced Helmet,10,33,Bosch,AUT-BOS-00163,21073.28,14526.5,5,"Bosch Helmet designed for quality, durability and everyday use.",4.9,227,2024-10-15,False
164,3M Ultra Tyre Inflator,10,33,3M,AUT-3M-00164,38152.92,26878.5,0,"3M Tyre Inflator designed for quality, durability and everyday use.",4.8,206,2022-07-09,True
165,Bosch Elite Car Cover,10,33,Bosch,AUT-BOS-00165,43276.11,29230.43,40,"Bosch Car Cover designed for quality, durability and everyday use.",3.9,46,2026-03-29,True
166,Castrol Eco Tyre Inflator,10,33,Castrol,AUT-CAS-00166,23607.35,19209.84,10,"Castrol Tyre Inflator designed for quality, durability and everyday use.",5.0,81,2025-07-25,True
167,Lego Advanced Building Blocks,7,34,Lego,TOY-LEG-00167,3068.09,2463.23,15,"Lego Building Blocks designed for quality, durability and everyday use.",4.8,601,2018-04-21,True
168,Hot Wheels Elite Building Blocks,7,34,Hot Wheels,TOY-HOT-00168,1956.5,1311.2,10,"Hot Wheels Building Blocks designed for quality, durability and everyday use.",4.9,257,2023-05-31,True
169,Nerf Plus Building Blocks,7,34,Nerf,TOY-NER-00169,3465.91,2029.79,40,"Nerf Building Blocks designed for quality, durability and everyday use.",4.7,182,2024-11-25,True
170,Funskool Plus Toy Car,7,34,Funskool,TOY-FUN-00170,2643.79,1850.71,0,"Funskool Toy Car designed for quality, durability and everyday use.",4.9,345,2022-08-28,True
171,Nerf Ultra Board Game,7,34,Nerf,TOY-NER-00171,1774.24,1302.15,0,"Nerf Board Game designed for quality, durability and everyday use.",3.5,191,2024-09-04,True
172,Dettol Plus First Aid Kit,9,35,Dettol,HEA-DET-00172,1568.97,1246.9,5,"Dettol First Aid Kit designed for quality, durability and everyday use.",4.4,19,2026-04-10,True
173,Himalaya Pro First Aid Kit,9,35,Himalaya,HEA-HIM-00173,4838.65,3797.72,20,"Himalaya First Aid Kit designed for quality, durability and everyday use.",4.5,30,2026-04-10,True
174,Dettol Ultra First Aid Kit,9,35,Dettol,HEA-DET-00174,4126.14,2569.18,10,"Dettol First Aid Kit designed for quality, durability and everyday use.",4.3,240,2022-06-22,True
175,Ensure Elite Vitamin Tablets,9,35,Ensure,HEA-ENS-00175,2558.92,1876.82,10,"Ensure Vitamin Tablets designed for quality, durability and everyday use.",4.1,325,2023-10-10,True
176,Horlicks Eco First Aid Kit,9,35,Horlicks,HEA-HOR-00176,1946.44,1629.18,10,"Horlicks First Aid Kit designed for quality, durability and everyday use.",4.5,196,2024-06-25,True
177,Dabur Eco Hand Sanitizer,9,35,Dabur,HEA-DAB-00177,1562.65,1300.82,50,"Dabur Hand Sanitizer designed for quality, durability and everyday use.",4.2,101,2025-09-28,True
178,Minimalist Pro Serum,5,36,Minimalist,BEA-MIN-00178,741.09,558.03,5,"Minimalist Serum designed for quality, durability and everyday use.",3.6,208,2023-10-27,True
179,Minimalist Max Face Wash,5,36,Minimalist,BEA-MIN-00179,4631.45,3458.73,20,"Minimalist Face Wash designed for quality, durability and everyday use.",4.9,278,2024-07-09,True
180,Nivea Classic Shampoo,5,36,Nivea,BEA-NIV-00180,3136.03,2276.91,5,"Nivea Shampoo designed for quality, durability and everyday use.",4.4,53,2024-04-21,True
181,Nivea Advanced Sunscreen,5,36,Nivea,BEA-NIV-00181,637.64,498.14,0,"Nivea Sunscreen designed for quality, durability and everyday use.",4.5,141,2025-04-13,True
182,Maybelline Max Serum,5,36,Maybelline,BEA-MAY-00182,1534.26,871.07,20,"Maybelline Serum designed for quality, durability and everyday use.",4.4,299,2020-03-17,True
183,Bosch Advanced Tyre Inflator,10,37,Bosch,AUT-BOS-00183,9722.43,7531.98,25,"Bosch Tyre Inflator designed for quality, durability and everyday use.",4.8,741,2018-11-02,True
184,3M Advanced Car Cover,10,37,3M,AUT-3M-00184,49460.42,35264.79,10,"3M Car Cover designed for quality, durability and everyday use.",3.8,89,2025-08-16,True
185,Bosch Ultra Car Cover,10,37,Bosch,AUT-BOS-00185,36690.4,27315.47,15,"Bosch Car Cover designed for quality, durability and everyday use.",5.0,297,2021-08-27,True
186,Michelin Eco Tyre Inflator,10,37,Michelin,AUT-MIC-00186,16732.37,11214.87,0,"Michelin Tyre Inflator designed for quality, durability and everyday use.",3.6,41,2024-05-23,True
187,Castrol Pro Tyre Inflator,10,37,Castrol,AUT-CAS-00187,47724.72,30571.68,15,"Castrol Tyre Inflator designed for quality, durability and everyday use.",5.0,55,2024-04-28,True
188,Michelin Ultra Car Cover,10,37,Michelin,AUT-MIC-00188,20568.12,14413.24,25,"Michelin Car Cover designed for quality, durability and everyday use.",4.3,422,2020-08-28,True
189,Funskool Ultra Doll,7,38,Funskool,TOY-FUN-00189,2383.9,2018.33,5,"Funskool Doll designed for quality, durability and everyday use.",4.3,42,2026-01-05,True
190,Funskool Classic Board Game,7,38,Funskool,TOY-FUN-00190,2722.43,1928.71,5,"Funskool Board Game designed for quality, durability and everyday use.",3.9,183,2022-11-01,True
191,Funskool Max Toy Car,7,38,Funskool,TOY-FUN-00191,4301.53,2936.02,15,"Funskool Toy Car designed for quality, durability and everyday use.",4.3,134,2025-11-11,True
192,Barbie Eco Toy Car,7,38,Barbie,TOY-BAR-00192,2194.04,1577.9,10,"Barbie Toy Car designed for quality, durability and everyday use.",4.4,525,2020-02-14,True
193,Philips Classic Induction Cooktop,3,39,Philips,HMK-PHI-00193,1609.6,1051.65,0,"Philips Induction Cooktop designed for quality, durability and everyday use.",3.5,301,2023-05-22,True
194,Pigeon Ultra Cookware Set,3,39,Pigeon,HMK-PIG-00194,19262.78,16248.15,15,"Pigeon Cookware Set designed for quality, durability and everyday use.",4.7,134,2025-02-22,True
195,Michelin Eco Engine Oil,10,40,Michelin,AUT-MIC-00195,7083.0,5723.67,0,"Michelin Engine Oil designed for quality, durability and everyday use.",3.5,174,2023-09-18,True
196,Bosch Advanced Car Cover,10,40,Bosch,AUT-BOS-00196,33838.24,24137.95,10,"Bosch Car Cover designed for quality, durability and everyday use.",4.1,258,2021-12-09,True
197,Bosch Elite Engine Oil,10,40,Bosch,AUT-BOS-00197,30938.7,25706.08,25,"Bosch Engine Oil designed for quality, durability and everyday use.",4.8,174,2019-09-01,True
198,Bosch Premium Helmet,10,40,Bosch,AUT-BOS-00198,20412.13,12661.68,5,"Bosch Helmet designed for quality, durability and everyday use.",4.0,436,2019-05-31,True
199,GoMechanic Plus Car Cover,10,40,GoMechanic,AUT-GOM-00199,30096.92,22625.65,5,"GoMechanic Car Cover designed for quality, durability and everyday use.",4.8,193,2022-12-03,True
200,3M Eco Engine Oil,10,40,3M,AUT-3M-00200,47451.75,38621.65,30,"3M Engine Oil designed for quality, durability and everyday use.",4.4,32,2025-10-12,False
201,Michelin Max Cleaning Kit,10,40,Michelin,AUT-MIC-00201,34967.27,23514.71,5,"Michelin Cleaning Kit designed for quality, durability and everyday use.",4.9,257,2024-05-08,True
202,Maybelline Premium Lipstick,5,41,Maybelline,BEA-MAY-00202,2877.57,2418.13,10,"Maybelline Lipstick designed for quality, durability and everyday use.",4.9,438,2021-02-20,True
203,Loreal Classic Serum,5,41,Loreal,BEA-LOR-00203,2747.83,2195.03,0,"Loreal Serum designed for quality, durability and everyday use.",4.7,97,2023-03-22,True
204,Mamaearth Eco Sunscreen,5,41,Mamaearth,BEA-MAM-00204,1202.53,736.75,30,"Mamaearth Sunscreen designed for quality, durability and everyday use.",4.8,279,2024-03-09,True
205,Minimalist Advanced Face Wash,5,41,Minimalist,BEA-MIN-00205,4585.04,3478.61,15,"Minimalist Face Wash designed for quality, durability and everyday use.",4.7,389,2021-10-20,True
206,Mamaearth Max Sunscreen,5,41,Mamaearth,BEA-MAM-00206,1645.85,1082.79,25,"Mamaearth Sunscreen designed for quality, durability and everyday use.",4.6,101,2025-08-19,True
207,Nivea Elite Serum,5,41,Nivea,BEA-NIV-00207,371.72,300.81,20,"Nivea Serum designed for quality, durability and everyday use.",5.0,37,2026-04-11,True
208,Nivea Smart Shampoo,5,41,Nivea,BEA-NIV-00208,1749.85,1161.82,25,"Nivea Shampoo designed for quality, durability and everyday use.",4.6,105,2024-11-22,True
209,Minimalist Advanced Sunscreen,5,42,Minimalist,BEA-MIN-00209,2385.02,1836.06,5,"Minimalist Sunscreen designed for quality, durability and everyday use.",4.9,274,2024-01-12,True
210,Minimalist Eco Face Wash,5,42,Minimalist,BEA-MIN-00210,314.05,252.5,30,"Minimalist Face Wash designed for quality, durability and everyday use.",4.4,55,2025-04-24,True
211,Maybelline Ultra Face Wash,5,42,Maybelline,BEA-MAY-00211,194.34,136.37,5,"Maybelline Face Wash designed for quality, durability and everyday use.",4.4,30,2026-06-16,True
212,Lakme Eco Face Wash,5,42,Lakme,BEA-LAK-00212,2825.47,1564.05,10,"Lakme Face Wash designed for quality, durability and everyday use.",4.8,317,2023-02-05,True
213,Minimalist Ultra Lipstick,5,42,Minimalist,BEA-MIN-00213,669.03,387.3,0,"Minimalist Lipstick designed for quality, durability and everyday use.",4.9,108,2024-12-26,True
214,Barbie Plus Doll,7,43,Barbie,TOY-BAR-00214,1367.4,1038.09,5,"Barbie Doll designed for quality, durability and everyday use.",4.1,172,2019-10-28,True
215,Barbie Eco Doll,7,43,Barbie,TOY-BAR-00215,2484.82,1841.31,15,"Barbie Doll designed for quality, durability and everyday use.",5.0,184,2024-11-09,False
216,Lego Premium Board Game,7,43,Lego,TOY-LEG-00216,1302.88,1068.86,15,"Lego Board Game designed for quality, durability and everyday use.",4.5,407,2020-06-01,True
217,Lakme Max Shampoo,5,44,Lakme,BEA-LAK-00217,225.94,138.31,0,"Lakme Shampoo designed for quality, durability and everyday use.",4.1,213,2023-06-07,True
218,Maybelline Elite Moisturizer,5,44,Maybelline,BEA-MAY-00218,3433.62,2445.32,5,"Maybelline Moisturizer designed for quality, durability and everyday use.",4.3,316,2023-06-10,True
219,Nivea Classic Face Wash,5,44,Nivea,BEA-NIV-00219,2269.88,1819.54,5,"Nivea Face Wash designed for quality, durability and everyday use.",4.2,103,2025-03-23,True
220,Nivea Advanced Lipstick,5,44,Nivea,BEA-NIV-00220,1256.47,899.52,5,"Nivea Lipstick designed for quality, durability and everyday use.",4.9,41,2025-02-17,True
221,Nivea Classic Shampoo,5,44,Nivea,BEA-NIV-00221,547.88,326.68,15,"Nivea Shampoo designed for quality, durability and everyday use.",4.4,132,2024-10-10,True
222,Aashirvaad Max Tea,8,45,Aashirvaad,GRO-AAS-00222,1534.63,891.11,0,"Aashirvaad Tea designed for quality, durability and everyday use.",4.6,124,2025-11-15,True
223,Tata Eco Oil,8,45,Tata,GRO-TAT-00223,231.48,168.84,5,"Tata Oil designed for quality, durability and everyday use.",4.7,478,2022-03-05,True
224,Adidas Eco Dress,2,46,Adidas,FAS-ADI-00224,1605.79,1066.6,0,"Adidas Dress designed for quality, durability and everyday use.",4.8,145,2023-05-10,True
225,Levis Advanced Sneakers,2,46,Levis,FAS-LEV-00225,6326.53,4164.99,30,"Levis Sneakers designed for quality, durability and everyday use.",4.3,12,2026-06-16,True
226,Adidas Premium Sneakers,2,46,Adidas,FAS-ADI-00226,7605.94,4941.31,15,"Adidas Sneakers designed for quality, durability and everyday use.",4.2,540,2021-11-16,True
227,H&M Plus Shirt,2,46,H&M,FAS-H&M-00227,1348.16,871.18,30,"H&M Shirt designed for quality, durability and everyday use.",4.9,243,2022-03-26,True
228,Zara Advanced Shirt,2,46,Zara,FAS-ZAR-00228,7751.78,6081.99,5,"Zara Shirt designed for quality, durability and everyday use.",4.8,49,2025-01-17,True
229,Adidas Eco Dress,2,46,Adidas,FAS-ADI-00229,1685.44,1315.12,0,"Adidas Dress designed for quality, durability and everyday use.",4.3,152,2024-03-05,True
230,H&M Classic Shirt,2,46,H&M,FAS-H&M-00230,6606.03,5210.16,10,"H&M Shirt designed for quality, durability and everyday use.",4.6,104,2024-05-10,True
231,Barbie Advanced Puzzle,7,47,Barbie,TOY-BAR-00231,4955.36,3437.88,10,"Barbie Puzzle designed for quality, durability and everyday use.",4.6,159,2025-05-06,True
232,Hot Wheels Plus Board Game,7,47,Hot Wheels,TOY-HOT-00232,3263.27,1877.99,20,"Hot Wheels Board Game designed for quality, durability and everyday use.",4.4,2,2026-06-08,True
233,Barbie Elite Building Blocks,7,47,Barbie,TOY-BAR-00233,708.53,410.65,5,"Barbie Building Blocks designed for quality, durability and everyday use.",4.3,14,2026-03-24,True
234,Barbie Plus Doll,7,47,Barbie,TOY-BAR-00234,3514.1,2091.67,50,"Barbie Doll designed for quality, durability and everyday use.",4.6,238,2020-06-24,True
235,Funskool Pro Building Blocks,7,47,Funskool,TOY-FUN-00235,1846.72,1450.19,10,"Funskool Building Blocks designed for quality, durability and everyday use.",4.7,603,2019-12-15,True
236,Hot Wheels Classic Puzzle,7,47,Hot Wheels,TOY-HOT-00236,308.41,201.37,0,"Hot Wheels Puzzle designed for quality, durability and everyday use.",4.2,172,2024-05-14,True
237,Pearson Advanced Story Book,4,48,Pearson,BOO-PEA-00237,578.93,388.76,0,"Pearson Story Book designed for quality, durability and everyday use.",4.4,374,2023-03-01,True
238,McGraw Hill Elite Biography,4,48,McGraw Hill,BOO-MCG-00238,869.35,661.94,5,"McGraw Hill Biography designed for quality, durability and everyday use.",4.3,355,2023-05-09,True
239,Pearson Max Dictionary,4,48,Pearson,BOO-PEA-00239,753.07,517.56,5,"Pearson Dictionary designed for quality, durability and everyday use.",4.0,192,2024-10-03,True
240,McGraw Hill Classic Biography,4,48,McGraw Hill,BOO-MCG-00240,793.66,637.83,15,"McGraw Hill Biography designed for quality, durability and everyday use.",4.1,275,2024-09-01,True
241,Castrol Classic Car Cover,10,49,Castrol,AUT-CAS-00241,12309.35,7202.01,5,"Castrol Car Cover designed for quality, durability and everyday use.",4.9,8,2026-05-06,True
242,Michelin Advanced Helmet,10,49,Michelin,AUT-MIC-00242,31957.33,24224.61,15,"Michelin Helmet designed for quality, durability and everyday use.",3.5,93,2025-09-29,True
243,3M Plus Tyre Inflator,10,49,3M,AUT-3M-00243,3153.76,2074.27,0,"3M Tyre Inflator designed for quality, durability and everyday use.",4.9,32,2026-02-24,True
244,Michelin Advanced Tyre Inflator,10,50,Michelin,AUT-MIC-00244,24690.63,14192.2,0,"Michelin Tyre Inflator designed for quality, durability and everyday use.",4.2,330,2021-07-16,True
245,Castrol Plus Tyre Inflator,10,50,Castrol,AUT-CAS-00245,37254.65,29050.28,10,"Castrol Tyre Inflator designed for quality, durability and everyday use.",4.9,357,2022-01-21,True
246,Bosch Eco Tyre Inflator,10,50,Bosch,AUT-BOS-00246,11317.83,7668.36,20,"Bosch Tyre Inflator designed for quality, durability and everyday use.",4.4,580,2020-03-07,True
247,Bosch Classic Tyre Inflator,10,50,Bosch,AUT-BOS-00247,38893.77,24156.29,20,"Bosch Tyre Inflator designed for quality, durability and everyday use.",4.5,40,2026-06-03,True
248,GoMechanic Smart Helmet,10,50,GoMechanic,AUT-GOM-00248,40769.73,32274.63,10,"GoMechanic Helmet designed for quality, durability and everyday use.",4.5,225,2023-12-11,False
249,Cosco Eco Yoga Mat,6,51,Cosco,SPO-COS-00249,29571.9,22291.0,0,"Cosco Yoga Mat designed for quality, durability and everyday use.",3.7,201,2023-05-02,True
250,Adidas Smart Cricket Bat,6,51,Adidas,SPO-ADI-00250,4814.18,3112.99,5,"Adidas Cricket Bat designed for quality, durability and everyday use.",4.1,355,2023-10-19,True
251,SG Elite Dumbbells,6,51,SG,SPO-SG-00251,13833.76,10238.2,25,"SG Dumbbells designed for quality, durability and everyday use.",5.0,217,2024-07-23,True
252,Puma Advanced Dumbbells,6,51,Puma,SPO-PUM-00252,10155.03,5592.8,20,"Puma Dumbbells designed for quality, durability and everyday use.",4.3,111,2025-07-27,True
253,Michelin Elite Helmet,10,52,Michelin,AUT-MIC-00253,41329.96,28865.44,5,"Michelin Helmet designed for quality, durability and everyday use.",4.8,349,2023-09-25,True
254,3M Premium Engine Oil,10,52,3M,AUT-3M-00254,5428.95,4262.63,10,"3M Engine Oil designed for quality, durability and everyday use.",4.9,136,2025-06-22,True
255,Michelin Ultra Helmet,10,52,Michelin,AUT-MIC-00255,44166.31,28291.16,25,"Michelin Helmet designed for quality, durability and everyday use.",4.0,396,2019-01-05,True
256,Castrol Elite Engine Oil,10,52,Castrol,AUT-CAS-00256,31467.41,24160.57,20,"Castrol Engine Oil designed for quality, durability and everyday use.",4.6,161,2018-04-08,True
257,Bosch Plus Helmet,10,52,Bosch,AUT-BOS-00257,11696.45,8819.06,0,"Bosch Helmet designed for quality, durability and everyday use.",4.3,53,2025-05-14,True
258,Castrol Classic Tyre Inflator,10,52,Castrol,AUT-CAS-00258,36672.79,21296.92,5,"Castrol Tyre Inflator designed for quality, durability and everyday use.",4.0,266,2020-09-29,True
259,Nestle Ultra Milk Powder,8,53,Nestle,GRO-NES-00259,908.19,696.34,15,"Nestle Milk Powder designed for quality, durability and everyday use.",4.9,75,2025-06-25,True
260,Tata Classic Atta,8,53,Tata,GRO-TAT-00260,1199.67,798.03,40,"Tata Atta designed for quality, durability and everyday use.",4.8,186,2021-07-21,True
261,Nestle Plus Coffee,8,53,Nestle,GRO-NES-00261,605.6,504.09,0,"Nestle Coffee designed for quality, durability and everyday use.",4.1,172,2024-02-25,True
262,Fortune Elite Milk Powder,8,53,Fortune,GRO-FOR-00262,626.31,354.72,25,"Fortune Milk Powder designed for quality, durability and everyday use.",3.8,183,2023-08-19,True
263,Nestle Eco Rice,8,53,Nestle,GRO-NES-00263,1783.01,987.11,5,"Nestle Rice designed for quality, durability and everyday use.",4.8,26,2026-03-10,True
264,Ensure Premium Protein Powder,9,54,Ensure,HEA-ENS-00264,2978.08,1650.27,5,"Ensure Protein Powder designed for quality, durability and everyday use.",3.9,149,2025-03-26,True
265,Dettol Elite First Aid Kit,9,54,Dettol,HEA-DET-00265,3538.87,2033.89,10,"Dettol First Aid Kit designed for quality, durability and everyday use.",4.4,180,2021-09-26,True
266,Dabur Eco Vitamin Tablets,9,54,Dabur,HEA-DAB-00266,1701.08,1234.87,20,"Dabur Vitamin Tablets designed for quality, durability and everyday use.",4.4,218,2024-09-27,True
267,Dabur Smart Protein Powder,9,54,Dabur,HEA-DAB-00267,522.44,355.44,10,"Dabur Protein Powder designed for quality, durability and everyday use.",4.5,242,2020-12-25,True
268,Dabur Ultra Protein Powder,9,54,Dabur,HEA-DAB-00268,2532.42,1656.23,10,"Dabur Protein Powder designed for quality, durability and everyday use.",4.1,144,2022-01-31,True
269,Horlicks Premium Protein Powder,9,54,Horlicks,HEA-HOR-00269,1741.55,1182.16,10,"Horlicks Protein Powder designed for quality, durability and everyday use.",4.8,314,2023-06-07,True
270,Loreal Ultra Moisturizer,5,55,Loreal,BEA-LOR-00270,1933.29,1211.27,0,"Loreal Moisturizer designed for quality, durability and everyday use.",4.5,229,2024-04-12,True
271,Lakme Smart Face Wash,5,55,Lakme,BEA-LAK-00271,373.01,245.89,30,"Lakme Face Wash designed for quality, durability and everyday use.",4.9,343,2023-03-14,True
272,Minimalist Elite Sunscreen,5,55,Minimalist,BEA-MIN-00272,1238.9,773.67,30,"Minimalist Sunscreen designed for quality, durability and everyday use.",4.8,23,2026-03-16,True
273,Minimalist Ultra Face Wash,5,55,Minimalist,BEA-MIN-00273,1232.45,868.55,0,"Minimalist Face Wash designed for quality, durability and everyday use.",4.7,238,2024-08-01,True
274,Nivea Eco Face Wash,5,55,Nivea,BEA-NIV-00274,2365.22,1562.64,5,"Nivea Face Wash designed for quality, durability and everyday use.",4.2,158,2024-05-11,True
275,Maybelline Eco Sunscreen,5,56,Maybelline,BEA-MAY-00275,3838.34,2393.35,0,"Maybelline Sunscreen designed for quality, durability and everyday use.",4.7,109,2021-12-10,True
276,Lakme Elite Sunscreen,5,56,Lakme,BEA-LAK-00276,4267.68,3278.28,0,"Lakme Sunscreen designed for quality, durability and everyday use.",4.5,110,2022-10-04,False
277,Maybelline Pro Sunscreen,5,56,Maybelline,BEA-MAY-00277,601.18,496.8,25,"Maybelline Sunscreen designed for quality, durability and everyday use.",4.6,137,2025-02-01,False
278,Lakme Classic Moisturizer,5,56,Lakme,BEA-LAK-00278,2601.32,1928.01,5,"Lakme Moisturizer designed for quality, durability and everyday use.",4.5,273,2019-11-10,True
279,Nivea Elite Serum,5,56,Nivea,BEA-NIV-00279,3548.52,2734.51,5,"Nivea Serum designed for quality, durability and everyday use.",4.8,299,2018-07-27,True
280,Mamaearth Ultra Face Wash,5,56,Mamaearth,BEA-MAM-00280,662.44,453.69,5,"Mamaearth Face Wash designed for quality, durability and everyday use.",4.9,155,2024-03-01,True
281,Nivea Classic Face Wash,5,56,Nivea,BEA-NIV-00281,914.43,691.14,20,"Nivea Face Wash designed for quality, durability and everyday use.",4.3,311,2018-12-02,True
282,Maybelline Elite Serum,5,56,Maybelline,BEA-MAY-00282,2640.28,1988.54,5,"Maybelline Serum designed for quality, durability and everyday use.",3.5,603,2019-02-19,True
283,Bosch Classic Tyre Inflator,10,57,Bosch,AUT-BOS-00283,40292.89,23850.89,0,"Bosch Tyre Inflator designed for quality, durability and everyday use.",4.1,161,2023-09-25,True
284,3M Plus Engine Oil,10,57,3M,AUT-3M-00284,29512.88,24354.87,0,"3M Engine Oil designed for quality, durability and everyday use.",3.5,494,2022-06-27,True
285,3M Premium Engine Oil,10,57,3M,AUT-3M-00285,47142.89,26644.75,30,"3M Engine Oil designed for quality, durability and everyday use.",4.6,27,2025-10-13,True
286,Michelin Max Helmet,10,57,Michelin,AUT-MIC-00286,11128.45,6745.46,5,"Michelin Helmet designed for quality, durability and everyday use.",4.0,771,2019-09-27,True
287,3M Elite Tyre Inflator,10,57,3M,AUT-3M-00287,44197.54,30660.24,0,"3M Tyre Inflator designed for quality, durability and everyday use.",4.7,83,2025-12-12,True
288,Lakme Max Lipstick,5,58,Lakme,BEA-LAK-00288,2476.47,1942.62,5,"Lakme Lipstick designed for quality, durability and everyday use.",4.5,284,2021-07-07,True
289,Mamaearth Premium Shampoo,5,58,Mamaearth,BEA-MAM-00289,4494.46,3521.69,0,"Mamaearth Shampoo designed for quality, durability and everyday use.",3.5,14,2026-04-11,False
290,Lakme Smart Shampoo,5,58,Lakme,BEA-LAK-00290,1442.66,1146.75,30,"Lakme Shampoo designed for quality, durability and everyday use.",5.0,187,2024-03-25,True
291,Loreal Ultra Serum,5,58,Loreal,BEA-LOR-00291,1004.09,730.73,20,"Loreal Serum designed for quality, durability and everyday use.",4.3,240,2023-02-27,True
292,Mamaearth Plus Shampoo,5,58,Mamaearth,BEA-MAM-00292,4749.59,3804.46,20,"Mamaearth Shampoo designed for quality, durability and everyday use.",3.7,311,2023-12-26,True
293,Lakme Plus Shampoo,5,58,Lakme,BEA-LAK-00293,1211.22,857.46,0,"Lakme Shampoo designed for quality, durability and everyday use.",3.9,468,2020-09-24,True
294,Aashirvaad Premium Rice,8,59,Aashirvaad,GRO-AAS-00294,338.04,257.39,0,"Aashirvaad Rice designed for quality, durability and everyday use.",4.9,38,2025-01-17,True
295,Amul Classic Coffee,8,59,Amul,GRO-AMU-00295,706.29,456.81,40,"Amul Coffee designed for quality, durability and everyday use.",4.3,101,2025-09-24,True
296,Nestle Plus Milk Powder,8,59,Nestle,GRO-NES-00296,1584.63,977.67,15,"Nestle Milk Powder designed for quality, durability and everyday use.",4.9,230,2021-08-26,True
297,Tata Plus Milk Powder,8,59,Tata,GRO-TAT-00297,813.62,690.18,40,"Tata Milk Powder designed for quality, durability and everyday use.",5.0,14,2026-06-06,True
298,Tata Ultra Tea,8,59,Tata,GRO-TAT-00298,695.78,398.92,5,"Tata Tea designed for quality, durability and everyday use.",4.8,403,2023-07-01,True
299,Aashirvaad Premium Tea,8,59,Aashirvaad,GRO-AAS-00299,567.16,354.4,0,"Aashirvaad Tea designed for quality, durability and everyday use.",4.8,169,2020-01-03,True
300,Amul Elite Atta,8,59,Amul,GRO-AMU-00300,1011.51,671.25,10,"Amul Atta designed for quality, durability and everyday use.",5.0,41,2026-03-29,True
301,Pigeon Premium Mixer,3,60,Pigeon,HMK-PIG-00301,7725.26,4987.54,40,"Pigeon Mixer designed for quality, durability and everyday use.",5.0,162,2022-02-07,True
302,Borosil Max Mixer,3,60,Borosil,HMK-BOR-00302,15053.75,11050.86,10,"Borosil Mixer designed for quality, durability and everyday use.",5.0,370,2023-12-04,True
303,Philips Classic Mixer,3,60,Philips,HMK-PHI-00303,8611.82,7253.9,10,"Philips Mixer designed for quality, durability and everyday use.",4.5,16,2026-01-11,True
304,Milton Classic Cookware Set,3,60,Milton,HMK-MIL-00304,1716.07,1238.2,25,"Milton Cookware Set designed for quality, durability and everyday use.",4.9,42,2025-05-25,True
305,Nestle Smart Tea,8,61,Nestle,GRO-NES-00305,239.12,146.36,15,"Nestle Tea designed for quality, durability and everyday use.",3.7,217,2023-08-25,True
306,Amul Pro Tea,8,61,Amul,GRO-AMU-00306,227.72,162.42,0,"Amul Tea designed for quality, durability and everyday use.",4.0,31,2025-07-01,True
307,Amul Smart Oil,8,61,Amul,GRO-AMU-00307,1682.3,1210.03,0,"Amul Oil designed for quality, durability and everyday use.",4.3,492,2019-11-16,True
308,Amul Smart Coffee,8,61,Amul,GRO-AMU-00308,1129.52,906.15,20,"Amul Coffee designed for quality, durability and everyday use.",4.7,166,2025-08-30,True
309,Amul Classic Oil,8,61,Amul,GRO-AMU-00309,819.87,660.96,0,"Amul Oil designed for quality, durability and everyday use.",4.5,43,2026-03-16,False
310,Fortune Advanced Rice,8,61,Fortune,GRO-FOR-00310,387.11,327.23,40,"Fortune Rice designed for quality, durability and everyday use.",4.2,120,2022-05-17,False
311,H&M Ultra Shirt,2,62,H&M,FAS-H&M-00311,6722.63,4217.55,30,"H&M Shirt designed for quality, durability and everyday use.",3.9,709,2019-02-02,True
312,Puma Pro Hoodie,2,62,Puma,FAS-PUM-00312,4301.6,3549.46,0,"Puma Hoodie designed for quality, durability and everyday use.",4.3,48,2025-05-09,True
313,Adidas Plus Dress,2,62,Adidas,FAS-ADI-00313,4786.61,4018.12,0,"Adidas Dress designed for quality, durability and everyday use.",5.0,262,2024-08-08,True
314,Puma Pro Jacket,2,62,Puma,FAS-PUM-00314,3249.43,2260.55,15,"Puma Jacket designed for quality, durability and everyday use.",5.0,753,2020-10-21,True
315,Zara Premium Jacket,2,62,Zara,FAS-ZAR-00315,3347.6,2723.9,15,"Zara Jacket designed for quality, durability and everyday use.",5.0,269,2024-07-04,True
316,Nivea Pro Serum,5,63,Nivea,BEA-NIV-00316,4237.81,3421.91,15,"Nivea Serum designed for quality, durability and everyday use.",3.7,553,2021-09-07,True
317,Nivea Elite Serum,5,63,Nivea,BEA-NIV-00317,3084.15,1778.89,10,"Nivea Serum designed for quality, durability and everyday use.",3.9,152,2025-09-19,True
318,Lakme Ultra Moisturizer,5,63,Lakme,BEA-LAK-00318,468.24,357.21,10,"Lakme Moisturizer designed for quality, durability and everyday use.",4.2,1,2026-03-10,True
319,Maybelline Smart Face Wash,5,63,Maybelline,BEA-MAY-00319,310.39,175.42,5,"Maybelline Face Wash designed for quality, durability and everyday use.",4.9,149,2025-08-08,True
320,Cello Smart Mixer,3,64,Cello,HMK-CEL-00320,9625.44,7009.37,0,"Cello Mixer designed for quality, durability and everyday use.",4.0,128,2024-12-17,True
321,Milton Classic Storage Box,3,64,Milton,HMK-MIL-00321,7484.2,4984.25,0,"Milton Storage Box designed for quality, durability and everyday use.",4.5,205,2024-03-29,True
322,Philips Elite Bottle,3,64,Philips,HMK-PHI-00322,13075.39,10583.08,40,"Philips Bottle designed for quality, durability and everyday use.",4.4,391,2023-09-28,True
323,Prestige Pro Cookware Set,3,64,Prestige,HMK-PRE-00323,15404.43,12830.37,15,"Prestige Cookware Set designed for quality, durability and everyday use.",4.3,516,2022-02-10,True
324,Milton Advanced Cookware Set,3,64,Milton,HMK-MIL-00324,7902.55,5580.71,15,"Milton Cookware Set designed for quality, durability and everyday use.",4.5,523,2019-11-10,True
325,Borosil Pro Induction Cooktop,3,64,Borosil,HMK-BOR-00325,7812.66,4550.34,0,"Borosil Induction Cooktop designed for quality, durability and everyday use.",3.6,106,2024-07-21,True
326,Cello Smart Bottle,3,64,Cello,HMK-CEL-00326,4173.27,3253.66,25,"Cello Bottle designed for quality, durability and everyday use.",4.2,25,2026-05-13,True
327,Lego Pro Doll,7,65,Lego,TOY-LEG-00327,1445.25,976.37,5,"Lego Doll designed for quality, durability and everyday use.",5.0,12,2026-03-17,True
328,Funskool Advanced Board Game,7,65,Funskool,TOY-FUN-00328,4551.33,3420.6,10,"Funskool Board Game designed for quality, durability and everyday use.",4.1,11,2026-02-17,True
329,Barbie Pro Toy Car,7,65,Barbie,TOY-BAR-00329,3680.9,2641.82,30,"Barbie Toy Car designed for quality, durability and everyday use.",3.8,173,2023-07-02,True
330,Hot Wheels Max Doll,7,65,Hot Wheels,TOY-HOT-00330,1984.08,1439.79,10,"Hot Wheels Doll designed for quality, durability and everyday use.",4.9,737,2019-10-12,True
331,Nerf Advanced Puzzle,7,65,Nerf,TOY-NER-00331,4469.25,3129.12,25,"Nerf Puzzle designed for quality, durability and everyday use.",4.7,274,2020-04-20,True
332,Funskool Elite Building Blocks,7,65,Funskool,TOY-FUN-00332,4938.52,4038.99,50,"Funskool Building Blocks designed for quality, durability and everyday use.",4.9,239,2024-01-05,True
333,HarperCollins Premium Textbook,4,66,HarperCollins,BOO-HAR-00333,158.72,100.32,20,"HarperCollins Textbook designed for quality, durability and everyday use.",4.9,42,2025-09-29,True
334,McGraw Hill Elite Story Book,4,66,McGraw Hill,BOO-MCG-00334,943.7,654.19,0,"McGraw Hill Story Book designed for quality, durability and everyday use.",4.5,224,2023-01-29,True
335,Pearson Premium Dictionary,4,66,Pearson,BOO-PEA-00335,1401.98,1034.67,5,"Pearson Dictionary designed for quality, durability and everyday use.",4.3,225,2020-09-21,True
336,Pearson Ultra Textbook,4,66,Pearson,BOO-PEA-00336,270.78,152.64,30,"Pearson Textbook designed for quality, durability and everyday use.",4.6,106,2025-12-09,True
337,Dabur Advanced Hand Sanitizer,9,67,Dabur,HEA-DAB-00337,1860.33,1128.34,30,"Dabur Hand Sanitizer designed for quality, durability and everyday use.",3.9,97,2024-04-12,True
338,Dabur Premium Vitamin Tablets,9,67,Dabur,HEA-DAB-00338,2989.49,1795.77,5,"Dabur Vitamin Tablets designed for quality, durability and everyday use.",4.4,401,2019-10-18,True
339,Dettol Plus Protein Powder,9,67,Dettol,HEA-DET-00339,4973.93,3723.44,15,"Dettol Protein Powder designed for quality, durability and everyday use.",5.0,133,2025-05-03,True
340,Dettol Advanced Hand Sanitizer,9,67,Dettol,HEA-DET-00340,3539.15,2164.72,15,"Dettol Hand Sanitizer designed for quality, durability and everyday use.",5.0,399,2023-07-26,True
341,Dettol Elite Vitamin Tablets,9,67,Dettol,HEA-DET-00341,4170.2,2424.86,15,"Dettol Vitamin Tablets designed for quality, durability and everyday use.",4.9,629,2020-08-05,True
342,Dabur Eco Hand Sanitizer,9,67,Dabur,HEA-DAB-00342,4868.29,3200.3,10,"Dabur Hand Sanitizer designed for quality, durability and everyday use.",4.9,216,2024-03-01,True
343,Nike Classic T-Shirt,2,68,Nike,FAS-NIK-00343,7282.98,5830.53,15,"Nike T-Shirt designed for quality, durability and everyday use.",4.9,216,2019-06-08,True
344,Nike Smart Sneakers,2,68,Nike,FAS-NIK-00344,3816.98,3218.43,5,"Nike Sneakers designed for quality, durability and everyday use.",5.0,208,2023-03-22,True
345,Zara Elite Sneakers,2,68,Zara,FAS-ZAR-00345,5986.76,3463.34,20,"Zara Sneakers designed for quality, durability and everyday use.",5.0,228,2023-12-16,True
346,Levis Pro Dress,2,68,Levis,FAS-LEV-00346,7064.26,4082.33,20,"Levis Dress designed for quality, durability and everyday use.",4.9,89,2025-07-23,True
347,Loreal Ultra Lipstick,5,69,Loreal,BEA-LOR-00347,698.32,529.92,0,"Loreal Lipstick designed for quality, durability and everyday use.",3.8,382,2022-05-02,True
348,Mamaearth Advanced Sunscreen,5,69,Mamaearth,BEA-MAM-00348,1029.11,683.25,5,"Mamaearth Sunscreen designed for quality, durability and everyday use.",5.0,307,2023-09-25,True
349,Lakme Advanced Lipstick,5,69,Lakme,BEA-LAK-00349,372.97,234.41,5,"Lakme Lipstick designed for quality, durability and everyday use.",4.3,46,2026-03-26,True
350,Minimalist Eco Serum,5,69,Minimalist,BEA-MIN-00350,2687.05,2042.63,0,"Minimalist Serum designed for quality, durability and everyday use.",4.4,494,2021-12-09,True
351,Mamaearth Premium Moisturizer,5,69,Mamaearth,BEA-MAM-00351,206.48,171.44,10,"Mamaearth Moisturizer designed for quality, durability and everyday use.",4.6,98,2023-12-05,True
352,Nivea Max Shampoo,5,69,Nivea,BEA-NIV-00352,4855.2,2743.7,5,"Nivea Shampoo designed for quality, durability and everyday use.",4.4,60,2024-04-26,True
353,Michelin Advanced Engine Oil,10,70,Michelin,AUT-MIC-00353,22629.87,13252.32,10,"Michelin Engine Oil designed for quality, durability and everyday use.",4.4,98,2022-04-24,True
354,Bosch Plus Engine Oil,10,70,Bosch,AUT-BOS-00354,48176.98,35711.74,25,"Bosch Engine Oil designed for quality, durability and everyday use.",4.5,107,2025-07-23,True
355,Bosch Advanced Helmet,10,70,Bosch,AUT-BOS-00355,16932.64,13211.27,15,"Bosch Helmet designed for quality, durability and everyday use.",4.3,49,2025-07-15,True
356,Castrol Max Engine Oil,10,70,Castrol,AUT-CAS-00356,18079.38,13380.52,20,"Castrol Engine Oil designed for quality, durability and everyday use.",4.5,83,2023-08-06,True
357,Michelin Elite Helmet,10,70,Michelin,AUT-MIC-00357,5794.59,4248.92,0,"Michelin Helmet designed for quality, durability and everyday use.",3.9,68,2025-07-25,True
358,Bosch Premium Tyre Inflator,10,70,Bosch,AUT-BOS-00358,46368.01,37151.9,15,"Bosch Tyre Inflator designed for quality, durability and everyday use.",4.2,32,2026-04-21,True
359,Borosil Premium Storage Box,3,71,Borosil,HMK-BOR-00359,14054.05,9554.55,15,"Borosil Storage Box designed for quality, durability and everyday use.",3.9,356,2023-12-29,True
360,Philips Elite Mixer,3,71,Philips,HMK-PHI-00360,16609.28,12155.47,5,"Philips Mixer designed for quality, durability and everyday use.",4.0,44,2026-06-01,True
361,Milton Max Pressure Cooker,3,71,Milton,HMK-MIL-00361,24277.05,16650.5,0,"Milton Pressure Cooker designed for quality, durability and everyday use.",4.7,96,2025-11-15,True
362,Borosil Eco Bottle,3,71,Borosil,HMK-BOR-00362,15998.29,9763.22,15,"Borosil Bottle designed for quality, durability and everyday use.",4.8,302,2020-09-28,True
363,Cello Max Storage Box,3,71,Cello,HMK-CEL-00363,17903.64,13933.19,10,"Cello Storage Box designed for quality, durability and everyday use.",4.5,156,2025-05-04,True
364,Lakme Classic Moisturizer,5,72,Lakme,BEA-LAK-00364,272.57,161.8,15,"Lakme Moisturizer designed for quality, durability and everyday use.",4.9,206,2023-11-26,True
365,Maybelline Pro Face Wash,5,72,Maybelline,BEA-MAY-00365,1139.4,811.65,5,"Maybelline Face Wash designed for quality, durability and everyday use.",4.6,14,2026-02-24,True
366,Mamaearth Smart Lipstick,5,72,Mamaearth,BEA-MAM-00366,2627.97,2073.6,15,"Mamaearth Lipstick designed for quality, durability and everyday use.",4.3,536,2019-01-26,True
367,Minimalist Eco Serum,5,72,Minimalist,BEA-MIN-00367,410.94,317.7,5,"Minimalist Serum designed for quality, durability and everyday use.",4.0,77,2025-06-26,True
368,Minimalist Max Sunscreen,5,72,Minimalist,BEA-MIN-00368,3812.27,2721.9,15,"Minimalist Sunscreen designed for quality, durability and everyday use.",4.2,154,2024-08-25,True
369,Minimalist Ultra Face Wash,5,72,Minimalist,BEA-MIN-00369,4818.0,3712.38,0,"Minimalist Face Wash designed for quality, durability and everyday use.",5.0,233,2021-06-25,True
370,Nike Advanced Yoga Mat,6,73,Nike,SPO-NIK-00370,21435.83,12785.22,0,"Nike Yoga Mat designed for quality, durability and everyday use.",4.8,770,2019-10-03,True
371,Puma Plus Dumbbells,6,73,Puma,SPO-PUM-00371,16729.73,9567.13,15,"Puma Dumbbells designed for quality, durability and everyday use.",4.6,37,2025-12-02,True
372,Adidas Eco Dumbbells,6,73,Adidas,SPO-ADI-00372,16342.56,9439.2,5,"Adidas Dumbbells designed for quality, durability and everyday use.",4.9,230,2022-01-08,True
373,Cosco Advanced Badminton Racket,6,73,Cosco,SPO-COS-00373,29900.62,23833.98,50,"Cosco Badminton Racket designed for quality, durability and everyday use.",5.0,81,2025-07-01,True
374,Cosco Smart Badminton Racket,6,73,Cosco,SPO-COS-00374,28787.46,21727.78,5,"Cosco Badminton Racket designed for quality, durability and everyday use.",3.9,85,2025-03-01,True
375,Puma Eco Football,6,73,Puma,SPO-PUM-00375,24752.22,16398.03,20,"Puma Football designed for quality, durability and everyday use.",4.6,337,2019-10-30,True
376,Nike Eco Cricket Bat,6,74,Nike,SPO-NIK-00376,16229.57,11978.72,5,"Nike Cricket Bat designed for quality, durability and everyday use.",4.4,507,2022-05-18,True
377,Cosco Classic Dumbbells,6,74,Cosco,SPO-COS-00377,22533.28,13432.68,10,"Cosco Dumbbells designed for quality, durability and everyday use.",4.7,342,2018-02-25,True
378,Cosco Plus Football,6,74,Cosco,SPO-COS-00378,24737.77,20366.51,10,"Cosco Football designed for quality, durability and everyday use.",4.6,44,2024-10-09,True
379,Nike Classic Badminton Racket,6,75,Nike,SPO-NIK-00379,22800.84,16546.17,15,"Nike Badminton Racket designed for quality, durability and everyday use.",5.0,208,2023-08-06,True
380,Puma Classic Badminton Racket,6,75,Puma,SPO-PUM-00380,8804.76,7290.41,5,"Puma Badminton Racket designed for quality, durability and everyday use.",4.1,706,2018-06-10,True
381,SG Eco Dumbbells,6,75,SG,SPO-SG-00381,9201.86,6811.34,5,"SG Dumbbells designed for quality, durability and everyday use.",4.0,22,2025-02-03,True
382,Nike Premium T-Shirt,2,76,Nike,FAS-NIK-00382,4709.93,3147.29,10,"Nike T-Shirt designed for quality, durability and everyday use.",5.0,316,2021-12-05,True
383,Zara Eco Hoodie,2,76,Zara,FAS-ZAR-00383,1396.9,845.4,15,"Zara Hoodie designed for quality, durability and everyday use.",4.8,682,2020-04-21,True
384,Allen Solly Pro T-Shirt,2,76,Allen Solly,FAS-ALL-00384,5471.98,3421.12,0,"Allen Solly T-Shirt designed for quality, durability and everyday use.",4.5,52,2025-01-01,True
385,Adidas Pro T-Shirt,2,76,Adidas,FAS-ADI-00385,5070.27,4157.8,5,"Adidas T-Shirt designed for quality, durability and everyday use.",4.6,217,2024-09-18,True
386,Allen Solly Max Dress,2,76,Allen Solly,FAS-ALL-00386,6519.29,5460.54,0,"Allen Solly Dress designed for quality, durability and everyday use.",4.8,90,2025-06-12,True
387,SG Advanced Yoga Mat,6,77,SG,SPO-SG-00387,14154.03,9308.01,5,"SG Yoga Mat designed for quality, durability and everyday use.",4.5,407,2020-06-16,True
388,Adidas Smart Badminton Racket,6,77,Adidas,SPO-ADI-00388,8265.42,6743.76,0,"Adidas Badminton Racket designed for quality, durability and everyday use.",5.0,786,2019-06-04,True
389,Cosco Elite Badminton Racket,6,77,Cosco,SPO-COS-00389,23191.41,14235.54,0,"Cosco Badminton Racket designed for quality, durability and everyday use.",4.8,30,2026-01-10,True
390,Loreal Plus Shampoo,5,78,Loreal,BEA-LOR-00390,3706.15,2361.93,10,"Loreal Shampoo designed for quality, durability and everyday use.",4.6,22,2025-10-25,True
391,Mamaearth Ultra Sunscreen,5,78,Mamaearth,BEA-MAM-00391,3822.45,2263.32,0,"Mamaearth Sunscreen designed for quality, durability and everyday use.",4.5,307,2023-10-27,True
392,Lakme Advanced Shampoo,5,78,Lakme,BEA-LAK-00392,1273.99,801.73,5,"Lakme Shampoo designed for quality, durability and everyday use.",4.4,119,2025-01-09,True
393,Samsung Max Laptop,1,79,Samsung,ELE-SAM-00393,17277.3,14522.13,15,"Samsung Laptop designed for quality, durability and everyday use.",4.8,34,2026-03-31,True
394,LG Max Keyboard,1,79,LG,ELE-LG-00394,88976.47,72913.37,0,"LG Keyboard designed for quality, durability and everyday use.",4.8,172,2024-04-01,True
395,Sony Advanced Mouse,1,79,Sony,ELE-SON-00395,133301.45,73579.64,25,"Sony Mouse designed for quality, durability and everyday use.",4.6,409,2022-11-19,True
396,Dell Ultra Tablet,1,79,Dell,ELE-DEL-00396,55609.0,42551.5,0,"Dell Tablet designed for quality, durability and everyday use.",4.8,306,2023-08-21,True
397,Asus Plus Smart Watch,1,79,Asus,ELE-ASU-00397,25864.45,20691.81,0,"Asus Smart Watch designed for quality, durability and everyday use.",5.0,128,2023-11-26,True
398,Nerf Premium Toy Car,7,80,Nerf,TOY-NER-00398,998.44,825.44,10,"Nerf Toy Car designed for quality, durability and everyday use.",4.7,398,2023-02-08,True
399,Lego Advanced Toy Car,7,80,Lego,TOY-LEG-00399,3111.32,2151.24,10,"Lego Toy Car designed for quality, durability and everyday use.",4.9,358,2023-10-20,True
400,Dettol Ultra Hand Sanitizer,9,81,Dettol,HEA-DET-00400,3648.52,2381.76,10,"Dettol Hand Sanitizer designed for quality, durability and everyday use.",4.5,147,2022-02-28,True
401,Dabur Ultra First Aid Kit,9,81,Dabur,HEA-DAB-00401,3067.0,1850.1,30,"Dabur First Aid Kit designed for quality, durability and everyday use.",4.5,148,2025-12-24,True
402,Himalaya Ultra First Aid Kit,9,81,Himalaya,HEA-HIM-00402,4519.73,3217.08,0,"Himalaya First Aid Kit designed for quality, durability and everyday use.",3.8,153,2025-06-02,True
403,Himalaya Smart First Aid Kit,9,81,Himalaya,HEA-HIM-00403,4698.27,3263.59,20,"Himalaya First Aid Kit designed for quality, durability and everyday use.",4.7,6,2026-03-25,True
404,Fortune Pro Rice,8,82,Fortune,GRO-FOR-00404,1216.67,867.63,5,"Fortune Rice designed for quality, durability and everyday use.",5.0,355,2023-01-15,True
405,Nestle Elite Rice,8,82,Nestle,GRO-NES-00405,1326.36,1003.17,5,"Nestle Rice designed for quality, durability and everyday use.",4.7,367,2021-06-03,True
406,Amul Max Coffee,8,82,Amul,GRO-AMU-00406,1243.17,1053.64,5,"Amul Coffee designed for quality, durability and everyday use.",4.9,30,2026-02-15,True
407,Nestle Advanced Coffee,8,82,Nestle,GRO-NES-00407,544.87,349.8,5,"Nestle Coffee designed for quality, durability and everyday use.",4.3,177,2023-09-01,True
408,Castrol Smart Engine Oil,10,83,Castrol,AUT-CAS-00408,25663.01,20166.62,20,"Castrol Engine Oil designed for quality, durability and everyday use.",4.5,142,2023-04-17,True
409,Bosch Ultra Engine Oil,10,83,Bosch,AUT-BOS-00409,23847.6,17410.5,0,"Bosch Engine Oil designed for quality, durability and everyday use.",4.8,2,2026-06-01,True
410,Michelin Eco Cleaning Kit,10,83,Michelin,AUT-MIC-00410,14680.23,12317.58,0,"Michelin Cleaning Kit designed for quality, durability and everyday use.",4.2,304,2022-10-09,True
411,GoMechanic Smart Car Cover,10,83,GoMechanic,AUT-GOM-00411,2163.66,1579.16,10,"GoMechanic Car Cover designed for quality, durability and everyday use.",4.8,488,2020-03-14,True
412,Bosch Classic Helmet,10,83,Bosch,AUT-BOS-00412,49842.45,39071.59,5,"Bosch Helmet designed for quality, durability and everyday use.",4.7,23,2025-11-26,True
413,Bosch Eco Engine Oil,10,83,Bosch,AUT-BOS-00413,14582.44,11650.34,30,"Bosch Engine Oil designed for quality, durability and everyday use.",4.7,97,2024-07-20,True
414,Pigeon Premium Induction Cooktop,3,84,Pigeon,HMK-PIG-00414,6897.13,4635.84,0,"Pigeon Induction Cooktop designed for quality, durability and everyday use.",5.0,645,2020-08-27,True
415,Borosil Pro Induction Cooktop,3,84,Borosil,HMK-BOR-00415,17507.7,14703.26,10,"Borosil Induction Cooktop designed for quality, durability and everyday use.",4.2,137,2025-07-28,True
416,Prestige Classic Pressure Cooker,3,84,Prestige,HMK-PRE-00416,6816.58,4531.68,20,"Prestige Pressure Cooker designed for quality, durability and everyday use.",4.8,145,2024-10-08,True
417,Borosil Premium Induction Cooktop,3,84,Borosil,HMK-BOR-00417,17670.05,11114.55,5,"Borosil Induction Cooktop designed for quality, durability and everyday use.",4.7,59,2024-12-01,True
418,Oxford Smart Textbook,4,85,Oxford,BOO-OXF-00418,1804.49,1138.13,30,"Oxford Textbook designed for quality, durability and everyday use.",4.4,71,2025-10-18,True
419,HarperCollins Smart Textbook,4,85,HarperCollins,BOO-HAR-00419,574.03,459.5,25,"HarperCollins Textbook designed for quality, durability and everyday use.",4.7,100,2023-09-03,True
420,McGraw Hill Premium Biography,4,85,McGraw Hill,BOO-MCG-00420,1563.85,1114.15,0,"McGraw Hill Biography designed for quality, durability and everyday use.",4.6,167,2025-10-05,True
421,McGraw Hill Eco Dictionary,4,85,McGraw Hill,BOO-MCG-00421,668.49,412.21,10,"McGraw Hill Dictionary designed for quality, durability and everyday use.",5.0,158,2025-09-06,True
422,H&M Ultra Shirt,2,86,H&M,FAS-H&M-00422,3820.41,2239.18,10,"H&M Shirt designed for quality, durability and everyday use.",4.8,355,2019-11-22,True
423,Nike Max Sneakers,2,86,Nike,FAS-NIK-00423,5018.39,3151.1,10,"Nike Sneakers designed for quality, durability and everyday use.",4.8,21,2026-06-09,True
424,Levis Smart Jacket,2,86,Levis,FAS-LEV-00424,3527.02,2735.76,5,"Levis Jacket designed for quality, durability and everyday use.",4.7,8,2026-03-16,False
425,Zara Classic Jeans,2,86,Zara,FAS-ZAR-00425,5850.28,4628.9,10,"Zara Jeans designed for quality, durability and everyday use.",4.1,604,2020-11-02,True
426,Asus Eco Tablet,1,87,Asus,ELE-ASU-00426,81029.42,52241.14,10,"Asus Tablet designed for quality, durability and everyday use.",4.8,263,2023-04-08,True
427,Dell Smart Laptop,1,87,Dell,ELE-DEL-00427,122445.07,84849.76,15,"Dell Laptop designed for quality, durability and everyday use.",4.6,264,2022-01-09,True
428,Lenovo Premium Monitor,1,87,Lenovo,ELE-LEN-00428,62940.61,41246.69,15,"Lenovo Monitor designed for quality, durability and everyday use.",4.5,11,2026-01-07,False
429,Lenovo Max Monitor,1,87,Lenovo,ELE-LEN-00429,101632.54,70761.47,20,"Lenovo Monitor designed for quality, durability and everyday use.",4.0,158,2024-08-09,True
430,Dell Elite Monitor,1,88,Dell,ELE-DEL-00430,95428.46,68850.8,25,"Dell Monitor designed for quality, durability and everyday use.",5.0,421,2021-04-12,True
431,Lenovo Plus Headphones,1,88,Lenovo,ELE-LEN-00431,97407.36,61500.52,10,"Lenovo Headphones designed for quality, durability and everyday use.",4.0,33,2026-04-17,True
432,LG Ultra Tablet,1,88,LG,ELE-LG-00432,128423.35,75450.26,5,"LG Tablet designed for quality, durability and everyday use.",4.8,167,2023-06-13,True
433,Nike Eco Jacket,2,89,Nike,FAS-NIK-00433,714.46,558.19,10,"Nike Jacket designed for quality, durability and everyday use.",3.5,206,2020-11-14,True
434,Levis Smart Sneakers,2,89,Levis,FAS-LEV-00434,2204.95,1400.7,15,"Levis Sneakers designed for quality, durability and everyday use.",4.9,77,2023-02-28,True
435,H&M Advanced Sneakers,2,89,H&M,FAS-H&M-00435,3897.39,3161.83,30,"H&M Sneakers designed for quality, durability and everyday use.",4.5,725,2020-12-28,True
436,SG Elite Badminton Racket,6,90,SG,SPO-SG-00436,15942.06,11826.75,5,"SG Badminton Racket designed for quality, durability and everyday use.",4.7,286,2023-07-03,True
437,Yonex Ultra Yoga Mat,6,90,Yonex,SPO-YON-00437,9455.4,5200.73,20,"Yonex Yoga Mat designed for quality, durability and everyday use.",4.1,353,2022-08-18,True
438,Yonex Pro Dumbbells,6,90,Yonex,SPO-YON-00438,769.41,522.53,5,"Yonex Dumbbells designed for quality, durability and everyday use.",4.8,333,2019-01-18,True
439,Cosco Elite Dumbbells,6,90,Cosco,SPO-COS-00439,7871.94,6017.95,15,"Cosco Dumbbells designed for quality, durability and everyday use.",4.1,552,2020-06-11,True
440,Cosco Pro Badminton Racket,6,90,Cosco,SPO-COS-00440,8897.97,6877.05,20,"Cosco Badminton Racket designed for quality, durability and everyday use.",4.7,74,2024-01-09,True
441,Asus Plus Headphones,1,91,Asus,ELE-ASU-00441,74815.41,48345.2,0,"Asus Headphones designed for quality, durability and everyday use.",3.7,448,2018-04-15,True
442,Asus Smart Laptop,1,91,Asus,ELE-ASU-00442,15349.15,8509.84,5,"Asus Laptop designed for quality, durability and everyday use.",4.7,115,2025-10-17,True
443,Samsung Classic Monitor,1,91,Samsung,ELE-SAM-00443,126844.85,105978.01,0,"Samsung Monitor designed for quality, durability and everyday use.",4.2,325,2019-04-27,True
444,Lenovo Premium Keyboard,1,91,Lenovo,ELE-LEN-00444,20050.31,15648.14,5,"Lenovo Keyboard designed for quality, durability and everyday use.",4.2,161,2023-03-10,True
445,Apple Advanced Smart Watch,1,91,Apple,ELE-APP-00445,59590.2,49958.29,30,"Apple Smart Watch designed for quality, durability and everyday use.",4.9,33,2026-01-30,True
446,Nivea Max Shampoo,5,92,Nivea,BEA-NIV-00446,4454.47,3604.1,5,"Nivea Shampoo designed for quality, durability and everyday use.",4.9,43,2024-10-26,True
447,Nivea Classic Moisturizer,5,92,Nivea,BEA-NIV-00447,2069.67,1289.25,40,"Nivea Moisturizer designed for quality, durability and everyday use.",4.5,9,2026-05-06,True
448,Lakme Ultra Shampoo,5,92,Lakme,BEA-LAK-00448,2574.61,1945.85,5,"Lakme Shampoo designed for quality, durability and everyday use.",3.7,90,2023-05-03,True
449,Maybelline Eco Sunscreen,5,92,Maybelline,BEA-MAY-00449,3988.61,2344.3,5,"Maybelline Sunscreen designed for quality, durability and everyday use.",3.6,246,2024-12-12,True
450,Minimalist Premium Shampoo,5,92,Minimalist,BEA-MIN-00450,3492.86,2296.38,0,"Minimalist Shampoo designed for quality, durability and everyday use.",4.0,163,2025-06-15,True
451,Adidas Ultra Badminton Racket,6,93,Adidas,SPO-ADI-00451,16536.81,10701.04,10,"Adidas Badminton Racket designed for quality, durability and everyday use.",4.0,10,2026-02-09,True
452,Adidas Pro Dumbbells,6,93,Adidas,SPO-ADI-00452,24672.85,17578.96,10,"Adidas Dumbbells designed for quality, durability and everyday use.",4.2,266,2024-01-15,True
453,Puma Smart Badminton Racket,6,93,Puma,SPO-PUM-00453,9960.48,5667.54,40,"Puma Badminton Racket designed for quality, durability and everyday use.",4.1,472,2022-10-15,True
454,Cosco Max Yoga Mat,6,93,Cosco,SPO-COS-00454,12589.23,8140.29,0,"Cosco Yoga Mat designed for quality, durability and everyday use.",4.4,342,2018-05-13,True
455,Adidas Advanced Football,6,93,Adidas,SPO-ADI-00455,6152.69,3442.71,15,"Adidas Football designed for quality, durability and everyday use.",4.7,16,2026-04-23,True
456,Adidas Classic Badminton Racket,6,93,Adidas,SPO-ADI-00456,886.04,732.14,15,"Adidas Badminton Racket designed for quality, durability and everyday use.",3.9,35,2025-08-16,True
457,Amul Premium Oil,8,94,Amul,GRO-AMU-00457,1656.1,1042.92,0,"Amul Oil designed for quality, durability and everyday use.",5.0,631,2021-03-18,True
458,Fortune Elite Coffee,8,94,Fortune,GRO-FOR-00458,419.45,296.91,5,"Fortune Coffee designed for quality, durability and everyday use.",4.4,462,2022-04-30,True
459,Nestle Advanced Oil,8,94,Nestle,GRO-NES-00459,1419.97,962.91,0,"Nestle Oil designed for quality, durability and everyday use.",4.2,106,2025-10-30,True
460,Nestle Advanced Coffee,8,94,Nestle,GRO-NES-00460,1870.36,1535.09,10,"Nestle Coffee designed for quality, durability and everyday use.",3.5,130,2025-04-24,True
461,Aashirvaad Smart Coffee,8,94,Aashirvaad,GRO-AAS-00461,1148.13,705.16,20,"Aashirvaad Coffee designed for quality, durability and everyday use.",3.9,309,2022-07-15,True
462,Tata Premium Milk Powder,8,94,Tata,GRO-TAT-00462,1966.77,1433.24,10,"Tata Milk Powder designed for quality, durability and everyday use.",3.5,327,2021-09-07,True
463,Aashirvaad Eco Coffee,8,95,Aashirvaad,GRO-AAS-00463,1134.83,939.39,0,"Aashirvaad Coffee designed for quality, durability and everyday use.",5.0,195,2023-10-11,True
464,Nestle Smart Atta,8,95,Nestle,GRO-NES-00464,549.68,351.85,10,"Nestle Atta designed for quality, durability and everyday use.",4.5,452,2020-06-07,True
465,Fortune Plus Tea,8,95,Fortune,GRO-FOR-00465,1648.05,953.58,15,"Fortune Tea designed for quality, durability and everyday use.",5.0,40,2025-02-20,True
466,Aashirvaad Elite Oil,8,95,Aashirvaad,GRO-AAS-00466,862.22,698.7,25,"Aashirvaad Oil designed for quality, durability and everyday use.",4.8,0,2026-05-18,True
467,Tata Eco Oil,8,96,Tata,GRO-TAT-00467,130.31,92.78,0,"Tata Oil designed for quality, durability and everyday use.",4.6,522,2020-04-13,False
468,Nestle Eco Coffee,8,96,Nestle,GRO-NES-00468,225.66,153.35,20,"Nestle Coffee designed for quality, durability and everyday use.",4.9,372,2022-09-01,True
469,Nestle Pro Tea,8,96,Nestle,GRO-NES-00469,215.9,151.25,20,"Nestle Tea designed for quality, durability and everyday use.",4.9,599,2021-02-09,True
470,Nestle Eco Atta,8,96,Nestle,GRO-NES-00470,1251.19,964.29,5,"Nestle Atta designed for quality, durability and everyday use.",5.0,215,2024-10-24,True
471,Tata Elite Rice,8,96,Tata,GRO-TAT-00471,875.9,573.27,5,"Tata Rice designed for quality, durability and everyday use.",4.5,333,2018-11-09,False
472,Yonex Ultra Badminton Racket,6,97,Yonex,SPO-YON-00472,13493.67,11162.83,5,"Yonex Badminton Racket designed for quality, durability and everyday use.",4.4,235,2020-06-24,True
473,Adidas Ultra Badminton Racket,6,97,Adidas,SPO-ADI-00473,26128.19,20799.09,0,"Adidas Badminton Racket designed for quality, durability and everyday use.",4.3,321,2022-07-10,True
474,Adidas Smart Badminton Racket,6,97,Adidas,SPO-ADI-00474,6512.14,4603.95,5,"Adidas Badminton Racket designed for quality, durability and everyday use.",4.6,402,2023-10-17,True
475,Cosco Premium Badminton Racket,6,97,Cosco,SPO-COS-00475,8035.96,4564.69,5,"Cosco Badminton Racket designed for quality, durability and everyday use.",4.3,415,2022-08-10,True
476,Nike Pro Dumbbells,6,97,Nike,SPO-NIK-00476,20057.96,16524.96,5,"Nike Dumbbells designed for quality, durability and everyday use.",5.0,198,2022-03-02,False
477,Zara Max T-Shirt,2,98,Zara,FAS-ZAR-00477,4031.9,2939.79,0,"Zara T-Shirt designed for quality, durability and everyday use.",4.9,45,2026-02-22,True
478,Adidas Pro Dress,2,98,Adidas,FAS-ADI-00478,2868.49,1916.21,0,"Adidas Dress designed for quality, durability and everyday use.",4.7,100,2024-09-11,False
479,Allen Solly Premium Sneakers,2,98,Allen Solly,FAS-ALL-00479,5118.6,4164.51,25,"Allen Solly Sneakers designed for quality, durability and everyday use.",4.1,426,2019-07-23,True
480,Puma Ultra Jacket,2,98,Puma,FAS-PUM-00480,976.02,648.72,40,"Puma Jacket designed for quality, durability and everyday use.",4.5,146,2024-04-10,True
481,Adidas Pro Jacket,2,98,Adidas,FAS-ADI-00481,7304.96,4739.35,10,"Adidas Jacket designed for quality, durability and everyday use.",4.9,241,2021-02-18,True
482,Mamaearth Elite Shampoo,5,99,Mamaearth,BEA-MAM-00482,4979.08,4196.04,0,"Mamaearth Shampoo designed for quality, durability and everyday use.",3.9,57,2024-10-12,True
483,Minimalist Ultra Face Wash,5,99,Minimalist,BEA-MIN-00483,1690.35,1375.76,15,"Minimalist Face Wash designed for quality, durability and everyday use.",4.2,125,2025-04-27,True
484,Minimalist Pro Sunscreen,5,99,Minimalist,BEA-MIN-00484,886.99,537.85,0,"Minimalist Sunscreen designed for quality, durability and everyday use.",5.0,17,2026-06-17,True
485,Mamaearth Plus Shampoo,5,99,Mamaearth,BEA-MAM-00485,1276.09,965.0,5,"Mamaearth Shampoo designed for quality, durability and everyday use.",4.4,140,2025-10-25,True
486,Nivea Elite Shampoo,5,99,Nivea,BEA-NIV-00486,2533.51,1497.95,0,"Nivea Shampoo designed for quality, durability and everyday use.",5.0,198,2023-01-31,True
487,Maybelline Smart Sunscreen,5,99,Maybelline,BEA-MAY-00487,3825.22,2179.77,30,"Maybelline Sunscreen designed for quality, durability and everyday use.",3.6,103,2025-09-30,True
488,Michelin Premium Tyre Inflator,10,100,Michelin,AUT-MIC-00488,30592.53,24391.38,15,"Michelin Tyre Inflator designed for quality, durability and everyday use.",4.7,38,2026-03-17,True
489,Bosch Classic Cleaning Kit,10,100,Bosch,AUT-BOS-00489,22854.67,18240.38,0,"Bosch Cleaning Kit designed for quality, durability and everyday use.",3.5,30,2025-03-21,True
490,GoMechanic Smart Engine Oil,10,100,GoMechanic,AUT-GOM-00490,14913.38,9983.2,5,"GoMechanic Engine Oil designed for quality, durability and everyday use.",4.1,95,2025-05-15,True
491,Bosch Ultra Cleaning Kit,10,100,Bosch,AUT-BOS-00491,23447.16,17440.71,0,"Bosch Cleaning Kit designed for quality, durability and everyday use.",4.6,522,2020-10-04,True
492,Michelin Ultra Engine Oil,10,100,Michelin,AUT-MIC-00492,22957.2,18801.61,25,"Michelin Engine Oil designed for quality, durability and everyday use.",4.0,868,2018-11-28,True
493,Castrol Classic Engine Oil,10,100,Castrol,AUT-CAS-00493,6151.16,4212.43,5,"Castrol Engine Oil designed for quality, durability and everyday use.",4.6,60,2025-11-13,True
494,Michelin Ultra Engine Oil,10,100,Michelin,AUT-MIC-00494,45656.51,32856.59,15,"Michelin Engine Oil designed for quality, durability and everyday use.",4.9,236,2024-01-02,True
495,Milton Advanced Storage Box,3,101,Milton,HMK-MIL-00495,7575.12,4576.95,25,"Milton Storage Box designed for quality, durability and everyday use.",3.7,172,2018-09-17,True
496,Pigeon Premium Induction Cooktop,3,101,Pigeon,HMK-PIG-00496,15395.61,10746.75,5,"Pigeon Induction Cooktop designed for quality, durability and everyday use.",4.4,40,2025-06-23,True
497,Prestige Eco Cookware Set,3,101,Prestige,HMK-PRE-00497,7313.77,5401.88,20,"Prestige Cookware Set designed for quality, durability and everyday use.",4.9,477,2020-04-22,True
498,Prestige Plus Storage Box,3,101,Prestige,HMK-PRE-00498,21031.35,13450.23,30,"Prestige Storage Box designed for quality, durability and everyday use.",5.0,81,2024-01-01,True
499,Borosil Plus Storage Box,3,101,Borosil,HMK-BOR-00499,14520.92,10435.51,40,"Borosil Storage Box designed for quality, durability and everyday use.",4.3,107,2023-03-15,True
500,Barbie Elite Puzzle,7,102,Barbie,TOY-BAR-00500,4247.89,2419.08,10,"Barbie Puzzle designed for quality, durability and everyday use.",4.9,174,2024-11-05,True
501,Funskool Plus Toy Car,7,102,Funskool,TOY-FUN-00501,479.29,345.76,40,"Funskool Toy Car designed for quality, durability and everyday use.",4.5,759,2019-12-07,True
502,Hot Wheels Plus Doll,7,102,Hot Wheels,TOY-HOT-00502,4269.43,2680.77,10,"Hot Wheels Doll designed for quality, durability and everyday use.",4.4,36,2026-06-12,True
503,Barbie Ultra Doll,7,102,Barbie,TOY-BAR-00503,4441.59,2752.97,5,"Barbie Doll designed for quality, durability and everyday use.",4.9,400,2022-08-10,True
504,Adidas Plus Hoodie,2,103,Adidas,FAS-ADI-00504,7992.2,5388.44,5,"Adidas Hoodie designed for quality, durability and everyday use.",4.5,387,2023-01-24,True
505,Puma Classic Sneakers,2,103,Puma,FAS-PUM-00505,2669.85,1874.25,5,"Puma Sneakers designed for quality, durability and everyday use.",5.0,141,2024-11-30,True
506,Allen Solly Ultra T-Shirt,2,103,Allen Solly,FAS-ALL-00506,1793.92,1435.4,30,"Allen Solly T-Shirt designed for quality, durability and everyday use.",4.6,390,2023-03-14,True
507,Adidas Advanced Shirt,2,103,Adidas,FAS-ADI-00507,7168.85,5097.7,5,"Adidas Shirt designed for quality, durability and everyday use.",4.2,326,2023-04-25,True
508,Zara Max Shirt,2,103,Zara,FAS-ZAR-00508,4574.86,2541.86,10,"Zara Shirt designed for quality, durability and everyday use.",4.7,56,2024-12-25,True
509,Puma Premium Hoodie,2,103,Puma,FAS-PUM-00509,2911.47,1929.06,10,"Puma Hoodie designed for quality, durability and everyday use.",4.9,192,2024-01-19,True
510,Horlicks Premium Hand Sanitizer,9,104,Horlicks,HEA-HOR-00510,1430.34,823.93,25,"Horlicks Hand Sanitizer designed for quality, durability and everyday use.",4.7,95,2024-09-11,True
511,Dabur Max Protein Powder,9,104,Dabur,HEA-DAB-00511,3946.23,3091.23,30,"Dabur Protein Powder designed for quality, durability and everyday use.",4.6,652,2019-05-10,True
512,Horlicks Eco First Aid Kit,9,104,Horlicks,HEA-HOR-00512,1620.76,1050.58,20,"Horlicks First Aid Kit designed for quality, durability and everyday use.",5.0,53,2025-11-23,True
513,Himalaya Elite First Aid Kit,9,104,Himalaya,HEA-HIM-00513,3597.02,2542.03,0,"Himalaya First Aid Kit designed for quality, durability and everyday use.",3.9,5,2026-05-02,True
514,Himalaya Eco Protein Powder,9,104,Himalaya,HEA-HIM-00514,3854.28,2981.93,0,"Himalaya Protein Powder designed for quality, durability and everyday use.",4.2,122,2024-03-05,True
515,Horlicks Eco Hand Sanitizer,9,104,Horlicks,HEA-HOR-00515,1663.83,1135.29,0,"Horlicks Hand Sanitizer designed for quality, durability and everyday use.",4.9,757,2020-02-01,True
516,Sony Pro Monitor,1,105,Sony,ELE-SON-00516,22950.41,17472.29,5,"Sony Monitor designed for quality, durability and everyday use.",4.8,486,2019-09-20,True
517,Samsung Premium Tablet,1,105,Samsung,ELE-SAM-00517,71668.87,53941.49,0,"Samsung Tablet designed for quality, durability and everyday use.",5.0,220,2024-01-02,True
518,Asus Pro Monitor,1,105,Asus,ELE-ASU-00518,51185.15,31194.49,20,"Asus Monitor designed for quality, durability and everyday use.",4.2,721,2019-04-22,True
519,Asus Advanced Smartphone,1,106,Asus,ELE-ASU-00519,47937.97,35633.52,20,"Asus Smartphone designed for quality, durability and everyday use.",4.6,375,2023-10-22,True
520,Sony Ultra Keyboard,1,106,Sony,ELE-SON-00520,105542.96,79110.17,20,"Sony Keyboard designed for quality, durability and everyday use.",4.0,93,2023-03-03,True
521,Sony Advanced Mouse,1,106,Sony,ELE-SON-00521,127173.41,80714.07,5,"Sony Mouse designed for quality, durability and everyday use.",4.5,47,2025-04-10,True
522,Apple Eco Headphones,1,106,Apple,ELE-APP-00522,70224.28,51064.34,5,"Apple Headphones designed for quality, durability and everyday use.",4.8,276,2022-09-14,True
523,HP Elite Keyboard,1,106,HP,ELE-HP-00523,85947.26,56094.36,15,"HP Keyboard designed for quality, durability and everyday use.",4.9,31,2026-03-21,True
524,Asus Eco Monitor,1,106,Asus,ELE-ASU-00524,16452.78,11246.54,5,"Asus Monitor designed for quality, durability and everyday use.",4.7,49,2026-05-06,True
525,Cello Premium Storage Box,3,107,Cello,HMK-CEL-00525,2718.06,2161.16,25,"Cello Storage Box designed for quality, durability and everyday use.",3.9,135,2023-01-01,True
526,Pigeon Pro Induction Cooktop,3,107,Pigeon,HMK-PIG-00526,10054.58,7273.28,0,"Pigeon Induction Cooktop designed for quality, durability and everyday use.",4.4,545,2021-09-15,True
527,Milton Plus Mixer,3,107,Milton,HMK-MIL-00527,698.92,591.23,10,"Milton Mixer designed for quality, durability and everyday use.",4.9,361,2022-01-26,True
528,Prestige Eco Storage Box,3,107,Prestige,HMK-PRE-00528,20608.46,13555.7,25,"Prestige Storage Box designed for quality, durability and everyday use.",4.0,400,2022-03-18,True
529,Barbie Eco Doll,7,108,Barbie,TOY-BAR-00529,1213.84,730.76,0,"Barbie Doll designed for quality, durability and everyday use.",4.5,126,2025-01-07,True
530,Funskool Premium Toy Car,7,108,Funskool,TOY-FUN-00530,544.38,301.97,15,"Funskool Toy Car designed for quality, durability and everyday use.",4.6,103,2023-10-06,True
531,Barbie Plus Doll,7,108,Barbie,TOY-BAR-00531,4665.49,3438.35,10,"Barbie Doll designed for quality, durability and everyday use.",4.7,110,2025-02-26,True
532,Barbie Premium Board Game,7,108,Barbie,TOY-BAR-00532,2974.1,2391.3,5,"Barbie Board Game designed for quality, durability and everyday use.",4.6,36,2026-01-23,True
533,Lego Advanced Board Game,7,108,Lego,TOY-LEG-00533,3583.44,2092.55,10,"Lego Board Game designed for quality, durability and everyday use.",4.4,519,2022-12-14,False
534,Pigeon Classic Induction Cooktop,3,109,Pigeon,HMK-PIG-00534,13322.24,9765.48,5,"Pigeon Induction Cooktop designed for quality, durability and everyday use.",4.4,410,2023-06-09,True
535,Borosil Plus Bottle,3,109,Borosil,HMK-BOR-00535,1792.97,1170.92,20,"Borosil Bottle designed for quality, durability and everyday use.",4.6,166,2025-08-18,True
536,Pigeon Pro Bottle,3,109,Pigeon,HMK-PIG-00536,7585.61,4252.48,30,"Pigeon Bottle designed for quality, durability and everyday use.",4.3,16,2026-02-28,True
537,Pigeon Ultra Induction Cooktop,3,109,Pigeon,HMK-PIG-00537,14535.07,10856.19,5,"Pigeon Induction Cooktop designed for quality, durability and everyday use.",4.3,224,2019-05-12,True
538,Prestige Pro Bottle,3,109,Prestige,HMK-PRE-00538,3747.2,2376.82,25,"Prestige Bottle designed for quality, durability and everyday use.",5.0,725,2020-12-23,True
539,Cello Max Pressure Cooker,3,109,Cello,HMK-CEL-00539,20292.1,12751.06,15,"Cello Pressure Cooker designed for quality, durability and everyday use.",4.6,235,2023-03-09,False
540,GoMechanic Advanced Helmet,10,110,GoMechanic,AUT-GOM-00540,37761.68,25447.01,5,"GoMechanic Helmet designed for quality, durability and everyday use.",4.4,167,2023-12-09,True
541,3M Pro Engine Oil,10,110,3M,AUT-3M-00541,37896.45,22161.78,0,"3M Engine Oil designed for quality, durability and everyday use.",4.7,199,2022-12-26,True
542,Michelin Pro Tyre Inflator,10,110,Michelin,AUT-MIC-00542,7684.92,6233.11,0,"Michelin Tyre Inflator designed for quality, durability and everyday use.",3.9,286,2024-10-08,True
543,Bosch Eco Engine Oil,10,110,Bosch,AUT-BOS-00543,32052.5,26823.3,10,"Bosch Engine Oil designed for quality, durability and everyday use.",3.9,109,2024-11-17,True
544,Bosch Plus Car Cover,10,110,Bosch,AUT-BOS-00544,19862.11,15531.08,20,"Bosch Car Cover designed for quality, durability and everyday use.",4.3,173,2024-02-04,True
545,Castrol Eco Car Cover,10,110,Castrol,AUT-CAS-00545,1023.61,565.59,0,"Castrol Car Cover designed for quality, durability and everyday use.",4.7,109,2025-07-02,True
546,3M Smart Car Cover,10,110,3M,AUT-3M-00546,2185.07,1607.82,0,"3M Car Cover designed for quality, durability and everyday use.",4.5,283,2024-03-20,True
547,Bosch Classic Engine Oil,10,110,Bosch,AUT-BOS-00547,42893.82,25263.27,15,"Bosch Engine Oil designed for quality, durability and everyday use.",4.0,269,2024-01-14,True
548,Aashirvaad Classic Tea,8,111,Aashirvaad,GRO-AAS-00548,1295.62,1071.23,5,"Aashirvaad Tea designed for quality, durability and everyday use.",4.7,105,2024-10-24,True
549,Tata Premium Oil,8,111,Tata,GRO-TAT-00549,796.46,517.54,0,"Tata Oil designed for quality, durability and everyday use.",3.8,115,2022-06-21,True
550,Fortune Elite Coffee,8,111,Fortune,GRO-FOR-00550,397.96,277.62,0,"Fortune Coffee designed for quality, durability and everyday use.",4.2,572,2020-08-05,True
551,Tata Classic Rice,8,111,Tata,GRO-TAT-00551,187.3,143.9,20,"Tata Rice designed for quality, durability and everyday use.",5.0,79,2023-01-02,True
552,Sony Plus Keyboard,1,112,Sony,ELE-SON-00552,2548.16,1942.42,20,"Sony Keyboard designed for quality, durability and everyday use.",4.6,336,2023-05-24,True
553,LG Classic Mouse,1,112,LG,ELE-LG-00553,85952.1,71384.31,5,"LG Mouse designed for quality, durability and everyday use.",4.4,247,2023-07-05,True
554,Sony Advanced Smartphone,1,112,Sony,ELE-SON-00554,114547.06,72965.06,5,"Sony Smartphone designed for quality, durability and everyday use.",4.5,116,2024-01-27,True
555,Apple Advanced Monitor,1,112,Apple,ELE-APP-00555,14559.65,10771.77,20,"Apple Monitor designed for quality, durability and everyday use.",4.9,600,2021-05-03,True
556,Oxford Eco Story Book,4,113,Oxford,BOO-OXF-00556,1935.16,1535.61,40,"Oxford Story Book designed for quality, durability and everyday use.",5.0,143,2021-11-22,True
557,HarperCollins Advanced Biography,4,113,HarperCollins,BOO-HAR-00557,1889.17,1532.23,10,"HarperCollins Biography designed for quality, durability and everyday use.",4.3,157,2020-05-27,True
558,McGraw Hill Advanced Novel,4,113,McGraw Hill,BOO-MCG-00558,1828.28,1344.72,5,"McGraw Hill Novel designed for quality, durability and everyday use.",4.4,191,2019-10-10,True
559,Penguin Plus Story Book,4,113,Penguin,BOO-PEN-00559,465.78,338.77,20,"Penguin Story Book designed for quality, durability and everyday use.",5.0,14,2026-06-14,True
560,HarperCollins Max Story Book,4,113,HarperCollins,BOO-HAR-00560,1651.31,1394.79,15,"HarperCollins Story Book designed for quality, durability and everyday use.",4.8,34,2026-03-25,True
561,HarperCollins Plus Novel,4,113,HarperCollins,BOO-HAR-00561,470.88,267.91,5,"HarperCollins Novel designed for quality, durability and everyday use.",4.3,363,2022-01-27,True
562,Cosco Ultra Football,6,114,Cosco,SPO-COS-00562,3449.05,2773.76,15,"Cosco Football designed for quality, durability and everyday use.",4.2,222,2019-05-14,True
563,Adidas Plus Football,6,114,Adidas,SPO-ADI-00563,26664.0,17994.64,20,"Adidas Football designed for quality, durability and everyday use.",4.2,76,2024-02-27,True
564,Cosco Elite Dumbbells,6,114,Cosco,SPO-COS-00564,7557.99,4552.67,15,"Cosco Dumbbells designed for quality, durability and everyday use.",4.5,5,2026-06-07,True
565,Puma Elite Yoga Mat,6,114,Puma,SPO-PUM-00565,634.82,394.03,0,"Puma Yoga Mat designed for quality, durability and everyday use.",4.5,692,2019-01-06,True
566,SG Pro Cricket Bat,6,115,SG,SPO-SG-00566,2065.54,1205.87,0,"SG Cricket Bat designed for quality, durability and everyday use.",4.1,65,2025-10-15,True
567,Nike Max Football,6,115,Nike,SPO-NIK-00567,8909.4,6061.97,5,"Nike Football designed for quality, durability and everyday use.",4.2,113,2023-03-30,True
568,Cosco Ultra Cricket Bat,6,115,Cosco,SPO-COS-00568,23672.01,16464.32,0,"Cosco Cricket Bat designed for quality, durability and everyday use.",4.0,37,2026-04-28,True
569,Adidas Smart Yoga Mat,6,115,Adidas,SPO-ADI-00569,23479.77,15211.13,0,"Adidas Yoga Mat designed for quality, durability and everyday use.",4.3,76,2025-02-08,True
570,Cosco Premium Dumbbells,6,115,Cosco,SPO-COS-00570,26769.42,15887.18,30,"Cosco Dumbbells designed for quality, durability and everyday use.",4.6,294,2023-10-07,True
571,Hot Wheels Max Toy Car,7,116,Hot Wheels,TOY-HOT-00571,810.62,614.18,0,"Hot Wheels Toy Car designed for quality, durability and everyday use.",4.9,127,2025-07-28,True
572,Hot Wheels Pro Toy Car,7,116,Hot Wheels,TOY-HOT-00572,3097.45,2437.27,15,"Hot Wheels Toy Car designed for quality, durability and everyday use.",4.5,188,2021-04-15,True
573,Nerf Smart Doll,7,116,Nerf,TOY-NER-00573,3039.59,2435.01,5,"Nerf Doll designed for quality, durability and everyday use.",4.3,103,2024-05-20,True
574,Nerf Plus Toy Car,7,116,Nerf,TOY-NER-00574,4742.01,3908.02,25,"Nerf Toy Car designed for quality, durability and everyday use.",4.7,656,2019-04-27,True
575,Nerf Advanced Doll,7,116,Nerf,TOY-NER-00575,4086.64,3101.74,0,"Nerf Doll designed for quality, durability and everyday use.",4.6,869,2018-01-13,True
576,Maybelline Pro Serum,5,117,Maybelline,BEA-MAY-00576,1309.45,1112.62,0,"Maybelline Serum designed for quality, durability and everyday use.",4.4,519,2022-07-29,True
577,Mamaearth Advanced Face Wash,5,117,Mamaearth,BEA-MAM-00577,2399.24,1419.36,15,"Mamaearth Face Wash designed for quality, durability and everyday use.",4.9,20,2025-08-08,True
578,Lakme Max Lipstick,5,117,Lakme,BEA-LAK-00578,2724.96,1741.19,20,"Lakme Lipstick designed for quality, durability and everyday use.",4.3,50,2026-03-24,True
579,Minimalist Plus Face Wash,5,117,Minimalist,BEA-MIN-00579,4422.11,3408.25,0,"Minimalist Face Wash designed for quality, durability and everyday use.",3.8,116,2023-04-16,True
580,Loreal Premium Moisturizer,5,117,Loreal,BEA-LOR-00580,1923.02,1158.77,10,"Loreal Moisturizer designed for quality, durability and everyday use.",5.0,75,2024-02-24,False
581,Maybelline Classic Moisturizer,5,117,Maybelline,BEA-MAY-00581,3297.84,2543.34,20,"Maybelline Moisturizer designed for quality, durability and everyday use.",4.0,122,2024-04-06,True
582,Nivea Elite Moisturizer,5,117,Nivea,BEA-NIV-00582,1494.15,850.19,5,"Nivea Moisturizer designed for quality, durability and everyday use.",4.6,300,2023-09-09,True
583,Borosil Advanced Bottle,3,118,Borosil,HMK-BOR-00583,15713.31,12413.06,30,"Borosil Bottle designed for quality, durability and everyday use.",4.2,156,2023-05-15,True
584,Pigeon Classic Mixer,3,118,Pigeon,HMK-PIG-00584,10071.72,6079.73,40,"Pigeon Mixer designed for quality, durability and everyday use.",5.0,271,2020-08-17,True
585,Philips Premium Induction Cooktop,3,118,Philips,HMK-PHI-00585,7682.65,6460.13,10,"Philips Induction Cooktop designed for quality, durability and everyday use.",4.9,457,2022-06-28,True
586,Milton Classic Cookware Set,3,118,Milton,HMK-MIL-00586,1039.9,822.14,25,"Milton Cookware Set designed for quality, durability and everyday use.",4.6,434,2021-12-03,True
587,Cello Eco Storage Box,3,118,Cello,HMK-CEL-00587,21126.74,14441.75,5,"Cello Storage Box designed for quality, durability and everyday use.",4.9,193,2023-12-18,True
588,Milton Premium Bottle,3,118,Milton,HMK-MIL-00588,4134.29,2626.57,40,"Milton Bottle designed for quality, durability and everyday use.",4.4,286,2021-08-07,False
589,Dabur Smart Vitamin Tablets,9,119,Dabur,HEA-DAB-00589,672.89,570.7,10,"Dabur Vitamin Tablets designed for quality, durability and everyday use.",4.6,183,2024-02-25,True
590,Horlicks Ultra Hand Sanitizer,9,119,Horlicks,HEA-HOR-00590,1927.28,1372.15,0,"Horlicks Hand Sanitizer designed for quality, durability and everyday use.",4.8,147,2025-04-08,True
591,Ensure Ultra Hand Sanitizer,9,119,Ensure,HEA-ENS-00591,121.04,93.39,40,"Ensure Hand Sanitizer designed for quality, durability and everyday use.",4.7,94,2025-08-28,True
592,Dettol Plus Vitamin Tablets,9,119,Dettol,HEA-DET-00592,3669.86,3033.83,5,"Dettol Vitamin Tablets designed for quality, durability and everyday use.",4.9,131,2023-03-24,True
593,Himalaya Premium Hand Sanitizer,9,119,Himalaya,HEA-HIM-00593,2067.99,1659.07,10,"Himalaya Hand Sanitizer designed for quality, durability and everyday use.",5.0,339,2019-10-19,True
594,Dabur Smart Hand Sanitizer,9,119,Dabur,HEA-DAB-00594,210.49,149.77,10,"Dabur Hand Sanitizer designed for quality, durability and everyday use.",4.4,543,2019-06-09,True
595,Borosil Premium Induction Cooktop,3,120,Borosil,HMK-BOR-00595,22756.95,14981.34,0,"Borosil Induction Cooktop designed for quality, durability and everyday use.",4.1,23,2025-02-02,True
596,Milton Advanced Bottle,3,120,Milton,HMK-MIL-00596,21920.39,12632.27,15,"Milton Bottle designed for quality, durability and everyday use.",4.6,93,2025-06-25,True
597,Cello Elite Pressure Cooker,3,120,Cello,HMK-CEL-00597,3919.41,2846.1,0,"Cello Pressure Cooker designed for quality, durability and everyday use.",4.9,105,2025-12-11,True
598,Borosil Classic Pressure Cooker,3,120,Borosil,HMK-BOR-00598,662.16,491.09,5,"Borosil Pressure Cooker designed for quality, durability and everyday use.",4.9,48,2026-03-09,True
599,Amul Eco Oil,8,121,Amul,GRO-AMU-00599,1006.64,802.13,5,"Amul Oil designed for quality, durability and everyday use.",4.5,77,2025-08-07,True
600,Tata Pro Atta,8,121,Tata,GRO-TAT-00600,635.33,471.52,15,"Tata Atta designed for quality, durability and everyday use.",4.9,146,2024-08-12,True
601,Fortune Classic Rice,8,121,Fortune,GRO-FOR-00601,1541.2,1075.63,40,"Fortune Rice designed for quality, durability and everyday use.",4.5,164,2025-09-11,True
602,Aashirvaad Advanced Milk Powder,8,121,Aashirvaad,GRO-AAS-00602,1949.8,1551.04,5,"Aashirvaad Milk Powder designed for quality, durability and everyday use.",4.3,326,2018-09-23,True
603,McGraw Hill Max Dictionary,4,122,McGraw Hill,BOO-MCG-00603,452.12,285.65,10,"McGraw Hill Dictionary designed for quality, durability and everyday use.",3.9,114,2024-08-16,True
604,Penguin Smart Biography,4,122,Penguin,BOO-PEN-00604,1567.92,948.55,0,"Penguin Biography designed for quality, durability and everyday use.",4.3,251,2024-10-09,True
605,Oxford Max Textbook,4,122,Oxford,BOO-OXF-00605,327.29,236.96,20,"Oxford Textbook designed for quality, durability and everyday use.",5.0,144,2025-02-02,True
606,Fortune Smart Rice,8,123,Fortune,GRO-FOR-00606,351.38,216.57,0,"Fortune Rice designed for quality, durability and everyday use.",4.0,156,2025-12-12,True
607,Tata Advanced Tea,8,123,Tata,GRO-TAT-00607,1836.26,1074.16,0,"Tata Tea designed for quality, durability and everyday use.",5.0,151,2022-01-12,True
608,Nestle Max Coffee,8,123,Nestle,GRO-NES-00608,385.8,247.45,20,"Nestle Coffee designed for quality, durability and everyday use.",4.9,352,2020-10-18,True
609,Fortune Classic Atta,8,123,Fortune,GRO-FOR-00609,878.37,684.17,0,"Fortune Atta designed for quality, durability and everyday use.",5.0,30,2025-06-02,True
610,Tata Eco Milk Powder,8,123,Tata,GRO-TAT-00610,1206.69,833.49,30,"Tata Milk Powder designed for quality, durability and everyday use.",5.0,218,2020-01-22,True
611,Nestle Plus Atta,8,123,Nestle,GRO-NES-00611,1807.29,1094.2,5,"Nestle Atta designed for quality, durability and everyday use.",5.0,282,2024-07-22,True
612,Aashirvaad Eco Atta,8,123,Aashirvaad,GRO-AAS-00612,1572.56,1154.08,10,"Aashirvaad Atta designed for quality, durability and everyday use.",5.0,330,2023-01-29,True
613,Oxford Eco Dictionary,4,124,Oxford,BOO-OXF-00613,158.01,121.29,30,"Oxford Dictionary designed for quality, durability and everyday use.",3.9,113,2025-08-30,True
614,HarperCollins Classic Story Book,4,124,HarperCollins,BOO-HAR-00614,484.57,318.09,5,"HarperCollins Story Book designed for quality, durability and everyday use.",4.9,441,2020-08-19,True
615,Penguin Ultra Biography,4,124,Penguin,BOO-PEN-00615,1067.26,702.66,5,"Penguin Biography designed for quality, durability and everyday use.",4.3,258,2019-05-21,True
616,McGraw Hill Pro Biography,4,124,McGraw Hill,BOO-MCG-00616,1421.04,1140.14,5,"McGraw Hill Biography designed for quality, durability and everyday use.",4.7,68,2025-05-26,True
617,McGraw Hill Ultra Textbook,4,125,McGraw Hill,BOO-MCG-00617,173.65,130.63,15,"McGraw Hill Textbook designed for quality, durability and everyday use.",4.7,121,2023-06-24,True
618,McGraw Hill Classic Biography,4,125,McGraw Hill,BOO-MCG-00618,1521.65,1244.3,0,"McGraw Hill Biography designed for quality, durability and everyday use.",4.7,513,2021-02-14,True
619,McGraw Hill Pro Story Book,4,125,McGraw Hill,BOO-MCG-00619,1564.91,1220.3,15,"McGraw Hill Story Book designed for quality, durability and everyday use.",4.3,111,2025-03-30,True
620,Pearson Advanced Story Book,4,125,Pearson,BOO-PEA-00620,1096.12,651.33,10,"Pearson Story Book designed for quality, durability and everyday use.",4.9,200,2024-04-17,True
621,Penguin Premium Novel,4,125,Penguin,BOO-PEN-00621,1686.08,1179.31,0,"Penguin Novel designed for quality, durability and everyday use.",4.9,79,2024-10-31,True
622,Pearson Classic Novel,4,125,Pearson,BOO-PEA-00622,1373.0,969.32,10,"Pearson Novel designed for quality, durability and everyday use.",4.6,331,2022-10-16,True
623,Pearson Eco Textbook,4,125,Pearson,BOO-PEA-00623,1161.25,970.54,0,"Pearson Textbook designed for quality, durability and everyday use.",4.6,135,2025-02-24,True
624,Ensure Premium Protein Powder,9,126,Ensure,HEA-ENS-00624,966.66,722.89,20,"Ensure Protein Powder designed for quality, durability and everyday use.",4.0,148,2022-06-01,True
625,Ensure Classic First Aid Kit,9,126,Ensure,HEA-ENS-00625,2887.39,2012.99,10,"Ensure First Aid Kit designed for quality, durability and everyday use.",4.5,10,2026-02-25,True
626,Ensure Advanced Hand Sanitizer,9,126,Ensure,HEA-ENS-00626,2996.12,1987.44,15,"Ensure Hand Sanitizer designed for quality, durability and everyday use.",4.2,148,2020-05-05,True
627,Dabur Max Hand Sanitizer,9,126,Dabur,HEA-DAB-00627,4066.81,2949.21,20,"Dabur Hand Sanitizer designed for quality, durability and everyday use.",4.4,108,2025-05-26,False
628,Ensure Premium Hand Sanitizer,9,126,Ensure,HEA-ENS-00628,3340.08,2085.16,15,"Ensure Hand Sanitizer designed for quality, durability and everyday use.",4.5,216,2023-05-15,True
629,Cosco Premium Yoga Mat,6,127,Cosco,SPO-COS-00629,14096.83,11404.48,10,"Cosco Yoga Mat designed for quality, durability and everyday use.",3.9,381,2022-08-19,True
630,Puma Plus Dumbbells,6,127,Puma,SPO-PUM-00630,12013.87,8671.15,20,"Puma Dumbbells designed for quality, durability and everyday use.",5.0,167,2024-11-19,True
631,SG Ultra Yoga Mat,6,127,SG,SPO-SG-00631,18637.42,12282.07,10,"SG Yoga Mat designed for quality, durability and everyday use.",4.6,334,2023-06-04,True
632,Puma Pro Football,6,127,Puma,SPO-PUM-00632,29888.72,20043.62,5,"Puma Football designed for quality, durability and everyday use.",4.3,237,2019-08-16,True
633,Nestle Advanced Coffee,8,128,Nestle,GRO-NES-00633,882.86,577.56,0,"Nestle Coffee designed for quality, durability and everyday use.",4.1,150,2024-09-06,True
634,Aashirvaad Elite Atta,8,128,Aashirvaad,GRO-AAS-00634,834.49,615.43,10,"Aashirvaad Atta designed for quality, durability and everyday use.",4.2,762,2020-02-08,True
635,Fortune Advanced Coffee,8,128,Fortune,GRO-FOR-00635,465.26,390.18,20,"Fortune Coffee designed for quality, durability and everyday use.",4.6,131,2025-12-27,True
636,Tata Smart Coffee,8,128,Tata,GRO-TAT-00636,760.34,451.89,0,"Tata Coffee designed for quality, durability and everyday use.",4.4,290,2022-06-10,True
637,Nike Elite Cricket Bat,6,129,Nike,SPO-NIK-00637,8374.58,5327.18,0,"Nike Cricket Bat designed for quality, durability and everyday use.",4.4,216,2021-05-03,True
638,Nike Pro Cricket Bat,6,129,Nike,SPO-NIK-00638,14192.71,10189.62,10,"Nike Cricket Bat designed for quality, durability and everyday use.",4.4,439,2018-06-13,True
639,Puma Eco Yoga Mat,6,129,Puma,SPO-PUM-00639,5691.56,4586.01,40,"Puma Yoga Mat designed for quality, durability and everyday use.",4.6,481,2018-03-27,True
640,Nike Max Dumbbells,6,129,Nike,SPO-NIK-00640,20314.33,16570.72,5,"Nike Dumbbells designed for quality, durability and everyday use.",4.1,68,2024-04-28,True
641,Cosco Eco Football,6,129,Cosco,SPO-COS-00641,20094.41,14550.88,20,"Cosco Football designed for quality, durability and everyday use.",4.6,181,2023-07-04,True
642,Puma Plus Yoga Mat,6,129,Puma,SPO-PUM-00642,22248.47,17615.28,20,"Puma Yoga Mat designed for quality, durability and everyday use.",3.8,299,2020-08-06,True
643,Amul Plus Oil,8,130,Amul,GRO-AMU-00643,159.05,112.93,15,"Amul Oil designed for quality, durability and everyday use.",4.9,83,2025-08-30,True
644,Fortune Advanced Oil,8,130,Fortune,GRO-FOR-00644,1445.56,1151.26,0,"Fortune Oil designed for quality, durability and everyday use.",3.7,403,2023-04-22,True
645,Nestle Pro Tea,8,130,Nestle,GRO-NES-00645,1295.95,985.16,30,"Nestle Tea designed for quality, durability and everyday use.",4.4,259,2024-04-29,True
646,Tata Pro Tea,8,130,Tata,GRO-TAT-00646,636.73,529.06,20,"Tata Tea designed for quality, durability and everyday use.",4.8,284,2023-11-25,True
647,SG Premium Dumbbells,6,131,SG,SPO-SG-00647,8584.08,4927.51,20,"SG Dumbbells designed for quality, durability and everyday use.",4.6,223,2024-11-12,True
648,Nike Pro Cricket Bat,6,131,Nike,SPO-NIK-00648,15436.87,10119.75,15,"Nike Cricket Bat designed for quality, durability and everyday use.",4.1,27,2025-07-17,True
649,SG Advanced Cricket Bat,6,131,SG,SPO-SG-00649,23835.07,14082.42,10,"SG Cricket Bat designed for quality, durability and everyday use.",4.4,233,2020-06-17,True
650,Cosco Plus Cricket Bat,6,131,Cosco,SPO-COS-00650,20729.72,16330.72,5,"Cosco Cricket Bat designed for quality, durability and everyday use.",4.6,84,2024-06-17,True
651,Puma Smart Yoga Mat,6,131,Puma,SPO-PUM-00651,2989.77,1974.08,5,"Puma Yoga Mat designed for quality, durability and everyday use.",4.7,14,2026-03-14,True
652,Nike Plus Badminton Racket,6,131,Nike,SPO-NIK-00652,18985.51,15607.1,40,"Nike Badminton Racket designed for quality, durability and everyday use.",4.9,85,2023-12-12,True
653,Yonex Pro Badminton Racket,6,131,Yonex,SPO-YON-00653,4902.91,4105.75,0,"Yonex Badminton Racket designed for quality, durability and everyday use.",4.5,585,2019-06-23,True
654,Asus Smart Smartphone,1,132,Asus,ELE-ASU-00654,107607.43,65335.28,25,"Asus Smartphone designed for quality, durability and everyday use.",4.2,275,2022-10-09,True
655,HP Pro Smart Watch,1,132,HP,ELE-HP-00655,109552.79,66477.61,0,"HP Smart Watch designed for quality, durability and everyday use.",4.2,401,2018-09-26,True
656,HP Plus Monitor,1,132,HP,ELE-HP-00656,103271.53,70993.93,0,"HP Monitor designed for quality, durability and everyday use.",4.9,431,2022-03-25,True
657,LG Plus Keyboard,1,132,LG,ELE-LG-00657,39921.39,23097.87,0,"LG Keyboard designed for quality, durability and everyday use.",4.7,146,2021-12-26,True
658,LG Elite Headphones,1,132,LG,ELE-LG-00658,101346.78,59761.31,25,"LG Headphones designed for quality, durability and everyday use.",5.0,635,2020-12-13,True
659,Sony Ultra Mouse,1,132,Sony,ELE-SON-00659,15267.9,11650.58,10,"Sony Mouse designed for quality, durability and everyday use.",4.8,631,2020-09-18,True
660,Lenovo Elite Monitor,1,132,Lenovo,ELE-LEN-00660,43872.98,35672.28,15,"Lenovo Monitor designed for quality, durability and everyday use.",4.2,546,2021-10-03,True
661,Yonex Eco Cricket Bat,6,133,Yonex,SPO-YON-00661,25664.49,19177.17,20,"Yonex Cricket Bat designed for quality, durability and everyday use.",5.0,287,2021-04-15,True
662,Puma Advanced Cricket Bat,6,133,Puma,SPO-PUM-00662,13374.68,11349.23,30,"Puma Cricket Bat designed for quality, durability and everyday use.",5.0,31,2026-02-22,True
663,Nike Classic Cricket Bat,6,133,Nike,SPO-NIK-00663,10813.33,6608.24,5,"Nike Cricket Bat designed for quality, durability and everyday use.",4.1,184,2024-07-12,True
664,Cosco Plus Cricket Bat,6,133,Cosco,SPO-COS-00664,29941.13,16504.68,20,"Cosco Cricket Bat designed for quality, durability and everyday use.",4.9,236,2024-05-19,True
665,Hot Wheels Pro Puzzle,7,134,Hot Wheels,TOY-HOT-00665,3470.3,2617.27,5,"Hot Wheels Puzzle designed for quality, durability and everyday use.",4.5,79,2024-10-24,True
666,Barbie Advanced Doll,7,134,Barbie,TOY-BAR-00666,3216.11,2028.71,15,"Barbie Doll designed for quality, durability and everyday use.",4.8,603,2019-09-30,True
667,Nerf Smart Toy Car,7,134,Nerf,TOY-NER-00667,4343.74,3433.58,5,"Nerf Toy Car designed for quality, durability and everyday use.",4.2,38,2026-01-25,True
668,Fortune Elite Atta,8,135,Fortune,GRO-FOR-00668,223.92,180.41,0,"Fortune Atta designed for quality, durability and everyday use.",4.2,243,2020-11-11,True
669,Amul Pro Milk Powder,8,135,Amul,GRO-AMU-00669,1812.28,1324.87,5,"Amul Milk Powder designed for quality, durability and everyday use.",5.0,165,2024-02-14,True
670,Amul Pro Tea,8,135,Amul,GRO-AMU-00670,1147.96,777.08,20,"Amul Tea designed for quality, durability and everyday use.",4.2,129,2025-06-08,True
671,Nestle Advanced Oil,8,135,Nestle,GRO-NES-00671,1369.06,1018.97,15,"Nestle Oil designed for quality, durability and everyday use.",3.9,41,2025-12-10,True
672,Amul Advanced Rice,8,135,Amul,GRO-AMU-00672,635.77,537.39,15,"Amul Rice designed for quality, durability and everyday use.",4.8,231,2022-05-25,True
673,Nike Classic Badminton Racket,6,136,Nike,SPO-NIK-00673,15564.22,10488.82,10,"Nike Badminton Racket designed for quality, durability and everyday use.",4.3,105,2024-12-28,True
674,Cosco Classic Football,6,136,Cosco,SPO-COS-00674,22345.23,15392.82,20,"Cosco Football designed for quality, durability and everyday use.",4.1,861,2019-03-03,True
675,Cosco Advanced Dumbbells,6,136,Cosco,SPO-COS-00675,18902.41,11899.49,40,"Cosco Dumbbells designed for quality, durability and everyday use.",4.0,180,2021-01-14,True
676,Cosco Classic Yoga Mat,6,136,Cosco,SPO-COS-00676,13297.07,7384.85,5,"Cosco Yoga Mat designed for quality, durability and everyday use.",5.0,123,2025-07-31,True
677,SG Advanced Badminton Racket,6,136,SG,SPO-SG-00677,9432.6,7488.92,15,"SG Badminton Racket designed for quality, durability and everyday use.",4.4,97,2025-03-19,True
678,HarperCollins Premium Novel,4,137,HarperCollins,BOO-HAR-00678,1437.66,871.89,0,"HarperCollins Novel designed for quality, durability and everyday use.",4.6,546,2021-05-10,True
679,Pearson Classic Dictionary,4,137,Pearson,BOO-PEA-00679,706.7,486.94,10,"Pearson Dictionary designed for quality, durability and everyday use.",5.0,575,2020-11-08,True
680,McGraw Hill Advanced Novel,4,137,McGraw Hill,BOO-MCG-00680,1232.67,752.42,10,"McGraw Hill Novel designed for quality, durability and everyday use.",4.1,265,2018-01-09,True
681,Barbie Plus Doll,7,138,Barbie,TOY-BAR-00681,3060.03,2191.87,5,"Barbie Doll designed for quality, durability and everyday use.",4.6,46,2026-04-25,True
682,Barbie Premium Toy Car,7,138,Barbie,TOY-BAR-00682,2735.88,1851.1,5,"Barbie Toy Car designed for quality, durability and everyday use.",5.0,141,2025-05-04,True
683,Nerf Advanced Building Blocks,7,138,Nerf,TOY-NER-00683,3548.07,1973.59,5,"Nerf Building Blocks designed for quality, durability and everyday use.",4.9,619,2021-04-20,True
684,Hot Wheels Advanced Board Game,7,138,Hot Wheels,TOY-HOT-00684,829.56,529.27,15,"Hot Wheels Board Game designed for quality, durability and everyday use.",3.7,140,2025-01-07,True
685,Funskool Smart Board Game,7,138,Funskool,TOY-FUN-00685,1555.79,1205.39,15,"Funskool Board Game designed for quality, durability and everyday use.",4.9,131,2022-10-04,True
686,Barbie Smart Building Blocks,7,138,Barbie,TOY-BAR-00686,1205.28,679.92,0,"Barbie Building Blocks designed for quality, durability and everyday use.",4.0,149,2023-11-21,True
687,Himalaya Max Protein Powder,9,139,Himalaya,HEA-HIM-00687,2210.04,1624.97,0,"Himalaya Protein Powder designed for quality, durability and everyday use.",4.8,463,2021-11-27,True
688,Dettol Ultra Hand Sanitizer,9,139,Dettol,HEA-DET-00688,4281.7,3477.21,15,"Dettol Hand Sanitizer designed for quality, durability and everyday use.",5.0,608,2019-03-25,True
689,Himalaya Plus Protein Powder,9,139,Himalaya,HEA-HIM-00689,3087.31,2493.05,0,"Himalaya Protein Powder designed for quality, durability and everyday use.",4.5,382,2023-12-09,True
690,Dabur Ultra Hand Sanitizer,9,139,Dabur,HEA-DAB-00690,3668.91,2797.36,20,"Dabur Hand Sanitizer designed for quality, durability and everyday use.",4.6,391,2023-11-12,True
691,Dabur Smart Protein Powder,9,139,Dabur,HEA-DAB-00691,2251.63,1519.23,20,"Dabur Protein Powder designed for quality, durability and everyday use.",4.8,113,2024-11-30,True
692,Himalaya Max Hand Sanitizer,9,139,Himalaya,HEA-HIM-00692,3604.48,2431.23,15,"Himalaya Hand Sanitizer designed for quality, durability and everyday use.",4.8,127,2025-12-20,True
693,Dabur Elite First Aid Kit,9,139,Dabur,HEA-DAB-00693,4598.3,3767.94,40,"Dabur First Aid Kit designed for quality, durability and everyday use.",4.6,286,2023-03-02,True
694,Mamaearth Classic Face Wash,5,140,Mamaearth,BEA-MAM-00694,1790.77,1200.7,20,"Mamaearth Face Wash designed for quality, durability and everyday use.",4.6,398,2023-03-17,True
695,Maybelline Premium Moisturizer,5,140,Maybelline,BEA-MAY-00695,4892.0,4128.92,20,"Maybelline Moisturizer designed for quality, durability and everyday use.",4.0,122,2025-05-08,True
696,3M Max Car Cover,10,141,3M,AUT-3M-00696,891.16,564.94,10,"3M Car Cover designed for quality, durability and everyday use.",3.9,72,2025-07-02,True
697,GoMechanic Advanced Cleaning Kit,10,141,GoMechanic,AUT-GOM-00697,35024.81,28590.84,20,"GoMechanic Cleaning Kit designed for quality, durability and everyday use.",4.7,186,2021-09-09,True
698,3M Ultra Tyre Inflator,10,141,3M,AUT-3M-00698,26263.25,18705.66,5,"3M Tyre Inflator designed for quality, durability and everyday use.",4.6,263,2021-11-28,True
699,GoMechanic Pro Cleaning Kit,10,141,GoMechanic,AUT-GOM-00699,12446.32,9736.1,15,"GoMechanic Cleaning Kit designed for quality, durability and everyday use.",3.6,501,2020-05-02,True
700,GoMechanic Classic Car Cover,10,141,GoMechanic,AUT-GOM-00700,2862.78,2133.6,0,"GoMechanic Car Cover designed for quality, durability and everyday use.",4.8,106,2025-07-17,False
701,GoMechanic Eco Cleaning Kit,10,141,GoMechanic,AUT-GOM-00701,42302.54,26233.98,5,"GoMechanic Cleaning Kit designed for quality, durability and everyday use.",4.4,43,2026-03-19,True
702,Dabur Max Protein Powder,9,142,Dabur,HEA-DAB-00702,2630.61,1598.8,20,"Dabur Protein Powder designed for quality, durability and everyday use.",4.6,504,2022-05-21,True
703,Himalaya Elite Protein Powder,9,142,Himalaya,HEA-HIM-00703,4453.7,3085.86,10,"Himalaya Protein Powder designed for quality, durability and everyday use.",4.7,35,2026-04-19,True
704,Ensure Plus Hand Sanitizer,9,142,Ensure,HEA-ENS-00704,2544.25,1722.53,10,"Ensure Hand Sanitizer designed for quality, durability and everyday use.",3.9,61,2025-05-03,True
705,Dabur Advanced First Aid Kit,9,142,Dabur,HEA-DAB-00705,733.99,558.83,25,"Dabur First Aid Kit designed for quality, durability and everyday use.",4.9,96,2022-08-27,True
706,Dettol Classic Hand Sanitizer,9,142,Dettol,HEA-DET-00706,3047.84,2049.93,0,"Dettol Hand Sanitizer designed for quality, durability and everyday use.",4.5,280,2018-06-06,True
707,Aashirvaad Advanced Oil,8,143,Aashirvaad,GRO-AAS-00707,104.56,61.99,20,"Aashirvaad Oil designed for quality, durability and everyday use.",4.7,267,2024-09-16,True
708,Fortune Advanced Milk Powder,8,143,Fortune,GRO-FOR-00708,54.07,38.62,0,"Fortune Milk Powder designed for quality, durability and everyday use.",5.0,184,2024-09-26,True
709,Aashirvaad Advanced Tea,8,143,Aashirvaad,GRO-AAS-00709,1677.2,1341.94,0,"Aashirvaad Tea designed for quality, durability and everyday use.",4.9,134,2025-07-10,True
710,Aashirvaad Plus Rice,8,143,Aashirvaad,GRO-AAS-00710,1345.78,905.56,5,"Aashirvaad Rice designed for quality, durability and everyday use.",4.7,91,2025-06-26,True
711,Fortune Premium Milk Powder,8,143,Fortune,GRO-FOR-00711,1165.39,919.32,15,"Fortune Milk Powder designed for quality, durability and everyday use.",4.5,317,2020-06-23,True
712,Nestle Premium Coffee,8,143,Nestle,GRO-NES-00712,1916.72,1354.21,20,"Nestle Coffee designed for quality, durability and everyday use.",4.6,684,2019-11-06,True
713,Tata Smart Oil,8,143,Tata,GRO-TAT-00713,528.31,402.41,25,"Tata Oil designed for quality, durability and everyday use.",4.6,20,2026-05-27,True
714,Tata Premium Tea,8,143,Tata,GRO-TAT-00714,712.92,430.71,0,"Tata Tea designed for quality, durability and everyday use.",4.5,118,2023-07-06,False
715,Puma Ultra Cricket Bat,6,144,Puma,SPO-PUM-00715,8038.86,4637.53,5,"Puma Cricket Bat designed for quality, durability and everyday use.",4.7,285,2021-10-28,True
716,Nike Elite Yoga Mat,6,144,Nike,SPO-NIK-00716,3412.95,2022.99,25,"Nike Yoga Mat designed for quality, durability and everyday use.",4.8,86,2023-09-05,True
717,Cosco Smart Badminton Racket,6,144,Cosco,SPO-COS-00717,15042.89,11669.03,5,"Cosco Badminton Racket designed for quality, durability and everyday use.",4.9,706,2019-04-21,True
718,Yonex Elite Football,6,144,Yonex,SPO-YON-00718,19189.47,15814.44,0,"Yonex Football designed for quality, durability and everyday use.",4.5,186,2023-07-27,True
719,SG Pro Cricket Bat,6,144,SG,SPO-SG-00719,17263.25,11804.52,25,"SG Cricket Bat designed for quality, durability and everyday use.",4.6,251,2023-10-19,True
720,Castrol Elite Cleaning Kit,10,145,Castrol,AUT-CAS-00720,48086.93,34456.48,0,"Castrol Cleaning Kit designed for quality, durability and everyday use.",4.2,18,2026-06-25,True
721,Castrol Premium Engine Oil,10,145,Castrol,AUT-CAS-00721,46708.59,32446.4,15,"Castrol Engine Oil designed for quality, durability and everyday use.",4.1,255,2024-12-20,True
722,GoMechanic Pro Cleaning Kit,10,145,GoMechanic,AUT-GOM-00722,2751.49,2123.48,10,"GoMechanic Cleaning Kit designed for quality, durability and everyday use.",4.8,131,2023-09-09,True
723,3M Smart Tyre Inflator,10,145,3M,AUT-3M-00723,30717.04,25717.08,5,"3M Tyre Inflator designed for quality, durability and everyday use.",4.4,563,2021-06-19,True
724,Oxford Smart Textbook,4,146,Oxford,BOO-OXF-00724,1000.63,730.31,0,"Oxford Textbook designed for quality, durability and everyday use.",4.4,371,2023-01-05,True
725,Penguin Elite Dictionary,4,146,Penguin,BOO-PEN-00725,1178.21,894.2,10,"Penguin Dictionary designed for quality, durability and everyday use.",4.7,806,2019-10-27,True
726,Penguin Classic Story Book,4,146,Penguin,BOO-PEN-00726,803.04,637.48,20,"Penguin Story Book designed for quality, durability and everyday use.",4.7,247,2020-01-18,True
727,HarperCollins Premium Story Book,4,146,HarperCollins,BOO-HAR-00727,559.81,311.22,5,"HarperCollins Story Book designed for quality, durability and everyday use.",3.9,374,2023-07-04,True
728,HarperCollins Advanced Dictionary,4,146,HarperCollins,BOO-HAR-00728,1939.5,1088.13,10,"HarperCollins Dictionary designed for quality, durability and everyday use.",4.3,160,2023-01-15,False
729,McGraw Hill Pro Novel,4,146,McGraw Hill,BOO-MCG-00729,1202.84,839.83,10,"McGraw Hill Novel designed for quality, durability and everyday use.",4.4,36,2026-05-19,True
730,Lego Pro Toy Car,7,147,Lego,TOY-LEG-00730,4681.1,3775.98,25,"Lego Toy Car designed for quality, durability and everyday use.",4.3,665,2020-02-17,True
731,Nerf Premium Doll,7,147,Nerf,TOY-NER-00731,4701.87,3490.15,30,"Nerf Doll designed for quality, durability and everyday use.",5.0,124,2025-06-04,True
732,Nerf Advanced Doll,7,147,Nerf,TOY-NER-00732,1935.06,1504.91,25,"Nerf Doll designed for quality, durability and everyday use.",4.8,352,2022-05-10,True
733,Lego Smart Doll,7,147,Lego,TOY-LEG-00733,1806.59,1470.62,20,"Lego Doll designed for quality, durability and everyday use.",3.5,118,2022-05-17,True
734,Funskool Max Toy Car,7,147,Funskool,TOY-FUN-00734,1691.87,1248.26,0,"Funskool Toy Car designed for quality, durability and everyday use.",4.6,40,2026-04-28,True
735,Dabur Advanced Protein Powder,9,148,Dabur,HEA-DAB-00735,1267.96,827.01,0,"Dabur Protein Powder designed for quality, durability and everyday use.",4.7,367,2023-05-30,True
736,Himalaya Plus First Aid Kit,9,148,Himalaya,HEA-HIM-00736,711.65,599.46,30,"Himalaya First Aid Kit designed for quality, durability and everyday use.",4.7,125,2023-05-14,True
737,Ensure Pro Protein Powder,9,148,Ensure,HEA-ENS-00737,3092.62,2101.6,0,"Ensure Protein Powder designed for quality, durability and everyday use.",5.0,551,2019-01-26,True
738,Ensure Plus Vitamin Tablets,9,148,Ensure,HEA-ENS-00738,3958.63,2918.31,10,"Ensure Vitamin Tablets designed for quality, durability and everyday use.",4.6,39,2026-06-24,True
739,Himalaya Eco First Aid Kit,9,148,Himalaya,HEA-HIM-00739,1708.15,1038.12,0,"Himalaya First Aid Kit designed for quality, durability and everyday use.",4.5,746,2018-07-18,True
740,Dettol Max Hand Sanitizer,9,148,Dettol,HEA-DET-00740,2162.93,1659.8,10,"Dettol Hand Sanitizer designed for quality, durability and everyday use.",4.8,125,2023-05-04,True
741,Cello Pro Bottle,3,149,Cello,HMK-CEL-00741,14799.82,10542.55,0,"Cello Bottle designed for quality, durability and everyday use.",4.6,134,2024-08-19,False
742,Borosil Ultra Induction Cooktop,3,149,Borosil,HMK-BOR-00742,1904.28,1337.06,25,"Borosil Induction Cooktop designed for quality, durability and everyday use.",4.0,289,2024-02-05,True
743,Philips Max Mixer,3,149,Philips,HMK-PHI-00743,5139.21,3560.02,15,"Philips Mixer designed for quality, durability and everyday use.",4.6,36,2026-03-30,True
744,Borosil Elite Bottle,3,149,Borosil,HMK-BOR-00744,8551.17,4972.12,25,"Borosil Bottle designed for quality, durability and everyday use.",3.9,387,2023-01-08,True
745,Philips Plus Pressure Cooker,3,149,Philips,HMK-PHI-00745,5721.89,3972.27,20,"Philips Pressure Cooker designed for quality, durability and everyday use.",4.1,72,2025-02-08,True
746,Nike Premium Yoga Mat,6,150,Nike,SPO-NIK-00746,2675.07,1495.38,0,"Nike Yoga Mat designed for quality, durability and everyday use.",4.8,102,2022-01-07,False
747,Adidas Pro Cricket Bat,6,150,Adidas,SPO-ADI-00747,5637.32,4597.88,15,"Adidas Cricket Bat designed for quality, durability and everyday use.",4.7,90,2024-01-01,True
748,Puma Premium Football,6,150,Puma,SPO-PUM-00748,25027.65,14795.67,15,"Puma Football designed for quality, durability and everyday use.",4.0,412,2021-03-06,True
749,Puma Ultra Yoga Mat,6,150,Puma,SPO-PUM-00749,28264.27,23830.47,50,"Puma Yoga Mat designed for quality, durability and everyday use.",4.0,120,2023-05-14,True
750,Adidas Smart Cricket Bat,6,150,Adidas,SPO-ADI-00750,16210.36,12292.42,5,"Adidas Cricket Bat designed for quality, durability and everyday use.",4.6,375,2023-04-05,True
751,Cosco Ultra Yoga Mat,6,150,Cosco,SPO-COS-00751,10166.58,5754.06,20,"Cosco Yoga Mat designed for quality, durability and everyday use.",4.0,31,2026-04-11,True
752,Amul Plus Milk Powder,8,151,Amul,GRO-AMU-00752,176.5,124.01,20,"Amul Milk Powder designed for quality, durability and everyday use.",4.4,152,2025-10-18,True
753,Aashirvaad Max Milk Powder,8,151,Aashirvaad,GRO-AAS-00753,1074.68,746.89,40,"Aashirvaad Milk Powder designed for quality, durability and everyday use.",4.6,41,2026-04-10,True
754,Fortune Advanced Atta,8,151,Fortune,GRO-FOR-00754,1733.18,1159.1,5,"Fortune Atta designed for quality, durability and everyday use.",4.0,85,2025-02-05,True
755,Apple Advanced Headphones,1,152,Apple,ELE-APP-00755,78785.47,48772.4,0,"Apple Headphones designed for quality, durability and everyday use.",4.6,319,2022-07-12,True
756,Sony Max Mouse,1,152,Sony,ELE-SON-00756,42406.88,23638.25,10,"Sony Mouse designed for quality, durability and everyday use.",4.8,461,2018-03-26,True
757,Apple Smart Headphones,1,152,Apple,ELE-APP-00757,16564.55,9465.06,0,"Apple Headphones designed for quality, durability and everyday use.",4.9,356,2021-11-05,True
758,Lenovo Plus Smart Watch,1,153,Lenovo,ELE-LEN-00758,149703.36,127176.23,20,"Lenovo Smart Watch designed for quality, durability and everyday use.",4.3,213,2023-01-18,True
759,Sony Elite Keyboard,1,153,Sony,ELE-SON-00759,123635.47,96107.02,0,"Sony Keyboard designed for quality, durability and everyday use.",4.4,263,2023-11-02,True
760,HP Smart Mouse,1,153,HP,ELE-HP-00760,78342.15,61560.67,20,"HP Mouse designed for quality, durability and everyday use.",4.3,220,2023-06-25,True
761,LG Smart Keyboard,1,153,LG,ELE-LG-00761,66924.76,53933.54,0,"LG Keyboard designed for quality, durability and everyday use.",4.9,281,2024-09-17,True
762,Asus Max Monitor,1,153,Asus,ELE-ASU-00762,35372.61,23972.58,20,"Asus Monitor designed for quality, durability and everyday use.",4.2,123,2024-09-05,True
763,Samsung Ultra Tablet,1,153,Samsung,ELE-SAM-00763,146632.01,124384.59,10,"Samsung Tablet designed for quality, durability and everyday use.",4.2,25,2026-03-21,False
764,Yonex Eco Football,6,154,Yonex,SPO-YON-00764,11899.8,8239.82,5,"Yonex Football designed for quality, durability and everyday use.",3.7,63,2024-09-15,True
765,SG Ultra Badminton Racket,6,154,SG,SPO-SG-00765,1445.75,1094.01,10,"SG Badminton Racket designed for quality, durability and everyday use.",4.9,430,2019-01-31,True
766,Puma Classic Badminton Racket,6,154,Puma,SPO-PUM-00766,13912.58,9190.59,0,"Puma Badminton Racket designed for quality, durability and everyday use.",4.8,60,2025-03-11,False
767,Adidas Elite Badminton Racket,6,154,Adidas,SPO-ADI-00767,14608.41,8335.98,40,"Adidas Badminton Racket designed for quality, durability and everyday use.",4.0,417,2021-02-25,True
768,Loreal Plus Shampoo,5,155,Loreal,BEA-LOR-00768,2939.19,1890.18,5,"Loreal Shampoo designed for quality, durability and everyday use.",4.3,41,2024-02-18,False
769,Loreal Elite Face Wash,5,155,Loreal,BEA-LOR-00769,3083.52,1924.28,5,"Loreal Face Wash designed for quality, durability and everyday use.",4.5,167,2025-08-05,True
770,Lakme Advanced Serum,5,155,Lakme,BEA-LAK-00770,1831.89,1470.63,20,"Lakme Serum designed for quality, durability and everyday use.",4.7,272,2023-12-25,True
771,Mamaearth Elite Sunscreen,5,155,Mamaearth,BEA-MAM-00771,2370.47,1951.49,0,"Mamaearth Sunscreen designed for quality, durability and everyday use.",4.5,182,2023-03-31,True
772,Maybelline Eco Serum,5,155,Maybelline,BEA-MAY-00772,1565.66,1291.5,15,"Maybelline Serum designed for quality, durability and everyday use.",4.3,290,2022-10-07,False
773,Mamaearth Max Face Wash,5,155,Mamaearth,BEA-MAM-00773,521.19,303.11,20,"Mamaearth Face Wash designed for quality, durability and everyday use.",4.8,93,2024-06-01,True
774,Lego Elite Doll,7,156,Lego,TOY-LEG-00774,1849.56,1238.84,0,"Lego Doll designed for quality, durability and everyday use.",5.0,454,2020-10-06,True
775,Barbie Advanced Doll,7,156,Barbie,TOY-BAR-00775,527.54,376.94,5,"Barbie Doll designed for quality, durability and everyday use.",3.8,265,2021-07-25,True
776,Lego Classic Board Game,7,156,Lego,TOY-LEG-00776,1050.74,617.04,20,"Lego Board Game designed for quality, durability and everyday use.",4.9,406,2023-01-23,True
777,Barbie Ultra Building Blocks,7,156,Barbie,TOY-BAR-00777,1240.03,694.83,15,"Barbie Building Blocks designed for quality, durability and everyday use.",4.9,46,2025-12-06,True
778,Hot Wheels Premium Doll,7,156,Hot Wheels,TOY-HOT-00778,3071.39,1734.1,5,"Hot Wheels Doll designed for quality, durability and everyday use.",4.9,304,2021-05-03,True
779,Lakme Smart Serum,5,157,Lakme,BEA-LAK-00779,3447.8,1961.63,40,"Lakme Serum designed for quality, durability and everyday use.",5.0,145,2023-12-10,True
780,Mamaearth Max Face Wash,5,157,Mamaearth,BEA-MAM-00780,1715.0,1265.73,15,"Mamaearth Face Wash designed for quality, durability and everyday use.",3.8,50,2025-05-26,True
781,Lakme Max Serum,5,157,Lakme,BEA-LAK-00781,992.06,665.32,5,"Lakme Serum designed for quality, durability and everyday use.",4.7,396,2023-05-16,True
782,Minimalist Max Moisturizer,5,157,Minimalist,BEA-MIN-00782,363.1,296.16,10,"Minimalist Moisturizer designed for quality, durability and everyday use.",4.2,334,2023-07-28,True
783,Mamaearth Pro Shampoo,5,157,Mamaearth,BEA-MAM-00783,4801.32,3504.77,50,"Mamaearth Shampoo designed for quality, durability and everyday use.",4.3,230,2023-09-30,True
784,Zara Advanced Sneakers,2,158,Zara,FAS-ZAR-00784,819.85,455.26,30,"Zara Sneakers designed for quality, durability and everyday use.",4.6,168,2024-04-21,True
785,Nike Premium Jeans,2,158,Nike,FAS-NIK-00785,5045.88,4132.75,5,"Nike Jeans designed for quality, durability and everyday use.",4.3,5,2026-06-23,True
786,Puma Pro Jacket,2,158,Puma,FAS-PUM-00786,1855.49,1229.68,15,"Puma Jacket designed for quality, durability and everyday use.",4.8,104,2025-06-27,True
787,Puma Premium Shirt,2,158,Puma,FAS-PUM-00787,4310.72,3635.1,15,"Puma Shirt designed for quality, durability and everyday use.",4.8,510,2018-12-06,True
788,Allen Solly Smart T-Shirt,2,158,Allen Solly,FAS-ALL-00788,6471.18,4910.87,5,"Allen Solly T-Shirt designed for quality, durability and everyday use.",4.0,153,2024-01-11,True
789,Nike Advanced Hoodie,2,158,Nike,FAS-NIK-00789,838.88,509.82,15,"Nike Hoodie designed for quality, durability and everyday use.",4.9,297,2020-07-06,True
790,Adidas Eco Cricket Bat,6,159,Adidas,SPO-ADI-00790,2805.85,2153.48,5,"Adidas Cricket Bat designed for quality, durability and everyday use.",4.3,740,2020-12-27,True
791,Puma Advanced Badminton Racket,6,159,Puma,SPO-PUM-00791,29047.91,17731.43,25,"Puma Badminton Racket designed for quality, durability and everyday use.",4.6,121,2025-01-06,True
792,Yonex Elite Dumbbells,6,159,Yonex,SPO-YON-00792,15406.13,11870.09,20,"Yonex Dumbbells designed for quality, durability and everyday use.",4.1,255,2023-02-10,True
793,Nike Plus Yoga Mat,6,159,Nike,SPO-NIK-00793,16347.33,11702.33,0,"Nike Yoga Mat designed for quality, durability and everyday use.",4.7,484,2021-08-03,True
794,Yonex Max Football,6,159,Yonex,SPO-YON-00794,4531.36,3130.16,0,"Yonex Football designed for quality, durability and everyday use.",4.9,887,2019-05-28,True
795,Yonex Elite Dumbbells,6,159,Yonex,SPO-YON-00795,28238.41,23752.68,5,"Yonex Dumbbells designed for quality, durability and everyday use.",4.6,4,2026-04-19,True
796,Lego Plus Doll,7,160,Lego,TOY-LEG-00796,979.34,762.79,40,"Lego Doll designed for quality, durability and everyday use.",4.2,170,2024-12-14,True
797,Hot Wheels Elite Puzzle,7,160,Hot Wheels,TOY-HOT-00797,4647.29,3581.66,5,"Hot Wheels Puzzle designed for quality, durability and everyday use.",5.0,400,2023-02-27,True
798,Loreal Ultra Sunscreen,5,161,Loreal,BEA-LOR-00798,1383.3,1010.7,40,"Loreal Sunscreen designed for quality, durability and everyday use.",4.1,819,2018-04-05,True
799,Loreal Plus Lipstick,5,161,Loreal,BEA-LOR-00799,4874.61,2798.54,30,"Loreal Lipstick designed for quality, durability and everyday use.",4.0,209,2022-05-24,True
800,Mamaearth Elite Moisturizer,5,161,Mamaearth,BEA-MAM-00800,2992.49,2304.76,20,"Mamaearth Moisturizer designed for quality, durability and everyday use.",3.9,385,2023-08-12,True
801,Nivea Pro Shampoo,5,161,Nivea,BEA-NIV-00801,3781.34,3134.75,5,"Nivea Shampoo designed for quality, durability and everyday use.",4.8,20,2025-10-04,True
802,Pigeon Elite Induction Cooktop,3,162,Pigeon,HMK-PIG-00802,16535.77,12731.1,0,"Pigeon Induction Cooktop designed for quality, durability and everyday use.",4.7,164,2024-02-10,True
803,Prestige Plus Pressure Cooker,3,162,Prestige,HMK-PRE-00803,20452.08,12387.65,0,"Prestige Pressure Cooker designed for quality, durability and everyday use.",4.9,270,2024-06-15,True
804,Pigeon Plus Storage Box,3,162,Pigeon,HMK-PIG-00804,3175.29,2352.67,0,"Pigeon Storage Box designed for quality, durability and everyday use.",5.0,470,2020-05-11,True
805,Philips Advanced Pressure Cooker,3,162,Philips,HMK-PHI-00805,16983.71,9854.67,0,"Philips Pressure Cooker designed for quality, durability and everyday use.",4.3,182,2019-08-20,True
806,Borosil Elite Mixer,3,162,Borosil,HMK-BOR-00806,15273.13,12922.12,20,"Borosil Mixer designed for quality, durability and everyday use.",3.9,194,2024-11-21,True
807,Milton Max Storage Box,3,162,Milton,HMK-MIL-00807,24986.41,19865.55,30,"Milton Storage Box designed for quality, durability and everyday use.",4.4,242,2023-04-28,True
808,Lego Elite Doll,7,163,Lego,TOY-LEG-00808,3681.06,3005.18,0,"Lego Doll designed for quality, durability and everyday use.",4.5,283,2024-07-26,True
809,Funskool Advanced Building Blocks,7,163,Funskool,TOY-FUN-00809,3168.09,2368.66,10,"Funskool Building Blocks designed for quality, durability and everyday use.",4.7,117,2021-10-21,True
810,Lego Advanced Building Blocks,7,163,Lego,TOY-LEG-00810,1321.08,918.63,20,"Lego Building Blocks designed for quality, durability and everyday use.",4.2,417,2022-09-02,True
811,Lego Pro Doll,7,163,Lego,TOY-LEG-00811,3114.43,2378.12,25,"Lego Doll designed for quality, durability and everyday use.",4.0,28,2025-10-30,True
812,Lego Eco Building Blocks,7,163,Lego,TOY-LEG-00812,4938.65,3407.87,25,"Lego Building Blocks designed for quality, durability and everyday use.",3.8,15,2026-01-12,True
813,Funskool Classic Puzzle,7,163,Funskool,TOY-FUN-00813,2287.49,1749.31,0,"Funskool Puzzle designed for quality, durability and everyday use.",3.9,96,2024-07-28,True
814,Minimalist Ultra Face Wash,5,164,Minimalist,BEA-MIN-00814,4625.27,3423.0,10,"Minimalist Face Wash designed for quality, durability and everyday use.",4.2,166,2021-04-03,True
815,Loreal Elite Sunscreen,5,164,Loreal,BEA-LOR-00815,3321.51,2609.13,40,"Loreal Sunscreen designed for quality, durability and everyday use.",4.6,218,2021-06-14,True
816,Lakme Max Face Wash,5,164,Lakme,BEA-LAK-00816,3741.82,3110.06,20,"Lakme Face Wash designed for quality, durability and everyday use.",4.9,284,2024-10-03,True
817,Minimalist Pro Face Wash,5,164,Minimalist,BEA-MIN-00817,450.14,319.91,25,"Minimalist Face Wash designed for quality, durability and everyday use.",3.6,488,2022-01-17,True
818,Maybelline Plus Moisturizer,5,164,Maybelline,BEA-MAY-00818,3015.26,1754.81,0,"Maybelline Moisturizer designed for quality, durability and everyday use.",4.1,324,2021-08-30,True
819,Loreal Plus Shampoo,5,164,Loreal,BEA-LOR-00819,1524.46,1180.11,25,"Loreal Shampoo designed for quality, durability and everyday use.",4.1,476,2018-11-24,True
820,Puma Plus Hoodie,2,165,Puma,FAS-PUM-00820,3982.78,3180.67,10,"Puma Hoodie designed for quality, durability and everyday use.",4.3,79,2024-11-13,True
821,Adidas Smart Hoodie,2,165,Adidas,FAS-ADI-00821,5693.14,3221.01,25,"Adidas Hoodie designed for quality, durability and everyday use.",4.9,96,2025-03-13,False
822,Zara Ultra Hoodie,2,165,Zara,FAS-ZAR-00822,7931.19,5665.91,5,"Zara Hoodie designed for quality, durability and everyday use.",4.4,120,2025-03-12,True
823,Zara Pro Sneakers,2,165,Zara,FAS-ZAR-00823,5662.1,3445.54,25,"Zara Sneakers designed for quality, durability and everyday use.",4.7,431,2020-04-20,True
824,Adidas Ultra Dress,2,165,Adidas,FAS-ADI-00824,3702.5,2572.25,25,"Adidas Dress designed for quality, durability and everyday use.",4.9,228,2024-02-05,True
825,Puma Plus Shirt,2,165,Puma,FAS-PUM-00825,1085.0,852.43,25,"Puma Shirt designed for quality, durability and everyday use.",4.7,88,2023-12-11,True
826,HarperCollins Classic Novel,4,166,HarperCollins,BOO-HAR-00826,1963.51,1462.87,15,"HarperCollins Novel designed for quality, durability and everyday use.",3.7,82,2025-04-07,True
827,HarperCollins Advanced Story Book,4,166,HarperCollins,BOO-HAR-00827,709.98,517.47,0,"HarperCollins Story Book designed for quality, durability and everyday use.",4.3,297,2023-07-03,True
828,McGraw Hill Advanced Textbook,4,166,McGraw Hill,BOO-MCG-00828,829.55,486.12,0,"McGraw Hill Textbook designed for quality, durability and everyday use.",4.6,77,2025-11-09,True
829,Pearson Advanced Biography,4,166,Pearson,BOO-PEA-00829,656.39,507.79,20,"Pearson Biography designed for quality, durability and everyday use.",4.9,96,2025-06-07,True
830,Penguin Classic Textbook,4,166,Penguin,BOO-PEN-00830,1470.47,1189.11,10,"Penguin Textbook designed for quality, durability and everyday use.",4.7,162,2025-03-17,True
831,Pearson Classic Story Book,4,166,Pearson,BOO-PEA-00831,1109.97,805.19,15,"Pearson Story Book designed for quality, durability and everyday use.",4.2,220,2021-02-28,True
832,Pearson Premium Dictionary,4,166,Pearson,BOO-PEA-00832,1176.24,929.41,0,"Pearson Dictionary designed for quality, durability and everyday use.",4.9,209,2020-11-26,True
833,Penguin Classic Novel,4,166,Penguin,BOO-PEN-00833,1086.37,715.99,10,"Penguin Novel designed for quality, durability and everyday use.",4.7,187,2023-01-01,True
834,Dettol Eco Hand Sanitizer,9,167,Dettol,HEA-DET-00834,2280.11,1648.8,15,"Dettol Hand Sanitizer designed for quality, durability and everyday use.",4.6,195,2024-12-22,True
835,Dabur Premium Protein Powder,9,167,Dabur,HEA-DAB-00835,1261.79,765.18,5,"Dabur Protein Powder designed for quality, durability and everyday use.",4.1,35,2026-05-18,True
836,Horlicks Ultra Hand Sanitizer,9,167,Horlicks,HEA-HOR-00836,3672.61,2484.9,10,"Horlicks Hand Sanitizer designed for quality, durability and everyday use.",4.8,264,2023-12-01,True
837,Horlicks Ultra First Aid Kit,9,167,Horlicks,HEA-HOR-00837,2725.93,1556.96,20,"Horlicks First Aid Kit designed for quality, durability and everyday use.",3.5,222,2024-01-30,True
838,Dettol Elite Vitamin Tablets,9,167,Dettol,HEA-DET-00838,4125.68,2660.68,20,"Dettol Vitamin Tablets designed for quality, durability and everyday use.",4.7,59,2024-05-21,True
839,Dettol Eco Protein Powder,9,167,Dettol,HEA-DET-00839,2093.23,1358.1,0,"Dettol Protein Powder designed for quality, durability and everyday use.",3.9,175,2023-10-27,True
840,Himalaya Smart First Aid Kit,9,167,Himalaya,HEA-HIM-00840,1955.3,1137.01,30,"Himalaya First Aid Kit designed for quality, durability and everyday use.",4.9,190,2024-09-19,True
841,Nestle Plus Oil,8,168,Nestle,GRO-NES-00841,1737.53,1243.14,15,"Nestle Oil designed for quality, durability and everyday use.",4.0,172,2022-03-08,True
842,Nestle Plus Coffee,8,168,Nestle,GRO-NES-00842,1769.94,1187.27,15,"Nestle Coffee designed for quality, durability and everyday use.",4.8,396,2023-11-15,True
843,Amul Pro Coffee,8,168,Amul,GRO-AMU-00843,153.09,117.52,40,"Amul Coffee designed for quality, durability and everyday use.",4.3,441,2022-05-06,True
844,Amul Advanced Oil,8,168,Amul,GRO-AMU-00844,1029.35,651.32,10,"Amul Oil designed for quality, durability and everyday use.",3.8,118,2024-04-13,True
845,Tata Elite Oil,8,168,Tata,GRO-TAT-00845,1552.63,1247.65,15,"Tata Oil designed for quality, durability and everyday use.",5.0,289,2020-07-10,True
846,Oxford Advanced Biography,4,169,Oxford,BOO-OXF-00846,1645.44,910.27,30,"Oxford Biography designed for quality, durability and everyday use.",4.4,305,2023-10-07,True
847,Pearson Elite Novel,4,169,Pearson,BOO-PEA-00847,175.72,106.67,25,"Pearson Novel designed for quality, durability and everyday use.",5.0,108,2025-12-30,True
848,Pearson Premium Biography,4,169,Pearson,BOO-PEA-00848,1273.64,1069.09,15,"Pearson Biography designed for quality, durability and everyday use.",4.0,84,2024-04-05,True
849,Cosco Premium Yoga Mat,6,170,Cosco,SPO-COS-00849,12970.31,8608.76,5,"Cosco Yoga Mat designed for quality, durability and everyday use.",4.9,252,2024-05-26,True
850,Nike Pro Yoga Mat,6,170,Nike,SPO-NIK-00850,14752.18,9285.39,0,"Nike Yoga Mat designed for quality, durability and everyday use.",4.4,277,2024-09-16,True
851,SG Premium Badminton Racket,6,170,SG,SPO-SG-00851,28094.72,22974.41,25,"SG Badminton Racket designed for quality, durability and everyday use.",5.0,476,2019-04-17,True
852,Nike Max Football,6,170,Nike,SPO-NIK-00852,26760.79,16212.95,5,"Nike Football designed for quality, durability and everyday use.",5.0,330,2023-06-23,True
853,Adidas Classic Dumbbells,6,170,Adidas,SPO-ADI-00853,27436.72,15147.08,20,"Adidas Dumbbells designed for quality, durability and everyday use.",4.8,96,2025-02-05,True
854,Adidas Pro Badminton Racket,6,170,Adidas,SPO-ADI-00854,3706.5,2526.25,25,"Adidas Badminton Racket designed for quality, durability and everyday use.",4.9,21,2025-06-07,True
855,Philips Smart Mixer,3,171,Philips,HMK-PHI-00855,7480.04,4414.0,10,"Philips Mixer designed for quality, durability and everyday use.",4.7,343,2019-11-14,True
856,Cello Classic Bottle,3,171,Cello,HMK-CEL-00856,10816.84,7734.44,20,"Cello Bottle designed for quality, durability and everyday use.",4.3,336,2022-03-29,True
857,Cello Ultra Pressure Cooker,3,171,Cello,HMK-CEL-00857,3188.45,1856.84,0,"Cello Pressure Cooker designed for quality, durability and everyday use.",4.9,53,2024-04-29,True
858,Milton Plus Pressure Cooker,3,171,Milton,HMK-MIL-00858,18567.07,12631.15,5,"Milton Pressure Cooker designed for quality, durability and everyday use.",4.6,198,2024-05-22,True
859,Borosil Smart Cookware Set,3,171,Borosil,HMK-BOR-00859,7387.9,4318.27,5,"Borosil Cookware Set designed for quality, durability and everyday use.",4.3,70,2025-05-28,True
860,Prestige Eco Storage Box,3,171,Prestige,HMK-PRE-00860,15471.96,9385.3,25,"Prestige Storage Box designed for quality, durability and everyday use.",4.4,255,2020-09-03,True
861,Milton Ultra Cookware Set,3,171,Milton,HMK-MIL-00861,10944.42,8043.49,0,"Milton Cookware Set designed for quality, durability and everyday use.",5.0,219,2024-09-19,True
862,Oxford Advanced Story Book,4,172,Oxford,BOO-OXF-00862,263.5,178.69,0,"Oxford Story Book designed for quality, durability and everyday use.",4.9,222,2024-12-19,True
863,Oxford Ultra Novel,4,172,Oxford,BOO-OXF-00863,225.64,127.63,20,"Oxford Novel designed for quality, durability and everyday use.",4.9,6,2026-05-27,True
864,Oxford Max Story Book,4,172,Oxford,BOO-OXF-00864,768.42,448.34,15,"Oxford Story Book designed for quality, durability and everyday use.",4.4,229,2023-09-24,True
865,Oxford Eco Biography,4,172,Oxford,BOO-OXF-00865,1268.72,788.48,5,"Oxford Biography designed for quality, durability and everyday use.",4.5,293,2018-04-19,True
866,Penguin Smart Biography,4,173,Penguin,BOO-PEN-00866,506.92,346.6,0,"Penguin Biography designed for quality, durability and everyday use.",3.8,225,2024-09-09,True
867,HarperCollins Ultra Biography,4,173,HarperCollins,BOO-HAR-00867,231.05,140.37,10,"HarperCollins Biography designed for quality, durability and everyday use.",4.8,22,2026-02-21,True
868,McGraw Hill Elite Novel,4,173,McGraw Hill,BOO-MCG-00868,275.26,185.99,30,"McGraw Hill Novel designed for quality, durability and everyday use.",4.6,420,2019-09-06,True
869,HarperCollins Premium Textbook,4,173,HarperCollins,BOO-HAR-00869,1918.24,1090.02,40,"HarperCollins Textbook designed for quality, durability and everyday use.",4.9,156,2025-10-10,True
870,Penguin Advanced Dictionary,4,173,Penguin,BOO-PEN-00870,1538.85,1023.71,20,"Penguin Dictionary designed for quality, durability and everyday use.",4.7,103,2021-01-11,True
871,Samsung Eco Mouse,1,174,Samsung,ELE-SAM-00871,106747.6,75526.27,5,"Samsung Mouse designed for quality, durability and everyday use.",4.8,7,2026-02-04,True
872,Samsung Pro Smart Watch,1,174,Samsung,ELE-SAM-00872,7785.42,4627.98,25,"Samsung Smart Watch designed for quality, durability and everyday use.",3.9,374,2020-04-15,False
873,HP Premium Smartphone,1,174,HP,ELE-HP-00873,97999.53,72500.53,40,"HP Smartphone designed for quality, durability and everyday use.",4.8,16,2026-01-29,True
874,LG Max Headphones,1,174,LG,ELE-LG-00874,147818.67,109058.63,0,"LG Headphones designed for quality, durability and everyday use.",4.7,85,2024-07-26,True
875,Nerf Elite Puzzle,7,175,Nerf,TOY-NER-00875,4739.15,2972.41,15,"Nerf Puzzle designed for quality, durability and everyday use.",4.5,192,2022-06-24,True
876,Funskool Elite Board Game,7,175,Funskool,TOY-FUN-00876,947.08,586.73,15,"Funskool Board Game designed for quality, durability and everyday use.",4.7,313,2023-07-11,True
877,Funskool Plus Toy Car,7,176,Funskool,TOY-FUN-00877,2554.49,1964.0,15,"Funskool Toy Car designed for quality, durability and everyday use.",5.0,523,2020-12-29,True
878,Funskool Ultra Puzzle,7,176,Funskool,TOY-FUN-00878,545.83,340.37,30,"Funskool Puzzle designed for quality, durability and everyday use.",3.7,150,2022-12-14,True
879,Lego Classic Board Game,7,176,Lego,TOY-LEG-00879,2013.8,1120.11,20,"Lego Board Game designed for quality, durability and everyday use.",4.2,127,2023-03-31,True
880,Lego Ultra Building Blocks,7,176,Lego,TOY-LEG-00880,4705.27,3434.33,20,"Lego Building Blocks designed for quality, durability and everyday use.",5.0,47,2026-01-15,True
881,Lego Ultra Toy Car,7,177,Lego,TOY-LEG-00881,2506.04,1801.48,10,"Lego Toy Car designed for quality, durability and everyday use.",4.9,369,2020-11-12,True
882,Hot Wheels Classic Board Game,7,177,Hot Wheels,TOY-HOT-00882,301.8,170.02,10,"Hot Wheels Board Game designed for quality, durability and everyday use.",5.0,56,2025-04-30,True
883,Funskool Smart Puzzle,7,177,Funskool,TOY-FUN-00883,2250.25,1337.13,15,"Funskool Puzzle designed for quality, durability and everyday use.",4.8,48,2025-02-26,True
884,Lego Classic Toy Car,7,177,Lego,TOY-LEG-00884,4791.04,3040.13,0,"Lego Toy Car designed for quality, durability and everyday use.",4.7,82,2023-06-23,True
885,Funskool Eco Doll,7,177,Funskool,TOY-FUN-00885,1807.25,1092.32,10,"Funskool Doll designed for quality, durability and everyday use.",4.0,129,2024-08-10,True
886,Hot Wheels Max Doll,7,177,Hot Wheels,TOY-HOT-00886,4677.83,3710.53,15,"Hot Wheels Doll designed for quality, durability and everyday use.",5.0,956,2018-06-02,True
887,Hot Wheels Elite Toy Car,7,177,Hot Wheels,TOY-HOT-00887,2344.14,1849.66,40,"Hot Wheels Toy Car designed for quality, durability and everyday use.",4.1,452,2022-05-25,True
888,Adidas Elite Jeans,2,178,Adidas,FAS-ADI-00888,3015.09,2105.32,10,"Adidas Jeans designed for quality, durability and everyday use.",3.7,75,2024-11-13,True
889,Zara Elite Jeans,2,178,Zara,FAS-ZAR-00889,3523.68,2463.51,10,"Zara Jeans designed for quality, durability and everyday use.",4.5,41,2025-02-26,True
890,Levis Plus Dress,2,178,Levis,FAS-LEV-00890,6279.76,4982.28,5,"Levis Dress designed for quality, durability and everyday use.",5.0,257,2024-02-21,True
891,Fortune Premium Rice,8,179,Fortune,GRO-FOR-00891,1827.16,1202.74,25,"Fortune Rice designed for quality, durability and everyday use.",4.2,153,2022-07-31,True
892,Nestle Smart Tea,8,179,Nestle,GRO-NES-00892,460.94,284.57,20,"Nestle Tea designed for quality, durability and everyday use.",4.9,253,2023-10-21,True
893,Amul Premium Oil,8,179,Amul,GRO-AMU-00893,1417.73,1061.63,0,"Amul Oil designed for quality, durability and everyday use.",4.1,135,2023-03-03,True
894,Tata Classic Atta,8,179,Tata,GRO-TAT-00894,74.33,59.41,10,"Tata Atta designed for quality, durability and everyday use.",4.2,330,2023-10-14,True
895,Aashirvaad Elite Tea,8,179,Aashirvaad,GRO-AAS-00895,1458.99,996.77,15,"Aashirvaad Tea designed for quality, durability and everyday use.",5.0,152,2020-05-02,True
896,Fortune Elite Rice,8,180,Fortune,GRO-FOR-00896,1673.73,1261.94,25,"Fortune Rice designed for quality, durability and everyday use.",4.5,32,2026-03-17,True
897,Fortune Ultra Tea,8,180,Fortune,GRO-FOR-00897,580.06,335.03,5,"Fortune Tea designed for quality, durability and everyday use.",3.8,34,2025-03-31,True
898,Fortune Eco Milk Powder,8,180,Fortune,GRO-FOR-00898,1229.91,704.94,15,"Fortune Milk Powder designed for quality, durability and everyday use.",4.6,117,2025-04-09,True
899,Aashirvaad Elite Milk Powder,8,180,Aashirvaad,GRO-AAS-00899,429.72,250.32,0,"Aashirvaad Milk Powder designed for quality, durability and everyday use.",4.5,182,2023-02-27,True
900,Lakme Plus Shampoo,5,181,Lakme,BEA-LAK-00900,203.24,167.25,0,"Lakme Shampoo designed for quality, durability and everyday use.",4.9,108,2024-05-07,True
901,Mamaearth Premium Moisturizer,5,181,Mamaearth,BEA-MAM-00901,2884.14,2270.01,0,"Mamaearth Moisturizer designed for quality, durability and everyday use.",4.8,242,2023-01-18,True
902,Loreal Smart Moisturizer,5,181,Loreal,BEA-LOR-00902,1675.19,1117.67,5,"Loreal Moisturizer designed for quality, durability and everyday use.",4.9,144,2024-11-09,True
903,Mamaearth Eco Face Wash,5,181,Mamaearth,BEA-MAM-00903,4066.35,2419.71,15,"Mamaearth Face Wash designed for quality, durability and everyday use.",4.7,208,2023-03-18,True
904,Minimalist Classic Lipstick,5,181,Minimalist,BEA-MIN-00904,4443.24,2568.14,15,"Minimalist Lipstick designed for quality, durability and everyday use.",4.0,142,2023-10-16,False
905,Nestle Eco Milk Powder,8,182,Nestle,GRO-NES-00905,1863.94,1216.08,20,"Nestle Milk Powder designed for quality, durability and everyday use.",4.7,30,2025-06-01,True
906,Amul Smart Atta,8,182,Amul,GRO-AMU-00906,1994.17,1459.86,40,"Amul Atta designed for quality, durability and everyday use.",4.5,67,2023-07-19,True
907,Aashirvaad Classic Coffee,8,182,Aashirvaad,GRO-AAS-00907,1022.88,702.15,0,"Aashirvaad Coffee designed for quality, durability and everyday use.",4.8,512,2019-08-14,True
908,Tata Advanced Atta,8,182,Tata,GRO-TAT-00908,552.99,382.66,5,"Tata Atta designed for quality, durability and everyday use.",4.0,123,2023-10-15,False
909,Amul Max Rice,8,182,Amul,GRO-AMU-00909,1725.06,1156.28,25,"Amul Rice designed for quality, durability and everyday use.",3.9,342,2022-01-21,True
910,Sony Elite Smartphone,1,183,Sony,ELE-SON-00910,76879.48,48345.52,25,"Sony Smartphone designed for quality, durability and everyday use.",4.4,185,2023-04-27,True
911,Samsung Classic Tablet,1,183,Samsung,ELE-SAM-00911,45017.77,26896.4,5,"Samsung Tablet designed for quality, durability and everyday use.",5.0,43,2025-08-04,True
912,Asus Classic Mouse,1,183,Asus,ELE-ASU-00912,14701.74,11313.48,30,"Asus Mouse designed for quality, durability and everyday use.",3.9,142,2024-02-13,True
913,Sony Plus Monitor,1,183,Sony,ELE-SON-00913,73971.66,56269.3,10,"Sony Monitor designed for quality, durability and everyday use.",4.8,641,2018-06-09,True
914,HP Plus Monitor,1,183,HP,ELE-HP-00914,6635.84,4846.31,5,"HP Monitor designed for quality, durability and everyday use.",3.8,141,2025-05-30,True
915,HP Elite Laptop,1,183,HP,ELE-HP-00915,41937.52,31063.38,0,"HP Laptop designed for quality, durability and everyday use.",5.0,263,2024-09-02,True
916,LG Pro Smart Watch,1,183,LG,ELE-LG-00916,29243.59,16555.46,25,"LG Smart Watch designed for quality, durability and everyday use.",4.7,82,2024-08-31,True
917,LG Advanced Mouse,1,183,LG,ELE-LG-00917,81254.93,63797.89,40,"LG Mouse designed for quality, durability and everyday use.",4.6,24,2026-03-14,True
918,Nestle Classic Atta,8,184,Nestle,GRO-NES-00918,1459.31,1055.88,0,"Nestle Atta designed for quality, durability and everyday use.",4.4,43,2024-10-10,True
919,Amul Advanced Atta,8,184,Amul,GRO-AMU-00919,1735.39,1013.61,40,"Amul Atta designed for quality, durability and everyday use.",4.7,290,2023-01-08,True
920,Fortune Advanced Milk Powder,8,184,Fortune,GRO-FOR-00920,1295.89,937.59,0,"Fortune Milk Powder designed for quality, durability and everyday use.",4.3,735,2020-12-06,True
921,Aashirvaad Smart Atta,8,184,Aashirvaad,GRO-AAS-00921,1944.9,1406.26,0,"Aashirvaad Atta designed for quality, durability and everyday use.",4.1,674,2018-11-11,True
922,Tata Advanced Milk Powder,8,184,Tata,GRO-TAT-00922,1315.38,903.4,10,"Tata Milk Powder designed for quality, durability and everyday use.",4.7,105,2025-12-07,True
923,Levis Ultra Sneakers,2,185,Levis,FAS-LEV-00923,4556.2,2728.24,10,"Levis Sneakers designed for quality, durability and everyday use.",4.8,92,2025-06-14,True
924,H&M Classic T-Shirt,2,185,H&M,FAS-H&M-00924,6505.74,3780.77,15,"H&M T-Shirt designed for quality, durability and everyday use.",4.4,159,2025-10-13,True
925,Levis Plus Dress,2,185,Levis,FAS-LEV-00925,6505.2,4880.94,25,"Levis Dress designed for quality, durability and everyday use.",4.9,24,2026-02-03,True
926,H&M Classic Jacket,2,185,H&M,FAS-H&M-00926,2999.73,2364.16,10,"H&M Jacket designed for quality, durability and everyday use.",3.9,21,2025-03-21,True
927,Pearson Pro Textbook,4,186,Pearson,BOO-PEA-00927,1777.27,1118.52,25,"Pearson Textbook designed for quality, durability and everyday use.",4.2,41,2024-05-09,True
928,McGraw Hill Premium Novel,4,186,McGraw Hill,BOO-MCG-00928,198.56,156.3,25,"McGraw Hill Novel designed for quality, durability and everyday use.",4.6,125,2024-10-12,True
929,Pearson Smart Story Book,4,186,Pearson,BOO-PEA-00929,1178.12,786.29,15,"Pearson Story Book designed for quality, durability and everyday use.",4.7,579,2019-08-15,True
930,McGraw Hill Elite Dictionary,4,186,McGraw Hill,BOO-MCG-00930,1822.72,1285.35,10,"McGraw Hill Dictionary designed for quality, durability and everyday use.",5.0,50,2025-10-29,True
931,McGraw Hill Eco Textbook,4,186,McGraw Hill,BOO-MCG-00931,444.25,287.31,0,"McGraw Hill Textbook designed for quality, durability and everyday use.",5.0,296,2019-08-31,True
932,Pearson Plus Novel,4,186,Pearson,BOO-PEA-00932,857.45,662.55,0,"Pearson Novel designed for quality, durability and everyday use.",4.6,67,2025-01-03,True
933,Milton Eco Cookware Set,3,187,Milton,HMK-MIL-00933,21091.19,16195.79,20,"Milton Cookware Set designed for quality, durability and everyday use.",4.7,401,2020-04-15,True
934,Philips Premium Storage Box,3,187,Philips,HMK-PHI-00934,16140.47,11682.58,0,"Philips Storage Box designed for quality, durability and everyday use.",4.6,132,2023-08-08,True
935,Philips Classic Mixer,3,187,Philips,HMK-PHI-00935,12609.0,8302.01,25,"Philips Mixer designed for quality, durability and everyday use.",4.7,271,2023-02-14,True
936,Cello Smart Mixer,3,187,Cello,HMK-CEL-00936,17339.74,11488.9,5,"Cello Mixer designed for quality, durability and everyday use.",3.9,116,2024-01-04,True
937,Philips Plus Storage Box,3,187,Philips,HMK-PHI-00937,15964.73,12874.64,0,"Philips Storage Box designed for quality, durability and everyday use.",4.7,282,2020-01-11,True
938,Milton Smart Mixer,3,187,Milton,HMK-MIL-00938,15349.71,10910.36,10,"Milton Mixer designed for quality, durability and everyday use.",4.2,138,2022-01-17,True
939,Prestige Ultra Bottle,3,187,Prestige,HMK-PRE-00939,5884.15,4520.93,30,"Prestige Bottle designed for quality, durability and everyday use.",4.8,238,2023-07-08,True
940,Loreal Advanced Sunscreen,5,188,Loreal,BEA-LOR-00940,2264.9,1888.71,30,"Loreal Sunscreen designed for quality, durability and everyday use.",4.8,502,2021-07-29,True
941,Mamaearth Ultra Serum,5,188,Mamaearth,BEA-MAM-00941,4001.38,3345.67,10,"Mamaearth Serum designed for quality, durability and everyday use.",4.0,248,2024-07-10,True
942,Lakme Elite Moisturizer,5,188,Lakme,BEA-LAK-00942,2232.17,1607.48,5,"Lakme Moisturizer designed for quality, durability and everyday use.",4.4,194,2018-06-21,True
943,Nivea Elite Moisturizer,5,188,Nivea,BEA-NIV-00943,1573.35,1255.54,15,"Nivea Moisturizer designed for quality, durability and everyday use.",3.7,118,2023-03-03,True
944,Nivea Ultra Lipstick,5,188,Nivea,BEA-NIV-00944,1885.06,1077.86,15,"Nivea Lipstick designed for quality, durability and everyday use.",4.7,64,2023-09-08,True
945,Lakme Max Sunscreen,5,188,Lakme,BEA-LAK-00945,1186.8,854.78,5,"Lakme Sunscreen designed for quality, durability and everyday use.",4.8,776,2018-10-18,True
946,Nerf Plus Building Blocks,7,189,Nerf,TOY-NER-00946,4742.1,3756.82,15,"Nerf Building Blocks designed for quality, durability and everyday use.",4.5,101,2025-06-10,True
947,Funskool Premium Toy Car,7,189,Funskool,TOY-FUN-00947,4053.08,2835.52,50,"Funskool Toy Car designed for quality, durability and everyday use.",4.7,735,2020-12-16,True
948,Barbie Plus Toy Car,7,189,Barbie,TOY-BAR-00948,302.09,167.77,20,"Barbie Toy Car designed for quality, durability and everyday use.",4.5,431,2019-04-18,True
949,Barbie Eco Puzzle,7,189,Barbie,TOY-BAR-00949,4606.57,2587.68,15,"Barbie Puzzle designed for quality, durability and everyday use.",5.0,880,2019-03-02,True
950,Puma Classic Jacket,2,190,Puma,FAS-PUM-00950,4584.67,2952.31,15,"Puma Jacket designed for quality, durability and everyday use.",4.7,146,2025-07-19,True
951,Nike Max Hoodie,2,190,Nike,FAS-NIK-00951,7520.32,4367.98,5,"Nike Hoodie designed for quality, durability and everyday use.",4.1,546,2021-10-23,True
952,Nike Max Jeans,2,190,Nike,FAS-NIK-00952,6584.34,4683.23,0,"Nike Jeans designed for quality, durability and everyday use.",4.4,273,2018-02-14,True
953,Puma Pro T-Shirt,2,190,Puma,FAS-PUM-00953,2835.83,2081.0,20,"Puma T-Shirt designed for quality, durability and everyday use.",4.8,717,2020-10-09,True
954,Dabur Advanced First Aid Kit,9,191,Dabur,HEA-DAB-00954,3374.35,2384.08,5,"Dabur First Aid Kit designed for quality, durability and everyday use.",4.6,122,2024-07-28,True
955,Ensure Classic Vitamin Tablets,9,191,Ensure,HEA-ENS-00955,1392.68,889.74,0,"Ensure Vitamin Tablets designed for quality, durability and everyday use.",4.5,217,2024-02-26,True
956,Ensure Smart Protein Powder,9,191,Ensure,HEA-ENS-00956,164.33,101.04,20,"Ensure Protein Powder designed for quality, durability and everyday use.",4.9,640,2021-03-03,True
957,Hot Wheels Ultra Doll,7,192,Hot Wheels,TOY-HOT-00957,4269.47,2483.54,0,"Hot Wheels Doll designed for quality, durability and everyday use.",3.9,151,2025-07-15,True
958,Barbie Classic Toy Car,7,192,Barbie,TOY-BAR-00958,1533.62,919.04,5,"Barbie Toy Car designed for quality, durability and everyday use.",4.0,296,2023-10-29,True
959,Lego Premium Toy Car,7,192,Lego,TOY-LEG-00959,4491.67,2722.44,0,"Lego Toy Car designed for quality, durability and everyday use.",4.4,70,2024-06-27,True
960,Lego Elite Building Blocks,7,192,Lego,TOY-LEG-00960,1217.92,814.88,10,"Lego Building Blocks designed for quality, durability and everyday use.",4.7,45,2025-01-27,True
961,Ensure Pro Vitamin Tablets,9,193,Ensure,HEA-ENS-00961,1028.3,620.06,5,"Ensure Vitamin Tablets designed for quality, durability and everyday use.",4.5,408,2023-08-12,True
962,Dabur Smart Protein Powder,9,193,Dabur,HEA-DAB-00962,664.42,543.84,10,"Dabur Protein Powder designed for quality, durability and everyday use.",4.8,97,2024-07-18,True
963,Ensure Elite First Aid Kit,9,193,Ensure,HEA-ENS-00963,596.39,459.33,25,"Ensure First Aid Kit designed for quality, durability and everyday use.",4.8,455,2021-02-20,True
964,Dettol Premium Hand Sanitizer,9,193,Dettol,HEA-DET-00964,561.79,393.8,15,"Dettol Hand Sanitizer designed for quality, durability and everyday use.",4.6,274,2021-05-03,True
965,Himalaya Ultra Vitamin Tablets,9,193,Himalaya,HEA-HIM-00965,1727.56,1186.08,40,"Himalaya Vitamin Tablets designed for quality, durability and everyday use.",4.4,150,2023-02-12,False
966,Adidas Premium Shirt,2,194,Adidas,FAS-ADI-00966,4873.84,4098.23,15,"Adidas Shirt designed for quality, durability and everyday use.",4.6,166,2020-08-12,True
967,Allen Solly Pro Shirt,2,194,Allen Solly,FAS-ALL-00967,6732.26,4763.62,0,"Allen Solly Shirt designed for quality, durability and everyday use.",4.9,983,2018-11-08,True
968,Levis Max Jacket,2,194,Levis,FAS-LEV-00968,7921.41,4968.32,10,"Levis Jacket designed for quality, durability and everyday use.",4.7,468,2018-12-28,True
969,Allen Solly Plus Hoodie,2,194,Allen Solly,FAS-ALL-00969,4029.53,2542.56,10,"Allen Solly Hoodie designed for quality, durability and everyday use.",4.4,518,2022-04-20,True
970,Adidas Advanced Sneakers,2,194,Adidas,FAS-ADI-00970,537.97,389.1,15,"Adidas Sneakers designed for quality, durability and everyday use.",4.6,318,2020-07-01,True
971,Levis Classic Shirt,2,194,Levis,FAS-LEV-00971,7733.99,6288.84,15,"Levis Shirt designed for quality, durability and everyday use.",4.0,64,2025-12-15,True
972,Zara Max Sneakers,2,194,Zara,FAS-ZAR-00972,3310.9,2235.48,50,"Zara Sneakers designed for quality, durability and everyday use.",4.8,858,2019-06-17,True
973,Amul Plus Tea,8,195,Amul,GRO-AMU-00973,1937.9,1526.49,5,"Amul Tea designed for quality, durability and everyday use.",3.7,298,2023-10-29,True
974,Nestle Plus Oil,8,195,Nestle,GRO-NES-00974,1138.37,681.64,10,"Nestle Oil designed for quality, durability and everyday use.",5.0,100,2022-07-18,True
975,Nestle Premium Rice,8,195,Nestle,GRO-NES-00975,1002.31,552.8,5,"Nestle Rice designed for quality, durability and everyday use.",4.1,518,2018-05-22,True
976,Nestle Eco Milk Powder,8,195,Nestle,GRO-NES-00976,352.32,202.87,5,"Nestle Milk Powder designed for quality, durability and everyday use.",3.5,417,2020-06-14,True
977,Amul Smart Oil,8,195,Amul,GRO-AMU-00977,1632.83,1210.11,10,"Amul Oil designed for quality, durability and everyday use.",3.7,469,2018-09-25,True
978,Amul Max Milk Powder,8,196,Amul,GRO-AMU-00978,1618.54,957.78,20,"Amul Milk Powder designed for quality, durability and everyday use.",4.8,117,2024-02-13,True
979,Aashirvaad Advanced Coffee,8,196,Aashirvaad,GRO-AAS-00979,1114.37,738.59,25,"Aashirvaad Coffee designed for quality, durability and everyday use.",4.6,435,2022-06-24,True
980,Aashirvaad Max Tea,8,196,Aashirvaad,GRO-AAS-00980,883.95,597.68,10,"Aashirvaad Tea designed for quality, durability and everyday use.",5.0,42,2025-05-12,True
981,Nestle Smart Oil,8,196,Nestle,GRO-NES-00981,1181.63,782.16,15,"Nestle Oil designed for quality, durability and everyday use.",4.0,261,2023-04-20,True
982,Loreal Advanced Moisturizer,5,197,Loreal,BEA-LOR-00982,4220.11,2428.24,5,"Loreal Moisturizer designed for quality, durability and everyday use.",3.6,417,2020-07-18,True
983,Minimalist Premium Serum,5,197,Minimalist,BEA-MIN-00983,739.0,536.06,10,"Minimalist Serum designed for quality, durability and everyday use.",4.3,56,2025-11-23,True
984,Loreal Smart Shampoo,5,197,Loreal,BEA-LOR-00984,4491.0,3331.87,0,"Loreal Shampoo designed for quality, durability and everyday use.",4.4,308,2023-01-14,True
985,Maybelline Classic Face Wash,5,197,Maybelline,BEA-MAY-00985,150.17,109.79,0,"Maybelline Face Wash designed for quality, durability and everyday use.",5.0,92,2022-08-28,True
986,Loreal Premium Lipstick,5,197,Loreal,BEA-LOR-00986,4641.32,2970.34,10,"Loreal Lipstick designed for quality, durability and everyday use.",4.9,549,2021-06-17,True
987,Mamaearth Elite Face Wash,5,197,Mamaearth,BEA-MAM-00987,859.29,478.19,0,"Mamaearth Face Wash designed for quality, durability and everyday use.",4.3,459,2022-11-13,True
988,Barbie Pro Building Blocks,7,198,Barbie,TOY-BAR-00988,3404.17,2851.77,10,"Barbie Building Blocks designed for quality, durability and everyday use.",4.4,297,2023-08-08,True
989,Barbie Premium Toy Car,7,198,Barbie,TOY-BAR-00989,1560.43,914.47,5,"Barbie Toy Car designed for quality, durability and everyday use.",4.5,812,2019-10-29,True
990,Lego Ultra Building Blocks,7,198,Lego,TOY-LEG-00990,2445.95,1875.85,5,"Lego Building Blocks designed for quality, durability and everyday use.",3.6,73,2025-10-27,True
991,Nerf Eco Doll,7,198,Nerf,TOY-NER-00991,501.28,374.34,5,"Nerf Doll designed for quality, durability and everyday use.",4.3,405,2020-10-13,True
992,Levis Advanced T-Shirt,2,199,Levis,FAS-LEV-00992,3199.23,2212.35,15,"Levis T-Shirt designed for quality, durability and everyday use.",4.5,86,2025-12-12,True
993,Puma Plus Dress,2,199,Puma,FAS-PUM-00993,2980.33,2191.27,10,"Puma Dress designed for quality, durability and everyday use.",5.0,178,2023-11-22,True
994,Nike Advanced Jacket,2,199,Nike,FAS-NIK-00994,2792.18,1729.64,20,"Nike Jacket designed for quality, durability and everyday use.",3.9,149,2023-08-04,True
995,Levis Elite Hoodie,2,199,Levis,FAS-LEV-00995,7402.29,4208.78,5,"Levis Hoodie designed for quality, durability and everyday use.",5.0,115,2025-06-23,True
996,H&M Ultra T-Shirt,2,199,H&M,FAS-H&M-00996,2772.93,2106.37,5,"H&M T-Shirt designed for quality, durability and everyday use.",3.6,90,2024-02-14,True
997,Levis Pro Shirt,2,199,Levis,FAS-LEV-00997,2036.32,1573.35,10,"Levis Shirt designed for quality, durability and everyday use.",4.5,358,2023-06-26,True
998,Tata Premium Atta,8,200,Tata,GRO-TAT-00998,1629.52,1332.93,5,"Tata Atta designed for quality, durability and everyday use.",4.7,234,2023-05-28,True
999,Nestle Smart Tea,8,200,Nestle,GRO-NES-00999,1673.19,1206.56,10,"Nestle Tea designed for quality, durability and everyday use.",4.7,8,2026-02-18,True
1000,Amul Elite Tea,8,200,Amul,GRO-AMU-01000,1754.25,1264.37,0,"Amul Tea designed for quality, durability and everyday use.",4.6,198,2022-10-18,True
1001,Nestle Premium Oil,8,200,Nestle,GRO-NES-01001,486.84,405.14,30,"Nestle Oil designed for quality, durability and everyday use.",4.8,140,2023-05-20,True
1002,Tata Plus Coffee,8,200,Tata,GRO-TAT-01002,520.73,367.29,15,"Tata Coffee designed for quality, durability and everyday use.",4.8,44,2026-01-23,True
1003,Nestle Pro Tea,8,200,Nestle,GRO-NES-01003,1323.8,740.91,10,"Nestle Tea designed for quality, durability and everyday use.",4.9,131,2023-05-02,True
1004,Aashirvaad Premium Milk Powder,8,200,Aashirvaad,GRO-AAS-01004,509.45,291.34,30,"Aashirvaad Milk Powder designed for quality, durability and everyday use.",3.9,237,2023-03-14,False
1005,Amul Plus Coffee,8,200,Amul,GRO-AMU-01005,1862.26,1520.08,10,"Amul Coffee designed for quality, durability and everyday use.",4.9,78,2023-08-02,True
1006,Oxford Advanced Story Book,4,201,Oxford,BOO-OXF-01006,711.32,572.58,40,"Oxford Story Book designed for quality, durability and everyday use.",5.0,707,2018-07-20,True
1007,McGraw Hill Eco Novel,4,201,McGraw Hill,BOO-MCG-01007,1042.02,694.13,5,"McGraw Hill Novel designed for quality, durability and everyday use.",4.9,8,2026-01-30,True
1008,Penguin Max Biography,4,201,Penguin,BOO-PEN-01008,800.81,522.88,30,"Penguin Biography designed for quality, durability and everyday use.",4.8,392,2018-01-11,True
1009,Pearson Premium Biography,4,201,Pearson,BOO-PEA-01009,1983.24,1099.65,15,"Pearson Biography designed for quality, durability and everyday use.",4.2,609,2018-05-10,True
1010,Horlicks Pro Vitamin Tablets,9,202,Horlicks,HEA-HOR-01010,735.61,492.38,15,"Horlicks Vitamin Tablets designed for quality, durability and everyday use.",4.4,350,2019-07-11,True
1011,Horlicks Advanced Vitamin Tablets,9,202,Horlicks,HEA-HOR-01011,3594.36,2992.05,20,"Horlicks Vitamin Tablets designed for quality, durability and everyday use.",4.8,88,2025-12-14,True
1012,Lakme Max Face Wash,5,203,Lakme,BEA-LAK-01012,4517.06,3440.42,15,"Lakme Face Wash designed for quality, durability and everyday use.",4.8,653,2020-10-07,True
1013,Minimalist Smart Moisturizer,5,203,Minimalist,BEA-MIN-01013,745.33,572.02,20,"Minimalist Moisturizer designed for quality, durability and everyday use.",5.0,412,2022-06-20,True
1014,Lakme Advanced Face Wash,5,203,Lakme,BEA-LAK-01014,4206.18,2654.48,15,"Lakme Face Wash designed for quality, durability and everyday use.",4.8,202,2023-05-03,True
1015,Loreal Premium Lipstick,5,203,Loreal,BEA-LOR-01015,4334.45,2884.14,0,"Loreal Lipstick designed for quality, durability and everyday use.",4.9,352,2022-06-01,True
1016,Nivea Eco Face Wash,5,203,Nivea,BEA-NIV-01016,3850.53,3200.43,30,"Nivea Face Wash designed for quality, durability and everyday use.",4.3,321,2021-06-21,True
1017,H&M Elite Dress,2,204,H&M,FAS-H&M-01017,6966.22,5466.98,30,"H&M Dress designed for quality, durability and everyday use.",4.3,24,2026-02-07,True
1018,Zara Eco Sneakers,2,204,Zara,FAS-ZAR-01018,3868.97,2792.55,10,"Zara Sneakers designed for quality, durability and everyday use.",4.6,319,2022-02-19,True
1019,Adidas Premium Jeans,2,204,Adidas,FAS-ADI-01019,2461.39,1857.81,5,"Adidas Jeans designed for quality, durability and everyday use.",3.5,126,2024-08-28,True
1020,Nike Pro Dress,2,204,Nike,FAS-NIK-01020,3085.05,2306.9,20,"Nike Dress designed for quality, durability and everyday use.",4.2,217,2023-09-12,True
1021,Puma Advanced Cricket Bat,6,205,Puma,SPO-PUM-01021,14150.37,9650.17,10,"Puma Cricket Bat designed for quality, durability and everyday use.",3.7,13,2026-02-13,True
1022,Cosco Pro Football,6,205,Cosco,SPO-COS-01022,26962.81,19290.12,40,"Cosco Football designed for quality, durability and everyday use.",4.6,365,2021-07-19,True
1023,Adidas Ultra Cricket Bat,6,205,Adidas,SPO-ADI-01023,4833.6,3554.56,0,"Adidas Cricket Bat designed for quality, durability and everyday use.",4.9,658,2019-12-02,True
1024,Cosco Premium Yoga Mat,6,205,Cosco,SPO-COS-01024,16825.53,10404.67,40,"Cosco Yoga Mat designed for quality, durability and everyday use.",3.5,407,2023-02-03,True
1025,Nestle Premium Milk Powder,8,206,Nestle,GRO-NES-01025,1221.13,799.74,0,"Nestle Milk Powder designed for quality, durability and everyday use.",4.6,92,2024-04-30,True
1026,Aashirvaad Elite Milk Powder,8,206,Aashirvaad,GRO-AAS-01026,189.22,128.28,5,"Aashirvaad Milk Powder designed for quality, durability and everyday use.",5.0,105,2025-01-07,False
1027,Aashirvaad Pro Tea,8,206,Aashirvaad,GRO-AAS-01027,1262.74,755.24,0,"Aashirvaad Tea designed for quality, durability and everyday use.",3.9,114,2023-02-22,True
1028,Aashirvaad Eco Coffee,8,206,Aashirvaad,GRO-AAS-01028,1577.76,1205.18,30,"Aashirvaad Coffee designed for quality, durability and everyday use.",4.7,255,2023-11-04,True
1029,Tata Smart Rice,8,206,Tata,GRO-TAT-01029,1152.53,978.89,15,"Tata Rice designed for quality, durability and everyday use.",4.3,330,2023-09-06,True
1030,Nestle Eco Tea,8,206,Nestle,GRO-NES-01030,1064.66,686.79,0,"Nestle Tea designed for quality, durability and everyday use.",4.5,102,2024-11-04,True
1031,Adidas Max Dumbbells,6,207,Adidas,SPO-ADI-01031,22571.55,13195.89,5,"Adidas Dumbbells designed for quality, durability and everyday use.",4.3,40,2025-01-11,True
1032,Cosco Max Football,6,207,Cosco,SPO-COS-01032,19773.23,14465.41,10,"Cosco Football designed for quality, durability and everyday use.",4.7,335,2023-09-14,True
1033,Yonex Ultra Badminton Racket,6,207,Yonex,SPO-YON-01033,18363.6,14484.41,5,"Yonex Badminton Racket designed for quality, durability and everyday use.",4.9,57,2025-10-31,True
1034,SG Ultra Cricket Bat,6,207,SG,SPO-SG-01034,26353.97,14617.33,0,"SG Cricket Bat designed for quality, durability and everyday use.",4.8,45,2025-08-20,True
1035,Nike Premium Dumbbells,6,207,Nike,SPO-NIK-01035,20856.37,17664.93,0,"Nike Dumbbells designed for quality, durability and everyday use.",4.0,110,2025-05-14,True
1036,SG Smart Badminton Racket,6,207,SG,SPO-SG-01036,21503.51,12594.8,25,"SG Badminton Racket designed for quality, durability and everyday use.",4.0,6,2026-06-16,False
1037,Nike Max Football,6,207,Nike,SPO-NIK-01037,28522.61,23479.88,15,"Nike Football designed for quality, durability and everyday use.",4.3,54,2025-09-04,True
1038,SG Eco Badminton Racket,6,207,SG,SPO-SG-01038,2971.79,2432.94,15,"SG Badminton Racket designed for quality, durability and everyday use.",4.7,102,2025-02-15,True
1039,Cosco Classic Yoga Mat,6,208,Cosco,SPO-COS-01039,7351.77,5131.45,0,"Cosco Yoga Mat designed for quality, durability and everyday use.",4.6,129,2025-11-06,True
1040,Yonex Ultra Yoga Mat,6,208,Yonex,SPO-YON-01040,28628.65,16105.92,30,"Yonex Yoga Mat designed for quality, durability and everyday use.",4.0,152,2025-05-31,True
1041,Cosco Classic Yoga Mat,6,208,Cosco,SPO-COS-01041,10746.7,6444.56,5,"Cosco Yoga Mat designed for quality, durability and everyday use.",4.6,415,2020-12-12,True
1042,Puma Classic Badminton Racket,6,208,Puma,SPO-PUM-01042,27773.22,20827.97,0,"Puma Badminton Racket designed for quality, durability and everyday use.",4.9,74,2023-12-12,True
1043,Nike Eco Badminton Racket,6,208,Nike,SPO-NIK-01043,24070.26,13286.77,25,"Nike Badminton Racket designed for quality, durability and everyday use.",5.0,454,2022-05-23,True
1044,Levis Classic Sneakers,2,209,Levis,FAS-LEV-01044,5815.13,4801.87,0,"Levis Sneakers designed for quality, durability and everyday use.",4.0,130,2023-06-27,False
1045,Zara Classic Shirt,2,209,Zara,FAS-ZAR-01045,7756.98,6136.49,20,"Zara Shirt designed for quality, durability and everyday use.",4.8,679,2018-06-10,True
1046,Levis Eco Shirt,2,209,Levis,FAS-LEV-01046,5475.03,3132.96,15,"Levis Shirt designed for quality, durability and everyday use.",4.0,882,2018-04-13,True
1047,Dettol Premium Protein Powder,9,210,Dettol,HEA-DET-01047,1304.98,947.29,25,"Dettol Protein Powder designed for quality, durability and everyday use.",4.8,157,2022-08-20,True
1048,Dabur Pro First Aid Kit,9,210,Dabur,HEA-DAB-01048,745.78,552.2,0,"Dabur First Aid Kit designed for quality, durability and everyday use.",4.6,40,2024-03-14,True
1049,Ensure Ultra Vitamin Tablets,9,210,Ensure,HEA-ENS-01049,290.18,219.49,15,"Ensure Vitamin Tablets designed for quality, durability and everyday use.",4.4,595,2021-12-15,True
1050,Dabur Smart Hand Sanitizer,9,210,Dabur,HEA-DAB-01050,4387.69,3292.49,10,"Dabur Hand Sanitizer designed for quality, durability and everyday use.",4.4,30,2026-01-17,True
1051,Hot Wheels Advanced Doll,7,211,Hot Wheels,TOY-HOT-01051,1761.91,1319.19,0,"Hot Wheels Doll designed for quality, durability and everyday use.",4.6,475,2020-08-20,True
1052,Funskool Advanced Doll,7,211,Funskool,TOY-FUN-01052,3085.08,2332.83,0,"Funskool Doll designed for quality, durability and everyday use.",4.8,111,2022-04-17,True
1053,Hot Wheels Max Building Blocks,7,211,Hot Wheels,TOY-HOT-01053,2173.9,1723.27,10,"Hot Wheels Building Blocks designed for quality, durability and everyday use.",4.8,885,2019-05-13,True
1054,Lego Advanced Building Blocks,7,211,Lego,TOY-LEG-01054,2167.1,1564.11,0,"Lego Building Blocks designed for quality, durability and everyday use.",4.9,39,2026-06-10,True
1055,Prestige Premium Storage Box,3,212,Prestige,HMK-PRE-01055,20159.12,11633.34,15,"Prestige Storage Box designed for quality, durability and everyday use.",3.9,4,2026-02-06,True
1056,Borosil Max Cookware Set,3,212,Borosil,HMK-BOR-01056,13619.08,11515.82,25,"Borosil Cookware Set designed for quality, durability and everyday use.",4.7,245,2024-08-17,True
1057,Milton Elite Bottle,3,212,Milton,HMK-MIL-01057,5782.57,4452.58,30,"Milton Bottle designed for quality, durability and everyday use.",5.0,244,2019-06-24,True
1058,Pigeon Ultra Mixer,3,212,Pigeon,HMK-PIG-01058,7435.7,4143.72,15,"Pigeon Mixer designed for quality, durability and everyday use.",4.4,992,2018-05-07,True
1059,Cello Ultra Pressure Cooker,3,212,Cello,HMK-CEL-01059,20548.25,16705.45,25,"Cello Pressure Cooker designed for quality, durability and everyday use.",5.0,25,2025-04-30,True
1060,Nestle Classic Atta,8,213,Nestle,GRO-NES-01060,1484.95,1169.82,0,"Nestle Atta designed for quality, durability and everyday use.",4.5,535,2021-10-24,True
1061,Tata Pro Oil,8,213,Tata,GRO-TAT-01061,944.87,547.93,40,"Tata Oil designed for quality, durability and everyday use.",4.5,43,2025-05-29,True
1062,Amul Pro Coffee,8,213,Amul,GRO-AMU-01062,992.53,816.16,10,"Amul Coffee designed for quality, durability and everyday use.",4.8,885,2019-05-24,True
1063,Aashirvaad Classic Coffee,8,213,Aashirvaad,GRO-AAS-01063,931.93,674.12,0,"Aashirvaad Coffee designed for quality, durability and everyday use.",4.2,164,2025-09-03,True
1064,Aashirvaad Ultra Oil,8,213,Aashirvaad,GRO-AAS-01064,1628.88,1372.73,0,"Aashirvaad Oil designed for quality, durability and everyday use.",4.9,83,2025-09-30,True
1065,Amul Advanced Coffee,8,213,Amul,GRO-AMU-01065,1070.64,858.54,20,"Amul Coffee designed for quality, durability and everyday use.",5.0,99,2025-04-23,True
1066,Nike Plus Sneakers,2,214,Nike,FAS-NIK-01066,4910.22,3984.29,5,"Nike Sneakers designed for quality, durability and everyday use.",4.9,159,2025-09-27,True
1067,Zara Max Jeans,2,214,Zara,FAS-ZAR-01067,3852.56,2677.14,10,"Zara Jeans designed for quality, durability and everyday use.",4.3,277,2023-08-04,True
1068,Levis Premium Jeans,2,214,Levis,FAS-LEV-01068,1548.12,1198.93,0,"Levis Jeans designed for quality, durability and everyday use.",4.6,277,2023-03-21,True
1069,Zara Eco Hoodie,2,214,Zara,FAS-ZAR-01069,4051.39,3138.6,10,"Zara Hoodie designed for quality, durability and everyday use.",4.7,230,2022-06-10,True
1070,Zara Eco Sneakers,2,214,Zara,FAS-ZAR-01070,2782.37,2272.82,10,"Zara Sneakers designed for quality, durability and everyday use.",4.9,480,2021-02-22,True
1071,Puma Advanced Jacket,2,214,Puma,FAS-PUM-01071,1921.75,1247.32,20,"Puma Jacket designed for quality, durability and everyday use.",3.5,328,2023-12-03,True
1072,Sony Ultra Keyboard,1,215,Sony,ELE-SON-01072,24251.66,13826.22,40,"Sony Keyboard designed for quality, durability and everyday use.",4.8,670,2020-07-11,True
1073,Apple Plus Laptop,1,215,Apple,ELE-APP-01073,71366.73,42601.36,5,"Apple Laptop designed for quality, durability and everyday use.",4.5,317,2020-01-29,True
1074,LG Max Headphones,1,215,LG,ELE-LG-01074,94426.14,63358.1,5,"LG Headphones designed for quality, durability and everyday use.",4.5,363,2023-06-08,True
1075,HP Ultra Headphones,1,215,HP,ELE-HP-01075,40914.77,23759.07,20,"HP Headphones designed for quality, durability and everyday use.",4.5,187,2024-11-07,True
1076,Lenovo Smart Mouse,1,215,Lenovo,ELE-LEN-01076,26878.71,21100.04,50,"Lenovo Mouse designed for quality, durability and everyday use.",5.0,133,2023-10-28,True
1077,Nivea Premium Face Wash,5,216,Nivea,BEA-NIV-01077,814.33,645.09,10,"Nivea Face Wash designed for quality, durability and everyday use.",4.6,366,2020-08-28,True
1078,Loreal Advanced Lipstick,5,216,Loreal,BEA-LOR-01078,1871.71,1500.35,5,"Loreal Lipstick designed for quality, durability and everyday use.",5.0,284,2024-03-14,True
1079,Minimalist Ultra Serum,5,216,Minimalist,BEA-MIN-01079,4223.4,3033.02,10,"Minimalist Serum designed for quality, durability and everyday use.",4.2,27,2026-02-16,True
1080,Maybelline Max Face Wash,5,216,Maybelline,BEA-MAY-01080,4298.56,3358.14,5,"Maybelline Face Wash designed for quality, durability and everyday use.",4.7,137,2024-01-27,True
1081,Minimalist Smart Face Wash,5,216,Minimalist,BEA-MIN-01081,2294.09,1623.76,0,"Minimalist Face Wash designed for quality, durability and everyday use.",4.8,399,2019-01-13,True
1082,Lakme Pro Moisturizer,5,216,Lakme,BEA-LAK-01082,312.61,197.72,10,"Lakme Moisturizer designed for quality, durability and everyday use.",5.0,110,2024-06-02,True
1083,Mamaearth Advanced Face Wash,5,216,Mamaearth,BEA-MAM-01083,4986.57,3688.43,10,"Mamaearth Face Wash designed for quality, durability and everyday use.",4.6,6,2026-01-22,True
1084,Funskool Ultra Toy Car,7,217,Funskool,TOY-FUN-01084,597.56,478.18,0,"Funskool Toy Car designed for quality, durability and everyday use.",4.6,64,2024-10-05,True
1085,Hot Wheels Plus Toy Car,7,217,Hot Wheels,TOY-HOT-01085,3739.78,2430.11,15,"Hot Wheels Toy Car designed for quality, durability and everyday use.",4.0,360,2023-12-13,True
1086,Nike Elite Shirt,2,218,Nike,FAS-NIK-01086,3506.12,2630.7,0,"Nike Shirt designed for quality, durability and everyday use.",4.9,196,2023-10-30,True
1087,Levis Pro T-Shirt,2,218,Levis,FAS-LEV-01087,4985.67,3772.23,10,"Levis T-Shirt designed for quality, durability and everyday use.",4.4,219,2023-01-07,True
1088,Puma Max T-Shirt,2,218,Puma,FAS-PUM-01088,3890.14,3115.35,0,"Puma T-Shirt designed for quality, durability and everyday use.",3.9,346,2018-04-03,True
1089,Adidas Plus Sneakers,2,218,Adidas,FAS-ADI-01089,5125.01,2849.67,0,"Adidas Sneakers designed for quality, durability and everyday use.",5.0,40,2025-07-31,True
1090,Adidas Smart Sneakers,2,218,Adidas,FAS-ADI-01090,6055.04,4671.06,5,"Adidas Sneakers designed for quality, durability and everyday use.",4.7,243,2021-07-25,True
1091,Maybelline Smart Serum,5,219,Maybelline,BEA-MAY-01091,1008.99,644.22,15,"Maybelline Serum designed for quality, durability and everyday use.",4.8,23,2026-03-31,True
1092,Minimalist Advanced Moisturizer,5,219,Minimalist,BEA-MIN-01092,4173.08,3155.32,0,"Minimalist Moisturizer designed for quality, durability and everyday use.",3.8,335,2023-11-15,True
1093,Minimalist Max Lipstick,5,219,Minimalist,BEA-MIN-01093,3283.14,2477.47,5,"Minimalist Lipstick designed for quality, durability and everyday use.",4.7,47,2026-02-03,True
1094,Lakme Smart Moisturizer,5,219,Lakme,BEA-LAK-01094,1402.34,968.04,0,"Lakme Moisturizer designed for quality, durability and everyday use.",4.9,161,2024-01-17,True
1095,Mamaearth Max Serum,5,219,Mamaearth,BEA-MAM-01095,2884.28,2155.97,30,"Mamaearth Serum designed for quality, durability and everyday use.",4.8,525,2022-01-04,True
1096,Amul Max Oil,8,220,Amul,GRO-AMU-01096,1313.37,761.84,30,"Amul Oil designed for quality, durability and everyday use.",4.8,232,2024-01-17,True
1097,Nestle Plus Tea,8,220,Nestle,GRO-NES-01097,1173.13,798.3,5,"Nestle Tea designed for quality, durability and everyday use.",4.1,387,2022-02-03,True
1098,Amul Premium Oil,8,220,Amul,GRO-AMU-01098,1942.99,1580.1,20,"Amul Oil designed for quality, durability and everyday use.",4.0,129,2025-05-12,True
1099,Nestle Plus Tea,8,220,Nestle,GRO-NES-01099,105.68,74.36,30,"Nestle Tea designed for quality, durability and everyday use.",4.0,70,2025-12-09,True
1100,Adidas Max Jeans,2,221,Adidas,FAS-ADI-01100,6371.98,3607.43,0,"Adidas Jeans designed for quality, durability and everyday use.",4.2,569,2021-12-09,True
1101,Levis Ultra T-Shirt,2,221,Levis,FAS-LEV-01101,1843.13,1108.86,5,"Levis T-Shirt designed for quality, durability and everyday use.",4.9,43,2025-06-13,True
1102,Adidas Eco Shirt,2,221,Adidas,FAS-ADI-01102,6811.65,4511.2,10,"Adidas Shirt designed for quality, durability and everyday use.",4.7,74,2025-03-18,True
1103,Zara Advanced Jacket,2,221,Zara,FAS-ZAR-01103,5737.93,4469.37,0,"Zara Jacket designed for quality, durability and everyday use.",4.9,264,2023-10-01,True
1104,Puma Elite Hoodie,2,221,Puma,FAS-PUM-01104,4896.43,3477.61,5,"Puma Hoodie designed for quality, durability and everyday use.",4.4,173,2023-02-25,True
1105,Adidas Max Sneakers,2,222,Adidas,FAS-ADI-01105,2916.85,2324.65,15,"Adidas Sneakers designed for quality, durability and everyday use.",4.3,75,2024-04-16,True
1106,Nike Pro Jeans,2,222,Nike,FAS-NIK-01106,3652.58,2381.03,15,"Nike Jeans designed for quality, durability and everyday use.",4.7,425,2022-03-03,True
1107,Nike Elite Sneakers,2,222,Nike,FAS-NIK-01107,1682.29,1126.23,10,"Nike Sneakers designed for quality, durability and everyday use.",5.0,215,2024-12-10,True
1108,Zara Elite Hoodie,2,222,Zara,FAS-ZAR-01108,6487.34,3591.83,5,"Zara Hoodie designed for quality, durability and everyday use.",4.5,22,2025-07-20,True
1109,Barbie Premium Doll,7,223,Barbie,TOY-BAR-01109,1654.18,1038.15,15,"Barbie Doll designed for quality, durability and everyday use.",4.5,148,2025-07-11,True
1110,Barbie Eco Building Blocks,7,223,Barbie,TOY-BAR-01110,4864.5,2838.44,0,"Barbie Building Blocks designed for quality, durability and everyday use.",4.7,136,2023-06-13,True
1111,Nerf Smart Building Blocks,7,223,Nerf,TOY-NER-01111,2671.5,1961.83,25,"Nerf Building Blocks designed for quality, durability and everyday use.",4.6,122,2023-03-23,True
1112,Barbie Premium Building Blocks,7,223,Barbie,TOY-BAR-01112,4468.0,3377.43,5,"Barbie Building Blocks designed for quality, durability and everyday use.",4.7,675,2020-02-18,True
1113,Hot Wheels Elite Building Blocks,7,223,Hot Wheels,TOY-HOT-01113,284.09,183.92,15,"Hot Wheels Building Blocks designed for quality, durability and everyday use.",4.5,332,2023-03-16,True
1114,Funskool Classic Toy Car,7,223,Funskool,TOY-FUN-01114,2767.93,1627.03,0,"Funskool Toy Car designed for quality, durability and everyday use.",4.6,288,2024-12-08,True
1115,Nerf Eco Toy Car,7,223,Nerf,TOY-NER-01115,2931.53,1648.08,5,"Nerf Toy Car designed for quality, durability and everyday use.",5.0,255,2023-07-27,True
1116,Lego Pro Building Blocks,7,223,Lego,TOY-LEG-01116,2228.14,1240.44,40,"Lego Building Blocks designed for quality, durability and everyday use.",4.8,281,2023-06-12,True
1117,Lenovo Plus Headphones,1,224,Lenovo,ELE-LEN-01117,78077.86,62952.08,5,"Lenovo Headphones designed for quality, durability and everyday use.",4.2,75,2025-08-26,True
1118,LG Ultra Headphones,1,224,LG,ELE-LG-01118,42974.36,32292.3,15,"LG Headphones designed for quality, durability and everyday use.",3.9,41,2024-07-12,True
1119,Samsung Ultra Keyboard,1,224,Samsung,ELE-SAM-01119,42665.76,29385.29,20,"Samsung Keyboard designed for quality, durability and everyday use.",4.4,178,2018-08-19,True
1120,HP Plus Smartphone,1,224,HP,ELE-HP-01120,44599.03,34056.27,20,"HP Smartphone designed for quality, durability and everyday use.",4.5,178,2024-11-04,True
1121,Samsung Max Monitor,1,224,Samsung,ELE-SAM-01121,49307.14,39287.37,0,"Samsung Monitor designed for quality, durability and everyday use.",4.1,63,2025-12-26,True
1122,Lenovo Premium Keyboard,1,224,Lenovo,ELE-LEN-01122,99783.38,71983.13,0,"Lenovo Keyboard designed for quality, durability and everyday use.",4.6,166,2023-06-20,True
1123,Milton Max Bottle,3,225,Milton,HMK-MIL-01123,11561.73,7980.07,0,"Milton Bottle designed for quality, durability and everyday use.",4.5,27,2026-03-02,True
1124,Prestige Eco Bottle,3,225,Prestige,HMK-PRE-01124,18729.27,15861.9,5,"Prestige Bottle designed for quality, durability and everyday use.",4.5,109,2023-09-10,True
1125,Philips Plus Mixer,3,225,Philips,HMK-PHI-01125,7589.05,6143.09,20,"Philips Mixer designed for quality, durability and everyday use.",3.6,26,2026-01-31,True
1126,Philips Plus Pressure Cooker,3,225,Philips,HMK-PHI-01126,7332.55,5727.82,15,"Philips Pressure Cooker designed for quality, durability and everyday use.",4.4,168,2024-10-12,True
1127,Pigeon Elite Cookware Set,3,225,Pigeon,HMK-PIG-01127,12623.41,8699.73,20,"Pigeon Cookware Set designed for quality, durability and everyday use.",4.6,264,2023-12-30,True
1128,Sony Ultra Mouse,1,226,Sony,ELE-SON-01128,103136.06,59767.03,15,"Sony Mouse designed for quality, durability and everyday use.",4.7,202,2024-01-22,True
1129,HP Plus Tablet,1,226,HP,ELE-HP-01129,93748.2,79655.31,15,"HP Tablet designed for quality, durability and everyday use.",4.3,196,2024-10-27,True
1130,Asus Max Smartphone,1,226,Asus,ELE-ASU-01130,5362.49,3916.78,20,"Asus Smartphone designed for quality, durability and everyday use.",4.7,257,2024-01-31,True
1131,Asus Smart Monitor,1,226,Asus,ELE-ASU-01131,27931.23,23214.83,30,"Asus Monitor designed for quality, durability and everyday use.",4.8,331,2020-03-04,True
1132,Asus Plus Smart Watch,1,226,Asus,ELE-ASU-01132,67660.67,42123.17,0,"Asus Smart Watch designed for quality, durability and everyday use.",4.6,21,2026-05-22,True
1133,Funskool Classic Doll,7,227,Funskool,TOY-FUN-01133,233.04,130.43,15,"Funskool Doll designed for quality, durability and everyday use.",4.0,38,2025-02-28,True
1134,Hot Wheels Classic Board Game,7,227,Hot Wheels,TOY-HOT-01134,3635.82,2661.76,50,"Hot Wheels Board Game designed for quality, durability and everyday use.",4.3,209,2023-05-03,True
1135,Lego Elite Building Blocks,7,227,Lego,TOY-LEG-01135,3639.8,2560.48,15,"Lego Building Blocks designed for quality, durability and everyday use.",4.6,388,2020-10-25,True
1136,Nerf Ultra Puzzle,7,227,Nerf,TOY-NER-01136,1959.03,1463.32,0,"Nerf Puzzle designed for quality, durability and everyday use.",4.8,64,2024-06-25,True
1137,Lego Advanced Doll,7,227,Lego,TOY-LEG-01137,3812.01,2962.29,5,"Lego Doll designed for quality, durability and everyday use.",4.4,438,2022-07-11,True
1138,Hot Wheels Premium Board Game,7,227,Hot Wheels,TOY-HOT-01138,3854.35,2291.05,5,"Hot Wheels Board Game designed for quality, durability and everyday use.",4.8,94,2025-01-12,True
1139,Funskool Pro Board Game,7,227,Funskool,TOY-FUN-01139,2481.37,1692.19,5,"Funskool Board Game designed for quality, durability and everyday use.",4.3,371,2023-10-28,True
1140,SG Premium Cricket Bat,6,228,SG,SPO-SG-01140,25602.11,18560.74,0,"SG Cricket Bat designed for quality, durability and everyday use.",5.0,152,2025-11-07,True
1141,Cosco Max Cricket Bat,6,228,Cosco,SPO-COS-01141,19493.62,14155.11,10,"Cosco Cricket Bat designed for quality, durability and everyday use.",4.6,63,2025-09-20,True
1142,Yonex Advanced Cricket Bat,6,228,Yonex,SPO-YON-01142,26965.44,14946.13,30,"Yonex Cricket Bat designed for quality, durability and everyday use.",4.7,253,2021-04-04,True
1143,SG Smart Football,6,228,SG,SPO-SG-01143,11016.79,7577.31,30,"SG Football designed for quality, durability and everyday use.",3.9,78,2025-12-09,True
1144,Puma Elite Football,6,228,Puma,SPO-PUM-01144,18978.86,15858.9,10,"Puma Football designed for quality, durability and everyday use.",4.8,5,2026-01-06,False
1145,Nerf Smart Board Game,7,229,Nerf,TOY-NER-01145,1374.52,1084.75,0,"Nerf Board Game designed for quality, durability and everyday use.",3.8,216,2024-04-12,True
1146,Funskool Plus Puzzle,7,229,Funskool,TOY-FUN-01146,1475.66,934.45,20,"Funskool Puzzle designed for quality, durability and everyday use.",4.3,327,2023-09-29,True
1147,Funskool Smart Toy Car,7,229,Funskool,TOY-FUN-01147,3011.25,2181.29,10,"Funskool Toy Car designed for quality, durability and everyday use.",4.5,242,2024-10-15,True
1148,Nike Classic Jacket,2,230,Nike,FAS-NIK-01148,3965.48,2299.83,15,"Nike Jacket designed for quality, durability and everyday use.",4.5,715,2020-01-20,True
1149,Nike Advanced Shirt,2,230,Nike,FAS-NIK-01149,6285.95,3824.62,20,"Nike Shirt designed for quality, durability and everyday use.",4.5,188,2023-01-02,True
1150,Allen Solly Advanced Sneakers,2,230,Allen Solly,FAS-ALL-01150,5159.69,3346.53,10,"Allen Solly Sneakers designed for quality, durability and everyday use.",4.8,262,2024-06-25,True
1151,Puma Eco Sneakers,2,230,Puma,FAS-PUM-01151,4173.58,3079.17,0,"Puma Sneakers designed for quality, durability and everyday use.",4.3,446,2020-01-14,True
1152,Barbie Ultra Toy Car,7,231,Barbie,TOY-BAR-01152,514.69,349.79,5,"Barbie Toy Car designed for quality, durability and everyday use.",3.9,11,2026-01-08,True
1153,Lego Smart Toy Car,7,231,Lego,TOY-LEG-01153,1674.56,1074.42,20,"Lego Toy Car designed for quality, durability and everyday use.",4.6,13,2026-06-02,True
1154,Funskool Ultra Building Blocks,7,231,Funskool,TOY-FUN-01154,1121.14,749.9,0,"Funskool Building Blocks designed for quality, durability and everyday use.",4.9,284,2024-10-28,True
1155,Barbie Elite Board Game,7,231,Barbie,TOY-BAR-01155,3942.82,2487.19,30,"Barbie Board Game designed for quality, durability and everyday use.",4.6,134,2024-09-13,True
1156,Hot Wheels Max Building Blocks,7,231,Hot Wheels,TOY-HOT-01156,2358.6,1598.16,5,"Hot Wheels Building Blocks designed for quality, durability and everyday use.",4.7,34,2025-04-07,True
1157,Philips Pro Pressure Cooker,3,232,Philips,HMK-PHI-01157,977.25,743.98,5,"Philips Pressure Cooker designed for quality, durability and everyday use.",4.3,92,2022-02-03,True
1158,Pigeon Eco Bottle,3,232,Pigeon,HMK-PIG-01158,14219.32,8671.45,5,"Pigeon Bottle designed for quality, durability and everyday use.",4.6,98,2023-08-07,True
1159,Milton Advanced Storage Box,3,232,Milton,HMK-MIL-01159,23566.61,17153.71,40,"Milton Storage Box designed for quality, durability and everyday use.",3.8,144,2025-03-09,True
1160,Borosil Elite Induction Cooktop,3,232,Borosil,HMK-BOR-01160,1953.26,1107.17,5,"Borosil Induction Cooktop designed for quality, durability and everyday use.",4.5,68,2024-08-05,True
1161,Cello Max Mixer,3,232,Cello,HMK-CEL-01161,24440.88,18812.99,20,"Cello Mixer designed for quality, durability and everyday use.",4.0,12,2026-03-21,True
1162,3M Eco Cleaning Kit,10,233,3M,AUT-3M-01162,38257.96,24034.25,10,"3M Cleaning Kit designed for quality, durability and everyday use.",4.8,964,2018-03-11,True
1163,3M Advanced Car Cover,10,233,3M,AUT-3M-01163,37490.02,23035.51,5,"3M Car Cover designed for quality, durability and everyday use.",4.8,213,2024-02-12,False
1164,3M Plus Car Cover,10,233,3M,AUT-3M-01164,37508.69,20890.15,0,"3M Car Cover designed for quality, durability and everyday use.",4.7,32,2025-09-23,True
1165,Bosch Max Cleaning Kit,10,233,Bosch,AUT-BOS-01165,1301.96,886.85,0,"Bosch Cleaning Kit designed for quality, durability and everyday use.",4.6,31,2026-01-08,True
1166,3M Classic Engine Oil,10,233,3M,AUT-3M-01166,28482.69,23990.07,20,"3M Engine Oil designed for quality, durability and everyday use.",4.5,353,2023-06-29,True
1167,Dabur Elite Protein Powder,9,234,Dabur,HEA-DAB-01167,4107.0,2832.66,25,"Dabur Protein Powder designed for quality, durability and everyday use.",3.5,174,2021-11-07,True
1168,Dettol Advanced Hand Sanitizer,9,234,Dettol,HEA-DET-01168,2685.8,2035.23,20,"Dettol Hand Sanitizer designed for quality, durability and everyday use.",4.6,440,2019-08-12,True
1169,Ensure Premium Protein Powder,9,234,Ensure,HEA-ENS-01169,1203.63,816.24,5,"Ensure Protein Powder designed for quality, durability and everyday use.",4.8,176,2024-10-30,True
1170,Dabur Plus Hand Sanitizer,9,234,Dabur,HEA-DAB-01170,847.76,662.86,5,"Dabur Hand Sanitizer designed for quality, durability and everyday use.",4.9,180,2019-09-09,True
1171,Dettol Classic Hand Sanitizer,9,234,Dettol,HEA-DET-01171,1704.56,1098.76,5,"Dettol Hand Sanitizer designed for quality, durability and everyday use.",4.9,218,2022-05-18,True
1172,Hot Wheels Ultra Puzzle,7,235,Hot Wheels,TOY-HOT-01172,4412.66,3677.14,0,"Hot Wheels Puzzle designed for quality, durability and everyday use.",3.8,549,2018-08-02,True
1173,Barbie Smart Doll,7,235,Barbie,TOY-BAR-01173,1187.03,788.37,20,"Barbie Doll designed for quality, durability and everyday use.",5.0,142,2022-11-23,True
1174,Funskool Advanced Puzzle,7,235,Funskool,TOY-FUN-01174,3755.08,2469.03,50,"Funskool Puzzle designed for quality, durability and everyday use.",4.7,639,2020-07-04,True
1175,Hot Wheels Classic Board Game,7,235,Hot Wheels,TOY-HOT-01175,4735.5,2627.46,5,"Hot Wheels Board Game designed for quality, durability and everyday use.",4.7,241,2023-07-24,True
1176,Hot Wheels Elite Puzzle,7,235,Hot Wheels,TOY-HOT-01176,4740.51,3534.53,5,"Hot Wheels Puzzle designed for quality, durability and everyday use.",4.3,140,2025-03-09,True
1177,Hot Wheels Premium Building Blocks,7,235,Hot Wheels,TOY-HOT-01177,875.53,546.94,10,"Hot Wheels Building Blocks designed for quality, durability and everyday use.",4.9,470,2022-08-20,True
1178,Nerf Pro Toy Car,7,235,Nerf,TOY-NER-01178,1984.18,1338.26,0,"Nerf Toy Car designed for quality, durability and everyday use.",4.9,402,2023-11-07,True
1179,Lego Premium Toy Car,7,236,Lego,TOY-LEG-01179,2588.27,1661.2,15,"Lego Toy Car designed for quality, durability and everyday use.",3.9,129,2021-10-19,True
1180,Hot Wheels Advanced Puzzle,7,236,Hot Wheels,TOY-HOT-01180,364.27,295.64,30,"Hot Wheels Puzzle designed for quality, durability and everyday use.",5.0,46,2026-05-10,True
1181,Funskool Premium Puzzle,7,236,Funskool,TOY-FUN-01181,1873.6,1155.66,10,"Funskool Puzzle designed for quality, durability and everyday use.",5.0,126,2025-08-09,True
1182,Nerf Ultra Doll,7,236,Nerf,TOY-NER-01182,4313.2,3419.62,0,"Nerf Doll designed for quality, durability and everyday use.",4.6,72,2024-06-10,True
1183,Nerf Plus Building Blocks,7,236,Nerf,TOY-NER-01183,3408.47,1973.23,10,"Nerf Building Blocks designed for quality, durability and everyday use.",4.1,172,2023-09-15,True
1184,Funskool Classic Toy Car,7,236,Funskool,TOY-FUN-01184,3767.29,2882.66,5,"Funskool Toy Car designed for quality, durability and everyday use.",4.5,289,2021-05-28,True
1185,Hot Wheels Advanced Building Blocks,7,236,Hot Wheels,TOY-HOT-01185,3408.11,2406.04,10,"Hot Wheels Building Blocks designed for quality, durability and everyday use.",4.0,227,2023-09-27,True
1186,Mamaearth Premium Sunscreen,5,237,Mamaearth,BEA-MAM-01186,3777.49,2983.96,15,"Mamaearth Sunscreen designed for quality, durability and everyday use.",4.2,133,2023-01-30,True
1187,Maybelline Elite Shampoo,5,237,Maybelline,BEA-MAY-01187,1714.28,1237.07,10,"Maybelline Shampoo designed for quality, durability and everyday use.",4.7,25,2026-03-28,True
1188,Maybelline Plus Lipstick,5,237,Maybelline,BEA-MAY-01188,1424.6,971.52,20,"Maybelline Lipstick designed for quality, durability and everyday use.",4.4,126,2024-11-21,False
1189,Maybelline Max Serum,5,237,Maybelline,BEA-MAY-01189,4063.89,2829.31,10,"Maybelline Serum designed for quality, durability and everyday use.",4.4,235,2024-12-02,True
1190,Lakme Elite Serum,5,237,Lakme,BEA-LAK-01190,3265.12,2740.83,0,"Lakme Serum designed for quality, durability and everyday use.",4.8,121,2023-08-16,True
1191,Nivea Max Shampoo,5,237,Nivea,BEA-NIV-01191,1639.1,1115.98,50,"Nivea Shampoo designed for quality, durability and everyday use.",5.0,66,2025-10-30,True
1192,HP Smart Tablet,1,238,HP,ELE-HP-01192,116834.88,71222.91,20,"HP Tablet designed for quality, durability and everyday use.",4.6,33,2026-02-26,True
1193,Sony Eco Smart Watch,1,238,Sony,ELE-SON-01193,26679.51,15944.34,15,"Sony Smart Watch designed for quality, durability and everyday use.",4.4,255,2024-04-08,True
1194,Dell Smart Keyboard,1,238,Dell,ELE-DEL-01194,43206.36,36194.7,30,"Dell Keyboard designed for quality, durability and everyday use.",4.8,141,2025-05-12,True
1195,Dell Premium Headphones,1,238,Dell,ELE-DEL-01195,13080.83,9974.16,15,"Dell Headphones designed for quality, durability and everyday use.",4.9,4,2026-05-01,True
1196,LG Ultra Tablet,1,238,LG,ELE-LG-01196,73177.95,43765.97,40,"LG Tablet designed for quality, durability and everyday use.",3.7,60,2025-03-12,True
1197,LG Smart Smart Watch,1,238,LG,ELE-LG-01197,125480.7,71669.49,40,"LG Smart Watch designed for quality, durability and everyday use.",4.8,359,2023-09-10,True
1198,Dell Advanced Smart Watch,1,238,Dell,ELE-DEL-01198,23076.45,14599.11,5,"Dell Smart Watch designed for quality, durability and everyday use.",4.4,46,2025-12-09,True
1199,HarperCollins Pro Story Book,4,239,HarperCollins,BOO-HAR-01199,1671.14,1190.48,15,"HarperCollins Story Book designed for quality, durability and everyday use.",4.9,264,2024-11-30,True
1200,Penguin Pro Story Book,4,239,Penguin,BOO-PEN-01200,358.75,247.52,15,"Penguin Story Book designed for quality, durability and everyday use.",4.0,94,2025-09-24,True
1201,Penguin Plus Novel,4,239,Penguin,BOO-PEN-01201,1925.51,1558.75,5,"Penguin Novel designed for quality, durability and everyday use.",4.1,127,2025-06-04,True
1202,Penguin Pro Textbook,4,239,Penguin,BOO-PEN-01202,1823.75,1353.37,5,"Penguin Textbook designed for quality, durability and everyday use.",4.4,185,2021-12-31,True
1203,McGraw Hill Plus Dictionary,4,239,McGraw Hill,BOO-MCG-01203,1065.71,775.12,15,"McGraw Hill Dictionary designed for quality, durability and everyday use.",5.0,163,2025-09-26,True
1204,Allen Solly Elite Dress,2,240,Allen Solly,FAS-ALL-01204,624.18,363.48,25,"Allen Solly Dress designed for quality, durability and everyday use.",4.4,280,2018-04-08,True
1205,Adidas Plus Sneakers,2,240,Adidas,FAS-ADI-01205,5479.09,4499.08,10,"Adidas Sneakers designed for quality, durability and everyday use.",4.7,205,2024-12-12,True
1206,H&M Plus Jacket,2,240,H&M,FAS-H&M-01206,6948.27,3899.25,5,"H&M Jacket designed for quality, durability and everyday use.",4.2,26,2025-06-03,True
1207,Adidas Max T-Shirt,2,240,Adidas,FAS-ADI-01207,1060.79,876.43,20,"Adidas T-Shirt designed for quality, durability and everyday use.",4.3,131,2024-06-03,True
1208,Puma Smart Sneakers,2,240,Puma,FAS-PUM-01208,2430.07,1907.88,5,"Puma Sneakers designed for quality, durability and everyday use.",4.3,167,2023-11-25,True
1209,Hot Wheels Max Doll,7,241,Hot Wheels,TOY-HOT-01209,3948.65,2375.58,10,"Hot Wheels Doll designed for quality, durability and everyday use.",5.0,47,2026-01-07,True
1210,Funskool Pro Building Blocks,7,241,Funskool,TOY-FUN-01210,686.23,526.05,15,"Funskool Building Blocks designed for quality, durability and everyday use.",4.8,233,2024-01-17,True
1211,Hot Wheels Max Doll,7,241,Hot Wheels,TOY-HOT-01211,1817.61,1238.39,5,"Hot Wheels Doll designed for quality, durability and everyday use.",4.9,234,2020-02-02,True
1212,Hot Wheels Eco Board Game,7,241,Hot Wheels,TOY-HOT-01212,1621.78,1164.4,0,"Hot Wheels Board Game designed for quality, durability and everyday use.",4.4,252,2018-04-06,True
1213,Barbie Ultra Building Blocks,7,241,Barbie,TOY-BAR-01213,3636.26,2581.19,5,"Barbie Building Blocks designed for quality, durability and everyday use.",3.9,184,2021-08-24,True
1214,Funskool Premium Doll,7,241,Funskool,TOY-FUN-01214,1380.34,823.38,50,"Funskool Doll designed for quality, durability and everyday use.",5.0,351,2021-03-24,True
1215,Barbie Ultra Toy Car,7,241,Barbie,TOY-BAR-01215,259.61,161.76,0,"Barbie Toy Car designed for quality, durability and everyday use.",4.5,162,2025-04-28,True
1216,Levis Eco Jeans,2,242,Levis,FAS-LEV-01216,4772.9,3523.24,25,"Levis Jeans designed for quality, durability and everyday use.",3.6,87,2025-01-15,True
1217,Puma Max Jeans,2,242,Puma,FAS-PUM-01217,4460.84,2556.56,15,"Puma Jeans designed for quality, durability and everyday use.",4.8,243,2024-05-20,True
1218,Adidas Eco T-Shirt,2,242,Adidas,FAS-ADI-01218,5754.33,4089.07,0,"Adidas T-Shirt designed for quality, durability and everyday use.",4.1,329,2021-12-14,True
1219,Allen Solly Premium Hoodie,2,242,Allen Solly,FAS-ALL-01219,3843.84,2619.04,15,"Allen Solly Hoodie designed for quality, durability and everyday use.",5.0,346,2023-02-15,True
1220,Zara Max T-Shirt,2,242,Zara,FAS-ZAR-01220,3970.02,3024.73,0,"Zara T-Shirt designed for quality, durability and everyday use.",4.7,185,2024-07-19,True
1221,Nike Plus Shirt,2,243,Nike,FAS-NIK-01221,4079.24,3105.38,30,"Nike Shirt designed for quality, durability and everyday use.",3.6,238,2022-07-14,True
1222,Zara Max Sneakers,2,243,Zara,FAS-ZAR-01222,2090.75,1650.7,10,"Zara Sneakers designed for quality, durability and everyday use.",4.7,20,2026-04-16,True
1223,Allen Solly Max T-Shirt,2,243,Allen Solly,FAS-ALL-01223,4823.35,3773.72,0,"Allen Solly T-Shirt designed for quality, durability and everyday use.",5.0,159,2023-11-27,True
1224,Allen Solly Ultra Hoodie,2,243,Allen Solly,FAS-ALL-01224,6735.19,3763.94,30,"Allen Solly Hoodie designed for quality, durability and everyday use.",4.3,533,2020-07-11,True
1225,Zara Elite Jacket,2,243,Zara,FAS-ZAR-01225,3235.94,2240.31,25,"Zara Jacket designed for quality, durability and everyday use.",4.9,560,2020-12-29,True
1226,Levis Ultra T-Shirt,2,243,Levis,FAS-LEV-01226,2305.89,1407.01,5,"Levis T-Shirt designed for quality, durability and everyday use.",4.4,236,2019-04-08,True
1227,Nike Premium Dress,2,243,Nike,FAS-NIK-01227,7861.48,4463.31,5,"Nike Dress designed for quality, durability and everyday use.",4.9,23,2025-12-19,True
1228,Himalaya Classic Hand Sanitizer,9,244,Himalaya,HEA-HIM-01228,4782.99,2901.1,15,"Himalaya Hand Sanitizer designed for quality, durability and everyday use.",4.9,199,2021-12-08,True
1229,Dabur Plus Hand Sanitizer,9,244,Dabur,HEA-DAB-01229,966.95,659.66,25,"Dabur Hand Sanitizer designed for quality, durability and everyday use.",4.2,27,2025-06-30,True
1230,Dettol Pro Protein Powder,9,244,Dettol,HEA-DET-01230,4681.66,2726.28,15,"Dettol Protein Powder designed for quality, durability and everyday use.",4.5,629,2020-07-23,True
1231,Dabur Advanced Hand Sanitizer,9,244,Dabur,HEA-DAB-01231,4650.17,3322.05,5,"Dabur Hand Sanitizer designed for quality, durability and everyday use.",4.6,466,2020-05-14,True
1232,Dabur Advanced Vitamin Tablets,9,244,Dabur,HEA-DAB-01232,1022.87,686.64,5,"Dabur Vitamin Tablets designed for quality, durability and everyday use.",3.9,6,2026-04-25,True
1233,3M Plus Cleaning Kit,10,245,3M,AUT-3M-01233,28966.8,20554.2,5,"3M Cleaning Kit designed for quality, durability and everyday use.",4.5,238,2021-10-18,True
1234,Castrol Elite Car Cover,10,245,Castrol,AUT-CAS-01234,20509.79,13600.45,10,"Castrol Car Cover designed for quality, durability and everyday use.",4.6,392,2022-09-18,True
1235,Michelin Premium Car Cover,10,245,Michelin,AUT-MIC-01235,26613.73,14969.95,30,"Michelin Car Cover designed for quality, durability and everyday use.",4.8,34,2026-03-15,True
1236,Samsung Premium Laptop,1,246,Samsung,ELE-SAM-01236,145081.69,96547.57,5,"Samsung Laptop designed for quality, durability and everyday use.",4.5,150,2025-06-07,True
1237,Dell Premium Monitor,1,246,Dell,ELE-DEL-01237,136777.99,79275.87,30,"Dell Monitor designed for quality, durability and everyday use.",4.0,164,2023-05-30,True
1238,Samsung Elite Laptop,1,246,Samsung,ELE-SAM-01238,32492.42,24590.81,30,"Samsung Laptop designed for quality, durability and everyday use.",5.0,281,2021-11-08,False
1239,HP Elite Monitor,1,246,HP,ELE-HP-01239,8624.0,5109.73,5,"HP Monitor designed for quality, durability and everyday use.",4.4,166,2025-05-15,True
1240,Aashirvaad Pro Atta,8,247,Aashirvaad,GRO-AAS-01240,847.95,468.97,20,"Aashirvaad Atta designed for quality, durability and everyday use.",4.7,249,2024-01-24,True
1241,Aashirvaad Premium Coffee,8,247,Aashirvaad,GRO-AAS-01241,1271.75,850.34,15,"Aashirvaad Coffee designed for quality, durability and everyday use.",4.6,58,2024-04-01,True
1242,Tata Advanced Atta,8,247,Tata,GRO-TAT-01242,179.68,127.77,0,"Tata Atta designed for quality, durability and everyday use.",4.3,92,2025-03-26,True
1243,Aashirvaad Pro Coffee,8,247,Aashirvaad,GRO-AAS-01243,261.56,153.23,20,"Aashirvaad Coffee designed for quality, durability and everyday use.",4.0,31,2026-02-10,True
1244,Nestle Advanced Rice,8,247,Nestle,GRO-NES-01244,983.7,573.91,0,"Nestle Rice designed for quality, durability and everyday use.",4.7,209,2019-12-12,True
1245,Nestle Advanced Oil,8,247,Nestle,GRO-NES-01245,1489.78,1016.93,20,"Nestle Oil designed for quality, durability and everyday use.",4.4,236,2024-01-23,True
1246,Aashirvaad Plus Rice,8,247,Aashirvaad,GRO-AAS-01246,77.71,46.3,25,"Aashirvaad Rice designed for quality, durability and everyday use.",4.8,182,2022-08-04,True
1247,McGraw Hill Pro Dictionary,4,248,McGraw Hill,BOO-MCG-01247,1085.35,670.28,15,"McGraw Hill Dictionary designed for quality, durability and everyday use.",4.7,285,2023-02-21,True
1248,HarperCollins Eco Biography,4,248,HarperCollins,BOO-HAR-01248,682.44,408.32,10,"HarperCollins Biography designed for quality, durability and everyday use.",4.8,539,2020-05-13,True
1249,Penguin Ultra Biography,4,248,Penguin,BOO-PEN-01249,1489.55,962.99,0,"Penguin Biography designed for quality, durability and everyday use.",3.9,255,2023-01-13,True
1250,Loreal Classic Moisturizer,5,249,Loreal,BEA-LOR-01250,4306.46,3353.24,0,"Loreal Moisturizer designed for quality, durability and everyday use.",4.5,725,2019-05-03,True
1251,Nivea Plus Sunscreen,5,249,Nivea,BEA-NIV-01251,2025.82,1667.4,5,"Nivea Sunscreen designed for quality, durability and everyday use.",4.6,325,2022-07-20,True
1252,Maybelline Eco Lipstick,5,249,Maybelline,BEA-MAY-01252,4415.3,2724.91,5,"Maybelline Lipstick designed for quality, durability and everyday use.",4.3,85,2025-03-06,True
1253,Penguin Pro Story Book,4,250,Penguin,BOO-PEN-01253,416.37,286.45,15,"Penguin Story Book designed for quality, durability and everyday use.",4.5,144,2022-04-03,True
1254,Oxford Elite Dictionary,4,250,Oxford,BOO-OXF-01254,929.11,627.44,20,"Oxford Dictionary designed for quality, durability and everyday use.",4.6,106,2025-01-14,True
1255,McGraw Hill Eco Dictionary,4,250,McGraw Hill,BOO-MCG-01255,530.94,326.57,0,"McGraw Hill Dictionary designed for quality, durability and everyday use.",4.9,23,2026-06-21,True
1256,Pearson Max Story Book,4,250,Pearson,BOO-PEA-01256,1341.4,823.69,0,"Pearson Story Book designed for quality, durability and everyday use.",5.0,271,2024-09-07,True
1257,Pearson Premium Story Book,4,250,Pearson,BOO-PEA-01257,518.91,337.97,25,"Pearson Story Book designed for quality, durability and everyday use.",4.4,66,2025-06-03,True
1258,Adidas Plus Dumbbells,6,251,Adidas,SPO-ADI-01258,20176.31,12751.35,20,"Adidas Dumbbells designed for quality, durability and everyday use.",4.5,374,2022-04-03,True
1259,Adidas Elite Cricket Bat,6,251,Adidas,SPO-ADI-01259,9836.48,6135.11,20,"Adidas Cricket Bat designed for quality, durability and everyday use.",4.2,48,2026-06-04,True
1260,Penguin Classic Novel,4,252,Penguin,BOO-PEN-01260,308.64,170.55,25,"Penguin Novel designed for quality, durability and everyday use.",5.0,278,2024-10-03,True
1261,HarperCollins Smart Dictionary,4,252,HarperCollins,BOO-HAR-01261,718.99,409.69,15,"HarperCollins Dictionary designed for quality, durability and everyday use.",4.8,141,2025-07-03,True
1262,HarperCollins Pro Textbook,4,252,HarperCollins,BOO-HAR-01262,337.77,242.71,30,"HarperCollins Textbook designed for quality, durability and everyday use.",4.9,124,2025-12-26,True
1263,Pearson Pro Story Book,4,252,Pearson,BOO-PEA-01263,1426.43,1171.24,40,"Pearson Story Book designed for quality, durability and everyday use.",4.4,129,2022-06-30,True
1264,HarperCollins Advanced Story Book,4,252,HarperCollins,BOO-HAR-01264,851.83,512.07,0,"HarperCollins Story Book designed for quality, durability and everyday use.",4.4,169,2025-06-22,True
1265,McGraw Hill Advanced Novel,4,252,McGraw Hill,BOO-MCG-01265,1901.22,1368.94,25,"McGraw Hill Novel designed for quality, durability and everyday use.",3.6,150,2023-05-22,True
1266,LG Classic Tablet,1,253,LG,ELE-LG-01266,148948.73,117265.88,15,"LG Tablet designed for quality, durability and everyday use.",3.7,483,2020-06-19,True
1267,Asus Plus Laptop,1,253,Asus,ELE-ASU-01267,133875.06,90408.72,0,"Asus Laptop designed for quality, durability and everyday use.",4.1,632,2021-07-27,True
1268,Samsung Max Mouse,1,253,Samsung,ELE-SAM-01268,136060.86,76956.47,5,"Samsung Mouse designed for quality, durability and everyday use.",4.8,106,2025-06-05,True
1269,Asus Max Smartphone,1,253,Asus,ELE-ASU-01269,83588.57,49249.96,40,"Asus Smartphone designed for quality, durability and everyday use.",4.4,214,2023-02-09,True
1270,Yonex Premium Dumbbells,6,254,Yonex,SPO-YON-01270,21011.0,13259.73,5,"Yonex Dumbbells designed for quality, durability and everyday use.",4.7,124,2025-05-19,True
1271,Adidas Pro Yoga Mat,6,254,Adidas,SPO-ADI-01271,16795.29,11700.42,5,"Adidas Yoga Mat designed for quality, durability and everyday use.",3.9,401,2023-06-23,True
1272,Cosco Premium Football,6,254,Cosco,SPO-COS-01272,24417.27,19335.25,0,"Cosco Football designed for quality, durability and everyday use.",5.0,352,2023-11-12,True
1273,Nike Premium Football,6,254,Nike,SPO-NIK-01273,21831.66,16831.14,5,"Nike Football designed for quality, durability and everyday use.",3.9,781,2019-08-20,True
1274,Yonex Classic Yoga Mat,6,254,Yonex,SPO-YON-01274,18570.67,10526.78,0,"Yonex Yoga Mat designed for quality, durability and everyday use.",3.9,63,2024-01-16,True
1275,Nike Elite Football,6,254,Nike,SPO-NIK-01275,23851.99,14786.39,0,"Nike Football designed for quality, durability and everyday use.",5.0,178,2022-12-20,True
1276,Adidas Plus Dumbbells,6,254,Adidas,SPO-ADI-01276,21335.08,14737.49,20,"Adidas Dumbbells designed for quality, durability and everyday use.",4.5,67,2025-06-25,True
1277,HarperCollins Ultra Textbook,4,255,HarperCollins,BOO-HAR-01277,1774.63,1282.4,0,"HarperCollins Textbook designed for quality, durability and everyday use.",4.9,87,2024-01-21,True
1278,HarperCollins Elite Dictionary,4,255,HarperCollins,BOO-HAR-01278,1325.3,964.41,15,"HarperCollins Dictionary designed for quality, durability and everyday use.",4.6,208,2022-05-23,True
1279,HarperCollins Premium Biography,4,255,HarperCollins,BOO-HAR-01279,1361.46,1144.23,5,"HarperCollins Biography designed for quality, durability and everyday use.",4.3,665,2018-03-06,True
1280,Borosil Classic Pressure Cooker,3,256,Borosil,HMK-BOR-01280,17013.86,13944.42,10,"Borosil Pressure Cooker designed for quality, durability and everyday use.",3.7,190,2024-10-14,True
1281,Milton Plus Storage Box,3,256,Milton,HMK-MIL-01281,17115.79,9751.95,5,"Milton Storage Box designed for quality, durability and everyday use.",4.1,114,2025-09-10,True
1282,Pigeon Eco Bottle,3,256,Pigeon,HMK-PIG-01282,24977.89,15163.72,15,"Pigeon Bottle designed for quality, durability and everyday use.",5.0,138,2025-08-10,True
1283,Pigeon Advanced Pressure Cooker,3,256,Pigeon,HMK-PIG-01283,11578.32,6861.6,20,"Pigeon Pressure Cooker designed for quality, durability and everyday use.",4.7,967,2018-05-23,True
1284,Cello Elite Cookware Set,3,256,Cello,HMK-CEL-01284,9459.9,6435.71,20,"Cello Cookware Set designed for quality, durability and everyday use.",3.9,322,2021-01-11,True
1285,Pigeon Ultra Pressure Cooker,3,256,Pigeon,HMK-PIG-01285,7136.81,4348.65,10,"Pigeon Pressure Cooker designed for quality, durability and everyday use.",4.9,17,2026-01-30,True
1286,SG Elite Dumbbells,6,257,SG,SPO-SG-01286,13335.67,10741.6,10,"SG Dumbbells designed for quality, durability and everyday use.",4.4,94,2023-08-06,True
1287,SG Plus Dumbbells,6,257,SG,SPO-SG-01287,9034.99,5606.62,30,"SG Dumbbells designed for quality, durability and everyday use.",4.2,217,2023-01-27,True
1288,Puma Plus Yoga Mat,6,257,Puma,SPO-PUM-01288,13155.42,7716.37,0,"Puma Yoga Mat designed for quality, durability and everyday use.",4.8,249,2023-09-20,True
1289,Yonex Premium Football,6,257,Yonex,SPO-YON-01289,13688.81,9241.32,5,"Yonex Football designed for quality, durability and everyday use.",4.8,587,2021-10-02,True
1290,Cosco Plus Yoga Mat,6,257,Cosco,SPO-COS-01290,23917.63,18165.41,30,"Cosco Yoga Mat designed for quality, durability and everyday use.",3.7,14,2026-03-18,True
1291,HP Plus Mouse,1,258,HP,ELE-HP-01291,71523.38,39754.07,10,"HP Mouse designed for quality, durability and everyday use.",5.0,60,2024-10-20,True
1292,Asus Classic Headphones,1,258,Asus,ELE-ASU-01292,68523.77,53669.87,20,"Asus Headphones designed for quality, durability and everyday use.",4.8,605,2020-04-30,True
1293,Samsung Max Monitor,1,258,Samsung,ELE-SAM-01293,124075.84,86203.67,0,"Samsung Monitor designed for quality, durability and everyday use.",4.8,649,2021-10-05,True
1294,HP Pro Smartphone,1,258,HP,ELE-HP-01294,110546.15,85192.22,0,"HP Smartphone designed for quality, durability and everyday use.",4.2,296,2022-02-09,True
1295,Samsung Pro Headphones,1,258,Samsung,ELE-SAM-01295,32227.52,20587.94,0,"Samsung Headphones designed for quality, durability and everyday use.",4.4,139,2025-01-24,True
1296,Asus Eco Keyboard,1,259,Asus,ELE-ASU-01296,25232.81,17240.11,5,"Asus Keyboard designed for quality, durability and everyday use.",3.8,220,2024-02-10,True
1297,Lenovo Plus Tablet,1,259,Lenovo,ELE-LEN-01297,21023.28,17592.95,0,"Lenovo Tablet designed for quality, durability and everyday use.",4.0,56,2025-01-25,True
1298,LG Elite Laptop,1,259,LG,ELE-LG-01298,97656.59,65299.18,5,"LG Laptop designed for quality, durability and everyday use.",4.1,491,2018-10-17,True
1299,Samsung Ultra Laptop,1,259,Samsung,ELE-SAM-01299,75508.14,62527.13,0,"Samsung Laptop designed for quality, durability and everyday use.",5.0,194,2021-04-26,True
1300,Sony Classic Monitor,1,259,Sony,ELE-SON-01300,63070.98,48896.11,10,"Sony Monitor designed for quality, durability and everyday use.",4.5,59,2025-03-21,True
1301,Apple Advanced Smart Watch,1,259,Apple,ELE-APP-01301,25540.95,19892.04,25,"Apple Smart Watch designed for quality, durability and everyday use.",4.8,711,2019-12-01,True
1302,HP Premium Mouse,1,259,HP,ELE-HP-01302,8242.03,6408.66,30,"HP Mouse designed for quality, durability and everyday use.",3.8,430,2021-10-16,True
1303,LG Eco Laptop,1,259,LG,ELE-LG-01303,115299.43,80440.74,15,"LG Laptop designed for quality, durability and everyday use.",4.3,162,2023-03-24,True
1304,Mamaearth Premium Lipstick,5,260,Mamaearth,BEA-MAM-01304,1844.5,1059.09,25,"Mamaearth Lipstick designed for quality, durability and everyday use.",4.6,74,2025-03-24,True
1305,Lakme Plus Sunscreen,5,260,Lakme,BEA-LAK-01305,1514.87,1085.98,10,"Lakme Sunscreen designed for quality, durability and everyday use.",4.9,442,2021-06-08,True
1306,Nivea Classic Lipstick,5,260,Nivea,BEA-NIV-01306,3304.74,2265.38,10,"Nivea Lipstick designed for quality, durability and everyday use.",3.7,72,2025-04-10,True
1307,Lakme Classic Lipstick,5,260,Lakme,BEA-LAK-01307,3752.65,3048.17,5,"Lakme Lipstick designed for quality, durability and everyday use.",4.5,266,2024-03-14,True
1308,Amul Smart Rice,8,261,Amul,GRO-AMU-01308,1155.35,941.97,5,"Amul Rice designed for quality, durability and everyday use.",4.6,285,2021-03-19,True
1309,Fortune Elite Tea,8,261,Fortune,GRO-FOR-01309,1453.94,999.39,5,"Fortune Tea designed for quality, durability and everyday use.",4.3,163,2025-09-10,True
1310,Fortune Plus Rice,8,261,Fortune,GRO-FOR-01310,259.16,142.56,0,"Fortune Rice designed for quality, durability and everyday use.",5.0,160,2018-10-08,True
1311,Amul Plus Milk Powder,8,261,Amul,GRO-AMU-01311,1924.36,1114.53,5,"Amul Milk Powder designed for quality, durability and everyday use.",4.4,39,2025-02-02,True
1312,Puma Classic Football,6,262,Puma,SPO-PUM-01312,9410.48,5917.48,30,"Puma Football designed for quality, durability and everyday use.",4.0,70,2024-02-24,True
1313,SG Advanced Football,6,262,SG,SPO-SG-01313,5650.15,3298.42,15,"SG Football designed for quality, durability and everyday use.",4.6,17,2026-02-15,True
1314,SG Advanced Badminton Racket,6,262,SG,SPO-SG-01314,2366.87,1793.0,5,"SG Badminton Racket designed for quality, durability and everyday use.",4.7,314,2023-03-18,True
1315,Yonex Ultra Dumbbells,6,262,Yonex,SPO-YON-01315,29200.76,21112.97,0,"Yonex Dumbbells designed for quality, durability and everyday use.",5.0,221,2024-07-29,True
1316,Yonex Pro Cricket Bat,6,262,Yonex,SPO-YON-01316,1220.18,770.65,25,"Yonex Cricket Bat designed for quality, durability and everyday use.",4.8,392,2023-01-04,True
1317,Cosco Eco Dumbbells,6,262,Cosco,SPO-COS-01317,28588.32,19913.43,5,"Cosco Dumbbells designed for quality, durability and everyday use.",4.1,230,2019-01-08,True
1318,Amul Ultra Coffee,8,263,Amul,GRO-AMU-01318,777.87,638.28,15,"Amul Coffee designed for quality, durability and everyday use.",4.5,516,2021-12-11,True
1319,Amul Advanced Oil,8,263,Amul,GRO-AMU-01319,1967.85,1535.3,0,"Amul Oil designed for quality, durability and everyday use.",4.4,26,2026-01-15,True
1320,Amul Plus Rice,8,263,Amul,GRO-AMU-01320,543.74,321.51,30,"Amul Rice designed for quality, durability and everyday use.",4.4,43,2026-01-09,True
1321,Tata Eco Oil,8,263,Tata,GRO-TAT-01321,1840.68,1555.03,0,"Tata Oil designed for quality, durability and everyday use.",4.7,353,2023-11-23,True
1322,Fortune Elite Milk Powder,8,263,Fortune,GRO-FOR-01322,209.4,141.49,0,"Fortune Milk Powder designed for quality, durability and everyday use.",4.6,749,2018-04-17,True
1323,Cello Smart Cookware Set,3,264,Cello,HMK-CEL-01323,17258.26,13570.47,10,"Cello Cookware Set designed for quality, durability and everyday use.",4.8,160,2025-02-03,True
1324,Borosil Elite Storage Box,3,264,Borosil,HMK-BOR-01324,5867.25,3845.05,10,"Borosil Storage Box designed for quality, durability and everyday use.",4.3,159,2022-07-18,True
1325,Philips Premium Storage Box,3,264,Philips,HMK-PHI-01325,22383.0,18819.27,20,"Philips Storage Box designed for quality, durability and everyday use.",4.6,101,2024-09-19,True
1326,Milton Eco Cookware Set,3,264,Milton,HMK-MIL-01326,16137.09,13481.98,0,"Milton Cookware Set designed for quality, durability and everyday use.",5.0,290,2021-02-28,True
1327,Cello Classic Mixer,3,264,Cello,HMK-CEL-01327,6709.13,5604.16,10,"Cello Mixer designed for quality, durability and everyday use.",4.7,19,2026-05-08,True
1328,Milton Pro Cookware Set,3,264,Milton,HMK-MIL-01328,10998.84,7995.14,10,"Milton Cookware Set designed for quality, durability and everyday use.",4.5,172,2019-05-19,True
1329,Milton Pro Mixer,3,264,Milton,HMK-MIL-01329,17665.47,14279.93,5,"Milton Mixer designed for quality, durability and everyday use.",4.5,741,2019-12-07,True
1330,Barbie Elite Puzzle,7,265,Barbie,TOY-BAR-01330,385.62,268.48,30,"Barbie Puzzle designed for quality, durability and everyday use.",4.6,185,2023-06-19,True
1331,Lego Elite Doll,7,265,Lego,TOY-LEG-01331,3795.45,2362.34,50,"Lego Doll designed for quality, durability and everyday use.",5.0,190,2022-07-13,True
1332,Lego Ultra Puzzle,7,265,Lego,TOY-LEG-01332,3048.46,2294.19,0,"Lego Puzzle designed for quality, durability and everyday use.",4.6,634,2018-07-05,True
1333,Nerf Eco Doll,7,265,Nerf,TOY-NER-01333,3337.77,1884.55,15,"Nerf Doll designed for quality, durability and everyday use.",4.3,95,2025-07-14,True
1334,Lego Plus Building Blocks,7,265,Lego,TOY-LEG-01334,1790.79,1043.86,0,"Lego Building Blocks designed for quality, durability and everyday use.",4.1,207,2022-09-22,True
1335,Cello Elite Cookware Set,3,266,Cello,HMK-CEL-01335,1574.93,952.52,5,"Cello Cookware Set designed for quality, durability and everyday use.",4.4,222,2024-04-13,True
1336,Cello Classic Mixer,3,266,Cello,HMK-CEL-01336,4528.62,2670.07,40,"Cello Mixer designed for quality, durability and everyday use.",4.5,515,2019-05-24,True
1337,Pigeon Eco Mixer,3,266,Pigeon,HMK-PIG-01337,22493.39,14856.58,10,"Pigeon Mixer designed for quality, durability and everyday use.",4.7,710,2019-03-23,True
1338,Prestige Classic Mixer,3,266,Prestige,HMK-PRE-01338,6938.0,5790.45,5,"Prestige Mixer designed for quality, durability and everyday use.",4.7,121,2023-10-09,True
1339,Prestige Ultra Induction Cooktop,3,266,Prestige,HMK-PRE-01339,16783.7,11477.21,50,"Prestige Induction Cooktop designed for quality, durability and everyday use.",4.7,309,2020-05-16,True
1340,Prestige Premium Induction Cooktop,3,266,Prestige,HMK-PRE-01340,6190.08,3678.25,0,"Prestige Induction Cooktop designed for quality, durability and everyday use.",4.3,682,2018-03-03,True
1341,Cello Plus Bottle,3,267,Cello,HMK-CEL-01341,13497.72,8652.08,20,"Cello Bottle designed for quality, durability and everyday use.",4.8,490,2022-09-10,True
1342,Cello Advanced Pressure Cooker,3,267,Cello,HMK-CEL-01342,12228.99,7089.32,5,"Cello Pressure Cooker designed for quality, durability and everyday use.",4.4,134,2023-05-26,True
1343,Borosil Classic Cookware Set,3,267,Borosil,HMK-BOR-01343,12203.37,10335.77,0,"Borosil Cookware Set designed for quality, durability and everyday use.",4.9,112,2025-04-26,True
1344,Levis Elite T-Shirt,2,268,Levis,FAS-LEV-01344,630.4,407.33,5,"Levis T-Shirt designed for quality, durability and everyday use.",4.9,120,2025-02-04,True
1345,H&M Smart Hoodie,2,268,H&M,FAS-H&M-01345,6064.29,3567.0,15,"H&M Hoodie designed for quality, durability and everyday use.",4.2,183,2023-11-19,True
1346,Puma Classic Jacket,2,268,Puma,FAS-PUM-01346,3632.11,2031.35,0,"Puma Jacket designed for quality, durability and everyday use.",5.0,388,2023-10-26,True
1347,Puma Pro Jacket,2,268,Puma,FAS-PUM-01347,3876.7,3070.51,30,"Puma Jacket designed for quality, durability and everyday use.",4.8,275,2024-10-31,True
1348,Levis Advanced Dress,2,268,Levis,FAS-LEV-01348,3272.92,2655.48,15,"Levis Dress designed for quality, durability and everyday use.",4.3,38,2026-05-24,True
1349,Allen Solly Advanced Jeans,2,268,Allen Solly,FAS-ALL-01349,2895.48,2193.12,40,"Allen Solly Jeans designed for quality, durability and everyday use.",4.5,188,2023-05-09,True
1350,Aashirvaad Eco Coffee,8,269,Aashirvaad,GRO-AAS-01350,494.29,409.29,5,"Aashirvaad Coffee designed for quality, durability and everyday use.",4.8,296,2021-09-19,True
1351,Nestle Elite Milk Powder,8,269,Nestle,GRO-NES-01351,593.12,432.58,15,"Nestle Milk Powder designed for quality, durability and everyday use.",4.9,211,2023-10-13,True
1352,Aashirvaad Eco Milk Powder,8,269,Aashirvaad,GRO-AAS-01352,1128.16,689.69,10,"Aashirvaad Milk Powder designed for quality, durability and everyday use.",4.6,352,2021-08-19,True
1353,Aashirvaad Advanced Atta,8,269,Aashirvaad,GRO-AAS-01353,781.25,521.48,15,"Aashirvaad Atta designed for quality, durability and everyday use.",3.9,77,2024-11-30,True
1354,Tata Classic Oil,8,269,Tata,GRO-TAT-01354,1934.7,1536.02,50,"Tata Oil designed for quality, durability and everyday use.",5.0,606,2021-06-05,True
1355,Nestle Pro Coffee,8,269,Nestle,GRO-NES-01355,1046.68,707.71,5,"Nestle Coffee designed for quality, durability and everyday use.",3.6,47,2025-09-29,True
1356,Amul Classic Oil,8,269,Amul,GRO-AMU-01356,322.47,189.25,20,"Amul Oil designed for quality, durability and everyday use.",3.5,444,2018-03-13,True
1357,Philips Elite Mixer,3,270,Philips,HMK-PHI-01357,5519.87,4511.91,10,"Philips Mixer designed for quality, durability and everyday use.",5.0,391,2021-07-21,True
1358,Philips Plus Cookware Set,3,270,Philips,HMK-PHI-01358,15289.7,11857.44,30,"Philips Cookware Set designed for quality, durability and everyday use.",4.7,686,2020-02-17,True
1359,Philips Elite Cookware Set,3,270,Philips,HMK-PHI-01359,5476.96,4024.96,40,"Philips Cookware Set designed for quality, durability and everyday use.",5.0,247,2024-07-06,True
1360,Prestige Elite Cookware Set,3,270,Prestige,HMK-PRE-01360,5913.85,4067.85,0,"Prestige Cookware Set designed for quality, durability and everyday use.",4.9,123,2020-08-07,True
1361,Milton Plus Pressure Cooker,3,270,Milton,HMK-MIL-01361,21591.93,17378.84,10,"Milton Pressure Cooker designed for quality, durability and everyday use.",4.8,133,2025-04-16,True
1362,McGraw Hill Elite Biography,4,271,McGraw Hill,BOO-MCG-01362,192.6,150.13,5,"McGraw Hill Biography designed for quality, durability and everyday use.",4.4,107,2025-12-09,True
1363,McGraw Hill Plus Biography,4,271,McGraw Hill,BOO-MCG-01363,867.62,592.29,5,"McGraw Hill Biography designed for quality, durability and everyday use.",4.9,839,2019-12-17,True
1364,McGraw Hill Smart Dictionary,4,271,McGraw Hill,BOO-MCG-01364,731.29,491.08,5,"McGraw Hill Dictionary designed for quality, durability and everyday use.",4.8,92,2022-08-19,True
1365,Pearson Classic Dictionary,4,271,Pearson,BOO-PEA-01365,986.65,779.48,5,"Pearson Dictionary designed for quality, durability and everyday use.",4.7,131,2025-10-02,True
1366,McGraw Hill Elite Novel,4,271,McGraw Hill,BOO-MCG-01366,621.61,384.51,5,"McGraw Hill Novel designed for quality, durability and everyday use.",3.5,172,2023-12-12,True
1367,Pearson Eco Biography,4,271,Pearson,BOO-PEA-01367,1648.76,1325.23,40,"Pearson Biography designed for quality, durability and everyday use.",4.7,141,2023-07-04,True
1368,Bosch Classic Car Cover,10,272,Bosch,AUT-BOS-01368,26500.07,16603.45,0,"Bosch Car Cover designed for quality, durability and everyday use.",4.9,98,2024-01-16,True
1369,Castrol Classic Cleaning Kit,10,272,Castrol,AUT-CAS-01369,11974.87,6917.66,0,"Castrol Cleaning Kit designed for quality, durability and everyday use.",4.4,207,2023-12-27,True
1370,Michelin Smart Helmet,10,272,Michelin,AUT-MIC-01370,1350.5,1132.26,15,"Michelin Helmet designed for quality, durability and everyday use.",5.0,249,2024-07-05,True
1371,GoMechanic Advanced Engine Oil,10,272,GoMechanic,AUT-GOM-01371,27895.21,18429.78,0,"GoMechanic Engine Oil designed for quality, durability and everyday use.",4.5,453,2020-01-18,True
1372,3M Premium Cleaning Kit,10,272,3M,AUT-3M-01372,25295.2,20702.89,5,"3M Cleaning Kit designed for quality, durability and everyday use.",4.9,183,2023-09-28,True
1373,3M Pro Cleaning Kit,10,272,3M,AUT-3M-01373,23389.06,16056.2,15,"3M Cleaning Kit designed for quality, durability and everyday use.",4.3,188,2020-03-27,False
1374,Oxford Eco Story Book,4,273,Oxford,BOO-OXF-01374,1627.85,1226.19,5,"Oxford Story Book designed for quality, durability and everyday use.",4.5,139,2025-12-11,True
1375,Pearson Plus Textbook,4,273,Pearson,BOO-PEA-01375,1218.32,976.23,10,"Pearson Textbook designed for quality, durability and everyday use.",4.8,317,2023-12-08,True
1376,HarperCollins Smart Novel,4,273,HarperCollins,BOO-HAR-01376,285.82,242.49,25,"HarperCollins Novel designed for quality, durability and everyday use.",4.9,116,2025-02-22,True
1377,Loreal Premium Shampoo,5,274,Loreal,BEA-LOR-01377,1195.52,935.52,20,"Loreal Shampoo designed for quality, durability and everyday use.",4.6,392,2023-10-14,True
1378,Loreal Ultra Shampoo,5,274,Loreal,BEA-LOR-01378,229.43,141.82,10,"Loreal Shampoo designed for quality, durability and everyday use.",4.6,115,2025-08-10,True
1379,Barbie Smart Puzzle,7,275,Barbie,TOY-BAR-01379,4749.08,3890.03,30,"Barbie Puzzle designed for quality, durability and everyday use.",4.8,535,2019-04-22,True
1380,Barbie Plus Puzzle,7,275,Barbie,TOY-BAR-01380,1610.96,1282.85,10,"Barbie Puzzle designed for quality, durability and everyday use.",5.0,37,2025-09-08,True
1381,Funskool Eco Building Blocks,7,275,Funskool,TOY-FUN-01381,996.54,844.7,0,"Funskool Building Blocks designed for quality, durability and everyday use.",4.3,641,2020-02-20,True
1382,Nerf Premium Building Blocks,7,275,Nerf,TOY-NER-01382,2352.12,1529.38,15,"Nerf Building Blocks designed for quality, durability and everyday use.",4.7,106,2022-01-23,True
1383,Nerf Advanced Puzzle,7,275,Nerf,TOY-NER-01383,3840.76,2611.8,10,"Nerf Puzzle designed for quality, durability and everyday use.",4.4,32,2026-03-05,True
1384,H&M Max Jacket,2,276,H&M,FAS-H&M-01384,5386.75,3673.54,15,"H&M Jacket designed for quality, durability and everyday use.",4.8,195,2021-02-06,True
1385,Puma Smart Jacket,2,276,Puma,FAS-PUM-01385,622.57,398.99,40,"Puma Jacket designed for quality, durability and everyday use.",4.9,58,2025-05-05,True
1386,Allen Solly Smart Sneakers,2,276,Allen Solly,FAS-ALL-01386,304.37,173.45,25,"Allen Solly Sneakers designed for quality, durability and everyday use.",4.8,172,2023-05-16,True
1387,Adidas Advanced Shirt,2,276,Adidas,FAS-ADI-01387,1179.63,885.7,20,"Adidas Shirt designed for quality, durability and everyday use.",4.7,140,2025-02-01,True
1388,Puma Eco Dress,2,276,Puma,FAS-PUM-01388,4519.03,3707.4,20,"Puma Dress designed for quality, durability and everyday use.",4.4,723,2020-11-14,True
1389,Puma Plus Hoodie,2,276,Puma,FAS-PUM-01389,6292.88,3924.17,20,"Puma Hoodie designed for quality, durability and everyday use.",4.6,233,2022-11-08,True
1390,Zara Premium Jacket,2,276,Zara,FAS-ZAR-01390,7631.17,4884.73,25,"Zara Jacket designed for quality, durability and everyday use.",5.0,324,2021-04-02,True
1391,Adidas Ultra Jacket,2,276,Adidas,FAS-ADI-01391,7430.6,5641.42,10,"Adidas Jacket designed for quality, durability and everyday use.",4.7,21,2026-03-06,True
1392,Cosco Classic Dumbbells,6,277,Cosco,SPO-COS-01392,23361.5,19339.52,0,"Cosco Dumbbells designed for quality, durability and everyday use.",4.7,141,2025-04-28,False
1393,Puma Classic Yoga Mat,6,277,Puma,SPO-PUM-01393,9586.22,6671.59,50,"Puma Yoga Mat designed for quality, durability and everyday use.",3.9,143,2024-03-14,True
1394,Adidas Smart Yoga Mat,6,277,Adidas,SPO-ADI-01394,18511.9,11097.3,0,"Adidas Yoga Mat designed for quality, durability and everyday use.",4.8,111,2023-06-19,True
1395,SG Ultra Football,6,277,SG,SPO-SG-01395,16440.93,11472.39,0,"SG Football designed for quality, durability and everyday use.",3.7,86,2023-11-08,True
1396,Dabur Max Hand Sanitizer,9,278,Dabur,HEA-DAB-01396,3425.82,2827.76,15,"Dabur Hand Sanitizer designed for quality, durability and everyday use.",4.4,477,2018-06-19,True
1397,Himalaya Premium Protein Powder,9,278,Himalaya,HEA-HIM-01397,3110.38,2477.2,0,"Himalaya Protein Powder designed for quality, durability and everyday use.",4.9,47,2025-10-01,True
1398,Horlicks Plus Protein Powder,9,278,Horlicks,HEA-HOR-01398,1493.78,850.68,15,"Horlicks Protein Powder designed for quality, durability and everyday use.",4.8,44,2025-11-20,True
1399,Dabur Premium Hand Sanitizer,9,278,Dabur,HEA-DAB-01399,2027.63,1321.2,0,"Dabur Hand Sanitizer designed for quality, durability and everyday use.",4.6,98,2025-11-08,True
1400,Ensure Smart First Aid Kit,9,279,Ensure,HEA-ENS-01400,3991.86,3210.0,15,"Ensure First Aid Kit designed for quality, durability and everyday use.",4.9,78,2023-11-14,True
1401,Dettol Ultra Protein Powder,9,279,Dettol,HEA-DET-01401,627.61,429.71,0,"Dettol Protein Powder designed for quality, durability and everyday use.",5.0,188,2024-10-17,True
1402,Ensure Elite First Aid Kit,9,279,Ensure,HEA-ENS-01402,700.83,520.92,30,"Ensure First Aid Kit designed for quality, durability and everyday use.",4.5,269,2024-03-05,True
1403,Himalaya Ultra Hand Sanitizer,9,279,Himalaya,HEA-HIM-01403,2014.89,1316.78,0,"Himalaya Hand Sanitizer designed for quality, durability and everyday use.",4.1,67,2025-03-08,True
1404,Ensure Max First Aid Kit,9,279,Ensure,HEA-ENS-01404,2303.1,1830.35,20,"Ensure First Aid Kit designed for quality, durability and everyday use.",4.3,44,2026-03-06,True
1405,Dabur Elite Hand Sanitizer,9,279,Dabur,HEA-DAB-01405,556.76,452.45,5,"Dabur Hand Sanitizer designed for quality, durability and everyday use.",5.0,389,2022-11-16,True
1406,Maybelline Ultra Sunscreen,5,280,Maybelline,BEA-MAY-01406,2176.67,1700.54,15,"Maybelline Sunscreen designed for quality, durability and everyday use.",4.3,106,2025-02-02,True
1407,Loreal Smart Moisturizer,5,280,Loreal,BEA-LOR-01407,1173.65,762.59,15,"Loreal Moisturizer designed for quality, durability and everyday use.",4.3,120,2025-12-23,True
1408,Mamaearth Plus Moisturizer,5,280,Mamaearth,BEA-MAM-01408,1103.81,861.98,20,"Mamaearth Moisturizer designed for quality, durability and everyday use.",5.0,35,2026-04-25,True
1409,Loreal Pro Face Wash,5,280,Loreal,BEA-LOR-01409,1763.14,1185.18,15,"Loreal Face Wash designed for quality, durability and everyday use.",4.2,138,2025-05-04,True
1410,HP Plus Monitor,1,281,HP,ELE-HP-01410,34989.13,22022.51,25,"HP Monitor designed for quality, durability and everyday use.",4.1,16,2026-04-01,True
1411,Samsung Premium Smart Watch,1,281,Samsung,ELE-SAM-01411,34826.54,27737.67,5,"Samsung Smart Watch designed for quality, durability and everyday use.",5.0,981,2018-03-19,True
1412,LG Eco Laptop,1,281,LG,ELE-LG-01412,130544.8,100496.65,20,"LG Laptop designed for quality, durability and everyday use.",4.2,314,2023-04-15,False
1413,HP Classic Headphones,1,281,HP,ELE-HP-01413,128574.61,106419.76,5,"HP Headphones designed for quality, durability and everyday use.",4.3,114,2021-02-14,True
1414,Apple Smart Monitor,1,281,Apple,ELE-APP-01414,142093.63,79033.51,0,"Apple Monitor designed for quality, durability and everyday use.",4.3,363,2021-08-21,True
1415,Fortune Ultra Milk Powder,8,282,Fortune,GRO-FOR-01415,754.79,588.38,5,"Fortune Milk Powder designed for quality, durability and everyday use.",3.5,99,2023-05-21,False
1416,Tata Smart Rice,8,282,Tata,GRO-TAT-01416,178.67,139.56,20,"Tata Rice designed for quality, durability and everyday use.",4.8,252,2022-07-13,True
1417,Nestle Eco Tea,8,282,Nestle,GRO-NES-01417,288.09,216.18,5,"Nestle Tea designed for quality, durability and everyday use.",5.0,85,2024-12-24,True
1418,Fortune Pro Coffee,8,282,Fortune,GRO-FOR-01418,1464.36,1205.57,15,"Fortune Coffee designed for quality, durability and everyday use.",3.7,143,2023-05-10,True
1419,Fortune Eco Coffee,8,282,Fortune,GRO-FOR-01419,428.63,363.19,20,"Fortune Coffee designed for quality, durability and everyday use.",4.7,485,2022-03-08,True
1420,Tata Elite Coffee,8,282,Tata,GRO-TAT-01420,464.1,281.73,15,"Tata Coffee designed for quality, durability and everyday use.",4.2,176,2023-05-18,True
1421,Amul Advanced Coffee,8,282,Amul,GRO-AMU-01421,805.19,598.06,0,"Amul Coffee designed for quality, durability and everyday use.",5.0,352,2023-01-08,True
1422,Sony Elite Monitor,1,283,Sony,ELE-SON-01422,112960.44,62380.3,5,"Sony Monitor designed for quality, durability and everyday use.",4.6,728,2020-07-15,True
1423,Apple Advanced Tablet,1,283,Apple,ELE-APP-01423,75163.12,63801.52,15,"Apple Tablet designed for quality, durability and everyday use.",4.7,386,2023-03-08,True
1424,Lenovo Pro Keyboard,1,283,Lenovo,ELE-LEN-01424,7762.94,4517.82,30,"Lenovo Keyboard designed for quality, durability and everyday use.",4.4,248,2024-06-12,True
1425,Dell Max Headphones,1,283,Dell,ELE-DEL-01425,127761.08,107880.57,40,"Dell Headphones designed for quality, durability and everyday use.",4.7,144,2024-09-06,True
1426,Lenovo Ultra Monitor,1,283,Lenovo,ELE-LEN-01426,107346.45,87042.03,30,"Lenovo Monitor designed for quality, durability and everyday use.",4.5,49,2025-01-12,True
1427,Lenovo Max Monitor,1,283,Lenovo,ELE-LEN-01427,133484.44,80729.48,5,"Lenovo Monitor designed for quality, durability and everyday use.",4.2,418,2021-07-20,True
1428,Apple Eco Headphones,1,283,Apple,ELE-APP-01428,99369.16,57647.1,10,"Apple Headphones designed for quality, durability and everyday use.",3.9,127,2022-05-10,True
1429,Lenovo Ultra Laptop,1,283,Lenovo,ELE-LEN-01429,12174.64,10162.11,15,"Lenovo Laptop designed for quality, durability and everyday use.",5.0,112,2025-08-18,True
1430,Philips Eco Induction Cooktop,3,284,Philips,HMK-PHI-01430,22428.1,14001.25,5,"Philips Induction Cooktop designed for quality, durability and everyday use.",4.9,382,2023-08-01,True
1431,Pigeon Ultra Cookware Set,3,284,Pigeon,HMK-PIG-01431,4649.55,3892.54,25,"Pigeon Cookware Set designed for quality, durability and everyday use.",4.6,408,2023-01-11,True
1432,Milton Smart Induction Cooktop,3,284,Milton,HMK-MIL-01432,12569.99,7810.66,10,"Milton Induction Cooktop designed for quality, durability and everyday use.",4.5,94,2025-12-16,True
1433,Borosil Plus Pressure Cooker,3,285,Borosil,HMK-BOR-01433,7547.74,4715.14,25,"Borosil Pressure Cooker designed for quality, durability and everyday use.",4.9,31,2026-05-24,True
1434,Prestige Plus Pressure Cooker,3,285,Prestige,HMK-PRE-01434,5183.54,3244.28,0,"Prestige Pressure Cooker designed for quality, durability and everyday use.",4.9,403,2023-09-03,True
1435,Cello Smart Mixer,3,285,Cello,HMK-CEL-01435,24954.55,19301.45,20,"Cello Mixer designed for quality, durability and everyday use.",4.4,383,2021-03-22,True
1436,Borosil Smart Mixer,3,285,Borosil,HMK-BOR-01436,18072.29,14439.6,0,"Borosil Mixer designed for quality, durability and everyday use.",5.0,270,2020-10-22,True
1437,Prestige Max Bottle,3,285,Prestige,HMK-PRE-01437,24442.63,16220.55,10,"Prestige Bottle designed for quality, durability and everyday use.",4.8,165,2023-10-26,True
1438,HP Advanced Mouse,1,286,HP,ELE-HP-01438,142473.17,97057.74,5,"HP Mouse designed for quality, durability and everyday use.",4.6,589,2020-05-02,True
1439,HP Classic Keyboard,1,286,HP,ELE-HP-01439,132433.38,78428.29,5,"HP Keyboard designed for quality, durability and everyday use.",4.7,206,2019-06-27,True
1440,Sony Smart Headphones,1,286,Sony,ELE-SON-01440,68502.77,51824.35,5,"Sony Headphones designed for quality, durability and everyday use.",4.6,305,2023-11-25,True
1441,Dell Smart Laptop,1,286,Dell,ELE-DEL-01441,97492.61,64869.1,50,"Dell Laptop designed for quality, durability and everyday use.",4.5,116,2023-10-24,True
1442,Lenovo Pro Smartphone,1,287,Lenovo,ELE-LEN-01442,129576.36,91344.1,5,"Lenovo Smartphone designed for quality, durability and everyday use.",4.7,407,2018-04-20,True
1443,Lenovo Eco Smart Watch,1,287,Lenovo,ELE-LEN-01443,128665.82,92938.42,30,"Lenovo Smart Watch designed for quality, durability and everyday use.",3.9,20,2025-12-18,True
1444,Samsung Eco Monitor,1,287,Samsung,ELE-SAM-01444,64119.47,41830.83,10,"Samsung Monitor designed for quality, durability and everyday use.",4.9,84,2025-05-20,True
1445,Lenovo Elite Smart Watch,1,287,Lenovo,ELE-LEN-01445,101135.77,84771.62,10,"Lenovo Smart Watch designed for quality, durability and everyday use.",4.7,267,2024-02-06,True
1446,Samsung Max Monitor,1,287,Samsung,ELE-SAM-01446,71764.81,44662.84,5,"Samsung Monitor designed for quality, durability and everyday use.",4.8,99,2023-02-03,True
1447,Funskool Premium Doll,7,288,Funskool,TOY-FUN-01447,1183.8,797.54,50,"Funskool Doll designed for quality, durability and everyday use.",5.0,28,2026-01-28,True
1448,Funskool Smart Toy Car,7,288,Funskool,TOY-FUN-01448,1980.21,1110.87,0,"Funskool Toy Car designed for quality, durability and everyday use.",4.5,560,2021-07-28,True
1449,Lego Smart Building Blocks,7,288,Lego,TOY-LEG-01449,3136.52,1813.07,5,"Lego Building Blocks designed for quality, durability and everyday use.",4.5,51,2024-05-08,True
1450,Hot Wheels Ultra Board Game,7,288,Hot Wheels,TOY-HOT-01450,3355.03,2545.66,0,"Hot Wheels Board Game designed for quality, durability and everyday use.",4.1,243,2024-03-19,True
1451,Hot Wheels Classic Puzzle,7,288,Hot Wheels,TOY-HOT-01451,2617.76,1619.87,10,"Hot Wheels Puzzle designed for quality, durability and everyday use.",5.0,232,2024-12-31,True
1452,Funskool Classic Puzzle,7,288,Funskool,TOY-FUN-01452,4907.38,3540.73,15,"Funskool Puzzle designed for quality, durability and everyday use.",4.9,228,2024-04-24,True
1453,Funskool Smart Toy Car,7,288,Funskool,TOY-FUN-01453,1148.69,733.44,0,"Funskool Toy Car designed for quality, durability and everyday use.",4.6,120,2023-03-06,True
1454,Puma Elite Yoga Mat,6,289,Puma,SPO-PUM-01454,5040.92,2868.18,30,"Puma Yoga Mat designed for quality, durability and everyday use.",4.6,175,2019-01-19,True
1455,SG Classic Dumbbells,6,289,SG,SPO-SG-01455,3002.41,1793.22,0,"SG Dumbbells designed for quality, durability and everyday use.",4.7,196,2023-12-07,True
1456,SG Eco Badminton Racket,6,289,SG,SPO-SG-01456,28524.02,23663.97,25,"SG Badminton Racket designed for quality, durability and everyday use.",3.9,60,2025-07-16,True
1457,Cosco Plus Badminton Racket,6,289,Cosco,SPO-COS-01457,6859.83,4697.05,0,"Cosco Badminton Racket designed for quality, durability and everyday use.",4.1,106,2024-10-08,True
1458,SG Smart Football,6,289,SG,SPO-SG-01458,12471.58,8264.39,10,"SG Football designed for quality, durability and everyday use.",3.9,124,2023-08-25,True
1459,Adidas Classic Badminton Racket,6,289,Adidas,SPO-ADI-01459,17021.91,11377.14,15,"Adidas Badminton Racket designed for quality, durability and everyday use.",4.3,325,2023-04-19,True
1460,Castrol Premium Helmet,10,290,Castrol,AUT-CAS-01460,25666.59,18789.75,25,"Castrol Helmet designed for quality, durability and everyday use.",4.8,174,2024-11-25,True
1461,3M Max Car Cover,10,290,3M,AUT-3M-01461,27670.92,22093.38,0,"3M Car Cover designed for quality, durability and everyday use.",4.6,172,2023-10-14,True
1462,Bosch Ultra Cleaning Kit,10,290,Bosch,AUT-BOS-01462,31429.58,17959.82,15,"Bosch Cleaning Kit designed for quality, durability and everyday use.",4.5,157,2024-10-21,True
1463,3M Premium Car Cover,10,290,3M,AUT-3M-01463,2138.75,1183.71,0,"3M Car Cover designed for quality, durability and everyday use.",4.4,245,2018-02-01,True
1464,GoMechanic Classic Engine Oil,10,290,GoMechanic,AUT-GOM-01464,34553.84,23988.45,20,"GoMechanic Engine Oil designed for quality, durability and everyday use.",4.6,34,2025-01-30,True
1465,GoMechanic Ultra Engine Oil,10,290,GoMechanic,AUT-GOM-01465,49425.94,31823.05,15,"GoMechanic Engine Oil designed for quality, durability and everyday use.",4.2,232,2024-08-16,True
1466,Castrol Eco Engine Oil,10,290,Castrol,AUT-CAS-01466,40731.91,29738.55,10,"Castrol Engine Oil designed for quality, durability and everyday use.",4.6,137,2023-06-06,True
1467,Allen Solly Premium Dress,2,291,Allen Solly,FAS-ALL-01467,2718.67,1877.68,10,"Allen Solly Dress designed for quality, durability and everyday use.",4.6,162,2018-02-20,True
1468,Adidas Max Jacket,2,291,Adidas,FAS-ADI-01468,5202.34,2999.7,15,"Adidas Jacket designed for quality, durability and everyday use.",4.8,368,2022-02-12,True
1469,Levis Pro Jeans,2,291,Levis,FAS-LEV-01469,4239.96,3592.1,5,"Levis Jeans designed for quality, durability and everyday use.",5.0,710,2020-12-14,True
1470,Nike Premium Dress,2,291,Nike,FAS-NIK-01470,5112.63,2893.29,5,"Nike Dress designed for quality, durability and everyday use.",4.7,29,2026-02-17,True
1471,H&M Plus T-Shirt,2,291,H&M,FAS-H&M-01471,6295.33,5262.47,25,"H&M T-Shirt designed for quality, durability and everyday use.",4.6,394,2020-05-04,True
1472,Nike Elite Hoodie,2,291,Nike,FAS-NIK-01472,2246.68,1591.94,25,"Nike Hoodie designed for quality, durability and everyday use.",3.9,200,2024-06-19,True
1473,Zara Eco Jeans,2,292,Zara,FAS-ZAR-01473,7603.03,5318.58,30,"Zara Jeans designed for quality, durability and everyday use.",4.6,175,2024-01-20,True
1474,Levis Smart Sneakers,2,292,Levis,FAS-LEV-01474,1492.43,850.18,15,"Levis Sneakers designed for quality, durability and everyday use.",4.4,654,2020-12-15,True
1475,Zara Pro Shirt,2,292,Zara,FAS-ZAR-01475,3438.84,2054.97,5,"Zara Shirt designed for quality, durability and everyday use.",4.7,155,2025-01-24,True
1476,Nike Pro Sneakers,2,292,Nike,FAS-NIK-01476,932.7,757.38,20,"Nike Sneakers designed for quality, durability and everyday use.",4.8,60,2025-03-09,True
1477,H&M Pro Sneakers,2,292,H&M,FAS-H&M-01477,6970.31,3922.16,10,"H&M Sneakers designed for quality, durability and everyday use.",4.8,179,2024-11-27,True
1478,Puma Premium Jeans,2,292,Puma,FAS-PUM-01478,5448.72,3764.79,5,"Puma Jeans designed for quality, durability and everyday use.",4.2,167,2025-11-16,True
1479,Allen Solly Premium Dress,2,292,Allen Solly,FAS-ALL-01479,6244.68,4803.62,5,"Allen Solly Dress designed for quality, durability and everyday use.",4.5,252,2024-01-01,False
1480,Puma Ultra Shirt,2,292,Puma,FAS-PUM-01480,3885.76,3106.77,0,"Puma Shirt designed for quality, durability and everyday use.",4.4,794,2019-12-05,True
1481,Adidas Smart Jeans,2,293,Adidas,FAS-ADI-01481,1908.82,1487.95,5,"Adidas Jeans designed for quality, durability and everyday use.",4.1,225,2021-10-07,True
1482,Adidas Ultra Hoodie,2,293,Adidas,FAS-ADI-01482,6505.8,3753.96,15,"Adidas Hoodie designed for quality, durability and everyday use.",4.6,338,2023-09-11,True
1483,Adidas Plus Jeans,2,293,Adidas,FAS-ADI-01483,1003.92,756.59,10,"Adidas Jeans designed for quality, durability and everyday use.",4.9,50,2024-04-07,True
1484,H&M Classic T-Shirt,2,293,H&M,FAS-H&M-01484,7662.82,6325.19,15,"H&M T-Shirt designed for quality, durability and everyday use.",4.6,139,2024-11-01,True
1485,Allen Solly Elite Hoodie,2,293,Allen Solly,FAS-ALL-01485,6297.63,4824.53,10,"Allen Solly Hoodie designed for quality, durability and everyday use.",5.0,250,2024-03-03,True
1486,H&M Plus T-Shirt,2,293,H&M,FAS-H&M-01486,1121.94,879.14,0,"H&M T-Shirt designed for quality, durability and everyday use.",4.9,185,2023-01-27,True
1487,Puma Advanced Jacket,2,293,Puma,FAS-PUM-01487,2331.93,1481.0,40,"Puma Jacket designed for quality, durability and everyday use.",4.9,20,2025-04-30,True
1488,Amul Plus Oil,8,294,Amul,GRO-AMU-01488,1594.56,941.07,0,"Amul Oil designed for quality, durability and everyday use.",4.8,698,2018-05-07,True
1489,Nestle Classic Oil,8,294,Nestle,GRO-NES-01489,1101.5,680.46,5,"Nestle Oil designed for quality, durability and everyday use.",4.6,8,2026-04-16,True
1490,Amul Ultra Atta,8,294,Amul,GRO-AMU-01490,1639.15,979.07,5,"Amul Atta designed for quality, durability and everyday use.",4.5,562,2021-05-06,True
1491,Aashirvaad Classic Tea,8,294,Aashirvaad,GRO-AAS-01491,229.84,190.8,15,"Aashirvaad Tea designed for quality, durability and everyday use.",4.0,354,2022-11-30,True
1492,Tata Premium Oil,8,294,Tata,GRO-TAT-01492,1567.14,1020.6,10,"Tata Oil designed for quality, durability and everyday use.",4.7,325,2023-04-05,True
1493,Tata Ultra Milk Powder,8,294,Tata,GRO-TAT-01493,881.71,708.86,30,"Tata Milk Powder designed for quality, durability and everyday use.",3.8,326,2023-04-24,True
1494,Yonex Classic Badminton Racket,6,295,Yonex,SPO-YON-01494,24636.08,19187.09,5,"Yonex Badminton Racket designed for quality, durability and everyday use.",4.4,262,2018-08-06,True
1495,Adidas Max Yoga Mat,6,295,Adidas,SPO-ADI-01495,10995.96,8744.2,10,"Adidas Yoga Mat designed for quality, durability and everyday use.",4.9,144,2025-09-21,True
1496,Cosco Plus Cricket Bat,6,295,Cosco,SPO-COS-01496,6720.33,4753.61,5,"Cosco Cricket Bat designed for quality, durability and everyday use.",4.3,471,2018-09-05,True
1497,Nike Advanced Badminton Racket,6,295,Nike,SPO-NIK-01497,23517.18,15351.61,5,"Nike Badminton Racket designed for quality, durability and everyday use.",4.0,54,2025-12-18,True
1498,Adidas Max Cricket Bat,6,295,Adidas,SPO-ADI-01498,18628.0,10939.13,0,"Adidas Cricket Bat designed for quality, durability and everyday use.",4.7,370,2023-02-06,True
1499,Allen Solly Classic Dress,2,296,Allen Solly,FAS-ALL-01499,6485.31,4122.9,0,"Allen Solly Dress designed for quality, durability and everyday use.",5.0,189,2024-06-06,True
1500,Levis Plus Hoodie,2,296,Levis,FAS-LEV-01500,5737.44,4229.25,15,"Levis Hoodie designed for quality, durability and everyday use.",4.2,95,2025-02-08,True
1501,Zara Plus Dress,2,296,Zara,FAS-ZAR-01501,6044.35,4550.02,20,"Zara Dress designed for quality, durability and everyday use.",4.1,442,2019-06-19,True
1502,H&M Plus Sneakers,2,296,H&M,FAS-H&M-01502,3257.56,2721.95,5,"H&M Sneakers designed for quality, durability and everyday use.",4.7,632,2020-02-13,True
1503,Allen Solly Smart Dress,2,296,Allen Solly,FAS-ALL-01503,7640.32,6243.38,0,"Allen Solly Dress designed for quality, durability and everyday use.",4.1,115,2024-04-01,True
1504,Yonex Plus Dumbbells,6,297,Yonex,SPO-YON-01504,17015.54,14144.32,10,"Yonex Dumbbells designed for quality, durability and everyday use.",4.3,59,2025-08-26,True
1505,Nike Elite Dumbbells,6,297,Nike,SPO-NIK-01505,29184.11,16318.47,10,"Nike Dumbbells designed for quality, durability and everyday use.",4.3,632,2021-04-12,True
1506,Puma Max Badminton Racket,6,297,Puma,SPO-PUM-01506,19680.59,16129.36,10,"Puma Badminton Racket designed for quality, durability and everyday use.",4.4,205,2023-02-05,True
1507,Puma Classic Dumbbells,6,297,Puma,SPO-PUM-01507,29457.14,24174.73,10,"Puma Dumbbells designed for quality, durability and everyday use.",4.6,575,2018-05-31,True
1508,Puma Ultra Badminton Racket,6,297,Puma,SPO-PUM-01508,13307.29,8381.09,20,"Puma Badminton Racket designed for quality, durability and everyday use.",4.7,38,2025-04-13,True
1509,Adidas Eco Football,6,297,Adidas,SPO-ADI-01509,14716.91,9974.92,15,"Adidas Football designed for quality, durability and everyday use.",4.4,641,2021-01-24,True
1510,Himalaya Smart Hand Sanitizer,9,298,Himalaya,HEA-HIM-01510,3908.37,2617.05,0,"Himalaya Hand Sanitizer designed for quality, durability and everyday use.",4.5,89,2025-11-08,True
1511,Himalaya Ultra Protein Powder,9,298,Himalaya,HEA-HIM-01511,2444.24,1508.39,0,"Himalaya Protein Powder designed for quality, durability and everyday use.",4.1,119,2025-03-11,True
1512,Himalaya Elite Protein Powder,9,298,Himalaya,HEA-HIM-01512,2569.11,1470.86,15,"Himalaya Protein Powder designed for quality, durability and everyday use.",4.1,169,2020-02-22,True
1513,Ensure Plus Protein Powder,9,298,Ensure,HEA-ENS-01513,3276.6,1880.87,15,"Ensure Protein Powder designed for quality, durability and everyday use.",5.0,292,2023-04-22,True
1514,SG Smart Badminton Racket,6,299,SG,SPO-SG-01514,26219.3,21888.58,15,"SG Badminton Racket designed for quality, durability and everyday use.",4.4,365,2019-01-13,True
1515,Puma Advanced Football,6,299,Puma,SPO-PUM-01515,13499.16,9849.67,5,"Puma Football designed for quality, durability and everyday use.",5.0,266,2023-10-14,True
1516,Yonex Plus Cricket Bat,6,299,Yonex,SPO-YON-01516,4547.2,2527.51,20,"Yonex Cricket Bat designed for quality, durability and everyday use.",4.3,118,2025-08-29,True
1517,Adidas Plus Badminton Racket,6,299,Adidas,SPO-ADI-01517,2470.43,1935.14,0,"Adidas Badminton Racket designed for quality, durability and everyday use.",3.8,57,2024-06-22,False
1518,McGraw Hill Classic Dictionary,4,300,McGraw Hill,BOO-MCG-01518,1883.9,1575.43,5,"McGraw Hill Dictionary designed for quality, durability and everyday use.",4.3,510,2021-12-07,True
1519,Pearson Advanced Novel,4,300,Pearson,BOO-PEA-01519,169.69,136.58,25,"Pearson Novel designed for quality, durability and everyday use.",4.9,120,2020-11-30,True
1520,HarperCollins Smart Story Book,4,300,HarperCollins,BOO-HAR-01520,1676.56,1414.79,5,"HarperCollins Story Book designed for quality, durability and everyday use.",4.6,136,2024-12-07,True
1521,HarperCollins Classic Story Book,4,300,HarperCollins,BOO-HAR-01521,1799.09,1283.75,5,"HarperCollins Story Book designed for quality, durability and everyday use.",4.5,356,2023-12-12,True
1522,Amul Eco Oil,8,301,Amul,GRO-AMU-01522,133.85,106.44,10,"Amul Oil designed for quality, durability and everyday use.",4.8,349,2019-04-08,True
1523,Tata Advanced Tea,8,301,Tata,GRO-TAT-01523,1091.65,904.22,30,"Tata Tea designed for quality, durability and everyday use.",4.3,63,2025-11-17,True
1524,Tata Ultra Rice,8,301,Tata,GRO-TAT-01524,1296.17,1054.38,25,"Tata Rice designed for quality, durability and everyday use.",4.5,381,2023-07-29,True
1525,Pigeon Plus Cookware Set,3,302,Pigeon,HMK-PIG-01525,13880.06,10692.7,10,"Pigeon Cookware Set designed for quality, durability and everyday use.",4.3,234,2024-04-23,True
1526,Philips Smart Induction Cooktop,3,302,Philips,HMK-PHI-01526,21977.76,17679.41,0,"Philips Induction Cooktop designed for quality, durability and everyday use.",4.4,466,2020-02-29,True
1527,Pigeon Premium Storage Box,3,302,Pigeon,HMK-PIG-01527,12574.24,9567.06,10,"Pigeon Storage Box designed for quality, durability and everyday use.",4.4,292,2023-09-01,True
1528,Prestige Advanced Pressure Cooker,3,302,Prestige,HMK-PRE-01528,6280.77,4217.7,20,"Prestige Pressure Cooker designed for quality, durability and everyday use.",4.9,20,2025-01-17,True
1529,Philips Ultra Mixer,3,302,Philips,HMK-PHI-01529,4921.0,3635.4,5,"Philips Mixer designed for quality, durability and everyday use.",4.9,23,2025-01-19,True
1530,Barbie Pro Puzzle,7,303,Barbie,TOY-BAR-01530,2143.69,1275.71,0,"Barbie Puzzle designed for quality, durability and everyday use.",4.4,352,2023-05-29,True
1531,Nerf Advanced Doll,7,303,Nerf,TOY-NER-01531,3823.82,3198.5,10,"Nerf Doll designed for quality, durability and everyday use.",4.5,150,2024-04-26,True
1532,Nerf Eco Building Blocks,7,303,Nerf,TOY-NER-01532,4366.77,3650.3,0,"Nerf Building Blocks designed for quality, durability and everyday use.",3.9,369,2023-03-11,True
1533,Funskool Elite Board Game,7,303,Funskool,TOY-FUN-01533,4880.04,3559.83,15,"Funskool Board Game designed for quality, durability and everyday use.",4.6,425,2020-09-23,True
1534,Hot Wheels Eco Board Game,7,303,Hot Wheels,TOY-HOT-01534,2857.0,1627.93,0,"Hot Wheels Board Game designed for quality, durability and everyday use.",4.7,137,2025-11-05,True
1535,Nike Classic Dumbbells,6,304,Nike,SPO-NIK-01535,11029.67,6658.75,25,"Nike Dumbbells designed for quality, durability and everyday use.",4.7,178,2024-02-06,True
1536,SG Premium Cricket Bat,6,304,SG,SPO-SG-01536,28050.18,19231.26,5,"SG Cricket Bat designed for quality, durability and everyday use.",5.0,146,2025-08-02,True
1537,Yonex Eco Dumbbells,6,304,Yonex,SPO-YON-01537,4922.55,3628.37,30,"Yonex Dumbbells designed for quality, durability and everyday use.",4.6,126,2023-11-12,True
1538,Cosco Advanced Cricket Bat,6,304,Cosco,SPO-COS-01538,29828.66,16747.42,15,"Cosco Cricket Bat designed for quality, durability and everyday use.",4.8,67,2025-03-27,True
1539,Adidas Premium Yoga Mat,6,304,Adidas,SPO-ADI-01539,21017.3,17127.13,15,"Adidas Yoga Mat designed for quality, durability and everyday use.",4.0,117,2025-03-10,True
1540,Puma Plus Dumbbells,6,304,Puma,SPO-PUM-01540,1630.32,1225.84,0,"Puma Dumbbells designed for quality, durability and everyday use.",4.0,483,2021-12-02,True
1541,GoMechanic Advanced Tyre Inflator,10,305,GoMechanic,AUT-GOM-01541,29882.95,18193.7,5,"GoMechanic Tyre Inflator designed for quality, durability and everyday use.",4.1,236,2021-05-20,True
1542,GoMechanic Elite Car Cover,10,305,GoMechanic,AUT-GOM-01542,41600.26,25653.18,30,"GoMechanic Car Cover designed for quality, durability and everyday use.",4.5,6,2026-03-18,True
1543,Castrol Classic Car Cover,10,305,Castrol,AUT-CAS-01543,34381.23,28357.61,0,"Castrol Car Cover designed for quality, durability and everyday use.",4.2,65,2025-09-16,True
1544,3M Ultra Tyre Inflator,10,305,3M,AUT-3M-01544,48447.09,29143.69,30,"3M Tyre Inflator designed for quality, durability and everyday use.",4.8,175,2024-12-04,True
1545,Prestige Eco Cookware Set,3,306,Prestige,HMK-PRE-01545,3102.16,2367.52,5,"Prestige Cookware Set designed for quality, durability and everyday use.",5.0,87,2025-11-28,True
1546,Borosil Premium Bottle,3,306,Borosil,HMK-BOR-01546,15442.15,11995.41,20,"Borosil Bottle designed for quality, durability and everyday use.",4.8,318,2020-01-16,True
1547,Borosil Eco Mixer,3,306,Borosil,HMK-BOR-01547,20696.05,11845.44,25,"Borosil Mixer designed for quality, durability and everyday use.",3.9,84,2023-12-04,True
1548,Cello Plus Bottle,3,306,Cello,HMK-CEL-01548,6282.44,4950.79,0,"Cello Bottle designed for quality, durability and everyday use.",4.7,226,2023-06-30,True
1549,Prestige Max Bottle,3,306,Prestige,HMK-PRE-01549,5456.28,3355.5,0,"Prestige Bottle designed for quality, durability and everyday use.",4.4,323,2022-05-09,True
1550,Borosil Smart Mixer,3,306,Borosil,HMK-BOR-01550,20070.69,13732.33,5,"Borosil Mixer designed for quality, durability and everyday use.",5.0,389,2023-11-03,True
1551,Penguin Max Novel,4,307,Penguin,BOO-PEN-01551,478.05,317.85,10,"Penguin Novel designed for quality, durability and everyday use.",3.5,141,2025-12-08,True
1552,Pearson Advanced Dictionary,4,307,Pearson,BOO-PEA-01552,162.44,106.93,5,"Pearson Dictionary designed for quality, durability and everyday use.",4.6,142,2024-12-14,True
1553,HarperCollins Eco Textbook,4,307,HarperCollins,BOO-HAR-01553,1646.83,1305.64,10,"HarperCollins Textbook designed for quality, durability and everyday use.",5.0,292,2022-11-03,True
1554,McGraw Hill Advanced Biography,4,307,McGraw Hill,BOO-MCG-01554,667.15,539.58,0,"McGraw Hill Biography designed for quality, durability and everyday use.",4.3,178,2024-07-26,True
1555,Yonex Max Yoga Mat,6,308,Yonex,SPO-YON-01555,23734.43,19046.24,5,"Yonex Yoga Mat designed for quality, durability and everyday use.",4.6,204,2020-08-31,True
1556,Yonex Premium Yoga Mat,6,308,Yonex,SPO-YON-01556,4515.7,3636.51,25,"Yonex Yoga Mat designed for quality, durability and everyday use.",5.0,78,2025-02-01,True
1557,Adidas Smart Football,6,308,Adidas,SPO-ADI-01557,4368.27,3552.33,25,"Adidas Football designed for quality, durability and everyday use.",4.1,57,2024-10-11,True
1558,Puma Advanced Yoga Mat,6,308,Puma,SPO-PUM-01558,1496.78,914.87,15,"Puma Yoga Mat designed for quality, durability and everyday use.",4.5,410,2020-07-24,True
1559,Cosco Plus Badminton Racket,6,308,Cosco,SPO-COS-01559,11800.49,8566.33,50,"Cosco Badminton Racket designed for quality, durability and everyday use.",4.6,148,2024-03-30,True
1560,SG Pro Dumbbells,6,308,SG,SPO-SG-01560,19472.8,11584.59,0,"SG Dumbbells designed for quality, durability and everyday use.",4.7,248,2023-12-10,True
1561,Lego Smart Board Game,7,309,Lego,TOY-LEG-01561,4065.85,2447.08,10,"Lego Board Game designed for quality, durability and everyday use.",4.1,254,2024-01-25,True
1562,Funskool Ultra Board Game,7,309,Funskool,TOY-FUN-01562,4417.59,3284.67,15,"Funskool Board Game designed for quality, durability and everyday use.",4.4,252,2018-01-09,True
1563,Barbie Advanced Building Blocks,7,309,Barbie,TOY-BAR-01563,968.72,741.33,10,"Barbie Building Blocks designed for quality, durability and everyday use.",5.0,286,2022-08-23,True
1564,Lego Ultra Doll,7,309,Lego,TOY-LEG-01564,3977.23,3261.15,10,"Lego Doll designed for quality, durability and everyday use.",4.8,163,2025-01-13,True
1565,Barbie Elite Toy Car,7,309,Barbie,TOY-BAR-01565,942.82,680.12,0,"Barbie Toy Car designed for quality, durability and everyday use.",4.9,604,2019-11-17,True
1566,Nerf Classic Toy Car,7,309,Nerf,TOY-NER-01566,2083.98,1489.65,0,"Nerf Toy Car designed for quality, durability and everyday use.",4.6,169,2022-08-18,True
1567,Funskool Advanced Toy Car,7,309,Funskool,TOY-FUN-01567,3978.62,3057.53,30,"Funskool Toy Car designed for quality, durability and everyday use.",4.4,226,2023-03-01,True
1568,Nestle Smart Coffee,8,310,Nestle,GRO-NES-01568,1494.94,1217.58,40,"Nestle Coffee designed for quality, durability and everyday use.",4.3,4,2026-04-13,True
1569,Fortune Eco Coffee,8,310,Fortune,GRO-FOR-01569,330.55,270.72,5,"Fortune Coffee designed for quality, durability and everyday use.",4.7,34,2026-03-28,True
1570,Nestle Pro Oil,8,310,Nestle,GRO-NES-01570,864.86,602.57,15,"Nestle Oil designed for quality, durability and everyday use.",4.3,81,2024-03-24,True
1571,Aashirvaad Premium Atta,8,310,Aashirvaad,GRO-AAS-01571,1163.54,731.07,5,"Aashirvaad Atta designed for quality, durability and everyday use.",4.2,45,2026-06-05,True
1572,Barbie Plus Board Game,7,311,Barbie,TOY-BAR-01572,2306.22,1397.66,0,"Barbie Board Game designed for quality, durability and everyday use.",5.0,842,2018-09-10,True
1573,Barbie Advanced Board Game,7,311,Barbie,TOY-BAR-01573,3650.07,2242.13,15,"Barbie Board Game designed for quality, durability and everyday use.",4.1,204,2022-11-28,True
1574,Lego Ultra Puzzle,7,311,Lego,TOY-LEG-01574,4007.52,2681.59,20,"Lego Puzzle designed for quality, durability and everyday use.",4.0,79,2023-12-21,True
1575,Hot Wheels Advanced Board Game,7,311,Hot Wheels,TOY-HOT-01575,3111.58,2588.58,25,"Hot Wheels Board Game designed for quality, durability and everyday use.",4.6,28,2026-03-11,True
1576,Horlicks Ultra Hand Sanitizer,9,312,Horlicks,HEA-HOR-01576,1260.3,895.44,30,"Horlicks Hand Sanitizer designed for quality, durability and everyday use.",4.2,163,2023-03-24,True
1577,Horlicks Elite Vitamin Tablets,9,312,Horlicks,HEA-HOR-01577,3262.49,2591.73,25,"Horlicks Vitamin Tablets designed for quality, durability and everyday use.",4.5,475,2020-05-16,True
1578,Dabur Plus Vitamin Tablets,9,312,Dabur,HEA-DAB-01578,4502.84,3648.55,0,"Dabur Vitamin Tablets designed for quality, durability and everyday use.",4.9,47,2026-04-16,True
1579,Himalaya Pro Protein Powder,9,312,Himalaya,HEA-HIM-01579,1074.31,680.21,25,"Himalaya Protein Powder designed for quality, durability and everyday use.",4.6,165,2018-07-21,True
1580,Lakme Plus Shampoo,5,313,Lakme,BEA-LAK-01580,2574.35,1885.99,0,"Lakme Shampoo designed for quality, durability and everyday use.",4.7,119,2023-11-07,True
1581,Lakme Advanced Sunscreen,5,313,Lakme,BEA-LAK-01581,2139.04,1659.46,0,"Lakme Sunscreen designed for quality, durability and everyday use.",4.9,119,2023-07-02,True
1582,Loreal Ultra Face Wash,5,313,Loreal,BEA-LOR-01582,4579.43,2576.18,15,"Loreal Face Wash designed for quality, durability and everyday use.",5.0,641,2021-12-03,True
1583,Maybelline Plus Shampoo,5,313,Maybelline,BEA-MAY-01583,3771.85,2316.77,5,"Maybelline Shampoo designed for quality, durability and everyday use.",4.9,177,2024-03-02,True
1584,Maybelline Pro Lipstick,5,313,Maybelline,BEA-MAY-01584,3916.75,2275.98,20,"Maybelline Lipstick designed for quality, durability and everyday use.",4.8,123,2021-08-05,True
1585,Minimalist Eco Lipstick,5,313,Minimalist,BEA-MIN-01585,831.96,541.73,0,"Minimalist Lipstick designed for quality, durability and everyday use.",4.4,365,2023-11-04,True
1586,Maybelline Plus Face Wash,5,313,Maybelline,BEA-MAY-01586,1089.22,875.8,50,"Maybelline Face Wash designed for quality, durability and everyday use.",4.7,395,2023-05-16,True
1587,Maybelline Plus Sunscreen,5,313,Maybelline,BEA-MAY-01587,3041.58,1789.85,15,"Maybelline Sunscreen designed for quality, durability and everyday use.",4.6,394,2018-04-10,True
1588,Oxford Elite Dictionary,4,314,Oxford,BOO-OXF-01588,1880.06,1344.07,10,"Oxford Dictionary designed for quality, durability and everyday use.",4.7,168,2023-09-24,True
1589,Oxford Ultra Novel,4,314,Oxford,BOO-OXF-01589,197.44,167.24,30,"Oxford Novel designed for quality, durability and everyday use.",4.7,305,2023-11-28,True
1590,McGraw Hill Premium Textbook,4,314,McGraw Hill,BOO-MCG-01590,457.75,336.83,10,"McGraw Hill Textbook designed for quality, durability and everyday use.",4.3,744,2019-03-13,True
1591,Adidas Pro Hoodie,2,315,Adidas,FAS-ADI-01591,4389.06,3658.48,0,"Adidas Hoodie designed for quality, durability and everyday use.",4.8,410,2023-11-21,True
1592,Nike Pro Jeans,2,315,Nike,FAS-NIK-01592,549.35,311.81,0,"Nike Jeans designed for quality, durability and everyday use.",4.7,164,2025-10-13,True
1593,Zara Max Jacket,2,315,Zara,FAS-ZAR-01593,3558.56,2797.21,15,"Zara Jacket designed for quality, durability and everyday use.",4.7,135,2024-12-13,True
1594,H&M Smart Jeans,2,315,H&M,FAS-H&M-01594,2234.87,1793.42,0,"H&M Jeans designed for quality, durability and everyday use.",4.2,116,2023-01-06,True
1595,Apple Premium Smartphone,1,316,Apple,ELE-APP-01595,32668.48,25867.85,20,"Apple Smartphone designed for quality, durability and everyday use.",4.7,284,2022-07-09,True
1596,Apple Ultra Mouse,1,316,Apple,ELE-APP-01596,64723.18,36425.37,0,"Apple Mouse designed for quality, durability and everyday use.",5.0,134,2025-01-20,True
1597,Samsung Max Smartphone,1,316,Samsung,ELE-SAM-01597,106236.96,73201.15,0,"Samsung Smartphone designed for quality, durability and everyday use.",5.0,53,2024-05-19,True
1598,Lego Pro Puzzle,7,317,Lego,TOY-LEG-01598,1933.38,1371.17,5,"Lego Puzzle designed for quality, durability and everyday use.",4.8,118,2023-12-25,True
1599,Lego Plus Puzzle,7,317,Lego,TOY-LEG-01599,2288.46,1498.21,25,"Lego Puzzle designed for quality, durability and everyday use.",4.4,84,2025-05-29,True
1600,Funskool Eco Puzzle,7,317,Funskool,TOY-FUN-01600,226.24,137.94,15,"Funskool Puzzle designed for quality, durability and everyday use.",4.0,160,2022-04-04,True
1601,Barbie Elite Building Blocks,7,317,Barbie,TOY-BAR-01601,4470.26,3044.44,0,"Barbie Building Blocks designed for quality, durability and everyday use.",4.7,1010,2018-09-04,True
1602,Himalaya Premium Protein Powder,9,318,Himalaya,HEA-HIM-01602,4901.13,3288.15,10,"Himalaya Protein Powder designed for quality, durability and everyday use.",4.8,189,2020-02-21,True
1603,Himalaya Plus First Aid Kit,9,318,Himalaya,HEA-HIM-01603,2479.7,1711.51,30,"Himalaya First Aid Kit designed for quality, durability and everyday use.",5.0,189,2024-06-21,True
1604,Dettol Plus Protein Powder,9,318,Dettol,HEA-DET-01604,3810.71,3076.68,15,"Dettol Protein Powder designed for quality, durability and everyday use.",4.8,843,2018-09-13,False
1605,Himalaya Ultra Hand Sanitizer,9,318,Himalaya,HEA-HIM-01605,307.25,225.27,10,"Himalaya Hand Sanitizer designed for quality, durability and everyday use.",4.2,282,2022-10-14,True
1606,Dettol Smart First Aid Kit,9,318,Dettol,HEA-DET-01606,3275.33,1996.64,15,"Dettol First Aid Kit designed for quality, durability and everyday use.",4.4,162,2025-02-21,True
1607,Himalaya Elite First Aid Kit,9,318,Himalaya,HEA-HIM-01607,4781.72,2842.89,10,"Himalaya First Aid Kit designed for quality, durability and everyday use.",3.8,17,2026-03-15,True
1608,Dabur Elite Hand Sanitizer,9,318,Dabur,HEA-DAB-01608,996.78,768.61,40,"Dabur Hand Sanitizer designed for quality, durability and everyday use.",4.4,36,2026-04-08,True
1609,McGraw Hill Classic Novel,4,319,McGraw Hill,BOO-MCG-01609,1466.25,1207.19,0,"McGraw Hill Novel designed for quality, durability and everyday use.",4.6,73,2023-10-13,True
1610,Penguin Advanced Biography,4,319,Penguin,BOO-PEN-01610,1666.66,1186.94,0,"Penguin Biography designed for quality, durability and everyday use.",5.0,836,2018-06-12,True
1611,Penguin Classic Textbook,4,319,Penguin,BOO-PEN-01611,1721.8,1412.88,10,"Penguin Textbook designed for quality, durability and everyday use.",3.7,840,2019-01-14,True
1612,Pearson Eco Biography,4,319,Pearson,BOO-PEA-01612,1251.63,1020.69,20,"Pearson Biography designed for quality, durability and everyday use.",4.6,205,2020-08-17,False
1613,Penguin Eco Biography,4,319,Penguin,BOO-PEN-01613,1308.03,1097.93,30,"Penguin Biography designed for quality, durability and everyday use.",4.6,339,2023-05-25,True
1614,Oxford Eco Textbook,4,319,Oxford,BOO-OXF-01614,405.75,315.41,10,"Oxford Textbook designed for quality, durability and everyday use.",4.0,79,2025-11-16,True
1615,McGraw Hill Max Biography,4,319,McGraw Hill,BOO-MCG-01615,959.69,531.15,0,"McGraw Hill Biography designed for quality, durability and everyday use.",4.2,548,2020-04-05,True
1616,McGraw Hill Ultra Novel,4,319,McGraw Hill,BOO-MCG-01616,1707.92,1134.19,0,"McGraw Hill Novel designed for quality, durability and everyday use.",4.5,824,2019-10-26,True
1617,Levis Plus Shirt,2,320,Levis,FAS-LEV-01617,2382.2,1428.38,15,"Levis Shirt designed for quality, durability and everyday use.",4.5,120,2025-08-06,True
1618,Zara Advanced Hoodie,2,320,Zara,FAS-ZAR-01618,5417.29,3060.81,0,"Zara Hoodie designed for quality, durability and everyday use.",4.7,271,2024-06-13,True
1619,H&M Elite Dress,2,320,H&M,FAS-H&M-01619,1166.2,790.85,10,"H&M Dress designed for quality, durability and everyday use.",4.5,225,2022-09-25,True
1620,H&M Eco Shirt,2,320,H&M,FAS-H&M-01620,4598.04,2988.69,5,"H&M Shirt designed for quality, durability and everyday use.",5.0,42,2026-04-04,True
1621,3M Plus Engine Oil,10,321,3M,AUT-3M-01621,46348.24,35252.62,5,"3M Engine Oil designed for quality, durability and everyday use.",4.5,224,2024-05-24,True
1622,GoMechanic Premium Tyre Inflator,10,321,GoMechanic,AUT-GOM-01622,13649.41,9602.5,0,"GoMechanic Tyre Inflator designed for quality, durability and everyday use.",4.6,204,2021-11-23,True
1623,Castrol Plus Car Cover,10,321,Castrol,AUT-CAS-01623,38122.44,30408.59,10,"Castrol Car Cover designed for quality, durability and everyday use.",4.5,373,2022-10-26,True
1624,Castrol Eco Car Cover,10,321,Castrol,AUT-CAS-01624,20306.46,15412.73,5,"Castrol Car Cover designed for quality, durability and everyday use.",5.0,141,2024-06-13,True
1625,GoMechanic Plus Tyre Inflator,10,321,GoMechanic,AUT-GOM-01625,28999.64,19646.51,15,"GoMechanic Tyre Inflator designed for quality, durability and everyday use.",5.0,215,2021-03-15,True
1626,SG Max Cricket Bat,6,322,SG,SPO-SG-01626,20004.84,16926.91,15,"SG Cricket Bat designed for quality, durability and everyday use.",4.9,222,2024-02-23,True
1627,Adidas Advanced Cricket Bat,6,322,Adidas,SPO-ADI-01627,21731.58,17783.66,5,"Adidas Cricket Bat designed for quality, durability and everyday use.",3.6,488,2018-09-18,True
1628,Nike Max Dumbbells,6,322,Nike,SPO-NIK-01628,23502.89,17864.54,30,"Nike Dumbbells designed for quality, durability and everyday use.",4.7,166,2024-09-10,True
1629,Nike Classic Badminton Racket,6,322,Nike,SPO-NIK-01629,13153.07,9800.16,25,"Nike Badminton Racket designed for quality, durability and everyday use.",4.3,285,2022-05-02,True
1630,Yonex Classic Dumbbells,6,322,Yonex,SPO-YON-01630,23285.8,13692.82,5,"Yonex Dumbbells designed for quality, durability and everyday use.",4.5,339,2023-03-27,True
1631,SG Elite Football,6,322,SG,SPO-SG-01631,14120.89,10101.32,0,"SG Football designed for quality, durability and everyday use.",5.0,514,2022-11-24,False
1632,Horlicks Elite Vitamin Tablets,9,323,Horlicks,HEA-HOR-01632,3170.29,2644.51,10,"Horlicks Vitamin Tablets designed for quality, durability and everyday use.",4.4,218,2024-05-24,False
1633,Ensure Pro First Aid Kit,9,323,Ensure,HEA-ENS-01633,4658.52,3094.88,5,"Ensure First Aid Kit designed for quality, durability and everyday use.",4.0,762,2018-12-15,True
1634,Horlicks Classic Protein Powder,9,323,Horlicks,HEA-HOR-01634,708.17,418.13,15,"Horlicks Protein Powder designed for quality, durability and everyday use.",4.9,112,2025-09-05,True
1635,Ensure Max Protein Powder,9,323,Ensure,HEA-ENS-01635,655.6,453.9,10,"Ensure Protein Powder designed for quality, durability and everyday use.",4.3,186,2022-03-19,True
1636,Dabur Ultra First Aid Kit,9,323,Dabur,HEA-DAB-01636,590.04,427.06,5,"Dabur First Aid Kit designed for quality, durability and everyday use.",4.5,85,2023-01-16,True
1637,Dettol Ultra Hand Sanitizer,9,323,Dettol,HEA-DET-01637,1563.7,1315.67,5,"Dettol Hand Sanitizer designed for quality, durability and everyday use.",5.0,90,2025-02-07,True
1638,Allen Solly Elite Dress,2,324,Allen Solly,FAS-ALL-01638,3621.32,2437.65,5,"Allen Solly Dress designed for quality, durability and everyday use.",4.6,422,2021-09-28,True
1639,Puma Advanced Jacket,2,324,Puma,FAS-PUM-01639,2917.36,2385.64,10,"Puma Jacket designed for quality, durability and everyday use.",4.2,326,2021-10-15,True
1640,Allen Solly Plus Hoodie,2,324,Allen Solly,FAS-ALL-01640,522.46,307.86,25,"Allen Solly Hoodie designed for quality, durability and everyday use.",4.7,53,2025-02-19,True
1641,Adidas Elite Hoodie,2,324,Adidas,FAS-ADI-01641,2891.11,1840.93,0,"Adidas Hoodie designed for quality, durability and everyday use.",4.4,98,2024-12-11,True
1642,Nike Elite Shirt,2,324,Nike,FAS-NIK-01642,1534.03,929.66,0,"Nike Shirt designed for quality, durability and everyday use.",4.8,129,2025-07-14,True
1643,Levis Advanced Shirt,2,324,Levis,FAS-LEV-01643,2691.75,1588.94,5,"Levis Shirt designed for quality, durability and everyday use.",5.0,341,2018-03-22,True
1644,Tata Eco Oil,8,325,Tata,GRO-TAT-01644,1639.81,1025.47,20,"Tata Oil designed for quality, durability and everyday use.",4.4,334,2023-01-13,True
1645,Amul Eco Coffee,8,325,Amul,GRO-AMU-01645,1964.86,1364.32,10,"Amul Coffee designed for quality, durability and everyday use.",4.5,297,2020-06-11,True
1646,Aashirvaad Premium Tea,8,325,Aashirvaad,GRO-AAS-01646,1865.42,1178.87,0,"Aashirvaad Tea designed for quality, durability and everyday use.",4.3,386,2023-12-03,True
1647,Tata Classic Atta,8,325,Tata,GRO-TAT-01647,1843.07,1043.25,10,"Tata Atta designed for quality, durability and everyday use.",4.8,107,2025-09-07,True
1648,Aashirvaad Plus Milk Powder,8,325,Aashirvaad,GRO-AAS-01648,1472.52,1192.62,10,"Aashirvaad Milk Powder designed for quality, durability and everyday use.",4.6,248,2023-12-12,False
1649,Nestle Pro Atta,8,325,Nestle,GRO-NES-01649,299.44,225.04,15,"Nestle Atta designed for quality, durability and everyday use.",4.8,470,2021-06-02,True
1650,Aashirvaad Premium Rice,8,325,Aashirvaad,GRO-AAS-01650,1367.85,928.46,5,"Aashirvaad Rice designed for quality, durability and everyday use.",4.7,229,2024-11-24,True
1651,Fortune Classic Rice,8,325,Fortune,GRO-FOR-01651,322.89,196.34,30,"Fortune Rice designed for quality, durability and everyday use.",3.6,429,2022-10-03,True
1652,Tata Advanced Tea,8,326,Tata,GRO-TAT-01652,1807.28,1209.87,5,"Tata Tea designed for quality, durability and everyday use.",4.4,310,2023-12-07,True
1653,Fortune Eco Coffee,8,326,Fortune,GRO-FOR-01653,790.04,474.75,0,"Fortune Coffee designed for quality, durability and everyday use.",4.6,3,2026-01-16,True
1654,Tata Elite Coffee,8,326,Tata,GRO-TAT-01654,1926.52,1537.38,5,"Tata Coffee designed for quality, durability and everyday use.",4.3,391,2022-03-02,False
1655,Fortune Eco Oil,8,326,Fortune,GRO-FOR-01655,1030.93,611.8,15,"Fortune Oil designed for quality, durability and everyday use.",4.8,43,2024-09-17,True
1656,Tata Classic Coffee,8,326,Tata,GRO-TAT-01656,1444.55,966.26,10,"Tata Coffee designed for quality, durability and everyday use.",4.8,108,2025-05-20,False
1657,Aashirvaad Pro Oil,8,326,Aashirvaad,GRO-AAS-01657,1837.74,1537.55,5,"Aashirvaad Oil designed for quality, durability and everyday use.",4.7,249,2024-03-06,True
1658,Prestige Plus Pressure Cooker,3,327,Prestige,HMK-PRE-01658,15678.76,10741.53,20,"Prestige Pressure Cooker designed for quality, durability and everyday use.",5.0,101,2024-10-18,True
1659,Prestige Eco Cookware Set,3,327,Prestige,HMK-PRE-01659,11684.09,8187.06,15,"Prestige Cookware Set designed for quality, durability and everyday use.",4.0,36,2026-06-28,True
1660,Borosil Eco Induction Cooktop,3,327,Borosil,HMK-BOR-01660,19522.07,15919.07,20,"Borosil Induction Cooktop designed for quality, durability and everyday use.",4.5,592,2021-10-06,True
1661,Philips Classic Pressure Cooker,3,327,Philips,HMK-PHI-01661,7218.9,4943.68,0,"Philips Pressure Cooker designed for quality, durability and everyday use.",4.7,906,2018-04-02,False
1662,Borosil Elite Storage Box,3,327,Borosil,HMK-BOR-01662,17906.58,10788.87,0,"Borosil Storage Box designed for quality, durability and everyday use.",4.9,191,2024-04-08,True
1663,Dabur Ultra Protein Powder,9,328,Dabur,HEA-DAB-01663,4881.35,4127.67,15,"Dabur Protein Powder designed for quality, durability and everyday use.",4.6,350,2023-11-18,True
1664,Dabur Plus Protein Powder,9,328,Dabur,HEA-DAB-01664,2829.52,1736.27,0,"Dabur Protein Powder designed for quality, durability and everyday use.",5.0,335,2021-01-14,True
1665,Himalaya Classic Protein Powder,9,328,Himalaya,HEA-HIM-01665,3489.16,2323.02,10,"Himalaya Protein Powder designed for quality, durability and everyday use.",4.9,162,2025-11-06,True
1666,Ensure Classic First Aid Kit,9,328,Ensure,HEA-ENS-01666,154.9,89.08,5,"Ensure First Aid Kit designed for quality, durability and everyday use.",4.7,55,2024-08-14,True
1667,Dabur Max Hand Sanitizer,9,328,Dabur,HEA-DAB-01667,3284.39,2438.15,0,"Dabur Hand Sanitizer designed for quality, durability and everyday use.",4.6,422,2019-05-10,True
1668,Nestle Ultra Milk Powder,8,329,Nestle,GRO-NES-01668,430.23,276.55,25,"Nestle Milk Powder designed for quality, durability and everyday use.",4.5,77,2023-07-20,True
1669,Tata Elite Tea,8,329,Tata,GRO-TAT-01669,1836.2,1011.84,20,"Tata Tea designed for quality, durability and everyday use.",4.8,304,2022-02-15,True
1670,Aashirvaad Premium Rice,8,329,Aashirvaad,GRO-AAS-01670,900.03,757.59,15,"Aashirvaad Rice designed for quality, durability and everyday use.",4.7,822,2018-01-14,True
1671,Aashirvaad Classic Oil,8,329,Aashirvaad,GRO-AAS-01671,1432.47,1090.43,25,"Aashirvaad Oil designed for quality, durability and everyday use.",3.8,288,2023-01-04,True
1672,Tata Plus Tea,8,329,Tata,GRO-TAT-01672,1644.99,1356.94,5,"Tata Tea designed for quality, durability and everyday use.",4.4,155,2019-09-22,True
1673,Nestle Elite Atta,8,329,Nestle,GRO-NES-01673,868.4,530.32,10,"Nestle Atta designed for quality, durability and everyday use.",4.7,39,2026-03-02,True
1674,Asus Eco Laptop,1,330,Asus,ELE-ASU-01674,36643.82,24919.07,10,"Asus Laptop designed for quality, durability and everyday use.",4.0,155,2025-08-25,False
1675,Asus Max Smartphone,1,330,Asus,ELE-ASU-01675,6533.96,5167.42,10,"Asus Smartphone designed for quality, durability and everyday use.",4.7,29,2026-03-12,True
1676,Samsung Ultra Smart Watch,1,330,Samsung,ELE-SAM-01676,5296.99,3051.56,10,"Samsung Smart Watch designed for quality, durability and everyday use.",4.3,153,2025-07-19,True
1677,Dell Premium Keyboard,1,330,Dell,ELE-DEL-01677,46803.4,26846.33,25,"Dell Keyboard designed for quality, durability and everyday use.",4.2,23,2026-03-16,True
1678,Apple Max Mouse,1,330,Apple,ELE-APP-01678,51670.93,33291.91,40,"Apple Mouse designed for quality, durability and everyday use.",4.6,403,2023-07-04,True
1679,Michelin Ultra Cleaning Kit,10,331,Michelin,AUT-MIC-01679,39310.89,22759.89,15,"Michelin Cleaning Kit designed for quality, durability and everyday use.",4.1,63,2024-07-28,True
1680,GoMechanic Ultra Tyre Inflator,10,331,GoMechanic,AUT-GOM-01680,22069.25,13310.14,0,"GoMechanic Tyre Inflator designed for quality, durability and everyday use.",3.8,580,2020-06-01,True
1681,3M Pro Car Cover,10,331,3M,AUT-3M-01681,45854.27,26667.5,10,"3M Car Cover designed for quality, durability and everyday use.",4.4,223,2023-04-03,True
1682,GoMechanic Premium Helmet,10,331,GoMechanic,AUT-GOM-01682,42323.63,25075.09,25,"GoMechanic Helmet designed for quality, durability and everyday use.",4.7,1,2026-03-22,True
1683,Bosch Elite Engine Oil,10,331,Bosch,AUT-BOS-01683,11368.09,8653.82,5,"Bosch Engine Oil designed for quality, durability and everyday use.",4.8,376,2018-06-25,True
1684,Michelin Eco Helmet,10,332,Michelin,AUT-MIC-01684,8566.27,6150.56,5,"Michelin Helmet designed for quality, durability and everyday use.",4.3,89,2023-01-11,True
1685,GoMechanic Ultra Cleaning Kit,10,332,GoMechanic,AUT-GOM-01685,8465.43,5320.91,10,"GoMechanic Cleaning Kit designed for quality, durability and everyday use.",5.0,259,2023-05-29,True
1686,GoMechanic Premium Car Cover,10,332,GoMechanic,AUT-GOM-01686,24332.78,13813.12,5,"GoMechanic Car Cover designed for quality, durability and everyday use.",4.5,106,2023-05-01,True
1687,3M Plus Engine Oil,10,332,3M,AUT-3M-01687,9311.01,6416.65,20,"3M Engine Oil designed for quality, durability and everyday use.",3.6,87,2024-10-07,True
1688,Lego Smart Building Blocks,7,333,Lego,TOY-LEG-01688,4745.62,3837.59,10,"Lego Building Blocks designed for quality, durability and everyday use.",4.1,153,2020-03-30,True
1689,Barbie Max Board Game,7,333,Barbie,TOY-BAR-01689,3466.33,1911.27,10,"Barbie Board Game designed for quality, durability and everyday use.",3.9,318,2023-06-27,True
1690,Hot Wheels Max Board Game,7,333,Hot Wheels,TOY-HOT-01690,3555.81,2197.85,15,"Hot Wheels Board Game designed for quality, durability and everyday use.",4.2,162,2025-04-26,True
1691,Barbie Ultra Building Blocks,7,333,Barbie,TOY-BAR-01691,3056.85,1937.15,10,"Barbie Building Blocks designed for quality, durability and everyday use.",4.9,379,2023-06-30,True
1692,Nerf Advanced Toy Car,7,333,Nerf,TOY-NER-01692,1170.49,752.93,10,"Nerf Toy Car designed for quality, durability and everyday use.",4.9,78,2023-05-25,True
1693,Lego Max Toy Car,7,333,Lego,TOY-LEG-01693,3918.48,2935.71,10,"Lego Toy Car designed for quality, durability and everyday use.",4.4,378,2018-10-31,False
1694,Horlicks Pro First Aid Kit,9,334,Horlicks,HEA-HOR-01694,2667.69,2172.55,5,"Horlicks First Aid Kit designed for quality, durability and everyday use.",4.0,110,2022-12-21,True
1695,Horlicks Premium First Aid Kit,9,334,Horlicks,HEA-HOR-01695,3752.13,2567.74,15,"Horlicks First Aid Kit designed for quality, durability and everyday use.",4.9,268,2024-05-29,True
1696,Dettol Eco Vitamin Tablets,9,334,Dettol,HEA-DET-01696,1587.83,957.56,20,"Dettol Vitamin Tablets designed for quality, durability and everyday use.",4.7,143,2024-09-02,True
1697,Dettol Max Protein Powder,9,334,Dettol,HEA-DET-01697,1736.56,1187.21,10,"Dettol Protein Powder designed for quality, durability and everyday use.",4.8,599,2019-01-04,True
1698,Horlicks Max Protein Powder,9,334,Horlicks,HEA-HOR-01698,4808.51,2874.7,10,"Horlicks Protein Powder designed for quality, durability and everyday use.",4.3,713,2018-02-04,True
1699,Horlicks Premium Protein Powder,9,334,Horlicks,HEA-HOR-01699,2517.58,1913.24,20,"Horlicks Protein Powder designed for quality, durability and everyday use.",4.4,65,2024-04-23,True
1700,Michelin Elite Cleaning Kit,10,335,Michelin,AUT-MIC-01700,5190.36,4390.44,0,"Michelin Cleaning Kit designed for quality, durability and everyday use.",4.8,429,2022-06-30,True
1701,Castrol Premium Helmet,10,335,Castrol,AUT-CAS-01701,20603.08,15169.94,30,"Castrol Helmet designed for quality, durability and everyday use.",4.8,218,2024-07-02,True
1702,Castrol Classic Engine Oil,10,335,Castrol,AUT-CAS-01702,33509.64,20262.35,30,"Castrol Engine Oil designed for quality, durability and everyday use.",4.2,35,2025-01-01,True
1703,Michelin Classic Engine Oil,10,335,Michelin,AUT-MIC-01703,16315.62,10624.38,25,"Michelin Engine Oil designed for quality, durability and everyday use.",3.9,287,2024-12-11,True
1704,GoMechanic Advanced Car Cover,10,335,GoMechanic,AUT-GOM-01704,31868.97,23432.95,0,"GoMechanic Car Cover designed for quality, durability and everyday use.",4.8,45,2025-10-05,True
1705,Castrol Advanced Helmet,10,335,Castrol,AUT-CAS-01705,29950.54,16917.72,5,"Castrol Helmet designed for quality, durability and everyday use.",4.3,178,2023-02-27,True
1706,Bosch Premium Engine Oil,10,335,Bosch,AUT-BOS-01706,49137.07,31268.56,15,"Bosch Engine Oil designed for quality, durability and everyday use.",4.9,328,2020-01-25,True
1707,GoMechanic Premium Engine Oil,10,335,GoMechanic,AUT-GOM-01707,14232.99,8366.39,0,"GoMechanic Engine Oil designed for quality, durability and everyday use.",4.9,855,2019-09-19,False
1708,Nike Pro Badminton Racket,6,336,Nike,SPO-NIK-01708,18992.4,15629.93,40,"Nike Badminton Racket designed for quality, durability and everyday use.",3.5,678,2020-12-22,True
1709,Adidas Plus Yoga Mat,6,336,Adidas,SPO-ADI-01709,10543.79,5943.65,5,"Adidas Yoga Mat designed for quality, durability and everyday use.",5.0,165,2025-09-24,True
1710,Nike Elite Football,6,336,Nike,SPO-NIK-01710,17350.19,14450.48,30,"Nike Football designed for quality, durability and everyday use.",4.5,874,2019-02-01,True
1711,Puma Smart Football,6,336,Puma,SPO-PUM-01711,29885.42,20928.35,15,"Puma Football designed for quality, durability and everyday use.",4.9,209,2024-03-22,True
1712,Hot Wheels Max Board Game,7,337,Hot Wheels,TOY-HOT-01712,4337.06,2412.07,5,"Hot Wheels Board Game designed for quality, durability and everyday use.",4.6,231,2023-11-18,True
1713,Funskool Max Toy Car,7,337,Funskool,TOY-FUN-01713,4176.52,2388.4,5,"Funskool Toy Car designed for quality, durability and everyday use.",4.7,174,2022-03-12,True
1714,Barbie Pro Board Game,7,337,Barbie,TOY-BAR-01714,1082.1,615.01,0,"Barbie Board Game designed for quality, durability and everyday use.",3.8,172,2023-11-03,True
1715,Hot Wheels Classic Building Blocks,7,337,Hot Wheels,TOY-HOT-01715,534.77,412.4,0,"Hot Wheels Building Blocks designed for quality, durability and everyday use.",5.0,31,2025-05-13,True
1716,Lego Eco Board Game,7,337,Lego,TOY-LEG-01716,4584.92,3223.8,5,"Lego Board Game designed for quality, durability and everyday use.",4.9,256,2023-07-01,True
1717,Funskool Plus Toy Car,7,337,Funskool,TOY-FUN-01717,4652.09,2951.64,15,"Funskool Toy Car designed for quality, durability and everyday use.",3.7,105,2025-07-23,True
1718,GoMechanic Advanced Cleaning Kit,10,338,GoMechanic,AUT-GOM-01718,16502.24,11876.3,0,"GoMechanic Cleaning Kit designed for quality, durability and everyday use.",4.9,99,2025-05-17,True
1719,Bosch Smart Helmet,10,338,Bosch,AUT-BOS-01719,21244.47,16809.31,0,"Bosch Helmet designed for quality, durability and everyday use.",5.0,114,2025-07-26,True
1720,Castrol Pro Engine Oil,10,338,Castrol,AUT-CAS-01720,23366.22,16099.56,0,"Castrol Engine Oil designed for quality, durability and everyday use.",4.5,257,2019-04-01,True
1721,3M Smart Helmet,10,338,3M,AUT-3M-01721,35827.87,25624.78,0,"3M Helmet designed for quality, durability and everyday use.",4.6,391,2023-07-22,True
1722,Castrol Max Engine Oil,10,338,Castrol,AUT-CAS-01722,45391.77,32106.96,0,"Castrol Engine Oil designed for quality, durability and everyday use.",4.5,247,2023-01-09,True
1723,Michelin Classic Engine Oil,10,338,Michelin,AUT-MIC-01723,25405.08,15584.26,5,"Michelin Engine Oil designed for quality, durability and everyday use.",4.5,460,2019-08-26,True
1724,Michelin Ultra Tyre Inflator,10,338,Michelin,AUT-MIC-01724,35346.9,20439.66,10,"Michelin Tyre Inflator designed for quality, durability and everyday use.",5.0,402,2018-12-14,True
1725,GoMechanic Classic Helmet,10,338,GoMechanic,AUT-GOM-01725,27600.7,18289.09,30,"GoMechanic Helmet designed for quality, durability and everyday use.",4.6,320,2023-12-20,True
1726,Oxford Classic Novel,4,339,Oxford,BOO-OXF-01726,1991.54,1177.86,15,"Oxford Novel designed for quality, durability and everyday use.",4.6,724,2018-07-01,True
1727,Oxford Ultra Biography,4,339,Oxford,BOO-OXF-01727,1306.75,1047.5,5,"Oxford Biography designed for quality, durability and everyday use.",4.4,190,2021-05-31,True
1728,McGraw Hill Smart Textbook,4,339,McGraw Hill,BOO-MCG-01728,1502.61,1243.21,25,"McGraw Hill Textbook designed for quality, durability and everyday use.",4.3,731,2019-01-04,True
1729,HarperCollins Ultra Novel,4,339,HarperCollins,BOO-HAR-01729,1511.08,1164.19,0,"HarperCollins Novel designed for quality, durability and everyday use.",4.4,279,2024-07-21,True
1730,HarperCollins Ultra Dictionary,4,339,HarperCollins,BOO-HAR-01730,391.58,266.93,5,"HarperCollins Dictionary designed for quality, durability and everyday use.",3.9,184,2023-07-31,True
1731,HarperCollins Ultra Novel,4,339,HarperCollins,BOO-HAR-01731,1081.18,730.21,25,"HarperCollins Novel designed for quality, durability and everyday use.",4.7,409,2023-01-06,False
1732,Penguin Plus Textbook,4,339,Penguin,BOO-PEN-01732,577.0,460.71,10,"Penguin Textbook designed for quality, durability and everyday use.",4.7,372,2023-07-16,True
1733,HarperCollins Premium Novel,4,339,HarperCollins,BOO-HAR-01733,1355.76,1148.6,0,"HarperCollins Novel designed for quality, durability and everyday use.",4.4,300,2023-06-01,True
1734,Nike Ultra Hoodie,2,340,Nike,FAS-NIK-01734,4781.71,4001.03,5,"Nike Hoodie designed for quality, durability and everyday use.",3.8,919,2018-09-11,True
1735,Puma Plus T-Shirt,2,340,Puma,FAS-PUM-01735,3280.67,1964.01,10,"Puma T-Shirt designed for quality, durability and everyday use.",4.2,549,2020-08-30,True
1736,Allen Solly Max T-Shirt,2,340,Allen Solly,FAS-ALL-01736,3425.14,2792.99,40,"Allen Solly T-Shirt designed for quality, durability and everyday use.",4.7,137,2025-03-16,True
1737,Nike Smart Jacket,2,340,Nike,FAS-NIK-01737,5693.28,4719.49,0,"Nike Jacket designed for quality, durability and everyday use.",4.6,35,2025-01-10,True
1738,Puma Pro Hoodie,2,340,Puma,FAS-PUM-01738,2613.87,1466.0,40,"Puma Hoodie designed for quality, durability and everyday use.",4.7,293,2021-09-19,True
1739,Allen Solly Max Jacket,2,340,Allen Solly,FAS-ALL-01739,365.73,272.16,5,"Allen Solly Jacket designed for quality, durability and everyday use.",4.6,514,2020-12-11,True
1740,H&M Classic T-Shirt,2,340,H&M,FAS-H&M-01740,2575.49,1529.99,5,"H&M T-Shirt designed for quality, durability and everyday use.",4.7,428,2021-12-04,True
1741,Nerf Premium Board Game,7,341,Nerf,TOY-NER-01741,2762.24,1927.76,50,"Nerf Board Game designed for quality, durability and everyday use.",3.8,26,2026-06-29,True
1742,Funskool Classic Building Blocks,7,341,Funskool,TOY-FUN-01742,3358.47,2422.36,5,"Funskool Building Blocks designed for quality, durability and everyday use.",4.8,267,2024-05-05,True
1743,Hot Wheels Ultra Doll,7,341,Hot Wheels,TOY-HOT-01743,4467.02,3350.32,5,"Hot Wheels Doll designed for quality, durability and everyday use.",4.8,135,2021-02-18,True
1744,Funskool Classic Puzzle,7,341,Funskool,TOY-FUN-01744,3590.75,2369.01,15,"Funskool Puzzle designed for quality, durability and everyday use.",4.6,538,2018-10-01,True
1745,Michelin Pro Cleaning Kit,10,342,Michelin,AUT-MIC-01745,25219.28,19893.47,10,"Michelin Cleaning Kit designed for quality, durability and everyday use.",4.3,224,2024-07-03,True
1746,3M Max Helmet,10,342,3M,AUT-3M-01746,48369.19,32938.25,10,"3M Helmet designed for quality, durability and everyday use.",3.5,452,2022-03-02,True
1747,GoMechanic Classic Tyre Inflator,10,342,GoMechanic,AUT-GOM-01747,21829.95,17939.49,0,"GoMechanic Tyre Inflator designed for quality, durability and everyday use.",4.9,668,2020-02-15,True
1748,Bosch Max Cleaning Kit,10,342,Bosch,AUT-BOS-01748,46302.01,38479.47,30,"Bosch Cleaning Kit designed for quality, durability and everyday use.",4.8,349,2018-12-16,True
1749,GoMechanic Max Helmet,10,342,GoMechanic,AUT-GOM-01749,39433.11,26079.67,5,"GoMechanic Helmet designed for quality, durability and everyday use.",4.8,182,2023-08-20,True
1750,3M Smart Helmet,10,342,3M,AUT-3M-01750,18713.16,14319.71,50,"3M Helmet designed for quality, durability and everyday use.",4.8,53,2024-08-08,False
1751,Nerf Smart Board Game,7,343,Nerf,TOY-NER-01751,1389.5,1138.25,30,"Nerf Board Game designed for quality, durability and everyday use.",4.1,416,2021-10-10,True
1752,Lego Plus Doll,7,343,Lego,TOY-LEG-01752,2180.72,1629.73,10,"Lego Doll designed for quality, durability and everyday use.",5.0,75,2023-02-07,True
1753,Lego Eco Doll,7,343,Lego,TOY-LEG-01753,4145.37,3423.77,0,"Lego Doll designed for quality, durability and everyday use.",4.9,28,2026-01-29,True
1754,Nerf Max Building Blocks,7,343,Nerf,TOY-NER-01754,950.81,626.42,40,"Nerf Building Blocks designed for quality, durability and everyday use.",4.8,149,2025-06-05,True
1755,Hot Wheels Advanced Building Blocks,7,343,Hot Wheels,TOY-HOT-01755,433.33,302.97,15,"Hot Wheels Building Blocks designed for quality, durability and everyday use.",4.9,330,2023-02-21,True
1756,Hot Wheels Smart Toy Car,7,343,Hot Wheels,TOY-HOT-01756,4543.7,3129.88,0,"Hot Wheels Toy Car designed for quality, durability and everyday use.",4.6,68,2025-04-12,True
1757,Lego Pro Puzzle,7,343,Lego,TOY-LEG-01757,4572.93,3400.94,0,"Lego Puzzle designed for quality, durability and everyday use.",4.2,284,2023-11-09,True
1758,Lego Max Puzzle,7,343,Lego,TOY-LEG-01758,1762.32,1243.75,50,"Lego Puzzle designed for quality, durability and everyday use.",5.0,65,2025-09-17,True
1759,Maybelline Advanced Serum,5,344,Maybelline,BEA-MAY-01759,3363.46,2803.81,0,"Maybelline Serum designed for quality, durability and everyday use.",5.0,342,2020-09-09,True
1760,Mamaearth Classic Sunscreen,5,344,Mamaearth,BEA-MAM-01760,2547.73,1526.97,0,"Mamaearth Sunscreen designed for quality, durability and everyday use.",4.9,129,2024-12-09,True
1761,Mamaearth Ultra Lipstick,5,344,Mamaearth,BEA-MAM-01761,4546.45,2537.09,15,"Mamaearth Lipstick designed for quality, durability and everyday use.",4.5,83,2025-09-19,True
1762,Pearson Smart Textbook,4,345,Pearson,BOO-PEA-01762,1832.66,1089.53,0,"Pearson Textbook designed for quality, durability and everyday use.",4.3,219,2024-04-09,True
1763,Pearson Plus Biography,4,345,Pearson,BOO-PEA-01763,472.47,300.58,25,"Pearson Biography designed for quality, durability and everyday use.",4.4,240,2024-03-30,True
1764,HarperCollins Elite Dictionary,4,345,HarperCollins,BOO-HAR-01764,939.62,659.78,40,"HarperCollins Dictionary designed for quality, durability and everyday use.",4.6,724,2018-02-20,False
1765,Penguin Ultra Biography,4,345,Penguin,BOO-PEN-01765,869.82,608.31,40,"Penguin Biography designed for quality, durability and everyday use.",4.2,137,2024-02-14,True
1766,Penguin Classic Story Book,4,345,Penguin,BOO-PEN-01766,438.55,254.33,15,"Penguin Story Book designed for quality, durability and everyday use.",3.8,268,2024-03-31,True
1767,Pearson Classic Dictionary,4,345,Pearson,BOO-PEA-01767,1932.77,1348.88,20,"Pearson Dictionary designed for quality, durability and everyday use.",4.4,176,2024-06-20,True
1768,Levis Max Jeans,2,346,Levis,FAS-LEV-01768,3708.14,2331.67,0,"Levis Jeans designed for quality, durability and everyday use.",3.6,132,2023-11-09,True
1769,Zara Premium Dress,2,346,Zara,FAS-ZAR-01769,5187.5,4027.13,5,"Zara Dress designed for quality, durability and everyday use.",3.5,766,2020-11-11,True
1770,Adidas Max Shirt,2,346,Adidas,FAS-ADI-01770,3418.71,2266.97,20,"Adidas Shirt designed for quality, durability and everyday use.",4.4,135,2024-03-08,True
1771,Levis Advanced Jeans,2,346,Levis,FAS-LEV-01771,6956.6,4336.69,25,"Levis Jeans designed for quality, durability and everyday use.",4.9,840,2019-02-11,True
1772,Puma Smart T-Shirt,2,346,Puma,FAS-PUM-01772,348.61,261.7,5,"Puma T-Shirt designed for quality, durability and everyday use.",4.5,695,2020-09-06,True
1773,Nike Classic Shirt,2,346,Nike,FAS-NIK-01773,1992.09,1325.96,10,"Nike Shirt designed for quality, durability and everyday use.",5.0,78,2025-03-28,True
1774,Cello Elite Bottle,3,347,Cello,HMK-CEL-01774,2049.81,1576.61,20,"Cello Bottle designed for quality, durability and everyday use.",5.0,298,2020-05-28,True
1775,Cello Max Mixer,3,347,Cello,HMK-CEL-01775,2618.71,2208.11,5,"Cello Mixer designed for quality, durability and everyday use.",5.0,124,2024-12-01,True
1776,Prestige Classic Induction Cooktop,3,347,Prestige,HMK-PRE-01776,14617.68,9688.49,50,"Prestige Induction Cooktop designed for quality, durability and everyday use.",4.5,111,2025-10-14,True
1777,Prestige Premium Pressure Cooker,3,347,Prestige,HMK-PRE-01777,20374.49,11316.97,0,"Prestige Pressure Cooker designed for quality, durability and everyday use.",3.7,378,2023-05-26,True
1778,Pigeon Ultra Mixer,3,347,Pigeon,HMK-PIG-01778,18359.62,10592.43,5,"Pigeon Mixer designed for quality, durability and everyday use.",3.8,123,2025-05-30,True
1779,Borosil Advanced Storage Box,3,347,Borosil,HMK-BOR-01779,10446.59,7520.69,10,"Borosil Storage Box designed for quality, durability and everyday use.",4.9,327,2022-10-01,True
1780,Funskool Advanced Toy Car,7,348,Funskool,TOY-FUN-01780,3329.76,2505.59,0,"Funskool Toy Car designed for quality, durability and everyday use.",3.7,156,2025-12-22,True
1781,Nerf Max Doll,7,348,Nerf,TOY-NER-01781,1338.71,992.28,5,"Nerf Doll designed for quality, durability and everyday use.",4.4,91,2024-09-24,True
1782,Lego Max Doll,7,348,Lego,TOY-LEG-01782,1682.08,940.73,10,"Lego Doll designed for quality, durability and everyday use.",4.3,86,2024-11-16,True
1783,Funskool Ultra Puzzle,7,348,Funskool,TOY-FUN-01783,781.05,445.8,25,"Funskool Puzzle designed for quality, durability and everyday use.",4.2,89,2025-02-13,False
1784,Nerf Pro Doll,7,348,Nerf,TOY-NER-01784,2503.7,1911.05,0,"Nerf Doll designed for quality, durability and everyday use.",4.7,98,2025-03-21,True
1785,Barbie Elite Doll,7,348,Barbie,TOY-BAR-01785,1629.17,1114.92,10,"Barbie Doll designed for quality, durability and everyday use.",4.8,71,2025-05-09,True
1786,Tata Max Oil,8,349,Tata,GRO-TAT-01786,114.4,76.88,5,"Tata Oil designed for quality, durability and everyday use.",4.3,361,2023-03-19,True
1787,Aashirvaad Elite Coffee,8,349,Aashirvaad,GRO-AAS-01787,1252.09,1050.34,10,"Aashirvaad Coffee designed for quality, durability and everyday use.",4.9,55,2025-01-03,True
1788,Amul Max Atta,8,349,Amul,GRO-AMU-01788,451.48,342.41,15,"Amul Atta designed for quality, durability and everyday use.",4.3,212,2021-12-17,True
1789,Fortune Elite Tea,8,349,Fortune,GRO-FOR-01789,1365.12,925.51,5,"Fortune Tea designed for quality, durability and everyday use.",5.0,637,2021-08-16,True
1790,GoMechanic Plus Car Cover,10,350,GoMechanic,AUT-GOM-01790,19976.81,16516.45,10,"GoMechanic Car Cover designed for quality, durability and everyday use.",4.6,368,2021-11-07,True
1791,3M Pro Helmet,10,350,3M,AUT-3M-01791,35597.32,27967.72,20,"3M Helmet designed for quality, durability and everyday use.",4.8,348,2021-05-15,True
1792,3M Plus Car Cover,10,350,3M,AUT-3M-01792,22819.07,14100.46,25,"3M Car Cover designed for quality, durability and everyday use.",4.0,468,2022-12-12,True
1793,GoMechanic Ultra Helmet,10,350,GoMechanic,AUT-GOM-01793,11614.17,8455.07,10,"GoMechanic Helmet designed for quality, durability and everyday use.",4.9,187,2024-03-23,True
1794,GoMechanic Plus Cleaning Kit,10,350,GoMechanic,AUT-GOM-01794,42977.61,27113.83,5,"GoMechanic Cleaning Kit designed for quality, durability and everyday use.",5.0,596,2019-08-08,True
1795,Himalaya Premium First Aid Kit,9,351,Himalaya,HEA-HIM-01795,2446.76,1566.92,25,"Himalaya First Aid Kit designed for quality, durability and everyday use.",4.7,269,2022-04-25,True
1796,Dettol Ultra Vitamin Tablets,9,351,Dettol,HEA-DET-01796,282.73,156.36,5,"Dettol Vitamin Tablets designed for quality, durability and everyday use.",4.5,36,2025-02-20,True
1797,Dettol Plus Vitamin Tablets,9,351,Dettol,HEA-DET-01797,367.58,205.19,25,"Dettol Vitamin Tablets designed for quality, durability and everyday use.",4.0,328,2020-08-23,True
1798,Ensure Elite Hand Sanitizer,9,351,Ensure,HEA-ENS-01798,4335.16,3072.02,15,"Ensure Hand Sanitizer designed for quality, durability and everyday use.",4.9,20,2025-08-23,True
1799,Ensure Plus Protein Powder,9,351,Ensure,HEA-ENS-01799,3086.47,2572.0,5,"Ensure Protein Powder designed for quality, durability and everyday use.",4.7,435,2021-06-15,True
1800,Dabur Classic Protein Powder,9,351,Dabur,HEA-DAB-01800,1191.83,849.31,5,"Dabur Protein Powder designed for quality, durability and everyday use.",4.0,295,2021-01-10,True
1801,SG Premium Cricket Bat,6,352,SG,SPO-SG-01801,25810.27,15704.8,10,"SG Cricket Bat designed for quality, durability and everyday use.",4.9,69,2023-08-09,True
1802,SG Plus Dumbbells,6,352,SG,SPO-SG-01802,12762.71,9858.37,15,"SG Dumbbells designed for quality, durability and everyday use.",4.4,1,2026-01-11,True
1803,SG Ultra Yoga Mat,6,352,SG,SPO-SG-01803,17287.89,10963.53,20,"SG Yoga Mat designed for quality, durability and everyday use.",3.7,618,2020-07-02,True
1804,Puma Advanced Football,6,352,Puma,SPO-PUM-01804,8273.13,7016.14,5,"Puma Football designed for quality, durability and everyday use.",4.1,709,2018-08-22,True
1805,Nike Ultra Cricket Bat,6,353,Nike,SPO-NIK-01805,24544.47,17987.43,5,"Nike Cricket Bat designed for quality, durability and everyday use.",4.7,263,2021-11-20,True
1806,Adidas Ultra Badminton Racket,6,353,Adidas,SPO-ADI-01806,18896.45,11718.29,0,"Adidas Badminton Racket designed for quality, durability and everyday use.",4.9,170,2023-08-09,True
1807,Nike Premium Cricket Bat,6,353,Nike,SPO-NIK-01807,6974.06,4366.4,10,"Nike Cricket Bat designed for quality, durability and everyday use.",5.0,136,2025-05-26,True
1808,Nike Elite Dumbbells,6,353,Nike,SPO-NIK-01808,4688.84,3251.79,15,"Nike Dumbbells designed for quality, durability and everyday use.",4.3,297,2020-04-26,True
1809,Puma Premium Cricket Bat,6,353,Puma,SPO-PUM-01809,2808.14,2305.63,30,"Puma Cricket Bat designed for quality, durability and everyday use.",4.3,248,2024-06-13,True
1810,Adidas Smart Football,6,353,Adidas,SPO-ADI-01810,8490.17,7007.53,20,"Adidas Football designed for quality, durability and everyday use.",5.0,37,2025-07-27,True
1811,Lego Advanced Puzzle,7,354,Lego,TOY-LEG-01811,3644.96,3051.87,15,"Lego Puzzle designed for quality, durability and everyday use.",4.9,199,2019-01-18,True
1812,Barbie Eco Building Blocks,7,354,Barbie,TOY-BAR-01812,2420.34,1894.78,0,"Barbie Building Blocks designed for quality, durability and everyday use.",3.9,102,2025-10-11,True
1813,Barbie Plus Puzzle,7,354,Barbie,TOY-BAR-01813,3975.97,2903.32,25,"Barbie Puzzle designed for quality, durability and everyday use.",3.9,795,2019-01-04,True
1814,Nerf Ultra Doll,7,354,Nerf,TOY-NER-01814,3985.37,2752.89,0,"Nerf Doll designed for quality, durability and everyday use.",4.6,79,2024-01-04,True
1815,Lego Max Board Game,7,354,Lego,TOY-LEG-01815,2049.33,1593.3,5,"Lego Board Game designed for quality, durability and everyday use.",4.8,186,2023-10-29,True
1816,Funskool Plus Doll,7,354,Funskool,TOY-FUN-01816,3893.22,2230.4,0,"Funskool Doll designed for quality, durability and everyday use.",4.9,282,2018-02-18,True
1817,Nike Max Jeans,2,355,Nike,FAS-NIK-01817,7865.41,5630.37,20,"Nike Jeans designed for quality, durability and everyday use.",4.3,625,2018-03-17,True
1818,H&M Advanced Hoodie,2,355,H&M,FAS-H&M-01818,2543.38,1426.37,15,"H&M Hoodie designed for quality, durability and everyday use.",4.8,721,2020-07-31,False
1819,Allen Solly Max Sneakers,2,355,Allen Solly,FAS-ALL-01819,1672.16,1079.38,25,"Allen Solly Sneakers designed for quality, durability and everyday use.",4.2,149,2023-12-20,True
1820,Levis Pro Jacket,2,355,Levis,FAS-LEV-01820,2223.25,1594.66,0,"Levis Jacket designed for quality, durability and everyday use.",5.0,133,2023-11-03,True
1821,Adidas Max Jacket,2,355,Adidas,FAS-ADI-01821,5575.26,3502.39,25,"Adidas Jacket designed for quality, durability and everyday use.",4.7,229,2024-02-04,True
1822,Zara Smart Dress,2,355,Zara,FAS-ZAR-01822,1858.15,1183.58,5,"Zara Dress designed for quality, durability and everyday use.",4.0,168,2024-09-16,True
1823,Levis Plus Dress,2,355,Levis,FAS-LEV-01823,4766.85,3094.53,5,"Levis Dress designed for quality, durability and everyday use.",5.0,394,2022-02-05,True
1824,H&M Max Dress,2,355,H&M,FAS-H&M-01824,849.56,662.51,5,"H&M Dress designed for quality, durability and everyday use.",4.2,199,2024-06-11,True
1825,Barbie Ultra Toy Car,7,356,Barbie,TOY-BAR-01825,4748.62,3463.26,5,"Barbie Toy Car designed for quality, durability and everyday use.",4.8,322,2022-10-16,True
1826,Funskool Max Toy Car,7,356,Funskool,TOY-FUN-01826,2922.75,1622.89,0,"Funskool Toy Car designed for quality, durability and everyday use.",4.7,369,2023-10-18,True
1827,Hot Wheels Ultra Board Game,7,356,Hot Wheels,TOY-HOT-01827,924.37,587.67,0,"Hot Wheels Board Game designed for quality, durability and everyday use.",3.9,75,2025-04-20,True
1828,Nerf Max Building Blocks,7,356,Nerf,TOY-NER-01828,3835.76,2916.48,10,"Nerf Building Blocks designed for quality, durability and everyday use.",4.6,390,2023-11-12,True
1829,Aashirvaad Ultra Milk Powder,8,357,Aashirvaad,GRO-AAS-01829,133.35,88.42,5,"Aashirvaad Milk Powder designed for quality, durability and everyday use.",4.8,21,2026-02-02,True
1830,Fortune Classic Milk Powder,8,357,Fortune,GRO-FOR-01830,484.92,345.02,25,"Fortune Milk Powder designed for quality, durability and everyday use.",5.0,220,2024-04-04,True
1831,Tata Classic Milk Powder,8,357,Tata,GRO-TAT-01831,394.72,235.08,30,"Tata Milk Powder designed for quality, durability and everyday use.",4.9,683,2018-10-31,True
1832,Tata Max Milk Powder,8,357,Tata,GRO-TAT-01832,1099.74,891.8,10,"Tata Milk Powder designed for quality, durability and everyday use.",4.5,268,2024-09-02,True
1833,Nestle Eco Rice,8,357,Nestle,GRO-NES-01833,687.1,492.57,0,"Nestle Rice designed for quality, durability and everyday use.",4.8,120,2020-09-30,True
1834,Amul Plus Atta,8,357,Amul,GRO-AMU-01834,1859.73,1533.66,10,"Amul Atta designed for quality, durability and everyday use.",4.4,173,2024-10-04,True
1835,Ensure Pro First Aid Kit,9,358,Ensure,HEA-ENS-01835,4734.08,3170.83,5,"Ensure First Aid Kit designed for quality, durability and everyday use.",4.3,171,2023-09-22,True
1836,Dabur Plus Protein Powder,9,358,Dabur,HEA-DAB-01836,790.46,655.33,20,"Dabur Protein Powder designed for quality, durability and everyday use.",4.9,432,2020-02-05,True
1837,Himalaya Ultra Hand Sanitizer,9,358,Himalaya,HEA-HIM-01837,3097.5,2197.89,20,"Himalaya Hand Sanitizer designed for quality, durability and everyday use.",4.9,165,2025-11-12,True
1838,Himalaya Advanced Protein Powder,9,358,Himalaya,HEA-HIM-01838,4327.23,2959.63,20,"Himalaya Protein Powder designed for quality, durability and everyday use.",4.7,17,2026-06-09,True
1839,Dettol Ultra Protein Powder,9,358,Dettol,HEA-DET-01839,2617.07,1595.76,20,"Dettol Protein Powder designed for quality, durability and everyday use.",5.0,296,2022-06-03,True
1840,Dabur Premium Protein Powder,9,358,Dabur,HEA-DAB-01840,126.37,105.0,20,"Dabur Protein Powder designed for quality, durability and everyday use.",4.5,176,2022-03-22,True
1841,Bosch Ultra Car Cover,10,359,Bosch,AUT-BOS-01841,13872.56,11318.47,25,"Bosch Car Cover designed for quality, durability and everyday use.",4.5,726,2018-12-30,True
1842,Michelin Ultra Cleaning Kit,10,359,Michelin,AUT-MIC-01842,33169.25,23860.85,15,"Michelin Cleaning Kit designed for quality, durability and everyday use.",5.0,61,2025-06-04,True
1843,Maybelline Ultra Shampoo,5,360,Maybelline,BEA-MAY-01843,4242.61,3597.24,5,"Maybelline Shampoo designed for quality, durability and everyday use.",4.0,72,2025-02-28,True
1844,Loreal Classic Lipstick,5,360,Loreal,BEA-LOR-01844,2602.44,1927.11,25,"Loreal Lipstick designed for quality, durability and everyday use.",3.7,65,2025-04-04,True
1845,Lakme Elite Shampoo,5,360,Lakme,BEA-LAK-01845,2827.93,2374.16,0,"Lakme Shampoo designed for quality, durability and everyday use.",3.7,485,2022-11-01,True
1846,Maybelline Plus Sunscreen,5,360,Maybelline,BEA-MAY-01846,888.92,668.39,25,"Maybelline Sunscreen designed for quality, durability and everyday use.",4.3,572,2021-01-17,True
1847,Minimalist Eco Face Wash,5,360,Minimalist,BEA-MIN-01847,2462.82,1877.84,20,"Minimalist Face Wash designed for quality, durability and everyday use.",3.8,644,2019-05-09,True
1848,Minimalist Elite Face Wash,5,360,Minimalist,BEA-MIN-01848,3814.26,2925.56,20,"Minimalist Face Wash designed for quality, durability and everyday use.",4.9,33,2026-01-07,True
1849,Oxford Classic Dictionary,4,361,Oxford,BOO-OXF-01849,1299.16,896.58,10,"Oxford Dictionary designed for quality, durability and everyday use.",4.7,48,2025-10-27,True
1850,Pearson Plus Story Book,4,361,Pearson,BOO-PEA-01850,1728.47,1284.21,10,"Pearson Story Book designed for quality, durability and everyday use.",4.8,405,2023-12-31,True
1851,HarperCollins Elite Story Book,4,361,HarperCollins,BOO-HAR-01851,831.98,695.54,5,"HarperCollins Story Book designed for quality, durability and everyday use.",4.7,196,2021-12-25,True
1852,McGraw Hill Pro Dictionary,4,361,McGraw Hill,BOO-MCG-01852,1290.97,939.77,25,"McGraw Hill Dictionary designed for quality, durability and everyday use.",4.9,545,2021-07-12,True
1853,Penguin Pro Story Book,4,361,Penguin,BOO-PEN-01853,1790.2,1295.75,15,"Penguin Story Book designed for quality, durability and everyday use.",4.6,376,2023-10-20,True
1854,Pearson Classic Textbook,4,361,Pearson,BOO-PEA-01854,1564.27,1129.76,5,"Pearson Textbook designed for quality, durability and everyday use.",5.0,608,2019-09-02,True
1855,Nivea Max Moisturizer,5,362,Nivea,BEA-NIV-01855,3475.08,2798.07,5,"Nivea Moisturizer designed for quality, durability and everyday use.",4.8,245,2024-02-01,True
1856,Mamaearth Classic Serum,5,362,Mamaearth,BEA-MAM-01856,2143.12,1334.65,25,"Mamaearth Serum designed for quality, durability and everyday use.",4.6,142,2024-02-27,True
1857,Mamaearth Classic Moisturizer,5,362,Mamaearth,BEA-MAM-01857,4986.62,3180.92,15,"Mamaearth Moisturizer designed for quality, durability and everyday use.",5.0,739,2020-01-21,True
1858,Minimalist Elite Moisturizer,5,362,Minimalist,BEA-MIN-01858,4397.82,2849.79,0,"Minimalist Moisturizer designed for quality, durability and everyday use.",4.1,264,2023-12-02,True
1859,Loreal Elite Face Wash,5,362,Loreal,BEA-LOR-01859,2091.04,1496.9,30,"Loreal Face Wash designed for quality, durability and everyday use.",5.0,176,2024-07-08,True
1860,Nivea Classic Moisturizer,5,362,Nivea,BEA-NIV-01860,3885.34,2137.57,25,"Nivea Moisturizer designed for quality, durability and everyday use.",4.5,457,2020-03-25,True
1861,Nestle Smart Coffee,8,363,Nestle,GRO-NES-01861,1256.77,969.06,5,"Nestle Coffee designed for quality, durability and everyday use.",4.1,22,2026-02-07,True
1862,Fortune Ultra Rice,8,363,Fortune,GRO-FOR-01862,1854.64,1268.8,5,"Fortune Rice designed for quality, durability and everyday use.",5.0,855,2018-02-17,True
1863,Amul Elite Milk Powder,8,363,Amul,GRO-AMU-01863,248.55,202.96,20,"Amul Milk Powder designed for quality, durability and everyday use.",4.7,278,2022-01-02,True
1864,Nestle Plus Oil,8,363,Nestle,GRO-NES-01864,423.58,288.66,10,"Nestle Oil designed for quality, durability and everyday use.",4.1,134,2025-06-03,True
1865,Nestle Premium Tea,8,363,Nestle,GRO-NES-01865,1324.57,939.45,0,"Nestle Tea designed for quality, durability and everyday use.",4.0,117,2023-03-05,True
1866,Fortune Max Tea,8,363,Fortune,GRO-FOR-01866,1782.68,1046.19,5,"Fortune Tea designed for quality, durability and everyday use.",3.9,234,2021-05-31,True
1867,Barbie Pro Doll,7,364,Barbie,TOY-BAR-01867,3393.27,2838.16,10,"Barbie Doll designed for quality, durability and everyday use.",3.9,62,2025-02-05,True
1868,Lego Ultra Doll,7,364,Lego,TOY-LEG-01868,3979.51,2339.21,5,"Lego Doll designed for quality, durability and everyday use.",4.7,55,2025-09-05,True
1869,Barbie Ultra Toy Car,7,364,Barbie,TOY-BAR-01869,4706.92,2844.11,15,"Barbie Toy Car designed for quality, durability and everyday use.",4.7,550,2021-08-26,True
1870,Hot Wheels Pro Doll,7,364,Hot Wheels,TOY-HOT-01870,2505.92,1670.54,10,"Hot Wheels Doll designed for quality, durability and everyday use.",4.4,547,2021-04-01,True
1871,Lego Eco Toy Car,7,364,Lego,TOY-LEG-01871,1281.08,706.94,25,"Lego Toy Car designed for quality, durability and everyday use.",3.7,323,2021-12-13,True
1872,Nerf Premium Puzzle,7,364,Nerf,TOY-NER-01872,3756.91,2510.8,15,"Nerf Puzzle designed for quality, durability and everyday use.",3.8,301,2023-05-20,True
1873,Funskool Advanced Doll,7,364,Funskool,TOY-FUN-01873,953.85,745.64,10,"Funskool Doll designed for quality, durability and everyday use.",4.5,428,2021-12-10,True
1874,Hot Wheels Ultra Toy Car,7,365,Hot Wheels,TOY-HOT-01874,3005.39,1928.2,15,"Hot Wheels Toy Car designed for quality, durability and everyday use.",4.7,65,2024-10-02,True
1875,Nerf Advanced Building Blocks,7,365,Nerf,TOY-NER-01875,1967.57,1131.77,0,"Nerf Building Blocks designed for quality, durability and everyday use.",4.7,188,2019-10-15,True
1876,Nerf Pro Puzzle,7,365,Nerf,TOY-NER-01876,2351.54,1510.1,10,"Nerf Puzzle designed for quality, durability and everyday use.",4.2,237,2024-12-31,True
1877,Barbie Pro Board Game,7,365,Barbie,TOY-BAR-01877,738.25,580.89,10,"Barbie Board Game designed for quality, durability and everyday use.",4.7,182,2022-07-29,True
1878,GoMechanic Premium Helmet,10,366,GoMechanic,AUT-GOM-01878,17001.82,11841.75,10,"GoMechanic Helmet designed for quality, durability and everyday use.",4.8,531,2021-03-21,True
1879,Bosch Smart Helmet,10,366,Bosch,AUT-BOS-01879,41362.17,29216.16,15,"Bosch Helmet designed for quality, durability and everyday use.",4.9,141,2025-11-16,True
1880,Castrol Classic Cleaning Kit,10,366,Castrol,AUT-CAS-01880,17955.01,10812.98,10,"Castrol Cleaning Kit designed for quality, durability and everyday use.",4.9,174,2022-06-09,True
1881,Bosch Ultra Car Cover,10,366,Bosch,AUT-BOS-01881,6550.24,4961.5,10,"Bosch Car Cover designed for quality, durability and everyday use.",4.1,331,2021-11-01,True
1882,GoMechanic Classic Engine Oil,10,366,GoMechanic,AUT-GOM-01882,25838.26,20904.27,5,"GoMechanic Engine Oil designed for quality, durability and everyday use.",4.4,490,2021-07-25,True
1883,Michelin Elite Tyre Inflator,10,366,Michelin,AUT-MIC-01883,46709.01,33992.34,5,"Michelin Tyre Inflator designed for quality, durability and everyday use.",3.9,93,2024-04-04,True
1884,Cosco Pro Badminton Racket,6,367,Cosco,SPO-COS-01884,26715.43,19735.53,10,"Cosco Badminton Racket designed for quality, durability and everyday use.",3.7,157,2020-02-29,True
1885,Cosco Eco Badminton Racket,6,367,Cosco,SPO-COS-01885,10538.39,6516.55,0,"Cosco Badminton Racket designed for quality, durability and everyday use.",3.9,81,2024-11-28,True
1886,Nike Plus Badminton Racket,6,367,Nike,SPO-NIK-01886,12583.16,8891.51,30,"Nike Badminton Racket designed for quality, durability and everyday use.",4.9,626,2021-07-21,True
1887,Nerf Plus Doll,7,368,Nerf,TOY-NER-01887,1979.42,1190.05,30,"Nerf Doll designed for quality, durability and everyday use.",4.7,104,2025-10-01,True
1888,Nerf Eco Building Blocks,7,368,Nerf,TOY-NER-01888,806.81,569.2,0,"Nerf Building Blocks designed for quality, durability and everyday use.",4.5,571,2020-05-26,True
1889,Barbie Plus Board Game,7,368,Barbie,TOY-BAR-01889,3369.6,2523.06,15,"Barbie Board Game designed for quality, durability and everyday use.",5.0,356,2022-12-19,True
1890,Nerf Classic Doll,7,368,Nerf,TOY-NER-01890,2418.19,2001.94,20,"Nerf Doll designed for quality, durability and everyday use.",4.5,276,2024-06-21,True
1891,Milton Elite Cookware Set,3,369,Milton,HMK-MIL-01891,12660.32,10282.14,10,"Milton Cookware Set designed for quality, durability and everyday use.",4.7,153,2023-06-19,True
1892,Cello Smart Mixer,3,369,Cello,HMK-CEL-01892,13440.0,8769.81,10,"Cello Mixer designed for quality, durability and everyday use.",4.5,15,2026-03-29,True
1893,Pigeon Classic Induction Cooktop,3,369,Pigeon,HMK-PIG-01893,7240.0,5972.5,10,"Pigeon Induction Cooktop designed for quality, durability and everyday use.",4.0,812,2019-09-25,True
1894,SG Ultra Badminton Racket,6,370,SG,SPO-SG-01894,25085.14,17147.91,10,"SG Badminton Racket designed for quality, durability and everyday use.",4.7,296,2022-05-20,True
1895,Adidas Classic Yoga Mat,6,370,Adidas,SPO-ADI-01895,19026.12,14214.37,20,"Adidas Yoga Mat designed for quality, durability and everyday use.",4.5,152,2019-04-21,True
1896,SG Smart Yoga Mat,6,370,SG,SPO-SG-01896,4232.83,2829.09,20,"SG Yoga Mat designed for quality, durability and everyday use.",4.9,5,2026-04-12,True
1897,Cosco Plus Cricket Bat,6,370,Cosco,SPO-COS-01897,29550.39,18977.62,15,"Cosco Cricket Bat designed for quality, durability and everyday use.",4.8,101,2022-05-23,True
1898,SG Max Badminton Racket,6,370,SG,SPO-SG-01898,24877.38,19635.23,25,"SG Badminton Racket designed for quality, durability and everyday use.",4.3,222,2018-12-02,True
1899,Puma Advanced Cricket Bat,6,370,Puma,SPO-PUM-01899,6594.23,3764.67,5,"Puma Cricket Bat designed for quality, durability and everyday use.",4.3,72,2025-10-13,True
1900,Yonex Advanced Cricket Bat,6,370,Yonex,SPO-YON-01900,2826.54,2139.87,10,"Yonex Cricket Bat designed for quality, durability and everyday use.",4.5,130,2024-03-04,True
1901,Cosco Premium Football,6,370,Cosco,SPO-COS-01901,18985.62,13543.69,40,"Cosco Football designed for quality, durability and everyday use.",3.7,43,2025-05-31,True
1902,Levis Smart Shirt,2,371,Levis,FAS-LEV-01902,961.8,625.45,5,"Levis Shirt designed for quality, durability and everyday use.",4.7,11,2026-03-09,True
1903,H&M Classic T-Shirt,2,371,H&M,FAS-H&M-01903,3224.7,2011.66,40,"H&M T-Shirt designed for quality, durability and everyday use.",4.5,81,2025-11-06,True
1904,Adidas Premium Jacket,2,371,Adidas,FAS-ADI-01904,6885.5,4912.19,10,"Adidas Jacket designed for quality, durability and everyday use.",4.2,235,2023-01-10,True
1905,Puma Eco Jeans,2,371,Puma,FAS-PUM-01905,932.99,739.09,5,"Puma Jeans designed for quality, durability and everyday use.",4.1,77,2023-06-06,True
1906,Allen Solly Advanced Shirt,2,371,Allen Solly,FAS-ALL-01906,7683.53,4971.24,25,"Allen Solly Shirt designed for quality, durability and everyday use.",4.7,144,2024-09-05,True
1907,Nike Classic Sneakers,2,371,Nike,FAS-NIK-01907,588.55,441.87,10,"Nike Sneakers designed for quality, durability and everyday use.",4.9,195,2023-01-17,True
1908,Levis Elite Jeans,2,371,Levis,FAS-LEV-01908,1334.27,1076.98,25,"Levis Jeans designed for quality, durability and everyday use.",4.8,564,2021-07-08,True
1909,H&M Smart Dress,2,371,H&M,FAS-H&M-01909,4858.23,3829.62,30,"H&M Dress designed for quality, durability and everyday use.",4.5,274,2023-04-02,True
1910,Nestle Premium Milk Powder,8,372,Nestle,GRO-NES-01910,1160.85,698.76,10,"Nestle Milk Powder designed for quality, durability and everyday use.",4.0,136,2025-11-08,True
1911,Aashirvaad Classic Oil,8,372,Aashirvaad,GRO-AAS-01911,1718.57,1067.47,25,"Aashirvaad Oil designed for quality, durability and everyday use.",4.8,54,2025-07-18,True
1912,Tata Pro Tea,8,372,Tata,GRO-TAT-01912,1782.12,991.54,40,"Tata Tea designed for quality, durability and everyday use.",4.2,114,2023-09-03,True
1913,Aashirvaad Premium Milk Powder,8,372,Aashirvaad,GRO-AAS-01913,446.04,372.06,15,"Aashirvaad Milk Powder designed for quality, durability and everyday use.",4.2,146,2025-11-04,True
1914,Horlicks Smart Vitamin Tablets,9,373,Horlicks,HEA-HOR-01914,1150.8,730.98,10,"Horlicks Vitamin Tablets designed for quality, durability and everyday use.",5.0,108,2021-04-21,True
1915,Dettol Max Protein Powder,9,373,Dettol,HEA-DET-01915,1045.71,834.24,25,"Dettol Protein Powder designed for quality, durability and everyday use.",3.7,525,2020-09-18,True
1916,Horlicks Premium Vitamin Tablets,9,373,Horlicks,HEA-HOR-01916,4626.77,2638.86,25,"Horlicks Vitamin Tablets designed for quality, durability and everyday use.",4.0,745,2020-06-23,True
1917,Horlicks Advanced First Aid Kit,9,373,Horlicks,HEA-HOR-01917,756.36,476.93,5,"Horlicks First Aid Kit designed for quality, durability and everyday use.",5.0,89,2025-10-10,True
1918,Dabur Pro Vitamin Tablets,9,373,Dabur,HEA-DAB-01918,1919.03,1504.97,25,"Dabur Vitamin Tablets designed for quality, durability and everyday use.",4.4,871,2019-05-10,True
1919,HarperCollins Pro Dictionary,4,374,HarperCollins,BOO-HAR-01919,1156.37,797.53,15,"HarperCollins Dictionary designed for quality, durability and everyday use.",4.3,85,2025-03-09,True
1920,Pearson Smart Story Book,4,374,Pearson,BOO-PEA-01920,489.16,323.8,50,"Pearson Story Book designed for quality, durability and everyday use.",4.1,114,2024-01-15,True
1921,HarperCollins Elite Dictionary,4,374,HarperCollins,BOO-HAR-01921,334.41,237.45,15,"HarperCollins Dictionary designed for quality, durability and everyday use.",5.0,300,2022-12-12,True
1922,Nike Premium Dumbbells,6,375,Nike,SPO-NIK-01922,4904.62,3285.15,15,"Nike Dumbbells designed for quality, durability and everyday use.",4.9,77,2023-11-07,True
1923,Puma Elite Cricket Bat,6,375,Puma,SPO-PUM-01923,26851.24,18103.95,0,"Puma Cricket Bat designed for quality, durability and everyday use.",4.5,130,2020-03-04,True
1924,Yonex Max Badminton Racket,6,375,Yonex,SPO-YON-01924,1385.74,801.97,5,"Yonex Badminton Racket designed for quality, durability and everyday use.",4.7,73,2023-01-26,True
1925,Adidas Advanced Badminton Racket,6,375,Adidas,SPO-ADI-01925,3139.52,2435.61,0,"Adidas Badminton Racket designed for quality, durability and everyday use.",4.6,329,2020-08-11,True
1926,Yonex Premium Badminton Racket,6,375,Yonex,SPO-YON-01926,22425.71,15513.75,0,"Yonex Badminton Racket designed for quality, durability and everyday use.",4.7,145,2020-09-02,True
1927,Aashirvaad Elite Milk Powder,8,376,Aashirvaad,GRO-AAS-01927,1595.08,1355.24,0,"Aashirvaad Milk Powder designed for quality, durability and everyday use.",4.9,302,2023-05-21,True
1928,Amul Pro Oil,8,376,Amul,GRO-AMU-01928,527.51,298.64,40,"Amul Oil designed for quality, durability and everyday use.",4.1,259,2024-08-23,True
1929,Fortune Max Atta,8,376,Fortune,GRO-FOR-01929,331.24,246.57,0,"Fortune Atta designed for quality, durability and everyday use.",4.7,184,2021-07-06,True
1930,Tata Pro Coffee,8,376,Tata,GRO-TAT-01930,644.93,514.0,20,"Tata Coffee designed for quality, durability and everyday use.",4.6,333,2020-02-16,True
1931,SG Max Yoga Mat,6,377,SG,SPO-SG-01931,3284.01,2715.5,10,"SG Yoga Mat designed for quality, durability and everyday use.",5.0,224,2024-09-06,True
1932,SG Pro Cricket Bat,6,377,SG,SPO-SG-01932,28466.55,22720.53,5,"SG Cricket Bat designed for quality, durability and everyday use.",4.5,254,2020-03-16,True
1933,Cosco Max Football,6,377,Cosco,SPO-COS-01933,28674.94,20390.96,30,"Cosco Football designed for quality, durability and everyday use.",5.0,25,2026-01-11,False
1934,SG Plus Yoga Mat,6,377,SG,SPO-SG-01934,24168.85,19708.94,5,"SG Yoga Mat designed for quality, durability and everyday use.",4.5,127,2025-11-18,True
1935,Yonex Premium Dumbbells,6,377,Yonex,SPO-YON-01935,27281.71,19098.83,5,"Yonex Dumbbells designed for quality, durability and everyday use.",4.6,608,2018-08-25,True
1936,Lakme Classic Moisturizer,5,378,Lakme,BEA-LAK-01936,2923.65,2038.39,15,"Lakme Moisturizer designed for quality, durability and everyday use.",4.5,204,2018-11-04,True
1937,Mamaearth Eco Sunscreen,5,378,Mamaearth,BEA-MAM-01937,4676.46,3650.26,30,"Mamaearth Sunscreen designed for quality, durability and everyday use.",4.9,161,2023-09-19,True
1938,Maybelline Eco Serum,5,378,Maybelline,BEA-MAY-01938,1454.73,990.84,10,"Maybelline Serum designed for quality, durability and everyday use.",3.8,174,2023-08-29,True
1939,Mamaearth Max Lipstick,5,378,Mamaearth,BEA-MAM-01939,1480.46,897.53,15,"Mamaearth Lipstick designed for quality, durability and everyday use.",5.0,364,2018-06-20,True
1940,Loreal Ultra Sunscreen,5,378,Loreal,BEA-LOR-01940,4351.17,2862.13,5,"Loreal Sunscreen designed for quality, durability and everyday use.",4.0,91,2023-01-05,True
1941,Amul Pro Atta,8,379,Amul,GRO-AMU-01941,1500.36,1272.63,10,"Amul Atta designed for quality, durability and everyday use.",4.5,324,2023-01-07,True
1942,Nestle Classic Rice,8,379,Nestle,GRO-NES-01942,541.64,363.91,0,"Nestle Rice designed for quality, durability and everyday use.",4.5,256,2023-07-09,True
1943,Fortune Ultra Atta,8,379,Fortune,GRO-FOR-01943,1386.75,846.56,10,"Fortune Atta designed for quality, durability and everyday use.",4.1,46,2026-03-28,True
1944,Nestle Elite Rice,8,379,Nestle,GRO-NES-01944,67.37,53.12,5,"Nestle Rice designed for quality, durability and everyday use.",4.5,340,2023-06-18,True
1945,Aashirvaad Smart Tea,8,379,Aashirvaad,GRO-AAS-01945,129.23,71.97,15,"Aashirvaad Tea designed for quality, durability and everyday use.",4.1,215,2024-07-21,True
1946,Lego Advanced Toy Car,7,380,Lego,TOY-LEG-01946,595.91,344.93,25,"Lego Toy Car designed for quality, durability and everyday use.",4.8,41,2026-02-11,True
1947,Hot Wheels Eco Building Blocks,7,380,Hot Wheels,TOY-HOT-01947,879.3,634.85,20,"Hot Wheels Building Blocks designed for quality, durability and everyday use.",4.9,406,2019-10-14,True
1948,Lego Max Puzzle,7,380,Lego,TOY-LEG-01948,1176.58,916.31,5,"Lego Puzzle designed for quality, durability and everyday use.",4.7,167,2025-02-07,True
1949,Hot Wheels Plus Building Blocks,7,380,Hot Wheels,TOY-HOT-01949,4474.74,2828.04,10,"Hot Wheels Building Blocks designed for quality, durability and everyday use.",4.6,89,2023-07-15,True
1950,Hot Wheels Ultra Puzzle,7,380,Hot Wheels,TOY-HOT-01950,3590.43,2555.39,0,"Hot Wheels Puzzle designed for quality, durability and everyday use.",4.6,171,2024-03-31,True
1951,Puma Ultra Football,6,381,Puma,SPO-PUM-01951,28848.69,19251.44,0,"Puma Football designed for quality, durability and everyday use.",4.7,87,2025-10-14,True
1952,Adidas Smart Dumbbells,6,381,Adidas,SPO-ADI-01952,23795.22,15646.63,40,"Adidas Dumbbells designed for quality, durability and everyday use.",4.7,452,2021-03-31,False
1953,Nike Pro Football,6,381,Nike,SPO-NIK-01953,3072.1,2260.84,50,"Nike Football designed for quality, durability and everyday use.",4.5,209,2021-11-10,True
1954,SG Classic Dumbbells,6,381,SG,SPO-SG-01954,19036.08,14960.28,40,"SG Dumbbells designed for quality, durability and everyday use.",4.7,547,2019-11-13,True
1955,Nike Advanced Football,6,381,Nike,SPO-NIK-01955,18247.64,11235.42,5,"Nike Football designed for quality, durability and everyday use.",4.7,735,2018-05-11,True
1956,Adidas Classic Dumbbells,6,381,Adidas,SPO-ADI-01956,1373.93,1053.83,20,"Adidas Dumbbells designed for quality, durability and everyday use.",4.9,350,2023-09-18,True
1957,SG Classic Dumbbells,6,381,SG,SPO-SG-01957,10850.0,6374.68,15,"SG Dumbbells designed for quality, durability and everyday use.",4.8,22,2025-02-05,True
1958,Hot Wheels Pro Toy Car,7,382,Hot Wheels,TOY-HOT-01958,1697.87,1303.32,40,"Hot Wheels Toy Car designed for quality, durability and everyday use.",4.8,570,2020-10-22,True
1959,Funskool Elite Building Blocks,7,382,Funskool,TOY-FUN-01959,4161.04,2319.97,15,"Funskool Building Blocks designed for quality, durability and everyday use.",4.7,876,2019-05-27,True
1960,Funskool Advanced Building Blocks,7,382,Funskool,TOY-FUN-01960,4257.65,2673.13,5,"Funskool Building Blocks designed for quality, durability and everyday use.",3.7,687,2019-02-24,True
1961,Hot Wheels Ultra Puzzle,7,382,Hot Wheels,TOY-HOT-01961,4165.04,3125.67,0,"Hot Wheels Puzzle designed for quality, durability and everyday use.",4.6,568,2019-02-06,True
1962,Barbie Elite Building Blocks,7,382,Barbie,TOY-BAR-01962,4772.98,3850.73,5,"Barbie Building Blocks designed for quality, durability and everyday use.",5.0,124,2025-06-24,True
1963,Milton Pro Induction Cooktop,3,383,Milton,HMK-MIL-01963,12095.97,9664.21,15,"Milton Induction Cooktop designed for quality, durability and everyday use.",4.5,23,2025-01-10,True
1964,Prestige Pro Induction Cooktop,3,383,Prestige,HMK-PRE-01964,12764.66,8871.59,5,"Prestige Induction Cooktop designed for quality, durability and everyday use.",4.9,314,2021-07-10,True
1965,Milton Elite Storage Box,3,383,Milton,HMK-MIL-01965,22028.28,17097.69,10,"Milton Storage Box designed for quality, durability and everyday use.",3.8,543,2021-11-19,True
1966,Borosil Max Storage Box,3,383,Borosil,HMK-BOR-01966,4508.86,2827.21,20,"Borosil Storage Box designed for quality, durability and everyday use.",5.0,245,2024-07-20,True
1967,Prestige Classic Mixer,3,383,Prestige,HMK-PRE-01967,16929.23,12421.61,20,"Prestige Mixer designed for quality, durability and everyday use.",4.5,634,2018-05-31,True
1968,Yonex Pro Cricket Bat,6,384,Yonex,SPO-YON-01968,7147.75,5383.33,20,"Yonex Cricket Bat designed for quality, durability and everyday use.",4.6,225,2024-01-02,True
1969,Cosco Plus Yoga Mat,6,384,Cosco,SPO-COS-01969,24140.44,17165.11,50,"Cosco Yoga Mat designed for quality, durability and everyday use.",4.7,237,2023-02-07,True
1970,Nike Ultra Football,6,384,Nike,SPO-NIK-01970,3187.69,2532.79,5,"Nike Football designed for quality, durability and everyday use.",4.9,155,2023-06-18,True
1971,Nike Elite Football,6,384,Nike,SPO-NIK-01971,2003.25,1469.16,40,"Nike Football designed for quality, durability and everyday use.",4.7,167,2024-05-05,True
1972,SG Elite Badminton Racket,6,384,SG,SPO-SG-01972,2059.71,1168.96,0,"SG Badminton Racket designed for quality, durability and everyday use.",3.5,361,2022-07-03,True
1973,Cosco Premium Badminton Racket,6,384,Cosco,SPO-COS-01973,2865.37,2270.16,0,"Cosco Badminton Racket designed for quality, durability and everyday use.",5.0,496,2022-08-30,True
1974,Nike Classic Dumbbells,6,384,Nike,SPO-NIK-01974,17895.97,12348.05,15,"Nike Dumbbells designed for quality, durability and everyday use.",4.7,382,2023-08-03,True
1975,Adidas Plus Yoga Mat,6,385,Adidas,SPO-ADI-01975,29344.19,24860.02,15,"Adidas Yoga Mat designed for quality, durability and everyday use.",4.8,256,2024-08-06,False
1976,Yonex Max Badminton Racket,6,385,Yonex,SPO-YON-01976,26086.4,21557.26,15,"Yonex Badminton Racket designed for quality, durability and everyday use.",5.0,97,2024-11-28,True
1977,Adidas Premium Football,6,385,Adidas,SPO-ADI-01977,14440.17,8663.24,10,"Adidas Football designed for quality, durability and everyday use.",4.0,301,2023-01-08,True
1978,Yonex Premium Badminton Racket,6,385,Yonex,SPO-YON-01978,21594.24,14908.33,30,"Yonex Badminton Racket designed for quality, durability and everyday use.",5.0,664,2019-12-08,True
1979,Cosco Ultra Dumbbells,6,385,Cosco,SPO-COS-01979,4328.47,2644.01,15,"Cosco Dumbbells designed for quality, durability and everyday use.",4.3,84,2025-02-25,True
1980,Nike Smart Badminton Racket,6,385,Nike,SPO-NIK-01980,14812.36,11868.41,0,"Nike Badminton Racket designed for quality, durability and everyday use.",4.0,63,2023-08-06,True
1981,Puma Premium Badminton Racket,6,385,Puma,SPO-PUM-01981,20375.22,15584.91,5,"Puma Badminton Racket designed for quality, durability and everyday use.",4.7,28,2025-10-22,True
1982,Lenovo Ultra Smart Watch,1,386,Lenovo,ELE-LEN-01982,33566.52,22441.85,0,"Lenovo Smart Watch designed for quality, durability and everyday use.",3.7,513,2020-03-18,True
1983,LG Advanced Monitor,1,386,LG,ELE-LG-01983,40418.08,30310.11,0,"LG Monitor designed for quality, durability and everyday use.",4.2,56,2024-12-31,True
1984,Apple Plus Smart Watch,1,386,Apple,ELE-APP-01984,127756.26,105311.68,5,"Apple Smart Watch designed for quality, durability and everyday use.",4.3,105,2023-10-18,True
1985,Apple Pro Keyboard,1,386,Apple,ELE-APP-01985,123870.81,82562.19,0,"Apple Keyboard designed for quality, durability and everyday use.",3.9,103,2022-01-15,False
1986,Lenovo Pro Tablet,1,386,Lenovo,ELE-LEN-01986,127583.12,97070.96,15,"Lenovo Tablet designed for quality, durability and everyday use.",4.4,8,2026-03-29,True
1987,Lenovo Smart Smartphone,1,386,Lenovo,ELE-LEN-01987,5490.59,3516.33,0,"Lenovo Smartphone designed for quality, durability and everyday use.",4.7,67,2023-06-02,True
1988,Funskool Max Puzzle,7,387,Funskool,TOY-FUN-01988,4575.64,3034.19,15,"Funskool Puzzle designed for quality, durability and everyday use.",4.2,94,2025-03-05,True
1989,Funskool Plus Toy Car,7,387,Funskool,TOY-FUN-01989,4340.01,2689.95,10,"Funskool Toy Car designed for quality, durability and everyday use.",5.0,402,2020-08-30,True
1990,Barbie Ultra Building Blocks,7,387,Barbie,TOY-BAR-01990,2554.8,2033.82,15,"Barbie Building Blocks designed for quality, durability and everyday use.",4.7,160,2024-10-17,True
1991,Hot Wheels Classic Building Blocks,7,387,Hot Wheels,TOY-HOT-01991,856.72,669.21,30,"Hot Wheels Building Blocks designed for quality, durability and everyday use.",3.9,257,2020-07-20,True
1992,Dettol Eco First Aid Kit,9,388,Dettol,HEA-DET-01992,582.47,383.66,0,"Dettol First Aid Kit designed for quality, durability and everyday use.",4.1,29,2026-05-10,True
1993,Ensure Ultra Protein Powder,9,388,Ensure,HEA-ENS-01993,1548.62,987.73,20,"Ensure Protein Powder designed for quality, durability and everyday use.",4.1,148,2024-07-27,True
1994,Ensure Premium Vitamin Tablets,9,388,Ensure,HEA-ENS-01994,1854.7,1265.76,0,"Ensure Vitamin Tablets designed for quality, durability and everyday use.",4.9,51,2025-08-07,True
1995,Horlicks Eco First Aid Kit,9,388,Horlicks,HEA-HOR-01995,4975.05,3859.6,10,"Horlicks First Aid Kit designed for quality, durability and everyday use.",4.3,242,2022-09-23,True
1996,Dabur Ultra Protein Powder,9,388,Dabur,HEA-DAB-01996,4454.47,2846.19,0,"Dabur Protein Powder designed for quality, durability and everyday use.",4.8,66,2025-07-29,True
1997,Funskool Pro Building Blocks,7,389,Funskool,TOY-FUN-01997,3898.77,2605.66,10,"Funskool Building Blocks designed for quality, durability and everyday use.",3.6,182,2024-01-16,True
1998,Hot Wheels Advanced Puzzle,7,389,Hot Wheels,TOY-HOT-01998,2199.77,1375.3,0,"Hot Wheels Puzzle designed for quality, durability and everyday use.",4.4,76,2024-02-28,True
1999,Lego Max Toy Car,7,389,Lego,TOY-LEG-01999,1199.58,857.16,30,"Lego Toy Car designed for quality, durability and everyday use.",4.6,52,2025-01-03,True
2000,Nerf Eco Doll,7,389,Nerf,TOY-NER-02000,4212.3,3084.31,10,"Nerf Doll designed for quality, durability and everyday use.",4.4,689,2018-09-27,True
2001,Michelin Smart Cleaning Kit,10,390,Michelin,AUT-MIC-02001,9230.06,6998.01,20,"Michelin Cleaning Kit designed for quality, durability and everyday use.",4.2,126,2021-12-11,True
2002,GoMechanic Advanced Helmet,10,390,GoMechanic,AUT-GOM-02002,10400.73,7025.03,0,"GoMechanic Helmet designed for quality, durability and everyday use.",3.9,129,2025-07-09,True
2003,Bosch Smart Car Cover,10,390,Bosch,AUT-BOS-02003,34249.67,26418.83,10,"Bosch Car Cover designed for quality, durability and everyday use.",5.0,29,2026-05-04,True
2004,3M Pro Car Cover,10,390,3M,AUT-3M-02004,8359.87,6731.05,15,"3M Car Cover designed for quality, durability and everyday use.",4.0,212,2022-12-15,True
2005,Castrol Smart Tyre Inflator,10,390,Castrol,AUT-CAS-02005,43085.51,33385.83,0,"Castrol Tyre Inflator designed for quality, durability and everyday use.",4.3,299,2020-12-26,True
2006,Nike Classic Football,6,391,Nike,SPO-NIK-02006,25159.54,20103.47,15,"Nike Football designed for quality, durability and everyday use.",4.6,47,2025-10-04,True
2007,Nike Ultra Yoga Mat,6,391,Nike,SPO-NIK-02007,18695.25,13328.94,0,"Nike Yoga Mat designed for quality, durability and everyday use.",4.8,35,2026-03-27,True
2008,Puma Classic Cricket Bat,6,391,Puma,SPO-PUM-02008,25148.6,21039.47,0,"Puma Cricket Bat designed for quality, durability and everyday use.",4.5,47,2024-01-19,True
2009,Nerf Premium Board Game,7,392,Nerf,TOY-NER-02009,659.15,556.18,5,"Nerf Board Game designed for quality, durability and everyday use.",4.4,182,2020-06-07,True
2010,Lego Advanced Puzzle,7,392,Lego,TOY-LEG-02010,2429.85,1983.04,0,"Lego Puzzle designed for quality, durability and everyday use.",4.9,69,2025-03-30,True
2011,Lego Premium Building Blocks,7,392,Lego,TOY-LEG-02011,4718.54,3007.42,0,"Lego Building Blocks designed for quality, durability and everyday use.",4.9,104,2024-01-11,True
2012,Barbie Smart Board Game,7,392,Barbie,TOY-BAR-02012,4293.5,3473.04,10,"Barbie Board Game designed for quality, durability and everyday use.",4.5,81,2025-06-06,True
2013,Lego Smart Board Game,7,392,Lego,TOY-LEG-02013,4797.93,2685.66,5,"Lego Board Game designed for quality, durability and everyday use.",3.9,478,2020-11-16,True
2014,Nerf Max Board Game,7,392,Nerf,TOY-NER-02014,721.88,527.76,20,"Nerf Board Game designed for quality, durability and everyday use.",4.8,312,2023-11-20,True
2015,Castrol Classic Cleaning Kit,10,393,Castrol,AUT-CAS-02015,41201.2,25407.24,15,"Castrol Cleaning Kit designed for quality, durability and everyday use.",4.8,35,2025-05-29,True
2016,Michelin Advanced Tyre Inflator,10,393,Michelin,AUT-MIC-02016,20059.08,13025.13,0,"Michelin Tyre Inflator designed for quality, durability and everyday use.",4.0,131,2024-09-14,False
2017,GoMechanic Pro Tyre Inflator,10,393,GoMechanic,AUT-GOM-02017,31359.72,23142.86,5,"GoMechanic Tyre Inflator designed for quality, durability and everyday use.",4.6,585,2019-07-14,True
2018,Bosch Advanced Tyre Inflator,10,393,Bosch,AUT-BOS-02018,49689.01,38561.71,25,"Bosch Tyre Inflator designed for quality, durability and everyday use.",5.0,841,2018-01-11,True
2019,Bosch Ultra Cleaning Kit,10,393,Bosch,AUT-BOS-02019,29953.58,17965.29,20,"Bosch Cleaning Kit designed for quality, durability and everyday use.",3.9,265,2024-09-04,True
2020,GoMechanic Pro Engine Oil,10,393,GoMechanic,AUT-GOM-02020,13322.88,9615.48,0,"GoMechanic Engine Oil designed for quality, durability and everyday use.",4.8,285,2024-12-14,True
2021,Castrol Premium Helmet,10,393,Castrol,AUT-CAS-02021,47891.52,29855.74,0,"Castrol Helmet designed for quality, durability and everyday use.",4.9,128,2024-11-09,True
2022,HP Pro Monitor,1,394,HP,ELE-HP-02022,50627.0,38748.59,25,"HP Monitor designed for quality, durability and everyday use.",4.8,161,2025-10-29,True
2023,Lenovo Plus Smart Watch,1,394,Lenovo,ELE-LEN-02023,30658.87,23997.6,0,"Lenovo Smart Watch designed for quality, durability and everyday use.",4.9,61,2025-03-18,True
2024,Dell Eco Laptop,1,394,Dell,ELE-DEL-02024,5944.54,4275.9,20,"Dell Laptop designed for quality, durability and everyday use.",3.5,395,2020-09-15,True
2025,Nestle Advanced Rice,8,395,Nestle,GRO-NES-02025,1571.15,1218.28,5,"Nestle Rice designed for quality, durability and everyday use.",3.9,8,2026-06-13,True
2026,Tata Smart Atta,8,395,Tata,GRO-TAT-02026,1935.61,1297.72,0,"Tata Atta designed for quality, durability and everyday use.",4.6,80,2024-07-23,True
2027,Tata Ultra Tea,8,395,Tata,GRO-TAT-02027,1210.83,980.88,15,"Tata Tea designed for quality, durability and everyday use.",4.5,199,2024-12-01,False
2028,Philips Elite Cookware Set,3,396,Philips,HMK-PHI-02028,11435.29,8701.08,0,"Philips Cookware Set designed for quality, durability and everyday use.",4.7,276,2023-09-20,True
2029,Milton Max Pressure Cooker,3,396,Milton,HMK-MIL-02029,4203.05,3387.3,15,"Milton Pressure Cooker designed for quality, durability and everyday use.",4.7,73,2023-10-18,True
2030,Pigeon Advanced Mixer,3,396,Pigeon,HMK-PIG-02030,20311.96,12564.38,0,"Pigeon Mixer designed for quality, durability and everyday use.",4.5,88,2025-12-27,True
2031,Prestige Ultra Cookware Set,3,397,Prestige,HMK-PRE-02031,17776.19,10111.78,15,"Prestige Cookware Set designed for quality, durability and everyday use.",4.0,64,2024-10-12,True
2032,Cello Classic Cookware Set,3,397,Cello,HMK-CEL-02032,14756.22,8581.04,5,"Cello Cookware Set designed for quality, durability and everyday use.",4.1,144,2025-06-23,True
2033,Pigeon Ultra Storage Box,3,397,Pigeon,HMK-PIG-02033,6892.74,5043.0,0,"Pigeon Storage Box designed for quality, durability and everyday use.",4.3,277,2020-09-25,False
2034,Dabur Max Hand Sanitizer,9,398,Dabur,HEA-DAB-02034,3532.02,2514.48,0,"Dabur Hand Sanitizer designed for quality, durability and everyday use.",4.9,214,2023-01-16,True
2035,Ensure Premium First Aid Kit,9,398,Ensure,HEA-ENS-02035,2213.97,1638.81,20,"Ensure First Aid Kit designed for quality, durability and everyday use.",4.9,274,2021-04-25,True
2036,Dettol Max First Aid Kit,9,398,Dettol,HEA-DET-02036,566.85,460.16,30,"Dettol First Aid Kit designed for quality, durability and everyday use.",4.9,42,2026-01-16,True
2037,Ensure Premium Hand Sanitizer,9,398,Ensure,HEA-ENS-02037,4428.76,2878.97,10,"Ensure Hand Sanitizer designed for quality, durability and everyday use.",4.2,69,2025-12-22,True
2038,Dettol Max Vitamin Tablets,9,398,Dettol,HEA-DET-02038,3527.41,2692.05,10,"Dettol Vitamin Tablets designed for quality, durability and everyday use.",4.7,216,2022-11-06,True
2039,Dell Pro Monitor,1,399,Dell,ELE-DEL-02039,138748.71,112203.18,15,"Dell Monitor designed for quality, durability and everyday use.",4.8,25,2026-04-14,True
2040,Dell Ultra Tablet,1,399,Dell,ELE-DEL-02040,130697.3,72221.61,0,"Dell Tablet designed for quality, durability and everyday use.",4.9,63,2025-04-10,True
2041,Lenovo Ultra Mouse,1,399,Lenovo,ELE-LEN-02041,83765.65,50813.15,20,"Lenovo Mouse designed for quality, durability and everyday use.",4.0,146,2023-07-05,True
2042,Milton Pro Mixer,3,400,Milton,HMK-MIL-02042,14458.42,8711.21,0,"Milton Mixer designed for quality, durability and everyday use.",5.0,120,2025-05-05,True
2043,Cello Premium Pressure Cooker,3,400,Cello,HMK-CEL-02043,3792.28,2539.12,5,"Cello Pressure Cooker designed for quality, durability and everyday use.",4.1,714,2020-04-17,True
2044,Philips Classic Cookware Set,3,400,Philips,HMK-PHI-02044,12191.74,7748.0,0,"Philips Cookware Set designed for quality, durability and everyday use.",4.3,103,2023-04-13,True
2045,Philips Smart Bottle,3,400,Philips,HMK-PHI-02045,13699.21,8264.61,0,"Philips Bottle designed for quality, durability and everyday use.",4.1,367,2019-08-30,True
2046,Himalaya Premium First Aid Kit,9,401,Himalaya,HEA-HIM-02046,4665.64,2767.05,10,"Himalaya First Aid Kit designed for quality, durability and everyday use.",5.0,48,2025-03-30,True
2047,Ensure Advanced Protein Powder,9,401,Ensure,HEA-ENS-02047,4880.52,3958.55,5,"Ensure Protein Powder designed for quality, durability and everyday use.",4.9,42,2024-12-25,True
2048,Pigeon Smart Cookware Set,3,402,Pigeon,HMK-PIG-02048,7148.73,4125.1,20,"Pigeon Cookware Set designed for quality, durability and everyday use.",4.4,165,2023-08-16,False
2049,Philips Classic Pressure Cooker,3,402,Philips,HMK-PHI-02049,804.55,668.63,15,"Philips Pressure Cooker designed for quality, durability and everyday use.",4.8,446,2019-03-22,True
2050,Philips Classic Storage Box,3,402,Philips,HMK-PHI-02050,10032.69,6348.75,20,"Philips Storage Box designed for quality, durability and everyday use.",4.9,65,2025-07-30,True
2051,Cello Eco Pressure Cooker,3,402,Cello,HMK-CEL-02051,9369.3,7826.24,25,"Cello Pressure Cooker designed for quality, durability and everyday use.",4.3,242,2024-03-02,True
2052,Pearson Pro Novel,4,403,Pearson,BOO-PEA-02052,1778.0,1409.34,10,"Pearson Novel designed for quality, durability and everyday use.",4.0,90,2022-06-22,False
2053,McGraw Hill Plus Biography,4,403,McGraw Hill,BOO-MCG-02053,1194.57,718.81,15,"McGraw Hill Biography designed for quality, durability and everyday use.",5.0,555,2021-03-24,True
2054,Oxford Advanced Novel,4,403,Oxford,BOO-OXF-02054,461.2,290.83,10,"Oxford Novel designed for quality, durability and everyday use.",4.7,373,2022-03-07,True
2055,Pearson Ultra Novel,4,403,Pearson,BOO-PEA-02055,814.03,519.37,10,"Pearson Novel designed for quality, durability and everyday use.",4.3,274,2023-10-08,True
2056,Barbie Smart Toy Car,7,404,Barbie,TOY-BAR-02056,2675.44,2060.58,5,"Barbie Toy Car designed for quality, durability and everyday use.",4.4,364,2023-01-07,True
2057,Nerf Max Building Blocks,7,404,Nerf,TOY-NER-02057,2512.2,2092.87,0,"Nerf Building Blocks designed for quality, durability and everyday use.",4.7,116,2021-10-19,True
2058,Castrol Eco Tyre Inflator,10,405,Castrol,AUT-CAS-02058,4343.8,3264.75,0,"Castrol Tyre Inflator designed for quality, durability and everyday use.",4.6,44,2025-04-20,True
2059,Michelin Eco Cleaning Kit,10,405,Michelin,AUT-MIC-02059,13465.24,8263.4,0,"Michelin Cleaning Kit designed for quality, durability and everyday use.",4.3,807,2019-04-08,True
2060,McGraw Hill Elite Textbook,4,406,McGraw Hill,BOO-MCG-02060,1720.8,1014.26,25,"McGraw Hill Textbook designed for quality, durability and everyday use.",4.3,248,2023-05-18,True
2061,Penguin Max Biography,4,406,Penguin,BOO-PEN-02061,1660.48,1285.15,10,"Penguin Biography designed for quality, durability and everyday use.",3.8,436,2022-08-31,True
2062,Penguin Eco Novel,4,406,Penguin,BOO-PEN-02062,719.92,404.81,10,"Penguin Novel designed for quality, durability and everyday use.",4.1,208,2023-02-11,False
2063,Oxford Elite Story Book,4,406,Oxford,BOO-OXF-02063,211.54,173.43,5,"Oxford Story Book designed for quality, durability and everyday use.",4.8,383,2022-05-20,True
2064,HarperCollins Elite Novel,4,406,HarperCollins,BOO-HAR-02064,1043.64,711.77,5,"HarperCollins Novel designed for quality, durability and everyday use.",4.1,340,2023-09-04,True
2065,Adidas Elite Dumbbells,6,407,Adidas,SPO-ADI-02065,26691.65,18486.97,10,"Adidas Dumbbells designed for quality, durability and everyday use.",4.8,949,2018-01-17,True
2066,Cosco Elite Badminton Racket,6,407,Cosco,SPO-COS-02066,10208.36,7153.14,5,"Cosco Badminton Racket designed for quality, durability and everyday use.",4.5,140,2025-03-04,True
2067,Cosco Smart Dumbbells,6,407,Cosco,SPO-COS-02067,9488.06,7533.16,15,"Cosco Dumbbells designed for quality, durability and everyday use.",4.3,143,2025-10-28,False
2068,Nike Max Yoga Mat,6,407,Nike,SPO-NIK-02068,25520.74,20497.05,15,"Nike Yoga Mat designed for quality, durability and everyday use.",4.5,586,2020-08-29,True
2069,Nerf Classic Doll,7,408,Nerf,TOY-NER-02069,2816.31,1888.17,15,"Nerf Doll designed for quality, durability and everyday use.",5.0,254,2024-01-18,True
2070,Lego Ultra Doll,7,408,Lego,TOY-LEG-02070,2973.83,2493.99,25,"Lego Doll designed for quality, durability and everyday use.",5.0,641,2020-12-29,True
2071,Lego Eco Board Game,7,408,Lego,TOY-LEG-02071,4666.35,3253.2,10,"Lego Board Game designed for quality, durability and everyday use.",4.7,338,2021-02-21,True
2072,Barbie Eco Puzzle,7,408,Barbie,TOY-BAR-02072,2229.87,1781.97,15,"Barbie Puzzle designed for quality, durability and everyday use.",4.9,75,2023-11-20,True
2073,Nerf Smart Board Game,7,408,Nerf,TOY-NER-02073,4867.89,2804.53,20,"Nerf Board Game designed for quality, durability and everyday use.",3.7,235,2020-02-09,True
2074,Mamaearth Advanced Lipstick,5,409,Mamaearth,BEA-MAM-02074,279.9,185.89,0,"Mamaearth Lipstick designed for quality, durability and everyday use.",4.4,68,2025-06-18,True
2075,Nivea Eco Moisturizer,5,409,Nivea,BEA-NIV-02075,937.67,796.83,5,"Nivea Moisturizer designed for quality, durability and everyday use.",3.9,208,2024-07-23,True
2076,Lakme Ultra Sunscreen,5,409,Lakme,BEA-LAK-02076,3946.63,2992.02,20,"Lakme Sunscreen designed for quality, durability and everyday use.",5.0,272,2023-08-17,True
2077,Lakme Elite Lipstick,5,409,Lakme,BEA-LAK-02077,4776.16,3015.3,5,"Lakme Lipstick designed for quality, durability and everyday use.",4.9,168,2025-12-16,True
2078,Lakme Elite Face Wash,5,409,Lakme,BEA-LAK-02078,3304.88,2068.13,20,"Lakme Face Wash designed for quality, durability and everyday use.",3.9,43,2025-11-12,True
2079,Maybelline Premium Lipstick,5,409,Maybelline,BEA-MAY-02079,705.02,399.27,15,"Maybelline Lipstick designed for quality, durability and everyday use.",4.9,288,2023-03-29,True
2080,Mamaearth Eco Sunscreen,5,410,Mamaearth,BEA-MAM-02080,302.51,224.52,25,"Mamaearth Sunscreen designed for quality, durability and everyday use.",4.0,58,2025-04-03,True
2081,Mamaearth Eco Lipstick,5,410,Mamaearth,BEA-MAM-02081,993.19,805.51,5,"Mamaearth Lipstick designed for quality, durability and everyday use.",4.8,398,2023-03-03,True
2082,Loreal Eco Shampoo,5,410,Loreal,BEA-LOR-02082,2612.07,1890.71,5,"Loreal Shampoo designed for quality, durability and everyday use.",4.5,90,2025-08-14,True
2083,Loreal Premium Moisturizer,5,410,Loreal,BEA-LOR-02083,2201.46,1602.0,0,"Loreal Moisturizer designed for quality, durability and everyday use.",4.5,147,2023-08-14,True
2084,Adidas Eco Football,6,411,Adidas,SPO-ADI-02084,1476.26,871.05,0,"Adidas Football designed for quality, durability and everyday use.",4.4,275,2023-12-25,True
2085,Puma Pro Yoga Mat,6,411,Puma,SPO-PUM-02085,6941.09,5489.85,5,"Puma Yoga Mat designed for quality, durability and everyday use.",4.4,173,2024-11-15,True
2086,Yonex Classic Football,6,411,Yonex,SPO-YON-02086,5769.96,4447.11,5,"Yonex Football designed for quality, durability and everyday use.",4.4,81,2024-09-02,True
2087,Puma Elite Cricket Bat,6,411,Puma,SPO-PUM-02087,18101.79,13135.93,30,"Puma Cricket Bat designed for quality, durability and everyday use.",4.9,207,2022-01-15,True
2088,Cosco Plus Yoga Mat,6,411,Cosco,SPO-COS-02088,13814.8,11008.67,30,"Cosco Yoga Mat designed for quality, durability and everyday use.",5.0,20,2025-07-08,True
2089,HarperCollins Max Story Book,4,412,HarperCollins,BOO-HAR-02089,395.97,308.64,15,"HarperCollins Story Book designed for quality, durability and everyday use.",5.0,85,2025-05-20,True
2090,Penguin Advanced Biography,4,412,Penguin,BOO-PEN-02090,1611.08,1262.55,5,"Penguin Biography designed for quality, durability and everyday use.",5.0,503,2022-03-30,True
2091,Pearson Ultra Biography,4,412,Pearson,BOO-PEA-02091,369.88,300.45,10,"Pearson Biography designed for quality, durability and everyday use.",3.5,221,2022-01-26,True
2092,McGraw Hill Ultra Story Book,4,412,McGraw Hill,BOO-MCG-02092,1998.27,1674.99,5,"McGraw Hill Story Book designed for quality, durability and everyday use.",5.0,155,2025-08-07,True
2093,Pearson Ultra Novel,4,412,Pearson,BOO-PEA-02093,839.74,540.06,20,"Pearson Novel designed for quality, durability and everyday use.",3.7,129,2023-12-23,True
2094,Oxford Plus Dictionary,4,412,Oxford,BOO-OXF-02094,1120.2,678.12,40,"Oxford Dictionary designed for quality, durability and everyday use.",4.5,293,2022-02-25,True
2095,Nestle Elite Coffee,8,413,Nestle,GRO-NES-02095,395.0,323.02,5,"Nestle Coffee designed for quality, durability and everyday use.",3.6,42,2026-05-15,True
2096,Nestle Plus Milk Powder,8,413,Nestle,GRO-NES-02096,1592.69,1226.7,5,"Nestle Milk Powder designed for quality, durability and everyday use.",4.8,122,2025-09-04,True
2097,Amul Advanced Milk Powder,8,413,Amul,GRO-AMU-02097,929.33,563.35,30,"Amul Milk Powder designed for quality, durability and everyday use.",4.6,360,2021-05-20,True
2098,Tata Pro Coffee,8,413,Tata,GRO-TAT-02098,1795.66,1425.63,0,"Tata Coffee designed for quality, durability and everyday use.",4.9,289,2024-01-24,True
2099,Tata Ultra Atta,8,413,Tata,GRO-TAT-02099,834.78,466.47,25,"Tata Atta designed for quality, durability and everyday use.",4.8,855,2019-11-06,True
2100,Amul Plus Atta,8,413,Amul,GRO-AMU-02100,1462.53,1218.53,40,"Amul Atta designed for quality, durability and everyday use.",4.8,258,2024-04-09,True
2101,Aashirvaad Plus Milk Powder,8,413,Aashirvaad,GRO-AAS-02101,187.9,120.29,0,"Aashirvaad Milk Powder designed for quality, durability and everyday use.",4.6,78,2024-10-20,True
2102,Nestle Ultra Tea,8,413,Nestle,GRO-NES-02102,114.69,84.17,10,"Nestle Tea designed for quality, durability and everyday use.",4.8,80,2024-08-31,True
2103,HarperCollins Premium Textbook,4,414,HarperCollins,BOO-HAR-02103,759.59,638.73,15,"HarperCollins Textbook designed for quality, durability and everyday use.",5.0,337,2021-11-20,True
2104,McGraw Hill Elite Story Book,4,414,McGraw Hill,BOO-MCG-02104,1275.97,1008.17,15,"McGraw Hill Story Book designed for quality, durability and everyday use.",4.8,52,2025-03-31,True
2105,Pearson Premium Biography,4,414,Pearson,BOO-PEA-02105,1350.71,1090.28,10,"Pearson Biography designed for quality, durability and everyday use.",4.9,814,2019-05-01,True
2106,Penguin Plus Story Book,4,414,Penguin,BOO-PEN-02106,905.71,525.45,10,"Penguin Story Book designed for quality, durability and everyday use.",4.5,393,2023-11-10,True
2107,Oxford Pro Novel,4,414,Oxford,BOO-OXF-02107,608.63,506.27,10,"Oxford Novel designed for quality, durability and everyday use.",4.9,174,2021-04-06,True
2108,McGraw Hill Max Biography,4,414,McGraw Hill,BOO-MCG-02108,1723.28,997.92,0,"McGraw Hill Biography designed for quality, durability and everyday use.",4.6,195,2020-12-13,True
2109,Prestige Elite Cookware Set,3,415,Prestige,HMK-PRE-02109,2610.94,1886.87,15,"Prestige Cookware Set designed for quality, durability and everyday use.",3.7,172,2021-11-14,True
2110,Borosil Smart Pressure Cooker,3,415,Borosil,HMK-BOR-02110,5644.2,3172.57,5,"Borosil Pressure Cooker designed for quality, durability and everyday use.",4.9,381,2021-09-27,True
2111,Milton Plus Induction Cooktop,3,415,Milton,HMK-MIL-02111,502.09,316.96,10,"Milton Induction Cooktop designed for quality, durability and everyday use.",4.6,52,2025-05-01,True
2112,Milton Premium Mixer,3,415,Milton,HMK-MIL-02112,17449.79,12060.09,5,"Milton Mixer designed for quality, durability and everyday use.",4.2,28,2025-08-23,False
2113,Cello Max Induction Cooktop,3,415,Cello,HMK-CEL-02113,2700.8,2048.62,40,"Cello Induction Cooktop designed for quality, durability and everyday use.",4.9,60,2024-12-11,True
2114,Pigeon Pro Cookware Set,3,415,Pigeon,HMK-PIG-02114,1407.47,1117.79,10,"Pigeon Cookware Set designed for quality, durability and everyday use.",4.7,717,2018-12-21,True
2115,Cello Classic Storage Box,3,415,Cello,HMK-CEL-02115,8363.54,6695.43,5,"Cello Storage Box designed for quality, durability and everyday use.",4.3,83,2025-01-19,True
2116,Prestige Premium Pressure Cooker,3,415,Prestige,HMK-PRE-02116,16342.01,13014.41,0,"Prestige Pressure Cooker designed for quality, durability and everyday use.",4.8,219,2023-01-26,True
2117,Borosil Premium Bottle,3,416,Borosil,HMK-BOR-02117,24864.3,15530.08,30,"Borosil Bottle designed for quality, durability and everyday use.",4.3,672,2020-06-15,True
2118,Philips Elite Induction Cooktop,3,416,Philips,HMK-PHI-02118,10144.58,6067.43,30,"Philips Induction Cooktop designed for quality, durability and everyday use.",4.3,500,2022-01-31,True
2119,Pigeon Pro Storage Box,3,416,Pigeon,HMK-PIG-02119,15894.38,12048.13,0,"Pigeon Storage Box designed for quality, durability and everyday use.",4.6,260,2023-11-07,True
2120,Borosil Max Storage Box,3,416,Borosil,HMK-BOR-02120,2718.3,2230.06,5,"Borosil Storage Box designed for quality, durability and everyday use.",4.6,224,2024-02-22,True
2121,HarperCollins Premium Dictionary,4,417,HarperCollins,BOO-HAR-02121,1875.2,1371.65,10,"HarperCollins Dictionary designed for quality, durability and everyday use.",4.8,194,2019-06-04,True
2122,McGraw Hill Premium Story Book,4,417,McGraw Hill,BOO-MCG-02122,1085.34,911.13,10,"McGraw Hill Story Book designed for quality, durability and everyday use.",3.5,202,2018-06-22,False
2123,Penguin Plus Biography,4,417,Penguin,BOO-PEN-02123,321.41,257.68,20,"Penguin Biography designed for quality, durability and everyday use.",4.4,60,2024-03-31,True
2124,HarperCollins Elite Story Book,4,417,HarperCollins,BOO-HAR-02124,335.48,218.26,5,"HarperCollins Story Book designed for quality, durability and everyday use.",4.7,979,2018-06-16,True
2125,HarperCollins Classic Novel,4,417,HarperCollins,BOO-HAR-02125,1248.9,837.99,5,"HarperCollins Novel designed for quality, durability and everyday use.",4.6,135,2023-11-22,True
2126,HarperCollins Advanced Biography,4,417,HarperCollins,BOO-HAR-02126,1404.52,973.07,40,"HarperCollins Biography designed for quality, durability and everyday use.",4.7,451,2022-09-10,True
2127,Pearson Smart Dictionary,4,418,Pearson,BOO-PEA-02127,297.87,230.91,5,"Pearson Dictionary designed for quality, durability and everyday use.",4.3,21,2026-03-18,True
2128,Pearson Elite Textbook,4,418,Pearson,BOO-PEA-02128,1771.34,1232.45,5,"Pearson Textbook designed for quality, durability and everyday use.",4.7,103,2024-01-04,True
2129,Pearson Premium Story Book,4,418,Pearson,BOO-PEA-02129,822.11,692.93,0,"Pearson Story Book designed for quality, durability and everyday use.",4.7,44,2024-09-08,True
2130,McGraw Hill Advanced Biography,4,418,McGraw Hill,BOO-MCG-02130,160.98,132.33,10,"McGraw Hill Biography designed for quality, durability and everyday use.",5.0,261,2023-04-17,True
2131,McGraw Hill Smart Story Book,4,418,McGraw Hill,BOO-MCG-02131,952.85,526.46,0,"McGraw Hill Story Book designed for quality, durability and everyday use.",4.3,391,2023-06-29,True
2132,Oxford Plus Novel,4,418,Oxford,BOO-OXF-02132,1158.28,678.99,25,"Oxford Novel designed for quality, durability and everyday use.",4.5,90,2023-12-04,True
2133,Bosch Max Helmet,10,419,Bosch,AUT-BOS-02133,7195.15,5270.4,5,"Bosch Helmet designed for quality, durability and everyday use.",4.4,114,2025-07-31,True
2134,GoMechanic Smart Car Cover,10,419,GoMechanic,AUT-GOM-02134,42944.67,31020.8,20,"GoMechanic Car Cover designed for quality, durability and everyday use.",3.7,873,2019-10-01,True
2135,Bosch Advanced Helmet,10,419,Bosch,AUT-BOS-02135,17766.44,14113.98,10,"Bosch Helmet designed for quality, durability and everyday use.",4.8,240,2021-07-13,True
2136,3M Plus Cleaning Kit,10,419,3M,AUT-3M-02136,14435.04,9174.82,5,"3M Cleaning Kit designed for quality, durability and everyday use.",4.6,765,2020-02-03,True
2137,Cosco Max Dumbbells,6,420,Cosco,SPO-COS-02137,19062.89,13512.11,5,"Cosco Dumbbells designed for quality, durability and everyday use.",4.1,507,2021-11-07,False
2138,Adidas Plus Cricket Bat,6,420,Adidas,SPO-ADI-02138,23928.96,15824.18,0,"Adidas Cricket Bat designed for quality, durability and everyday use.",4.4,557,2019-12-18,True
2139,Adidas Classic Dumbbells,6,420,Adidas,SPO-ADI-02139,24420.37,19587.75,5,"Adidas Dumbbells designed for quality, durability and everyday use.",4.7,154,2024-08-29,True
2140,Adidas Elite Dumbbells,6,420,Adidas,SPO-ADI-02140,973.05,592.61,20,"Adidas Dumbbells designed for quality, durability and everyday use.",5.0,96,2023-02-25,True
2141,Adidas Classic Football,6,420,Adidas,SPO-ADI-02141,13515.96,10188.56,15,"Adidas Football designed for quality, durability and everyday use.",5.0,221,2023-07-12,True
2142,Puma Advanced Badminton Racket,6,420,Puma,SPO-PUM-02142,17376.41,11503.63,0,"Puma Badminton Racket designed for quality, durability and everyday use.",4.8,414,2021-10-30,True
2143,Barbie Max Building Blocks,7,421,Barbie,TOY-BAR-02143,1226.21,924.57,5,"Barbie Building Blocks designed for quality, durability and everyday use.",3.8,3,2026-04-10,True
2144,Barbie Plus Puzzle,7,421,Barbie,TOY-BAR-02144,4681.16,2686.92,15,"Barbie Puzzle designed for quality, durability and everyday use.",4.6,131,2025-03-25,True
2145,Hot Wheels Plus Doll,7,421,Hot Wheels,TOY-HOT-02145,1231.08,799.01,25,"Hot Wheels Doll designed for quality, durability and everyday use.",4.5,606,2021-10-22,True
2146,Nerf Elite Doll,7,421,Nerf,TOY-NER-02146,2825.31,1559.78,15,"Nerf Doll designed for quality, durability and everyday use.",5.0,589,2021-05-12,True
2147,Himalaya Smart Hand Sanitizer,9,422,Himalaya,HEA-HIM-02147,4292.14,3398.14,0,"Himalaya Hand Sanitizer designed for quality, durability and everyday use.",4.9,582,2019-01-04,True
2148,Dabur Ultra Vitamin Tablets,9,422,Dabur,HEA-DAB-02148,3482.0,2545.73,10,"Dabur Vitamin Tablets designed for quality, durability and everyday use.",4.2,228,2022-04-09,True
2149,Dabur Max Vitamin Tablets,9,422,Dabur,HEA-DAB-02149,1276.36,764.74,5,"Dabur Vitamin Tablets designed for quality, durability and everyday use.",4.2,67,2025-02-09,True
2150,Ensure Smart First Aid Kit,9,422,Ensure,HEA-ENS-02150,3147.55,2400.74,5,"Ensure First Aid Kit designed for quality, durability and everyday use.",4.5,167,2020-10-15,True
2151,Dabur Plus Protein Powder,9,422,Dabur,HEA-DAB-02151,560.21,423.87,0,"Dabur Protein Powder designed for quality, durability and everyday use.",4.7,648,2020-12-24,True
2152,Dabur Pro Vitamin Tablets,9,422,Dabur,HEA-DAB-02152,2523.76,1441.52,15,"Dabur Vitamin Tablets designed for quality, durability and everyday use.",4.9,104,2025-09-16,True
2153,Puma Pro Hoodie,2,423,Puma,FAS-PUM-02153,5613.34,3300.93,5,"Puma Hoodie designed for quality, durability and everyday use.",3.9,165,2025-06-12,True
2154,Allen Solly Smart T-Shirt,2,423,Allen Solly,FAS-ALL-02154,4543.58,2800.4,0,"Allen Solly T-Shirt designed for quality, durability and everyday use.",4.3,102,2024-08-05,True
2155,Adidas Elite Jeans,2,423,Adidas,FAS-ADI-02155,7945.29,6097.31,0,"Adidas Jeans designed for quality, durability and everyday use.",4.9,75,2025-08-14,True
2156,Nike Eco Jacket,2,423,Nike,FAS-NIK-02156,5688.79,3186.47,5,"Nike Jacket designed for quality, durability and everyday use.",3.9,286,2023-02-27,True
2157,Allen Solly Premium Sneakers,2,423,Allen Solly,FAS-ALL-02157,2132.91,1683.44,5,"Allen Solly Sneakers designed for quality, durability and everyday use.",4.8,74,2024-09-15,True
2158,Nike Premium Shirt,2,423,Nike,FAS-NIK-02158,5230.41,4118.04,5,"Nike Shirt designed for quality, durability and everyday use.",5.0,44,2024-07-07,True
2159,H&M Advanced Jacket,2,423,H&M,FAS-H&M-02159,6317.56,4169.89,0,"H&M Jacket designed for quality, durability and everyday use.",4.6,560,2020-01-05,True
2160,Prestige Elite Cookware Set,3,424,Prestige,HMK-PRE-02160,5177.3,3637.09,50,"Prestige Cookware Set designed for quality, durability and everyday use.",4.4,87,2025-04-06,True
2161,Cello Pro Mixer,3,424,Cello,HMK-CEL-02161,14555.08,9172.32,15,"Cello Mixer designed for quality, durability and everyday use.",4.4,191,2022-12-06,False
2162,Borosil Advanced Storage Box,3,425,Borosil,HMK-BOR-02162,18839.76,15101.82,15,"Borosil Storage Box designed for quality, durability and everyday use.",4.1,191,2023-06-08,True
2163,Cello Elite Induction Cooktop,3,425,Cello,HMK-CEL-02163,1342.35,1036.33,25,"Cello Induction Cooktop designed for quality, durability and everyday use.",4.1,771,2018-10-16,True
2164,Cello Ultra Cookware Set,3,425,Cello,HMK-CEL-02164,20676.88,16180.14,10,"Cello Cookware Set designed for quality, durability and everyday use.",4.9,363,2021-03-31,True
2165,Prestige Classic Cookware Set,3,425,Prestige,HMK-PRE-02165,4345.24,3104.31,15,"Prestige Cookware Set designed for quality, durability and everyday use.",4.0,398,2023-06-02,True
2166,Prestige Plus Bottle,3,425,Prestige,HMK-PRE-02166,7563.76,6276.68,5,"Prestige Bottle designed for quality, durability and everyday use.",5.0,215,2024-01-09,True
2167,Cello Ultra Storage Box,3,425,Cello,HMK-CEL-02167,3868.03,2351.5,15,"Cello Storage Box designed for quality, durability and everyday use.",4.5,96,2025-10-16,True
2168,Dell Elite Monitor,1,426,Dell,ELE-DEL-02168,107839.6,83463.21,15,"Dell Monitor designed for quality, durability and everyday use.",5.0,154,2025-10-23,True
2169,Dell Advanced Smart Watch,1,426,Dell,ELE-DEL-02169,79827.22,56981.54,10,"Dell Smart Watch designed for quality, durability and everyday use.",4.7,57,2024-08-17,True
2170,Samsung Classic Keyboard,1,426,Samsung,ELE-SAM-02170,148142.55,90363.78,15,"Samsung Keyboard designed for quality, durability and everyday use.",4.5,159,2024-09-18,True
2171,Lenovo Premium Keyboard,1,426,Lenovo,ELE-LEN-02171,113449.67,73443.93,10,"Lenovo Keyboard designed for quality, durability and everyday use.",4.6,178,2022-03-03,True
2172,HP Plus Laptop,1,426,HP,ELE-HP-02172,128995.85,88159.92,5,"HP Laptop designed for quality, durability and everyday use.",4.2,200,2019-07-11,True
2173,Dell Classic Keyboard,1,426,Dell,ELE-DEL-02173,58860.28,34711.23,0,"Dell Keyboard designed for quality, durability and everyday use.",4.8,149,2025-07-09,True
2174,Lenovo Advanced Monitor,1,426,Lenovo,ELE-LEN-02174,100495.43,71032.34,5,"Lenovo Monitor designed for quality, durability and everyday use.",4.8,110,2025-10-07,True
2175,Nivea Elite Lipstick,5,427,Nivea,BEA-NIV-02175,1481.8,818.03,5,"Nivea Lipstick designed for quality, durability and everyday use.",4.6,155,2025-04-29,True
2176,Nivea Premium Sunscreen,5,427,Nivea,BEA-NIV-02176,1883.45,1270.23,5,"Nivea Sunscreen designed for quality, durability and everyday use.",4.8,409,2021-06-09,True
2177,Mamaearth Plus Moisturizer,5,427,Mamaearth,BEA-MAM-02177,2440.7,1559.2,0,"Mamaearth Moisturizer designed for quality, durability and everyday use.",4.1,288,2022-12-19,True
2178,Loreal Eco Face Wash,5,427,Loreal,BEA-LOR-02178,3911.33,3132.78,20,"Loreal Face Wash designed for quality, durability and everyday use.",4.0,25,2025-07-15,True
2179,Loreal Premium Shampoo,5,427,Loreal,BEA-LOR-02179,4427.2,2831.15,30,"Loreal Shampoo designed for quality, durability and everyday use.",4.9,111,2022-04-22,True
2180,Minimalist Premium Serum,5,427,Minimalist,BEA-MIN-02180,2771.7,2136.33,5,"Minimalist Serum designed for quality, durability and everyday use.",3.6,231,2024-07-23,True
2181,Nivea Plus Sunscreen,5,427,Nivea,BEA-NIV-02181,208.76,163.05,15,"Nivea Sunscreen designed for quality, durability and everyday use.",4.1,167,2025-09-19,True
2182,Maybelline Max Serum,5,427,Maybelline,BEA-MAY-02182,4951.66,3548.22,0,"Maybelline Serum designed for quality, durability and everyday use.",4.7,23,2025-12-14,True
2183,Yonex Max Cricket Bat,6,428,Yonex,SPO-YON-02183,22728.57,15075.68,15,"Yonex Cricket Bat designed for quality, durability and everyday use.",4.8,353,2023-01-30,True
2184,SG Plus Cricket Bat,6,428,SG,SPO-SG-02184,7910.84,4395.67,5,"SG Cricket Bat designed for quality, durability and everyday use.",4.1,131,2023-04-03,True
2185,Yonex Ultra Football,6,428,Yonex,SPO-YON-02185,21658.2,13542.71,0,"Yonex Football designed for quality, durability and everyday use.",4.0,288,2024-04-22,True
2186,Cosco Ultra Badminton Racket,6,428,Cosco,SPO-COS-02186,10297.64,6529.84,25,"Cosco Badminton Racket designed for quality, durability and everyday use.",5.0,257,2021-10-01,True
2187,Nike Advanced Badminton Racket,6,428,Nike,SPO-NIK-02187,20117.14,13907.97,10,"Nike Badminton Racket designed for quality, durability and everyday use.",4.6,396,2023-08-21,True
2188,Cosco Pro Dumbbells,6,428,Cosco,SPO-COS-02188,29806.18,22534.09,15,"Cosco Dumbbells designed for quality, durability and everyday use.",4.9,370,2023-09-22,True
2189,SG Elite Badminton Racket,6,428,SG,SPO-SG-02189,21041.78,16660.76,5,"SG Badminton Racket designed for quality, durability and everyday use.",4.5,272,2021-03-26,False
2190,3M Elite Cleaning Kit,10,429,3M,AUT-3M-02190,35963.36,27944.37,0,"3M Cleaning Kit designed for quality, durability and everyday use.",4.7,73,2025-11-23,True
2191,Michelin Premium Helmet,10,429,Michelin,AUT-MIC-02191,19505.48,11791.8,15,"Michelin Helmet designed for quality, durability and everyday use.",4.4,250,2023-06-27,True
2192,GoMechanic Advanced Engine Oil,10,429,GoMechanic,AUT-GOM-02192,27273.68,16224.41,20,"GoMechanic Engine Oil designed for quality, durability and everyday use.",4.0,184,2024-11-27,True
2193,GoMechanic Plus Cleaning Kit,10,429,GoMechanic,AUT-GOM-02193,41880.79,34763.96,30,"GoMechanic Cleaning Kit designed for quality, durability and everyday use.",4.8,172,2023-10-23,True
2194,Bosch Plus Tyre Inflator,10,429,Bosch,AUT-BOS-02194,25378.05,18368.16,50,"Bosch Tyre Inflator designed for quality, durability and everyday use.",4.0,156,2020-04-25,True
2195,Levis Pro Sneakers,2,430,Levis,FAS-LEV-02195,7021.49,5366.81,15,"Levis Sneakers designed for quality, durability and everyday use.",4.6,17,2026-02-04,True
2196,Levis Max Dress,2,430,Levis,FAS-LEV-02196,5715.16,3264.39,20,"Levis Dress designed for quality, durability and everyday use.",4.7,637,2021-02-18,True
2197,H&M Eco Hoodie,2,430,H&M,FAS-H&M-02197,4464.06,3373.25,25,"H&M Hoodie designed for quality, durability and everyday use.",4.3,240,2023-05-16,True
2198,Puma Plus Jacket,2,430,Puma,FAS-PUM-02198,747.2,541.2,5,"Puma Jacket designed for quality, durability and everyday use.",3.6,62,2025-03-10,True
2199,Allen Solly Eco Jeans,2,430,Allen Solly,FAS-ALL-02199,2329.52,1638.86,10,"Allen Solly Jeans designed for quality, durability and everyday use.",4.6,410,2023-02-04,True
2200,Nike Smart Jeans,2,430,Nike,FAS-NIK-02200,4871.32,3674.81,0,"Nike Jeans designed for quality, durability and everyday use.",3.8,1,2026-05-19,True
2201,Lego Eco Board Game,7,431,Lego,TOY-LEG-02201,678.89,562.47,15,"Lego Board Game designed for quality, durability and everyday use.",4.5,321,2023-07-21,True
2202,Lego Premium Doll,7,431,Lego,TOY-LEG-02202,4593.96,3061.45,20,"Lego Doll designed for quality, durability and everyday use.",3.7,208,2018-05-02,True
2203,Funskool Advanced Toy Car,7,431,Funskool,TOY-FUN-02203,3940.81,2864.35,0,"Funskool Toy Car designed for quality, durability and everyday use.",4.5,110,2024-04-03,True
2204,Nerf Pro Doll,7,431,Nerf,TOY-NER-02204,3115.87,2138.22,0,"Nerf Doll designed for quality, durability and everyday use.",4.3,475,2019-05-18,True
2205,Borosil Smart Storage Box,3,432,Borosil,HMK-BOR-02205,24915.32,15131.14,5,"Borosil Storage Box designed for quality, durability and everyday use.",4.6,80,2025-06-24,True
2206,Philips Smart Storage Box,3,432,Philips,HMK-PHI-02206,2953.68,1916.29,15,"Philips Storage Box designed for quality, durability and everyday use.",4.4,28,2025-06-20,True
2207,Cello Eco Mixer,3,432,Cello,HMK-CEL-02207,12221.81,8934.77,25,"Cello Mixer designed for quality, durability and everyday use.",4.8,369,2021-07-27,True
2208,Milton Eco Induction Cooktop,3,432,Milton,HMK-MIL-02208,5626.3,4734.86,5,"Milton Induction Cooktop designed for quality, durability and everyday use.",4.8,393,2023-04-16,True
2209,Prestige Smart Cookware Set,3,432,Prestige,HMK-PRE-02209,24455.53,19270.56,25,"Prestige Cookware Set designed for quality, durability and everyday use.",4.9,49,2025-06-28,True
2210,GoMechanic Classic Cleaning Kit,10,433,GoMechanic,AUT-GOM-02210,37310.9,27044.2,10,"GoMechanic Cleaning Kit designed for quality, durability and everyday use.",4.0,3,2026-01-06,True
2211,Castrol Pro Helmet,10,433,Castrol,AUT-CAS-02211,40312.68,29761.6,5,"Castrol Helmet designed for quality, durability and everyday use.",4.6,374,2022-08-26,True
2212,Bosch Elite Helmet,10,433,Bosch,AUT-BOS-02212,36418.65,24698.47,5,"Bosch Helmet designed for quality, durability and everyday use.",5.0,373,2023-10-03,True
2213,Castrol Eco Tyre Inflator,10,433,Castrol,AUT-CAS-02213,33264.31,26963.42,5,"Castrol Tyre Inflator designed for quality, durability and everyday use.",3.8,367,2023-11-25,True
2214,Castrol Smart Tyre Inflator,10,433,Castrol,AUT-CAS-02214,5670.8,3788.38,10,"Castrol Tyre Inflator designed for quality, durability and everyday use.",4.3,349,2023-10-07,True
2215,3M Max Cleaning Kit,10,433,3M,AUT-3M-02215,46127.45,34529.47,15,"3M Cleaning Kit designed for quality, durability and everyday use.",3.5,427,2020-12-24,True
2216,Oxford Eco Novel,4,434,Oxford,BOO-OXF-02216,791.88,611.06,10,"Oxford Novel designed for quality, durability and everyday use.",4.5,298,2023-02-19,True
2217,Oxford Elite Textbook,4,434,Oxford,BOO-OXF-02217,1716.13,1308.9,5,"Oxford Textbook designed for quality, durability and everyday use.",4.3,390,2021-12-31,True
2218,McGraw Hill Plus Textbook,4,434,McGraw Hill,BOO-MCG-02218,362.57,206.34,0,"McGraw Hill Textbook designed for quality, durability and everyday use.",5.0,198,2020-12-05,True
2219,Penguin Plus Story Book,4,434,Penguin,BOO-PEN-02219,1170.85,870.71,30,"Penguin Story Book designed for quality, durability and everyday use.",4.0,440,2018-11-04,True
2220,McGraw Hill Plus Novel,4,434,McGraw Hill,BOO-MCG-02220,622.02,447.07,15,"McGraw Hill Novel designed for quality, durability and everyday use.",4.2,725,2020-09-20,True
2221,HarperCollins Elite Biography,4,434,HarperCollins,BOO-HAR-02221,683.94,506.85,5,"HarperCollins Biography designed for quality, durability and everyday use.",4.9,277,2023-11-07,True
2222,Oxford Plus Novel,4,434,Oxford,BOO-OXF-02222,1493.12,1083.32,15,"Oxford Novel designed for quality, durability and everyday use.",4.9,146,2024-01-22,True
2223,Allen Solly Elite Shirt,2,435,Allen Solly,FAS-ALL-02223,7922.6,5341.09,40,"Allen Solly Shirt designed for quality, durability and everyday use.",5.0,81,2025-03-18,True
2224,H&M Ultra T-Shirt,2,435,H&M,FAS-H&M-02224,6409.44,5137.08,0,"H&M T-Shirt designed for quality, durability and everyday use.",4.3,194,2020-03-22,True
2225,Adidas Advanced Shirt,2,435,Adidas,FAS-ADI-02225,7784.01,5574.27,25,"Adidas Shirt designed for quality, durability and everyday use.",4.6,108,2023-02-03,True
2226,Levis Classic Dress,2,435,Levis,FAS-LEV-02226,2820.96,2089.48,5,"Levis Dress designed for quality, durability and everyday use.",4.7,751,2020-02-25,True
2227,Adidas Max Hoodie,2,435,Adidas,FAS-ADI-02227,782.54,501.78,5,"Adidas Hoodie designed for quality, durability and everyday use.",4.7,252,2023-10-14,True
2228,Michelin Advanced Helmet,10,436,Michelin,AUT-MIC-02228,37704.59,25031.44,0,"Michelin Helmet designed for quality, durability and everyday use.",4.5,105,2025-02-20,True
2229,Castrol Advanced Helmet,10,436,Castrol,AUT-CAS-02229,34422.8,22811.6,25,"Castrol Helmet designed for quality, durability and everyday use.",4.2,146,2020-04-02,True
2230,GoMechanic Premium Car Cover,10,436,GoMechanic,AUT-GOM-02230,48653.74,37603.76,5,"GoMechanic Car Cover designed for quality, durability and everyday use.",5.0,252,2024-03-02,True
2231,Lenovo Eco Headphones,1,437,Lenovo,ELE-LEN-02231,61100.87,36184.21,10,"Lenovo Headphones designed for quality, durability and everyday use.",4.5,160,2024-09-07,True
2232,HP Pro Smartphone,1,437,HP,ELE-HP-02232,138922.41,87909.82,20,"HP Smartphone designed for quality, durability and everyday use.",4.3,94,2025-09-14,True
2233,HP Max Tablet,1,437,HP,ELE-HP-02233,15733.66,9884.11,20,"HP Tablet designed for quality, durability and everyday use.",4.6,20,2026-04-22,True
2234,Dell Pro Laptop,1,437,Dell,ELE-DEL-02234,4066.67,2629.79,5,"Dell Laptop designed for quality, durability and everyday use.",4.6,323,2023-07-14,True
2235,Sony Premium Laptop,1,437,Sony,ELE-SON-02235,16785.98,12740.78,10,"Sony Laptop designed for quality, durability and everyday use.",4.8,452,2020-06-21,True
2236,Apple Smart Headphones,1,437,Apple,ELE-APP-02236,66103.86,46964.03,0,"Apple Headphones designed for quality, durability and everyday use.",5.0,160,2025-09-22,True
2237,Asus Premium Smartphone,1,437,Asus,ELE-ASU-02237,93040.64,62487.65,10,"Asus Smartphone designed for quality, durability and everyday use.",4.7,509,2022-07-19,True
2238,Samsung Elite Tablet,1,437,Samsung,ELE-SAM-02238,123651.29,92363.03,5,"Samsung Tablet designed for quality, durability and everyday use.",4.2,343,2018-09-27,True
2239,Loreal Premium Face Wash,5,438,Loreal,BEA-LOR-02239,1045.73,592.16,40,"Loreal Face Wash designed for quality, durability and everyday use.",4.6,119,2021-11-17,True
2240,Maybelline Pro Shampoo,5,438,Maybelline,BEA-MAY-02240,3743.37,2166.48,20,"Maybelline Shampoo designed for quality, durability and everyday use.",5.0,112,2023-03-17,True
2241,Nivea Plus Serum,5,438,Nivea,BEA-NIV-02241,2896.99,1609.94,50,"Nivea Serum designed for quality, durability and everyday use.",4.7,257,2024-02-26,True
2242,Maybelline Ultra Shampoo,5,438,Maybelline,BEA-MAY-02242,4286.47,2714.89,0,"Maybelline Shampoo designed for quality, durability and everyday use.",4.8,8,2026-04-17,True
2243,Sony Ultra Keyboard,1,439,Sony,ELE-SON-02243,98942.23,57256.06,15,"Sony Keyboard designed for quality, durability and everyday use.",4.5,276,2018-03-19,True
2244,Lenovo Smart Headphones,1,439,Lenovo,ELE-LEN-02244,35096.82,20366.99,5,"Lenovo Headphones designed for quality, durability and everyday use.",4.9,139,2022-02-14,True
2245,Dell Plus Smart Watch,1,439,Dell,ELE-DEL-02245,39616.12,31681.85,10,"Dell Smart Watch designed for quality, durability and everyday use.",4.8,290,2021-09-15,True
2246,Lenovo Plus Headphones,1,439,Lenovo,ELE-LEN-02246,67522.33,53201.88,0,"Lenovo Headphones designed for quality, durability and everyday use.",4.5,108,2024-01-31,True
2247,Nerf Smart Building Blocks,7,440,Nerf,TOY-NER-02247,2298.87,1577.36,15,"Nerf Building Blocks designed for quality, durability and everyday use.",4.4,110,2024-05-11,True
2248,Nerf Ultra Building Blocks,7,440,Nerf,TOY-NER-02248,3184.79,2545.01,5,"Nerf Building Blocks designed for quality, durability and everyday use.",4.1,321,2019-12-06,False
2249,Barbie Max Building Blocks,7,440,Barbie,TOY-BAR-02249,2901.06,1653.32,10,"Barbie Building Blocks designed for quality, durability and everyday use.",4.0,83,2025-01-27,True
2250,GoMechanic Elite Tyre Inflator,10,441,GoMechanic,AUT-GOM-02250,15357.24,9674.76,20,"GoMechanic Tyre Inflator designed for quality, durability and everyday use.",4.7,161,2022-01-29,True
2251,Michelin Elite Car Cover,10,441,Michelin,AUT-MIC-02251,21997.96,14196.04,5,"Michelin Car Cover designed for quality, durability and everyday use.",4.9,52,2025-04-15,True
2252,GoMechanic Max Cleaning Kit,10,441,GoMechanic,AUT-GOM-02252,37522.91,22372.24,5,"GoMechanic Cleaning Kit designed for quality, durability and everyday use.",3.9,146,2025-03-06,True
2253,Castrol Classic Car Cover,10,441,Castrol,AUT-CAS-02253,17268.36,9921.34,15,"Castrol Car Cover designed for quality, durability and everyday use.",4.0,70,2025-05-06,True
2254,GoMechanic Max Helmet,10,441,GoMechanic,AUT-GOM-02254,13936.95,11596.32,5,"GoMechanic Helmet designed for quality, durability and everyday use.",4.5,83,2025-05-28,True
2255,Apple Eco Keyboard,1,442,Apple,ELE-APP-02255,23773.02,17108.3,15,"Apple Keyboard designed for quality, durability and everyday use.",4.8,50,2026-01-23,True
2256,LG Max Smartphone,1,442,LG,ELE-LG-02256,129345.73,97286.52,10,"LG Smartphone designed for quality, durability and everyday use.",5.0,70,2025-11-21,True
2257,Maybelline Advanced Face Wash,5,443,Maybelline,BEA-MAY-02257,4061.05,2811.04,5,"Maybelline Face Wash designed for quality, durability and everyday use.",4.6,217,2020-01-09,True
2258,Mamaearth Advanced Lipstick,5,443,Mamaearth,BEA-MAM-02258,4800.79,3942.17,0,"Mamaearth Lipstick designed for quality, durability and everyday use.",4.0,186,2024-07-17,True
2259,Maybelline Pro Face Wash,5,443,Maybelline,BEA-MAY-02259,2081.42,1267.46,20,"Maybelline Face Wash designed for quality, durability and everyday use.",4.2,122,2024-01-12,True
2260,Nestle Ultra Milk Powder,8,444,Nestle,GRO-NES-02260,807.77,614.52,5,"Nestle Milk Powder designed for quality, durability and everyday use.",4.7,193,2024-01-27,True
2261,Fortune Plus Milk Powder,8,444,Fortune,GRO-FOR-02261,1728.12,1255.63,25,"Fortune Milk Powder designed for quality, durability and everyday use.",5.0,16,2026-03-18,True
2262,Tata Classic Milk Powder,8,444,Tata,GRO-TAT-02262,403.97,272.31,30,"Tata Milk Powder designed for quality, durability and everyday use.",4.3,377,2023-07-01,True
2263,Tata Eco Tea,8,444,Tata,GRO-TAT-02263,487.18,315.98,15,"Tata Tea designed for quality, durability and everyday use.",5.0,146,2023-08-09,True
2264,Nestle Classic Rice,8,444,Nestle,GRO-NES-02264,832.64,637.41,10,"Nestle Rice designed for quality, durability and everyday use.",4.8,159,2023-06-16,True
2265,Aashirvaad Smart Oil,8,444,Aashirvaad,GRO-AAS-02265,978.66,733.77,25,"Aashirvaad Oil designed for quality, durability and everyday use.",4.4,646,2021-07-14,True
2266,Nestle Pro Coffee,8,445,Nestle,GRO-NES-02266,222.79,126.68,0,"Nestle Coffee designed for quality, durability and everyday use.",4.6,97,2023-03-19,False
2267,Nestle Classic Rice,8,445,Nestle,GRO-NES-02267,830.89,700.1,10,"Nestle Rice designed for quality, durability and everyday use.",4.3,72,2023-06-20,True
2268,Aashirvaad Ultra Milk Powder,8,445,Aashirvaad,GRO-AAS-02268,1792.58,1006.71,10,"Aashirvaad Milk Powder designed for quality, durability and everyday use.",4.1,50,2025-05-04,True
2269,Nestle Classic Rice,8,445,Nestle,GRO-NES-02269,1758.53,1284.9,5,"Nestle Rice designed for quality, durability and everyday use.",4.9,106,2024-02-15,True
2270,Puma Eco Yoga Mat,6,446,Puma,SPO-PUM-02270,8203.43,4895.65,0,"Puma Yoga Mat designed for quality, durability and everyday use.",4.8,872,2018-03-04,True
2271,SG Advanced Football,6,446,SG,SPO-SG-02271,25201.34,20877.87,0,"SG Football designed for quality, durability and everyday use.",3.9,225,2023-06-13,True
2272,Nike Advanced Football,6,446,Nike,SPO-NIK-02272,3922.18,3189.01,20,"Nike Football designed for quality, durability and everyday use.",5.0,129,2023-02-03,True
2273,Yonex Ultra Football,6,446,Yonex,SPO-YON-02273,29134.16,20575.31,20,"Yonex Football designed for quality, durability and everyday use.",5.0,706,2018-05-16,True
2274,SG Max Yoga Mat,6,446,SG,SPO-SG-02274,4533.16,3152.24,15,"SG Yoga Mat designed for quality, durability and everyday use.",4.2,141,2025-06-12,True
2275,Puma Elite Dumbbells,6,446,Puma,SPO-PUM-02275,9189.64,6236.19,15,"Puma Dumbbells designed for quality, durability and everyday use.",4.8,79,2023-06-13,True
2276,Pearson Elite Novel,4,447,Pearson,BOO-PEA-02276,375.91,271.89,5,"Pearson Novel designed for quality, durability and everyday use.",4.8,390,2021-12-14,True
2277,Penguin Classic Dictionary,4,447,Penguin,BOO-PEN-02277,1852.15,1139.7,0,"Penguin Dictionary designed for quality, durability and everyday use.",4.5,139,2024-01-15,True
2278,Pearson Max Textbook,4,447,Pearson,BOO-PEA-02278,773.7,657.26,0,"Pearson Textbook designed for quality, durability and everyday use.",4.4,61,2023-06-03,True
2279,Oxford Advanced Textbook,4,447,Oxford,BOO-OXF-02279,1483.23,844.7,15,"Oxford Textbook designed for quality, durability and everyday use.",4.5,17,2026-06-10,True
2280,Oxford Elite Story Book,4,447,Oxford,BOO-OXF-02280,1268.34,890.38,50,"Oxford Story Book designed for quality, durability and everyday use.",4.5,249,2023-03-04,True
2281,Horlicks Advanced First Aid Kit,9,448,Horlicks,HEA-HOR-02281,1804.55,1351.65,10,"Horlicks First Aid Kit designed for quality, durability and everyday use.",4.7,266,2024-08-29,True
2282,Dabur Classic First Aid Kit,9,448,Dabur,HEA-DAB-02282,2332.86,1555.82,0,"Dabur First Aid Kit designed for quality, durability and everyday use.",4.4,192,2023-02-23,True
2283,Himalaya Premium First Aid Kit,9,448,Himalaya,HEA-HIM-02283,3350.35,1926.12,25,"Himalaya First Aid Kit designed for quality, durability and everyday use.",4.4,105,2021-03-31,False
2284,Ensure Ultra First Aid Kit,9,448,Ensure,HEA-ENS-02284,1377.32,1082.9,10,"Ensure First Aid Kit designed for quality, durability and everyday use.",4.2,123,2020-01-11,True
2285,Ensure Eco First Aid Kit,9,448,Ensure,HEA-ENS-02285,3037.57,2283.33,50,"Ensure First Aid Kit designed for quality, durability and everyday use.",4.2,669,2020-10-04,True
2286,Ensure Ultra First Aid Kit,9,448,Ensure,HEA-ENS-02286,1041.65,797.94,0,"Ensure First Aid Kit designed for quality, durability and everyday use.",4.0,177,2023-10-14,True
2287,Dabur Ultra Vitamin Tablets,9,448,Dabur,HEA-DAB-02287,2824.73,1794.19,10,"Dabur Vitamin Tablets designed for quality, durability and everyday use.",4.6,69,2025-12-13,True
2288,Dettol Premium Hand Sanitizer,9,448,Dettol,HEA-DET-02288,106.32,61.42,15,"Dettol Hand Sanitizer designed for quality, durability and everyday use.",4.5,176,2023-08-26,True
2289,Tata Max Atta,8,449,Tata,GRO-TAT-02289,1350.68,1077.59,30,"Tata Atta designed for quality, durability and everyday use.",4.8,154,2022-06-26,True
2290,Nestle Ultra Coffee,8,449,Nestle,GRO-NES-02290,1850.89,1022.24,30,"Nestle Coffee designed for quality, durability and everyday use.",4.8,145,2025-01-06,True
2291,Tata Advanced Coffee,8,449,Tata,GRO-TAT-02291,1072.17,599.09,30,"Tata Coffee designed for quality, durability and everyday use.",5.0,264,2018-11-04,True
2292,Aashirvaad Pro Atta,8,449,Aashirvaad,GRO-AAS-02292,200.54,130.33,20,"Aashirvaad Atta designed for quality, durability and everyday use.",4.2,395,2023-07-15,True
2293,Amul Elite Coffee,8,449,Amul,GRO-AMU-02293,1609.74,1024.36,25,"Amul Coffee designed for quality, durability and everyday use.",4.9,816,2018-03-29,True
2294,Nestle Smart Coffee,8,449,Nestle,GRO-NES-02294,94.02,57.97,5,"Nestle Coffee designed for quality, durability and everyday use.",3.6,404,2023-02-21,False
2295,Nestle Ultra Rice,8,450,Nestle,GRO-NES-02295,239.83,191.19,15,"Nestle Rice designed for quality, durability and everyday use.",3.9,250,2024-05-05,True
2296,Nestle Premium Coffee,8,450,Nestle,GRO-NES-02296,671.93,436.47,5,"Nestle Coffee designed for quality, durability and everyday use.",4.7,166,2025-02-01,True
2297,Tata Pro Coffee,8,450,Tata,GRO-TAT-02297,413.82,338.69,0,"Tata Coffee designed for quality, durability and everyday use.",4.7,40,2026-03-06,True
2298,Aashirvaad Ultra Oil,8,450,Aashirvaad,GRO-AAS-02298,1063.65,840.6,10,"Aashirvaad Oil designed for quality, durability and everyday use.",4.7,104,2025-03-06,True
2299,Fortune Advanced Atta,8,450,Fortune,GRO-FOR-02299,1524.48,1008.26,25,"Fortune Atta designed for quality, durability and everyday use.",5.0,292,2022-06-28,True
2300,Minimalist Classic Moisturizer,5,451,Minimalist,BEA-MIN-02300,1599.38,1310.97,0,"Minimalist Moisturizer designed for quality, durability and everyday use.",4.7,91,2025-11-14,True
2301,Minimalist Plus Lipstick,5,451,Minimalist,BEA-MIN-02301,3126.84,2320.25,25,"Minimalist Lipstick designed for quality, durability and everyday use.",4.8,520,2022-10-18,True
2302,Nivea Eco Face Wash,5,451,Nivea,BEA-NIV-02302,1517.62,918.55,20,"Nivea Face Wash designed for quality, durability and everyday use.",4.0,624,2021-09-09,True
2303,Lakme Classic Serum,5,451,Lakme,BEA-LAK-02303,2353.69,1383.51,0,"Lakme Serum designed for quality, durability and everyday use.",4.7,387,2022-03-26,True
2304,3M Pro Tyre Inflator,10,452,3M,AUT-3M-02304,42369.3,30738.41,0,"3M Tyre Inflator designed for quality, durability and everyday use.",4.9,23,2025-02-14,True
2305,Castrol Advanced Car Cover,10,452,Castrol,AUT-CAS-02305,3540.99,3006.39,5,"Castrol Car Cover designed for quality, durability and everyday use.",4.4,212,2024-11-23,True
2306,3M Smart Helmet,10,452,3M,AUT-3M-02306,42492.01,27477.35,10,"3M Helmet designed for quality, durability and everyday use.",4.2,51,2024-04-08,True
2307,Castrol Elite Cleaning Kit,10,452,Castrol,AUT-CAS-02307,19919.34,16362.67,15,"Castrol Cleaning Kit designed for quality, durability and everyday use.",4.5,308,2023-07-23,True
2308,Castrol Ultra Cleaning Kit,10,452,Castrol,AUT-CAS-02308,41546.4,23180.1,0,"Castrol Cleaning Kit designed for quality, durability and everyday use.",4.6,121,2023-12-29,True
2309,HarperCollins Elite Story Book,4,453,HarperCollins,BOO-HAR-02309,1267.63,877.77,50,"HarperCollins Story Book designed for quality, durability and everyday use.",5.0,483,2020-09-15,True
2310,HarperCollins Smart Novel,4,453,HarperCollins,BOO-HAR-02310,1234.78,864.39,5,"HarperCollins Novel designed for quality, durability and everyday use.",4.2,154,2023-01-16,True
2311,McGraw Hill Plus Novel,4,453,McGraw Hill,BOO-MCG-02311,240.19,173.64,15,"McGraw Hill Novel designed for quality, durability and everyday use.",4.9,144,2025-09-29,True
2312,Penguin Premium Novel,4,453,Penguin,BOO-PEN-02312,1345.34,814.12,15,"Penguin Novel designed for quality, durability and everyday use.",4.7,348,2018-05-30,True
2313,Cello Pro Storage Box,3,454,Cello,HMK-CEL-02313,17650.34,10046.52,20,"Cello Storage Box designed for quality, durability and everyday use.",4.7,290,2023-01-06,True
2314,Borosil Smart Cookware Set,3,454,Borosil,HMK-BOR-02314,511.53,403.18,5,"Borosil Cookware Set designed for quality, durability and everyday use.",4.2,184,2021-04-24,True
2315,Cello Advanced Storage Box,3,454,Cello,HMK-CEL-02315,11904.09,9339.38,20,"Cello Storage Box designed for quality, durability and everyday use.",4.8,93,2025-06-22,True
2316,Pigeon Classic Mixer,3,454,Pigeon,HMK-PIG-02316,15566.0,12974.17,5,"Pigeon Mixer designed for quality, durability and everyday use.",4.4,101,2023-08-02,True
2317,Pigeon Elite Pressure Cooker,3,454,Pigeon,HMK-PIG-02317,17931.71,11691.37,5,"Pigeon Pressure Cooker designed for quality, durability and everyday use.",4.4,37,2025-05-06,True
2318,HarperCollins Classic Biography,4,455,HarperCollins,BOO-HAR-02318,1669.53,1242.8,10,"HarperCollins Biography designed for quality, durability and everyday use.",5.0,139,2023-05-03,True
2319,Penguin Elite Novel,4,455,Penguin,BOO-PEN-02319,1035.15,739.23,30,"Penguin Novel designed for quality, durability and everyday use.",5.0,129,2025-09-05,True
2320,HarperCollins Ultra Dictionary,4,455,HarperCollins,BOO-HAR-02320,517.08,359.83,10,"HarperCollins Dictionary designed for quality, durability and everyday use.",4.5,547,2018-05-22,True
2321,Pearson Eco Textbook,4,455,Pearson,BOO-PEA-02321,830.12,511.52,10,"Pearson Textbook designed for quality, durability and everyday use.",5.0,19,2026-05-26,True
2322,Penguin Smart Novel,4,455,Penguin,BOO-PEN-02322,989.08,643.89,30,"Penguin Novel designed for quality, durability and everyday use.",4.5,184,2023-11-01,True
2323,Penguin Ultra Dictionary,4,455,Penguin,BOO-PEN-02323,630.36,411.86,15,"Penguin Dictionary designed for quality, durability and everyday use.",4.6,13,2026-06-08,True
2324,Allen Solly Pro Shirt,2,456,Allen Solly,FAS-ALL-02324,1095.27,818.97,5,"Allen Solly Shirt designed for quality, durability and everyday use.",4.4,4,2026-03-13,True
2325,Puma Eco Jeans,2,456,Puma,FAS-PUM-02325,1373.85,794.46,20,"Puma Jeans designed for quality, durability and everyday use.",4.4,501,2019-02-02,True
2326,Levis Pro Jacket,2,456,Levis,FAS-LEV-02326,1716.72,1173.44,20,"Levis Jacket designed for quality, durability and everyday use.",4.8,133,2023-05-11,True
2327,Puma Max Sneakers,2,456,Puma,FAS-PUM-02327,1998.68,1583.63,5,"Puma Sneakers designed for quality, durability and everyday use.",3.8,100,2025-03-14,True
2328,Levis Advanced Dress,2,456,Levis,FAS-LEV-02328,7826.19,4915.26,10,"Levis Dress designed for quality, durability and everyday use.",4.8,202,2023-12-04,True
2329,Cello Classic Bottle,3,457,Cello,HMK-CEL-02329,1031.17,692.99,0,"Cello Bottle designed for quality, durability and everyday use.",5.0,350,2023-09-23,True
2330,Pigeon Max Induction Cooktop,3,457,Pigeon,HMK-PIG-02330,21539.33,12770.63,15,"Pigeon Induction Cooktop designed for quality, durability and everyday use.",4.0,126,2025-07-05,True
2331,Philips Smart Induction Cooktop,3,457,Philips,HMK-PHI-02331,18622.53,14165.15,15,"Philips Induction Cooktop designed for quality, durability and everyday use.",4.5,241,2021-07-05,True
2332,Borosil Pro Mixer,3,457,Borosil,HMK-BOR-02332,11208.61,8796.23,5,"Borosil Mixer designed for quality, durability and everyday use.",5.0,399,2021-02-05,True
2333,Pigeon Premium Induction Cooktop,3,457,Pigeon,HMK-PIG-02333,7528.43,4919.58,10,"Pigeon Induction Cooktop designed for quality, durability and everyday use.",4.5,251,2023-10-08,True
2334,SG Advanced Football,6,458,SG,SPO-SG-02334,1214.71,751.97,15,"SG Football designed for quality, durability and everyday use.",4.9,368,2020-10-21,True
2335,SG Premium Cricket Bat,6,458,SG,SPO-SG-02335,27830.71,21140.63,5,"SG Cricket Bat designed for quality, durability and everyday use.",5.0,122,2025-09-26,True
2336,Yonex Elite Football,6,458,Yonex,SPO-YON-02336,6315.35,4667.31,15,"Yonex Football designed for quality, durability and everyday use.",4.1,129,2025-12-01,True
2337,Nike Ultra Football,6,458,Nike,SPO-NIK-02337,26556.79,21182.56,0,"Nike Football designed for quality, durability and everyday use.",3.8,670,2019-11-24,True
2338,Puma Elite Cricket Bat,6,458,Puma,SPO-PUM-02338,24604.65,19240.11,25,"Puma Cricket Bat designed for quality, durability and everyday use.",4.9,148,2024-03-11,True
2339,Amul Eco Rice,8,459,Amul,GRO-AMU-02339,374.45,315.73,10,"Amul Rice designed for quality, durability and everyday use.",4.7,165,2023-06-25,True
2340,Aashirvaad Pro Milk Powder,8,459,Aashirvaad,GRO-AAS-02340,1232.85,783.86,10,"Aashirvaad Milk Powder designed for quality, durability and everyday use.",3.9,294,2022-01-28,True
2341,Tata Smart Rice,8,459,Tata,GRO-TAT-02341,333.86,245.88,20,"Tata Rice designed for quality, durability and everyday use.",5.0,135,2024-03-16,True
2342,Tata Classic Rice,8,459,Tata,GRO-TAT-02342,1802.9,1149.41,0,"Tata Rice designed for quality, durability and everyday use.",4.7,336,2023-05-03,True
2343,Fortune Eco Coffee,8,459,Fortune,GRO-FOR-02343,1175.3,913.44,20,"Fortune Coffee designed for quality, durability and everyday use.",4.8,204,2023-05-06,True
2344,Fortune Max Rice,8,459,Fortune,GRO-FOR-02344,841.05,688.05,5,"Fortune Rice designed for quality, durability and everyday use.",4.4,173,2024-01-27,True
2345,Allen Solly Smart Shirt,2,460,Allen Solly,FAS-ALL-02345,3975.3,2732.72,5,"Allen Solly Shirt designed for quality, durability and everyday use.",5.0,152,2019-10-17,True
2346,Levis Max Dress,2,460,Levis,FAS-LEV-02346,3237.04,2214.83,10,"Levis Dress designed for quality, durability and everyday use.",4.1,106,2023-03-15,True
2347,Allen Solly Ultra T-Shirt,2,460,Allen Solly,FAS-ALL-02347,7142.04,5621.45,15,"Allen Solly T-Shirt designed for quality, durability and everyday use.",4.7,41,2026-02-18,True
2348,Apple Classic Keyboard,1,461,Apple,ELE-APP-02348,17792.06,12539.61,5,"Apple Keyboard designed for quality, durability and everyday use.",3.6,48,2025-05-15,True
2349,Asus Advanced Keyboard,1,461,Asus,ELE-ASU-02349,54724.68,42179.21,10,"Asus Keyboard designed for quality, durability and everyday use.",4.4,607,2020-05-14,True
2350,Sony Max Laptop,1,461,Sony,ELE-SON-02350,145507.69,103440.39,5,"Sony Laptop designed for quality, durability and everyday use.",4.8,361,2023-05-18,True
2351,Sony Ultra Mouse,1,461,Sony,ELE-SON-02351,82723.99,51625.9,40,"Sony Mouse designed for quality, durability and everyday use.",3.6,49,2026-04-30,True
2352,Dell Ultra Headphones,1,461,Dell,ELE-DEL-02352,59408.65,44428.01,0,"Dell Headphones designed for quality, durability and everyday use.",3.9,183,2024-11-17,True
2353,Mamaearth Elite Serum,5,462,Mamaearth,BEA-MAM-02353,2224.62,1547.14,25,"Mamaearth Serum designed for quality, durability and everyday use.",5.0,41,2024-02-19,True
2354,Mamaearth Smart Serum,5,462,Mamaearth,BEA-MAM-02354,914.31,729.36,0,"Mamaearth Serum designed for quality, durability and everyday use.",4.3,41,2026-02-21,True
2355,Nivea Max Face Wash,5,462,Nivea,BEA-NIV-02355,4083.38,3115.77,0,"Nivea Face Wash designed for quality, durability and everyday use.",4.9,149,2024-09-06,True
2356,Maybelline Eco Face Wash,5,462,Maybelline,BEA-MAY-02356,2415.51,1466.54,30,"Maybelline Face Wash designed for quality, durability and everyday use.",4.5,52,2025-08-24,True
2357,Lakme Advanced Sunscreen,5,462,Lakme,BEA-LAK-02357,3862.8,2383.84,25,"Lakme Sunscreen designed for quality, durability and everyday use.",4.1,140,2025-08-31,True
2358,Minimalist Classic Face Wash,5,462,Minimalist,BEA-MIN-02358,4412.28,3090.27,0,"Minimalist Face Wash designed for quality, durability and everyday use.",4.9,119,2025-10-29,True
2359,Tata Advanced Rice,8,463,Tata,GRO-TAT-02359,1819.43,1080.61,0,"Tata Rice designed for quality, durability and everyday use.",4.9,159,2023-10-16,True
2360,Aashirvaad Smart Tea,8,463,Aashirvaad,GRO-AAS-02360,1782.47,1496.02,5,"Aashirvaad Tea designed for quality, durability and everyday use.",4.4,140,2025-07-04,True
2361,Nestle Elite Milk Powder,8,463,Nestle,GRO-NES-02361,1872.62,1410.75,15,"Nestle Milk Powder designed for quality, durability and everyday use.",4.6,27,2026-06-03,True
2362,Amul Advanced Tea,8,463,Amul,GRO-AMU-02362,843.1,474.0,15,"Amul Tea designed for quality, durability and everyday use.",4.4,89,2024-04-25,True
2363,Aashirvaad Premium Rice,8,463,Aashirvaad,GRO-AAS-02363,1249.24,824.49,0,"Aashirvaad Rice designed for quality, durability and everyday use.",4.1,508,2020-10-10,True
2364,Aashirvaad Advanced Atta,8,463,Aashirvaad,GRO-AAS-02364,1267.08,1060.74,0,"Aashirvaad Atta designed for quality, durability and everyday use.",4.1,102,2024-06-13,False
2365,Michelin Max Engine Oil,10,464,Michelin,AUT-MIC-02365,34817.33,24144.85,5,"Michelin Engine Oil designed for quality, durability and everyday use.",5.0,483,2022-10-06,True
2366,Bosch Max Engine Oil,10,464,Bosch,AUT-BOS-02366,2338.52,1778.75,0,"Bosch Engine Oil designed for quality, durability and everyday use.",4.7,274,2023-11-07,True
2367,GoMechanic Ultra Engine Oil,10,464,GoMechanic,AUT-GOM-02367,20365.62,14625.72,15,"GoMechanic Engine Oil designed for quality, durability and everyday use.",4.4,193,2024-11-19,True
2368,GoMechanic Smart Helmet,10,464,GoMechanic,AUT-GOM-02368,16272.9,11428.13,15,"GoMechanic Helmet designed for quality, durability and everyday use.",4.7,11,2026-05-14,True
2369,GoMechanic Advanced Tyre Inflator,10,464,GoMechanic,AUT-GOM-02369,28721.65,22846.94,5,"GoMechanic Tyre Inflator designed for quality, durability and everyday use.",3.7,119,2025-04-26,True
2370,Castrol Premium Helmet,10,464,Castrol,AUT-CAS-02370,43891.52,25346.73,50,"Castrol Helmet designed for quality, durability and everyday use.",4.6,296,2022-04-14,True
2371,Funskool Elite Building Blocks,7,465,Funskool,TOY-FUN-02371,2785.89,1752.77,25,"Funskool Building Blocks designed for quality, durability and everyday use.",3.9,52,2025-10-17,True
2372,Lego Ultra Puzzle,7,465,Lego,TOY-LEG-02372,299.8,200.07,0,"Lego Puzzle designed for quality, durability and everyday use.",4.8,223,2023-02-05,True
2373,Lego Max Board Game,7,465,Lego,TOY-LEG-02373,1543.06,1230.08,10,"Lego Board Game designed for quality, durability and everyday use.",4.9,226,2024-02-20,True
2374,Funskool Max Toy Car,7,465,Funskool,TOY-FUN-02374,4513.28,3626.44,30,"Funskool Toy Car designed for quality, durability and everyday use.",4.7,247,2024-02-16,True
2375,Lego Premium Puzzle,7,465,Lego,TOY-LEG-02375,3028.8,2144.08,15,"Lego Puzzle designed for quality, durability and everyday use.",4.8,49,2025-12-03,True
2376,Hot Wheels Premium Board Game,7,465,Hot Wheels,TOY-HOT-02376,1032.75,767.45,30,"Hot Wheels Board Game designed for quality, durability and everyday use.",4.7,231,2023-05-13,True
2377,Philips Premium Induction Cooktop,3,466,Philips,HMK-PHI-02377,15730.12,9737.49,30,"Philips Induction Cooktop designed for quality, durability and everyday use.",4.3,128,2025-05-04,True
2378,Pigeon Ultra Pressure Cooker,3,466,Pigeon,HMK-PIG-02378,13577.84,10085.74,10,"Pigeon Pressure Cooker designed for quality, durability and everyday use.",4.2,770,2020-10-07,True
2379,Prestige Plus Bottle,3,466,Prestige,HMK-PRE-02379,7925.95,5450.35,15,"Prestige Bottle designed for quality, durability and everyday use.",4.8,237,2023-01-08,True
2380,Philips Classic Mixer,3,466,Philips,HMK-PHI-02380,1390.23,910.12,10,"Philips Mixer designed for quality, durability and everyday use.",4.9,42,2024-05-15,True
2381,Pigeon Smart Pressure Cooker,3,466,Pigeon,HMK-PIG-02381,15314.18,11265.42,5,"Pigeon Pressure Cooker designed for quality, durability and everyday use.",4.9,217,2023-09-13,True
2382,Pigeon Smart Induction Cooktop,3,466,Pigeon,HMK-PIG-02382,12122.09,8151.59,25,"Pigeon Induction Cooktop designed for quality, durability and everyday use.",4.4,267,2023-08-01,True
2383,Pigeon Classic Pressure Cooker,3,466,Pigeon,HMK-PIG-02383,12972.63,8998.01,25,"Pigeon Pressure Cooker designed for quality, durability and everyday use.",4.9,144,2024-03-19,True
2384,Borosil Max Storage Box,3,467,Borosil,HMK-BOR-02384,1102.08,847.07,5,"Borosil Storage Box designed for quality, durability and everyday use.",4.2,122,2025-07-30,True
2385,Philips Elite Cookware Set,3,467,Philips,HMK-PHI-02385,11090.26,7576.38,25,"Philips Cookware Set designed for quality, durability and everyday use.",4.6,154,2024-02-03,True
2386,Prestige Max Pressure Cooker,3,467,Prestige,HMK-PRE-02386,4640.7,3318.51,15,"Prestige Pressure Cooker designed for quality, durability and everyday use.",4.4,0,2026-06-01,True
2387,Borosil Smart Induction Cooktop,3,467,Borosil,HMK-BOR-02387,20306.38,14614.1,0,"Borosil Induction Cooktop designed for quality, durability and everyday use.",4.8,139,2025-09-10,True
2388,Milton Advanced Induction Cooktop,3,467,Milton,HMK-MIL-02388,9814.46,5471.38,25,"Milton Induction Cooktop designed for quality, durability and everyday use.",3.9,26,2025-12-25,True
2389,Cello Classic Bottle,3,468,Cello,HMK-CEL-02389,19443.56,11331.86,30,"Cello Bottle designed for quality, durability and everyday use.",4.7,12,2026-04-08,True
2390,Philips Max Induction Cooktop,3,468,Philips,HMK-PHI-02390,21751.36,14253.14,0,"Philips Induction Cooktop designed for quality, durability and everyday use.",4.5,475,2018-04-27,True
2391,Prestige Max Mixer,3,468,Prestige,HMK-PRE-02391,19459.76,10728.34,15,"Prestige Mixer designed for quality, durability and everyday use.",4.8,173,2024-01-06,True
2392,Borosil Max Pressure Cooker,3,468,Borosil,HMK-BOR-02392,16166.57,13704.81,15,"Borosil Pressure Cooker designed for quality, durability and everyday use.",4.4,12,2026-04-22,True
2393,Prestige Ultra Storage Box,3,468,Prestige,HMK-PRE-02393,8827.44,4890.03,15,"Prestige Storage Box designed for quality, durability and everyday use.",4.7,90,2025-10-07,True
2394,Prestige Plus Pressure Cooker,3,468,Prestige,HMK-PRE-02394,8943.42,7589.74,0,"Prestige Pressure Cooker designed for quality, durability and everyday use.",4.1,250,2024-03-07,True
2395,Borosil Elite Mixer,3,468,Borosil,HMK-BOR-02395,4619.63,2598.79,20,"Borosil Mixer designed for quality, durability and everyday use.",4.6,387,2020-10-05,True
2396,Zara Elite Shirt,2,469,Zara,FAS-ZAR-02396,1369.47,1041.52,10,"Zara Shirt designed for quality, durability and everyday use.",4.7,46,2024-08-13,True
2397,Puma Classic Jacket,2,469,Puma,FAS-PUM-02397,6512.05,5071.53,5,"Puma Jacket designed for quality, durability and everyday use.",3.8,124,2025-01-22,True
2398,Levis Premium Sneakers,2,469,Levis,FAS-LEV-02398,5846.78,4167.73,10,"Levis Sneakers designed for quality, durability and everyday use.",4.9,280,2024-06-02,True
2399,Puma Classic Sneakers,2,469,Puma,FAS-PUM-02399,2461.29,1837.59,25,"Puma Sneakers designed for quality, durability and everyday use.",3.7,110,2025-05-07,True
2400,Allen Solly Pro Jeans,2,469,Allen Solly,FAS-ALL-02400,4201.41,3302.16,10,"Allen Solly Jeans designed for quality, durability and everyday use.",4.1,207,2024-12-24,True
2401,Levis Ultra Shirt,2,469,Levis,FAS-LEV-02401,6881.01,5502.31,5,"Levis Shirt designed for quality, durability and everyday use.",3.6,100,2025-11-26,True
2402,Nike Advanced Hoodie,2,469,Nike,FAS-NIK-02402,3940.27,2787.18,0,"Nike Hoodie designed for quality, durability and everyday use.",4.6,80,2024-05-14,True
2403,Nerf Smart Board Game,7,470,Nerf,TOY-NER-02403,3353.06,2496.85,5,"Nerf Board Game designed for quality, durability and everyday use.",4.0,44,2026-05-07,True
2404,Nerf Max Puzzle,7,470,Nerf,TOY-NER-02404,314.14,241.01,5,"Nerf Puzzle designed for quality, durability and everyday use.",4.2,365,2023-03-07,True
2405,Hot Wheels Advanced Doll,7,470,Hot Wheels,TOY-HOT-02405,992.89,791.15,0,"Hot Wheels Doll designed for quality, durability and everyday use.",4.9,146,2021-02-05,True
2406,Barbie Advanced Toy Car,7,470,Barbie,TOY-BAR-02406,4553.53,3658.13,15,"Barbie Toy Car designed for quality, durability and everyday use.",4.8,210,2024-12-08,True
2407,Lego Eco Toy Car,7,470,Lego,TOY-LEG-02407,4641.81,2641.33,0,"Lego Toy Car designed for quality, durability and everyday use.",4.5,49,2024-12-26,True
2408,Lego Max Building Blocks,7,470,Lego,TOY-LEG-02408,311.17,188.41,10,"Lego Building Blocks designed for quality, durability and everyday use.",4.8,262,2020-05-12,True
2409,HarperCollins Advanced Dictionary,4,471,HarperCollins,BOO-HAR-02409,1297.82,1037.91,5,"HarperCollins Dictionary designed for quality, durability and everyday use.",5.0,117,2023-07-25,True
2410,Oxford Premium Biography,4,471,Oxford,BOO-OXF-02410,658.33,533.7,10,"Oxford Biography designed for quality, durability and everyday use.",4.9,78,2024-06-25,True
2411,McGraw Hill Max Dictionary,4,471,McGraw Hill,BOO-MCG-02411,355.37,200.9,5,"McGraw Hill Dictionary designed for quality, durability and everyday use.",4.8,456,2021-12-17,True
2412,Penguin Elite Textbook,4,471,Penguin,BOO-PEN-02412,1957.08,1545.03,20,"Penguin Textbook designed for quality, durability and everyday use.",4.4,64,2024-10-25,True
2413,Oxford Max Textbook,4,471,Oxford,BOO-OXF-02413,728.43,550.17,15,"Oxford Textbook designed for quality, durability and everyday use.",4.3,54,2025-05-05,True
2414,Lakme Advanced Lipstick,5,472,Lakme,BEA-LAK-02414,1119.01,763.92,5,"Lakme Lipstick designed for quality, durability and everyday use.",3.5,445,2020-06-26,True
2415,Nivea Ultra Lipstick,5,472,Nivea,BEA-NIV-02415,3841.1,2409.13,0,"Nivea Lipstick designed for quality, durability and everyday use.",4.3,698,2018-09-21,True
2416,Minimalist Elite Lipstick,5,472,Minimalist,BEA-MIN-02416,924.95,672.2,30,"Minimalist Lipstick designed for quality, durability and everyday use.",4.7,203,2022-06-02,True
2417,Maybelline Plus Moisturizer,5,472,Maybelline,BEA-MAY-02417,1779.73,1018.23,20,"Maybelline Moisturizer designed for quality, durability and everyday use.",3.8,457,2020-03-07,True
2418,Mamaearth Ultra Moisturizer,5,472,Mamaearth,BEA-MAM-02418,4600.77,2703.01,15,"Mamaearth Moisturizer designed for quality, durability and everyday use.",4.3,148,2023-07-24,True
2419,Funskool Eco Board Game,7,473,Funskool,TOY-FUN-02419,2746.84,1542.47,10,"Funskool Board Game designed for quality, durability and everyday use.",4.1,825,2018-10-26,True
2420,Funskool Plus Building Blocks,7,473,Funskool,TOY-FUN-02420,4116.37,2758.88,5,"Funskool Building Blocks designed for quality, durability and everyday use.",4.0,363,2020-12-25,True
2421,Hot Wheels Advanced Toy Car,7,473,Hot Wheels,TOY-HOT-02421,1936.7,1280.79,5,"Hot Wheels Toy Car designed for quality, durability and everyday use.",4.9,229,2023-08-14,True
2422,Lego Pro Building Blocks,7,473,Lego,TOY-LEG-02422,1131.6,651.26,25,"Lego Building Blocks designed for quality, durability and everyday use.",4.9,394,2022-06-11,True
2423,Lakme Ultra Face Wash,5,474,Lakme,BEA-LAK-02423,3372.69,2447.15,10,"Lakme Face Wash designed for quality, durability and everyday use.",4.4,537,2020-02-02,True
2424,Mamaearth Advanced Face Wash,5,474,Mamaearth,BEA-MAM-02424,3084.04,2056.89,20,"Mamaearth Face Wash designed for quality, durability and everyday use.",4.7,358,2019-04-08,True
2425,Mamaearth Elite Face Wash,5,474,Mamaearth,BEA-MAM-02425,835.08,613.21,20,"Mamaearth Face Wash designed for quality, durability and everyday use.",4.3,9,2026-06-20,True
2426,Mamaearth Smart Moisturizer,5,474,Mamaearth,BEA-MAM-02426,2075.79,1702.08,20,"Mamaearth Moisturizer designed for quality, durability and everyday use.",4.6,143,2025-06-10,True
2427,Lakme Ultra Serum,5,474,Lakme,BEA-LAK-02427,2889.67,2180.93,10,"Lakme Serum designed for quality, durability and everyday use.",4.6,502,2020-06-14,True
2428,Lakme Pro Serum,5,474,Lakme,BEA-LAK-02428,1691.31,935.47,50,"Lakme Serum designed for quality, durability and everyday use.",5.0,153,2025-02-11,True
2429,Loreal Plus Moisturizer,5,474,Loreal,BEA-LOR-02429,315.94,193.96,30,"Loreal Moisturizer designed for quality, durability and everyday use.",4.4,364,2023-12-15,True
2430,H&M Premium Jacket,2,475,H&M,FAS-H&M-02430,2130.6,1669.82,5,"H&M Jacket designed for quality, durability and everyday use.",4.5,109,2024-02-26,True
2431,Zara Max Jacket,2,475,Zara,FAS-ZAR-02431,2591.5,1478.82,15,"Zara Jacket designed for quality, durability and everyday use.",4.9,32,2026-01-14,True
2432,Nike Eco Jeans,2,475,Nike,FAS-NIK-02432,5420.74,3707.36,0,"Nike Jeans designed for quality, durability and everyday use.",4.0,350,2021-05-14,True
2433,Nike Eco T-Shirt,2,475,Nike,FAS-NIK-02433,2690.88,1600.18,0,"Nike T-Shirt designed for quality, durability and everyday use.",4.5,80,2025-01-10,True
2434,H&M Smart Dress,2,475,H&M,FAS-H&M-02434,5575.59,3195.03,20,"H&M Dress designed for quality, durability and everyday use.",4.7,193,2022-04-21,True
2435,Borosil Classic Induction Cooktop,3,476,Borosil,HMK-BOR-02435,16388.56,12462.26,50,"Borosil Induction Cooktop designed for quality, durability and everyday use.",4.3,150,2025-08-12,True
2436,Milton Advanced Storage Box,3,476,Milton,HMK-MIL-02436,10996.06,6655.43,0,"Milton Storage Box designed for quality, durability and everyday use.",4.7,874,2019-12-17,True
2437,Pigeon Advanced Mixer,3,477,Pigeon,HMK-PIG-02437,3296.43,2051.81,10,"Pigeon Mixer designed for quality, durability and everyday use.",4.0,827,2019-11-01,True
2438,Borosil Classic Bottle,3,477,Borosil,HMK-BOR-02438,4917.43,3381.39,10,"Borosil Bottle designed for quality, durability and everyday use.",5.0,757,2020-06-13,True
2439,Cello Max Bottle,3,477,Cello,HMK-CEL-02439,6858.77,4520.0,15,"Cello Bottle designed for quality, durability and everyday use.",4.9,139,2024-11-24,True
2440,Amul Advanced Tea,8,478,Amul,GRO-AMU-02440,202.58,138.11,20,"Amul Tea designed for quality, durability and everyday use.",4.2,148,2025-10-23,True
2441,Fortune Smart Tea,8,478,Fortune,GRO-FOR-02441,1190.08,797.64,0,"Fortune Tea designed for quality, durability and everyday use.",4.7,159,2025-06-21,True
2442,Tata Max Oil,8,478,Tata,GRO-TAT-02442,1014.12,697.34,0,"Tata Oil designed for quality, durability and everyday use.",4.1,250,2024-08-09,False
2443,Fortune Ultra Milk Powder,8,478,Fortune,GRO-FOR-02443,473.96,353.85,15,"Fortune Milk Powder designed for quality, durability and everyday use.",3.8,214,2023-05-21,True
2444,Amul Ultra Tea,8,478,Amul,GRO-AMU-02444,1013.77,619.86,5,"Amul Tea designed for quality, durability and everyday use.",4.8,294,2023-05-27,True
2445,Lenovo Classic Tablet,1,479,Lenovo,ELE-LEN-02445,57439.8,36684.3,5,"Lenovo Tablet designed for quality, durability and everyday use.",4.5,73,2025-05-13,True
2446,LG Advanced Headphones,1,479,LG,ELE-LG-02446,6027.55,3767.67,5,"LG Headphones designed for quality, durability and everyday use.",4.5,32,2026-04-29,True
2447,Samsung Elite Smart Watch,1,479,Samsung,ELE-SAM-02447,83578.56,65510.79,5,"Samsung Smart Watch designed for quality, durability and everyday use.",5.0,78,2025-09-23,True
2448,Prestige Plus Bottle,3,480,Prestige,HMK-PRE-02448,24400.47,18887.09,0,"Prestige Bottle designed for quality, durability and everyday use.",3.8,7,2026-05-01,True
2449,Philips Premium Pressure Cooker,3,480,Philips,HMK-PHI-02449,9890.89,7215.34,5,"Philips Pressure Cooker designed for quality, durability and everyday use.",5.0,460,2022-02-11,True
2450,Philips Classic Induction Cooktop,3,480,Philips,HMK-PHI-02450,2507.92,1719.18,0,"Philips Induction Cooktop designed for quality, durability and everyday use.",4.9,69,2025-11-28,True
2451,Borosil Advanced Mixer,3,480,Borosil,HMK-BOR-02451,17564.82,13732.23,30,"Borosil Mixer designed for quality, durability and everyday use.",4.4,105,2025-09-10,True
2452,Nestle Pro Milk Powder,8,481,Nestle,GRO-NES-02452,1673.63,1160.03,5,"Nestle Milk Powder designed for quality, durability and everyday use.",4.5,221,2023-04-27,True
2453,Fortune Advanced Rice,8,481,Fortune,GRO-FOR-02453,292.27,185.23,25,"Fortune Rice designed for quality, durability and everyday use.",4.2,172,2024-12-29,True
2454,Nestle Eco Coffee,8,481,Nestle,GRO-NES-02454,1342.67,1139.22,25,"Nestle Coffee designed for quality, durability and everyday use.",5.0,807,2018-08-05,True
2455,Aashirvaad Smart Tea,8,481,Aashirvaad,GRO-AAS-02455,234.69,157.8,20,"Aashirvaad Tea designed for quality, durability and everyday use.",4.9,110,2025-01-20,True
2456,Fortune Elite Milk Powder,8,481,Fortune,GRO-FOR-02456,251.54,183.37,15,"Fortune Milk Powder designed for quality, durability and everyday use.",4.9,38,2025-11-04,True
2457,Dabur Elite Protein Powder,9,482,Dabur,HEA-DAB-02457,2698.97,2251.83,15,"Dabur Protein Powder designed for quality, durability and everyday use.",4.9,631,2020-01-27,True
2458,Ensure Smart Hand Sanitizer,9,482,Ensure,HEA-ENS-02458,3997.19,3032.6,0,"Ensure Hand Sanitizer designed for quality, durability and everyday use.",4.8,147,2024-02-03,True
2459,Dabur Advanced Protein Powder,9,482,Dabur,HEA-DAB-02459,3108.21,2200.81,5,"Dabur Protein Powder designed for quality, durability and everyday use.",5.0,216,2024-09-27,True
2460,Himalaya Advanced Vitamin Tablets,9,482,Himalaya,HEA-HIM-02460,3395.52,2480.13,20,"Himalaya Vitamin Tablets designed for quality, durability and everyday use.",4.7,77,2025-10-28,True
2461,Ensure Plus Vitamin Tablets,9,482,Ensure,HEA-ENS-02461,4593.64,3281.92,25,"Ensure Vitamin Tablets designed for quality, durability and everyday use.",4.9,194,2024-03-22,True
2462,Dabur Max Hand Sanitizer,9,482,Dabur,HEA-DAB-02462,618.62,490.33,0,"Dabur Hand Sanitizer designed for quality, durability and everyday use.",4.5,182,2024-10-22,True
2463,Horlicks Elite First Aid Kit,9,483,Horlicks,HEA-HOR-02463,4500.35,3696.5,0,"Horlicks First Aid Kit designed for quality, durability and everyday use.",4.3,515,2021-01-19,True
2464,Himalaya Smart First Aid Kit,9,483,Himalaya,HEA-HIM-02464,2900.1,1822.24,5,"Himalaya First Aid Kit designed for quality, durability and everyday use.",4.1,16,2026-02-10,True
2465,Himalaya Elite Hand Sanitizer,9,483,Himalaya,HEA-HIM-02465,1166.38,659.96,5,"Himalaya Hand Sanitizer designed for quality, durability and everyday use.",4.0,25,2026-05-09,True
2466,Dettol Plus Protein Powder,9,484,Dettol,HEA-DET-02466,2200.38,1646.94,5,"Dettol Protein Powder designed for quality, durability and everyday use.",4.2,382,2023-10-05,True
2467,Himalaya Classic Vitamin Tablets,9,484,Himalaya,HEA-HIM-02467,2358.42,1747.15,25,"Himalaya Vitamin Tablets designed for quality, durability and everyday use.",4.8,274,2023-07-10,True
2468,Himalaya Smart Protein Powder,9,484,Himalaya,HEA-HIM-02468,1157.38,852.42,0,"Himalaya Protein Powder designed for quality, durability and everyday use.",4.6,279,2019-12-11,True
2469,Dabur Premium Hand Sanitizer,9,484,Dabur,HEA-DAB-02469,3561.1,2151.18,0,"Dabur Hand Sanitizer designed for quality, durability and everyday use.",4.9,196,2021-07-07,True
2470,Dettol Premium Vitamin Tablets,9,484,Dettol,HEA-DET-02470,2117.79,1744.44,0,"Dettol Vitamin Tablets designed for quality, durability and everyday use.",4.8,216,2020-01-30,True
2471,Himalaya Pro Hand Sanitizer,9,484,Himalaya,HEA-HIM-02471,1415.43,904.4,40,"Himalaya Hand Sanitizer designed for quality, durability and everyday use.",4.0,281,2020-03-04,True
2472,Nivea Plus Face Wash,5,485,Nivea,BEA-NIV-02472,1642.1,1105.8,15,"Nivea Face Wash designed for quality, durability and everyday use.",3.8,298,2022-11-20,True
2473,Nivea Pro Lipstick,5,485,Nivea,BEA-NIV-02473,189.11,149.55,5,"Nivea Lipstick designed for quality, durability and everyday use.",4.8,34,2026-06-25,True
2474,Lakme Advanced Shampoo,5,485,Lakme,BEA-LAK-02474,338.82,217.97,15,"Lakme Shampoo designed for quality, durability and everyday use.",4.8,768,2020-07-10,True
2475,Mamaearth Elite Shampoo,5,485,Mamaearth,BEA-MAM-02475,4321.38,3241.98,20,"Mamaearth Shampoo designed for quality, durability and everyday use.",5.0,138,2024-10-13,True
2476,Minimalist Plus Moisturizer,5,486,Minimalist,BEA-MIN-02476,4951.87,2775.87,40,"Minimalist Moisturizer designed for quality, durability and everyday use.",4.8,130,2025-02-20,True
2477,Loreal Ultra Moisturizer,5,486,Loreal,BEA-LOR-02477,3910.53,2819.31,5,"Loreal Moisturizer designed for quality, durability and everyday use.",4.5,255,2018-09-14,True
2478,Minimalist Smart Moisturizer,5,486,Minimalist,BEA-MIN-02478,3102.82,1721.67,15,"Minimalist Moisturizer designed for quality, durability and everyday use.",4.8,203,2023-09-17,True
2479,Maybelline Premium Serum,5,486,Maybelline,BEA-MAY-02479,1985.95,1493.44,10,"Maybelline Serum designed for quality, durability and everyday use.",4.9,246,2024-02-17,True
2480,Dettol Smart Vitamin Tablets,9,487,Dettol,HEA-DET-02480,1361.04,941.56,0,"Dettol Vitamin Tablets designed for quality, durability and everyday use.",3.7,85,2025-06-12,True
2481,Dettol Max First Aid Kit,9,487,Dettol,HEA-DET-02481,4078.48,2458.17,5,"Dettol First Aid Kit designed for quality, durability and everyday use.",4.5,8,2026-06-24,True
2482,Horlicks Advanced Protein Powder,9,487,Horlicks,HEA-HOR-02482,1418.04,924.57,25,"Horlicks Protein Powder designed for quality, durability and everyday use.",4.5,493,2022-12-07,True
2483,Horlicks Advanced Hand Sanitizer,9,487,Horlicks,HEA-HOR-02483,4233.29,3427.65,5,"Horlicks Hand Sanitizer designed for quality, durability and everyday use.",4.7,92,2025-05-14,True
2484,Horlicks Advanced Protein Powder,9,487,Horlicks,HEA-HOR-02484,2083.8,1174.1,10,"Horlicks Protein Powder designed for quality, durability and everyday use.",4.2,79,2023-01-10,True
2485,Puma Ultra Sneakers,2,488,Puma,FAS-PUM-02485,4538.69,3789.18,5,"Puma Sneakers designed for quality, durability and everyday use.",4.8,421,2022-04-03,True
2486,Levis Advanced Jacket,2,488,Levis,FAS-LEV-02486,4835.63,3546.39,5,"Levis Jacket designed for quality, durability and everyday use.",5.0,25,2025-07-26,True
2487,H&M Elite Hoodie,2,488,H&M,FAS-H&M-02487,4798.66,2761.63,5,"H&M Hoodie designed for quality, durability and everyday use.",4.6,936,2018-01-27,True
2488,Allen Solly Advanced Sneakers,2,488,Allen Solly,FAS-ALL-02488,1090.24,727.91,20,"Allen Solly Sneakers designed for quality, durability and everyday use.",4.7,394,2023-01-01,True
2489,Allen Solly Eco Shirt,2,488,Allen Solly,FAS-ALL-02489,3552.31,1975.09,0,"Allen Solly Shirt designed for quality, durability and everyday use.",4.6,309,2021-01-05,True
2490,Adidas Plus Sneakers,2,488,Adidas,FAS-ADI-02490,7134.46,6028.72,10,"Adidas Sneakers designed for quality, durability and everyday use.",4.8,122,2024-07-23,True
2491,3M Elite Tyre Inflator,10,489,3M,AUT-3M-02491,42915.17,31026.99,30,"3M Tyre Inflator designed for quality, durability and everyday use.",4.6,390,2020-10-04,True
2492,GoMechanic Classic Tyre Inflator,10,489,GoMechanic,AUT-GOM-02492,23845.63,18144.2,15,"GoMechanic Tyre Inflator designed for quality, durability and everyday use.",4.0,213,2023-09-12,True
2493,Nivea Smart Face Wash,5,490,Nivea,BEA-NIV-02493,2763.75,2242.47,50,"Nivea Face Wash designed for quality, durability and everyday use.",4.7,527,2022-02-09,True
2494,Mamaearth Elite Face Wash,5,490,Mamaearth,BEA-MAM-02494,3838.87,2398.57,15,"Mamaearth Face Wash designed for quality, durability and everyday use.",4.5,163,2025-04-13,True
2495,Minimalist Smart Lipstick,5,490,Minimalist,BEA-MIN-02495,1716.92,1124.99,0,"Minimalist Lipstick designed for quality, durability and everyday use.",4.1,942,2018-03-23,True
2496,Mamaearth Elite Moisturizer,5,490,Mamaearth,BEA-MAM-02496,3065.25,1763.19,20,"Mamaearth Moisturizer designed for quality, durability and everyday use.",4.4,818,2018-10-29,True
2497,Nivea Advanced Shampoo,5,490,Nivea,BEA-NIV-02497,2379.38,1682.83,20,"Nivea Shampoo designed for quality, durability and everyday use.",5.0,524,2021-11-01,True
2498,Maybelline Elite Sunscreen,5,490,Maybelline,BEA-MAY-02498,1195.81,766.77,5,"Maybelline Sunscreen designed for quality, durability and everyday use.",4.4,479,2022-11-07,True
2499,Funskool Classic Toy Car,7,491,Funskool,TOY-FUN-02499,2778.64,2090.31,0,"Funskool Toy Car designed for quality, durability and everyday use.",4.8,42,2025-05-13,True
2500,Lego Smart Doll,7,491,Lego,TOY-LEG-02500,4223.35,3445.29,5,"Lego Doll designed for quality, durability and everyday use.",4.0,64,2025-05-26,True
2501,Funskool Smart Doll,7,491,Funskool,TOY-FUN-02501,4727.36,3230.44,5,"Funskool Doll designed for quality, durability and everyday use.",5.0,38,2026-02-09,True
2502,Barbie Advanced Building Blocks,7,491,Barbie,TOY-BAR-02502,4837.7,3906.96,15,"Barbie Building Blocks designed for quality, durability and everyday use.",4.4,254,2024-08-07,True
2503,Hot Wheels Plus Toy Car,7,491,Hot Wheels,TOY-HOT-02503,1899.88,1153.37,20,"Hot Wheels Toy Car designed for quality, durability and everyday use.",4.2,182,2023-02-26,True
2504,Barbie Eco Doll,7,491,Barbie,TOY-BAR-02504,2481.54,1383.48,25,"Barbie Doll designed for quality, durability and everyday use.",5.0,139,2025-05-12,True
2505,Barbie Smart Building Blocks,7,492,Barbie,TOY-BAR-02505,1630.63,934.04,20,"Barbie Building Blocks designed for quality, durability and everyday use.",4.2,55,2024-03-01,True
2506,Lego Premium Puzzle,7,492,Lego,TOY-LEG-02506,2940.68,1862.42,0,"Lego Puzzle designed for quality, durability and everyday use.",4.7,58,2025-11-02,True
2507,Hot Wheels Max Building Blocks,7,492,Hot Wheels,TOY-HOT-02507,1372.0,1159.28,20,"Hot Wheels Building Blocks designed for quality, durability and everyday use.",4.4,127,2024-05-18,True
2508,Funskool Elite Toy Car,7,492,Funskool,TOY-FUN-02508,2263.22,1266.42,15,"Funskool Toy Car designed for quality, durability and everyday use.",3.9,193,2023-03-17,True
2509,Cosco Classic Football,6,493,Cosco,SPO-COS-02509,2267.94,1414.41,5,"Cosco Football designed for quality, durability and everyday use.",3.5,39,2025-05-13,True
2510,SG Eco Badminton Racket,6,493,SG,SPO-SG-02510,17247.05,13291.95,25,"SG Badminton Racket designed for quality, durability and everyday use.",3.5,859,2018-04-15,True
2511,Cosco Advanced Cricket Bat,6,493,Cosco,SPO-COS-02511,23732.89,15023.03,10,"Cosco Cricket Bat designed for quality, durability and everyday use.",4.8,297,2022-07-07,True
2512,Cosco Eco Dumbbells,6,493,Cosco,SPO-COS-02512,14862.39,8174.58,15,"Cosco Dumbbells designed for quality, durability and everyday use.",4.3,160,2025-02-24,True
2513,SG Premium Badminton Racket,6,493,SG,SPO-SG-02513,22341.04,17059.72,5,"SG Badminton Racket designed for quality, durability and everyday use.",4.7,24,2025-02-06,True
2514,Cosco Pro Football,6,493,Cosco,SPO-COS-02514,21690.71,16493.94,15,"Cosco Football designed for quality, durability and everyday use.",5.0,608,2021-01-15,True
2515,Puma Max Football,6,493,Puma,SPO-PUM-02515,8708.06,6046.47,5,"Puma Football designed for quality, durability and everyday use.",4.5,188,2020-11-14,True
2516,Philips Eco Mixer,3,494,Philips,HMK-PHI-02516,10019.47,5607.59,10,"Philips Mixer designed for quality, durability and everyday use.",4.6,379,2020-07-03,True
2517,Cello Max Induction Cooktop,3,494,Cello,HMK-CEL-02517,4607.66,3163.44,25,"Cello Induction Cooktop designed for quality, durability and everyday use.",4.1,780,2018-12-02,True
2518,Prestige Ultra Mixer,3,494,Prestige,HMK-PRE-02518,22949.94,14177.99,10,"Prestige Mixer designed for quality, durability and everyday use.",4.4,335,2023-06-18,True
2519,Cello Elite Storage Box,3,494,Cello,HMK-CEL-02519,10633.69,8801.52,25,"Cello Storage Box designed for quality, durability and everyday use.",4.6,368,2018-04-03,True
2520,Prestige Smart Induction Cooktop,3,494,Prestige,HMK-PRE-02520,712.24,467.66,5,"Prestige Induction Cooktop designed for quality, durability and everyday use.",4.8,101,2025-05-06,True
2521,HarperCollins Eco Biography,4,495,HarperCollins,BOO-HAR-02521,1585.27,1045.33,0,"HarperCollins Biography designed for quality, durability and everyday use.",4.9,127,2024-11-02,True
2522,Pearson Plus Novel,4,495,Pearson,BOO-PEA-02522,1116.65,850.62,15,"Pearson Novel designed for quality, durability and everyday use.",3.7,24,2026-02-08,True
2523,Pearson Elite Novel,4,495,Pearson,BOO-PEA-02523,1002.32,779.17,0,"Pearson Novel designed for quality, durability and everyday use.",4.5,360,2023-07-18,True
2524,Borosil Eco Mixer,3,496,Borosil,HMK-BOR-02524,22342.45,17418.82,20,"Borosil Mixer designed for quality, durability and everyday use.",3.5,192,2023-05-14,True
2525,Philips Ultra Bottle,3,496,Philips,HMK-PHI-02525,17737.65,14981.38,0,"Philips Bottle designed for quality, durability and everyday use.",3.9,374,2022-01-27,True
2526,Philips Plus Mixer,3,496,Philips,HMK-PHI-02526,18519.89,10750.45,0,"Philips Mixer designed for quality, durability and everyday use.",4.8,115,2024-01-31,True
2527,Prestige Elite Bottle,3,496,Prestige,HMK-PRE-02527,2658.97,1661.42,5,"Prestige Bottle designed for quality, durability and everyday use.",4.4,92,2023-04-21,True
2528,Prestige Premium Cookware Set,3,496,Prestige,HMK-PRE-02528,20307.45,12977.47,10,"Prestige Cookware Set designed for quality, durability and everyday use.",4.5,84,2023-07-24,True
2529,Michelin Plus Car Cover,10,497,Michelin,AUT-MIC-02529,27676.96,20732.62,5,"Michelin Car Cover designed for quality, durability and everyday use.",4.6,80,2025-06-04,True
2530,3M Pro Car Cover,10,497,3M,AUT-3M-02530,6424.13,4609.37,40,"3M Car Cover designed for quality, durability and everyday use.",4.5,768,2019-02-21,True
2531,GoMechanic Max Car Cover,10,497,GoMechanic,AUT-GOM-02531,8058.69,5440.36,15,"GoMechanic Car Cover designed for quality, durability and everyday use.",3.8,71,2023-07-30,True
2532,Bosch Elite Tyre Inflator,10,497,Bosch,AUT-BOS-02532,34656.08,20030.7,0,"Bosch Tyre Inflator designed for quality, durability and everyday use.",4.3,53,2025-12-14,True
2533,3M Classic Helmet,10,497,3M,AUT-3M-02533,20522.64,12157.99,20,"3M Helmet designed for quality, durability and everyday use.",3.9,768,2020-06-20,True
2534,3M Ultra Tyre Inflator,10,497,3M,AUT-3M-02534,32693.98,21718.89,15,"3M Tyre Inflator designed for quality, durability and everyday use.",4.2,330,2023-03-04,True
2535,3M Plus Tyre Inflator,10,497,3M,AUT-3M-02535,40081.73,30563.32,20,"3M Tyre Inflator designed for quality, durability and everyday use.",5.0,398,2023-10-12,True
2536,SG Advanced Yoga Mat,6,498,SG,SPO-SG-02536,4320.43,2548.19,15,"SG Yoga Mat designed for quality, durability and everyday use.",5.0,151,2020-10-25,True
2537,SG Pro Dumbbells,6,498,SG,SPO-SG-02537,16986.27,12479.9,20,"SG Dumbbells designed for quality, durability and everyday use.",4.8,142,2022-08-06,True
2538,Puma Pro Football,6,498,Puma,SPO-PUM-02538,10372.97,8508.85,20,"Puma Football designed for quality, durability and everyday use.",4.7,135,2023-02-17,True
2539,Cosco Premium Dumbbells,6,498,Cosco,SPO-COS-02539,24277.4,13672.43,10,"Cosco Dumbbells designed for quality, durability and everyday use.",4.9,107,2024-01-08,True
2540,Puma Advanced Yoga Mat,6,498,Puma,SPO-PUM-02540,8272.96,6919.39,5,"Puma Yoga Mat designed for quality, durability and everyday use.",3.6,356,2023-03-27,True
2541,Nestle Plus Milk Powder,8,499,Nestle,GRO-NES-02541,1034.87,704.43,40,"Nestle Milk Powder designed for quality, durability and everyday use.",4.8,477,2019-02-03,True
2542,Aashirvaad Ultra Tea,8,499,Aashirvaad,GRO-AAS-02542,480.09,344.54,10,"Aashirvaad Tea designed for quality, durability and everyday use.",3.9,108,2025-02-19,True
2543,Nestle Smart Coffee,8,499,Nestle,GRO-NES-02543,194.43,129.65,40,"Nestle Coffee designed for quality, durability and everyday use.",4.7,725,2020-10-09,True
2544,Tata Smart Rice,8,499,Tata,GRO-TAT-02544,1134.22,626.92,5,"Tata Rice designed for quality, durability and everyday use.",4.1,120,2022-07-04,True
2545,Nestle Smart Rice,8,499,Nestle,GRO-NES-02545,1042.43,638.17,0,"Nestle Rice designed for quality, durability and everyday use.",4.3,380,2022-12-03,True
2546,Aashirvaad Smart Milk Powder,8,499,Aashirvaad,GRO-AAS-02546,1142.23,954.02,10,"Aashirvaad Milk Powder designed for quality, durability and everyday use.",4.8,192,2023-09-07,True
2547,Nestle Premium Milk Powder,8,499,Nestle,GRO-NES-02547,1916.21,1188.06,10,"Nestle Milk Powder designed for quality, durability and everyday use.",4.5,269,2023-07-10,True
2548,Nestle Smart Oil,8,500,Nestle,GRO-NES-02548,295.88,227.55,10,"Nestle Oil designed for quality, durability and everyday use.",4.2,468,2022-11-11,True
2549,Nestle Elite Milk Powder,8,500,Nestle,GRO-NES-02549,1677.69,1089.69,15,"Nestle Milk Powder designed for quality, durability and everyday use.",4.9,156,2025-01-22,True
2550,Fortune Ultra Coffee,8,500,Fortune,GRO-FOR-02550,1447.96,1187.79,20,"Fortune Coffee designed for quality, durability and everyday use.",4.9,482,2021-05-17,True
2551,Amul Eco Coffee,8,500,Amul,GRO-AMU-02551,718.55,510.57,5,"Amul Coffee designed for quality, durability and everyday use.",3.8,146,2025-04-18,True
2552,Nestle Pro Tea,8,500,Nestle,GRO-NES-02552,681.7,487.76,10,"Nestle Tea designed for quality, durability and everyday use.",4.8,586,2021-10-28,True
