return_id,order_id,order_item_id,customer_id,product_id,seller_id,return_date,days_after_delivery,return_type,return_reason,return_channel,return_status,refund_status,refund_amount,reverse_shipping_cost,pickup_status,pickup_date,quality_check_status,return_condition,replacement_requested,replacement_status
1,1,2,175,457,94,2023-01-17,9,Refund,Wrong Product,Website,Approved,Pending,1656.1,44.05,Scheduled,2023-01-18,Pending,Unused,False,Not Applicable
2,12,26,913,1329,264,2023-01-20,15,Refund,Product Not As Expected,Mobile App,Rejected,Not Applicable,0.0,154.41,Failed,,Pending,Used,False,Not Applicable
3,17,35,1079,627,126,2023-01-10,8,Replacement,Damaged Product,Website,Rejected,Not Applicable,0.0,98.01,Failed,,Pending,Damaged,True,Completed
4,21,44,5079,2051,402,2023-01-28,21,Refund,Changed Mind,Mobile App,Completed,Processing,28107.9,132.69,Completed,2023-01-31,Passed,Opened,False,Not Applicable
5,23,48,5803,2454,481,2023-01-19,11,Refund,Late Delivery,Website,Requested,Processing,2685.34,89.34,Pending,,Pending,Damaged,False,Not Applicable
6,31,62,2955,2209,432,2023-01-14,4,Refund,Product Not As Expected,Website,Approved,Processing,22009.98,109.37,Scheduled,2023-01-17,Pending,Damaged,False,Not Applicable
7,32,65,3283,2361,463,2023-01-28,24,Refund,Quality Issue,Website,Completed,Completed,3370.72,30.49,Completed,2023-01-30,Passed,Damaged,False,Not Applicable
8,46,93,6529,39,9,2023-02-03,24,Refund,Missing Parts,Mobile App,Requested,Processing,8681.06,109.15,Pending,,Pending,Used,False,Not Applicable
9,52,106,2414,379,75,2023-01-09,1,Refund,Damaged Product,Mobile App,Approved,Pending,68402.52,165.81,Pending,,Pending,Unused,False,Not Applicable
10,53,108,3422,181,36,2023-01-19,8,Refund,Late Delivery,Mobile App,Picked Up,Processing,1147.75,58.56,Scheduled,2023-01-21,Pending,Damaged,False,Not Applicable
11,67,138,8808,2078,409,2023-01-26,18,Replacement,Damaged Product,Mobile App,Rejected,Not Applicable,0.0,62.06,Failed,,Pending,Damaged,True,Cancelled
12,68,140,696,1553,307,2023-01-23,13,Refund,Product Not As Expected,Mobile App,Pickup Scheduled,Processing,4693.47,62.66,Scheduled,2023-01-24,Pending,Used,False,Not Applicable
13,69,141,2648,1245,247,2023-02-03,24,Refund,Wrong Product,Mobile App,Completed,Completed,2979.56,157.7,Completed,2023-02-06,Passed,Unused,False,Not Applicable
14,70,142,2961,1320,263,2023-01-13,3,Replacement,Wrong Product,Customer Support,Approved,Not Applicable,0.0,92.88,Pending,,Pending,Unused,True,Requested
15,76,155,8022,2284,448,2023-01-22,15,Replacement,Wrong Product,Mobile App,Picked Up,Not Applicable,0.0,169.99,Scheduled,2023-01-25,Pending,Used,True,Processing
16,82,165,5521,1113,223,2023-02-04,27,Refund,Wrong Product,Customer Support,Completed,Processing,852.27,70.85,Completed,2023-02-05,Passed,Opened,False,Not Applicable
17,90,179,7915,112,21,2023-01-31,25,Refund,Missing Parts,Website,Rejected,Not Applicable,0.0,114.14,Failed,,Pending,Damaged,False,Not Applicable
18,92,184,8738,1927,376,2023-01-22,12,Refund,Damaged Product,Mobile App,Approved,Processing,1435.57,61.51,Pending,,Pending,Used,False,Not Applicable
19,99,197,148,1236,246,2023-02-05,24,Exchange,Product Not As Expected,Website,Completed,Not Applicable,0.0,148.11,Completed,2023-02-08,Passed,Used,True,Processing
20,105,208,2751,1553,307,2023-01-19,7,Refund,Size/Fit Issue,Customer Support,Approved,Processing,3293.66,131.93,Scheduled,2023-01-22,Pending,Damaged,False,Not Applicable
21,106,211,2886,1395,277,2023-02-10,29,Exchange,Quality Issue,Mobile App,Approved,Not Applicable,0.0,120.93,Scheduled,2023-02-12,Pending,Used,True,Cancelled
22,108,217,4325,2011,392,2023-02-13,30,Replacement,Product Not As Expected,Website,Completed,Not Applicable,0.0,123.47,Completed,2023-02-14,Passed,Unused,True,Completed
23,131,265,7407,1426,283,2023-01-29,16,Replacement,Product Not As Expected,Mobile App,Completed,Not Applicable,0.0,89.95,Completed,2023-02-01,Passed,Damaged,True,Cancelled
24,156,316,6767,1046,209,2023-02-15,27,Refund,Damaged Product,Website,Completed,Completed,15603.84,74.79,Completed,2023-02-17,Passed,Used,False,Not Applicable
25,174,355,3467,1817,355,2023-01-27,12,Refund,Damaged Product,Website,Requested,Pending,15730.82,123.2,Pending,,Pending,Unused,False,Not Applicable
26,189,387,3385,374,73,2023-02-06,18,Refund,Late Delivery,Website,Pickup Scheduled,Pending,28787.46,125.34,Completed,2023-02-08,Pending,Used,False,Not Applicable
27,199,408,862,216,43,2023-02-14,28,Refund,Quality Issue,Website,Picked Up,Processing,1302.88,113.37,Completed,2023-02-17,Passed,Used,False,Not Applicable
28,206,421,5486,296,59,2023-01-29,10,Refund,Quality Issue,Website,Completed,Completed,2693.87,179.49,Completed,2023-02-01,Passed,Damaged,False,Not Applicable
29,219,445,8570,315,62,2023-01-23,2,Refund,Missing Parts,Website,Completed,Completed,9540.66,100.41,Completed,2023-01-24,Passed,Used,False,Not Applicable
30,220,448,8902,1843,360,2023-02-11,28,Refund,Changed Mind,Mobile App,Completed,Completed,12091.44,151.67,Completed,2023-02-14,Pending,Opened,False,Not Applicable
31,226,463,4561,2438,477,2023-02-11,24,Refund,Changed Mind,Mobile App,Completed,Pending,9343.12,53.48,Completed,2023-02-12,Passed,Unused,False,Not Applicable
32,228,467,7062,878,176,2023-01-24,10,Replacement,Changed Mind,Mobile App,Completed,Not Applicable,0.0,93.77,Completed,2023-01-25,Failed,Damaged,True,Processing
33,231,472,8852,1380,275,2023-01-26,6,Replacement,Late Delivery,Customer Support,Picked Up,Not Applicable,0.0,171.4,Completed,2023-01-27,Passed,Used,True,Cancelled
34,233,476,79,1820,355,2023-01-31,14,Replacement,Damaged Product,Mobile App,Completed,Not Applicable,0.0,116.44,Completed,2023-02-03,Passed,Unused,True,Completed
35,243,496,8783,613,124,2023-01-19,3,Refund,Product Not As Expected,Website,Pickup Scheduled,Pending,402.93,123.4,Completed,2023-01-21,Pending,Used,False,Not Applicable
36,244,499,1947,2162,425,2023-01-26,9,Refund,Product Not As Expected,Website,Completed,Completed,37679.52,121.33,Completed,2023-01-27,Failed,Damaged,False,Not Applicable
37,273,556,7209,532,108,2023-02-15,24,Refund,Changed Mind,Mobile App,Completed,Completed,2974.1,104.3,Completed,2023-02-18,Failed,Damaged,False,Not Applicable
38,273,557,7209,2507,492,2023-02-08,17,Exchange,Wrong Product,Website,Pickup Scheduled,Not Applicable,0.0,138.37,Completed,2023-02-09,Passed,Damaged,True,Requested
39,287,582,9558,536,109,2023-01-24,3,Refund,Wrong Product,Customer Support,Completed,Completed,7585.61,144.06,Completed,2023-01-26,Failed,Damaged,False,Not Applicable
40,289,587,2632,2521,495,2023-01-29,11,Replacement,Wrong Product,Mobile App,Approved,Not Applicable,0.0,55.5,Pending,,Pending,Damaged,True,Processing
41,290,588,3346,653,131,2023-02-15,28,Refund,Changed Mind,Customer Support,Completed,Processing,9315.53,68.3,Completed,2023-02-17,Passed,Damaged,False,Not Applicable
42,290,589,3346,778,156,2023-02-13,26,Refund,Late Delivery,Mobile App,Approved,Processing,5835.64,125.84,Scheduled,2023-02-16,Pending,Used,False,Not Applicable
43,300,607,9607,2128,418,2023-02-10,20,Replacement,Wrong Product,Website,Completed,Not Applicable,0.0,125.49,Completed,2023-02-11,Passed,Used,True,Processing
44,317,648,1035,1935,377,2023-02-12,18,Refund,Product Not As Expected,Website,Pickup Scheduled,Processing,73660.62,33.75,Completed,2023-02-13,Passed,Damaged,False,Not Applicable
45,321,655,3675,1712,337,2023-02-20,27,Refund,Product Not As Expected,Mobile App,Completed,Processing,7806.71,47.42,Completed,2023-02-21,Passed,Damaged,False,Not Applicable
46,334,683,4386,2311,453,2023-01-31,9,Refund,Product Not As Expected,Mobile App,Approved,Pending,228.18,148.02,Pending,,Pending,Unused,False,Not Applicable
47,337,687,7476,228,46,2023-02-14,25,Refund,Missing Parts,Mobile App,Picked Up,Pending,7364.19,178.13,Scheduled,2023-02-16,Pending,Opened,False,Not Applicable
48,341,696,8613,1534,303,2023-02-01,9,Refund,Late Delivery,Mobile App,Completed,Pending,5714.0,97.8,Completed,2023-02-03,Passed,Unused,False,Not Applicable
49,345,707,1523,463,95,2023-02-10,16,Replacement,Wrong Product,Mobile App,Pickup Scheduled,Not Applicable,0.0,39.85,Completed,2023-02-11,Passed,Used,True,Processing
50,360,735,3574,868,173,2023-02-16,27,Refund,Wrong Product,Website,Pickup Scheduled,Pending,220.21,161.04,Completed,2023-02-19,Pending,Used,False,Not Applicable
51,362,739,6094,1625,321,2023-02-02,10,Replacement,Late Delivery,Website,Pickup Scheduled,Not Applicable,0.0,157.09,Scheduled,2023-02-05,Pending,Damaged,True,Processing
52,372,759,5638,1999,389,2023-02-01,9,Replacement,Quality Issue,Mobile App,Pickup Scheduled,Not Applicable,0.0,51.28,Scheduled,2023-02-02,Pending,Damaged,True,Requested
53,373,761,6600,1175,235,2023-02-19,24,Refund,Changed Mind,Mobile App,Pickup Scheduled,Processing,13496.17,162.5,Completed,2023-02-22,Passed,Unused,False,Not Applicable
54,376,765,9799,1095,219,2023-01-23,3,Refund,Changed Mind,Website,Completed,Completed,2884.28,81.78,Completed,2023-01-24,Passed,Unused,False,Not Applicable
55,382,775,2957,1948,380,2023-02-03,7,Refund,Damaged Product,Website,Approved,Processing,3000.28,104.61,Scheduled,2023-02-04,Pending,Unused,False,Not Applicable
56,389,789,4284,1538,304,2023-02-04,11,Refund,Product Not As Expected,Website,Picked Up,Processing,85011.68,174.93,Scheduled,2023-02-06,Pending,Unused,False,Not Applicable
57,394,799,8184,2099,413,2023-02-19,28,Refund,Quality Issue,Website,Pickup Scheduled,Pending,1586.08,165.89,Scheduled,2023-02-22,Pending,Opened,False,Not Applicable
58,406,824,2876,992,199,2023-02-12,15,Replacement,Damaged Product,Mobile App,Completed,Not Applicable,0.0,38.53,Completed,2023-02-13,Passed,Damaged,True,Requested
59,406,826,2876,1241,247,2023-02-25,28,Exchange,Late Delivery,Website,Requested,Not Applicable,0.0,166.36,Scheduled,2023-02-28,Pending,Unused,True,Cancelled
60,414,847,9220,1854,361,2023-02-22,23,Refund,Changed Mind,Mobile App,Pickup Scheduled,Processing,1564.27,148.38,Completed,2023-02-24,Passed,Unused,False,Not Applicable
61,415,849,1899,674,136,2023-01-28,4,Refund,Quality Issue,Website,Pickup Scheduled,Pending,21227.97,167.51,Completed,2023-01-29,Passed,Opened,False,Not Applicable
62,423,867,886,2093,412,2023-02-07,10,Refund,Product Not As Expected,Mobile App,Approved,Pending,797.75,74.37,Pending,,Pending,Unused,False,Not Applicable
63,434,886,1776,1799,351,2023-02-06,12,Replacement,Changed Mind,Website,Approved,Not Applicable,0.0,174.84,Scheduled,2023-02-07,Pending,Opened,True,Completed
64,443,904,7837,1468,291,2023-02-15,16,Replacement,Damaged Product,Website,Picked Up,Not Applicable,0.0,70.92,Scheduled,2023-02-17,Pending,Unused,True,Processing
65,448,913,1250,338,67,2023-02-02,2,Refund,Changed Mind,Customer Support,Pickup Scheduled,Processing,8968.47,169.62,Scheduled,2023-02-03,Pending,Used,False,Not Applicable
66,455,924,2531,1568,310,2023-02-01,3,Refund,Damaged Product,Website,Approved,Processing,4484.82,65.65,Pending,,Pending,Used,False,Not Applicable
67,457,929,7311,2524,496,2023-02-27,27,Exchange,Size/Fit Issue,Website,Picked Up,Not Applicable,0.0,94.39,Scheduled,2023-03-02,Pending,Opened,True,Completed
68,461,936,1945,773,155,2023-02-15,17,Refund,Late Delivery,Website,Completed,Completed,1563.57,177.16,Completed,2023-02-17,Pending,Damaged,False,Not Applicable
69,461,938,1945,1605,318,2023-02-24,26,Refund,Product Not As Expected,Website,Approved,Processing,291.89,82.84,Pending,,Pending,Unused,False,Not Applicable
70,468,952,6139,1271,254,2023-02-05,7,Refund,Wrong Product,Mobile App,Approved,Processing,16795.29,68.0,Scheduled,2023-02-08,Pending,Damaged,False,Not Applicable
71,478,972,4045,1718,338,2023-02-15,20,Exchange,Quality Issue,Mobile App,Approved,Not Applicable,0.0,75.97,Pending,,Pending,Used,True,Completed
72,482,977,7518,33,7,2023-02-26,28,Exchange,Changed Mind,Mobile App,Completed,Not Applicable,0.0,106.96,Completed,2023-02-27,Pending,Damaged,True,Completed
73,483,980,8501,801,161,2023-02-28,28,Replacement,Wrong Product,Mobile App,Completed,Not Applicable,0.0,87.43,Completed,2023-03-01,Passed,Used,True,Completed
74,506,1016,7926,1568,310,2023-02-20,18,Refund,Damaged Product,Website,Approved,Pending,4484.82,48.2,Scheduled,2023-02-23,Pending,Opened,False,Not Applicable
75,508,1020,9517,1209,241,2023-02-13,18,Refund,Late Delivery,Mobile App,Picked Up,Pending,3948.65,179.94,Scheduled,2023-02-15,Pending,Damaged,False,Not Applicable
76,510,1025,513,2227,435,2023-02-10,11,Replacement,Quality Issue,Mobile App,Pickup Scheduled,Not Applicable,0.0,154.71,Scheduled,2023-02-11,Pending,Damaged,True,Requested
77,516,1037,6480,2424,474,2023-02-04,7,Replacement,Damaged Product,Website,Picked Up,Not Applicable,0.0,55.68,Scheduled,2023-02-07,Pending,Opened,True,Processing
78,518,1042,8459,2157,423,2023-03-04,28,Refund,Quality Issue,Website,Requested,Processing,2132.91,163.35,Pending,,Pending,Damaged,False,Not Applicable
79,533,1068,4852,924,185,2023-02-14,13,Replacement,Missing Parts,Website,Pickup Scheduled,Not Applicable,0.0,104.81,Completed,2023-02-15,Passed,Damaged,True,Cancelled
80,534,1070,5422,304,60,2023-02-13,13,Refund,Changed Mind,Website,Rejected,Not Applicable,0.0,37.58,Failed,,Pending,Unused,False,Not Applicable
81,544,1087,5690,1520,300,2023-02-20,17,Refund,Size/Fit Issue,Mobile App,Picked Up,Pending,3353.12,113.67,Completed,2023-02-22,Passed,Used,False,Not Applicable
82,546,1092,6663,620,125,2023-02-06,2,Refund,Product Not As Expected,Website,Pickup Scheduled,Pending,3288.36,54.38,Scheduled,2023-02-08,Pending,Used,False,Not Applicable
83,556,1112,1918,154,30,2023-02-20,16,Refund,Late Delivery,Website,Completed,Completed,2426.78,52.17,Completed,2023-02-23,Passed,Damaged,False,Not Applicable
84,556,1114,1918,1938,378,2023-02-27,23,Refund,Quality Issue,Mobile App,Requested,Processing,2909.46,105.27,Pending,,Pending,Damaged,False,Not Applicable
85,580,1160,3973,750,150,2023-02-23,23,Refund,Product Not As Expected,Mobile App,Completed,Completed,48631.08,169.95,Completed,2023-02-24,Passed,Used,False,Not Applicable
86,584,1169,6679,2171,426,2023-02-20,14,Refund,Missing Parts,Mobile App,Picked Up,Pending,226899.34,161.76,Completed,2023-02-23,Failed,Damaged,False,Not Applicable
87,600,1203,198,2096,413,2023-02-26,19,Replacement,Quality Issue,Mobile App,Completed,Not Applicable,0.0,157.66,Completed,2023-03-01,Passed,Damaged,True,Processing
88,615,1235,5873,2127,418,2023-02-25,21,Refund,Size/Fit Issue,Mobile App,Approved,Pending,804.25,133.54,Scheduled,2023-02-28,Pending,Used,False,Not Applicable
89,633,1272,6332,2483,487,2023-02-11,5,Refund,Wrong Product,Website,Picked Up,Processing,8466.58,152.47,Scheduled,2023-02-13,Pending,Used,False,Not Applicable
90,635,1275,8270,1225,243,2023-02-23,12,Replacement,Damaged Product,Customer Support,Picked Up,Not Applicable,0.0,91.33,Scheduled,2023-02-25,Pending,Unused,True,Completed
91,643,1296,8215,832,166,2023-02-09,1,Exchange,Product Not As Expected,Website,Picked Up,Not Applicable,0.0,53.27,Scheduled,2023-02-10,Pending,Damaged,True,Completed
92,644,1300,8254,2239,438,2023-03-03,22,Refund,Wrong Product,Mobile App,Completed,Pending,2509.75,66.71,Completed,2023-03-06,Pending,Unused,False,Not Applicable
93,644,1301,8254,2472,485,2023-02-24,15,Refund,Wrong Product,Mobile App,Approved,Processing,3284.2,116.62,Pending,,Pending,Used,False,Not Applicable
94,654,1319,5086,1315,262,2023-02-22,12,Exchange,Late Delivery,Mobile App,Completed,Not Applicable,0.0,57.58,Completed,2023-02-24,Passed,Used,True,Cancelled
95,658,1326,9544,686,138,2023-02-22,14,Exchange,Damaged Product,Mobile App,Picked Up,Not Applicable,0.0,157.07,Completed,2023-02-23,Passed,Unused,True,Cancelled
96,668,1345,9083,1615,319,2023-03-09,30,Refund,Product Not As Expected,Customer Support,Completed,Completed,959.69,112.81,Completed,2023-03-12,Passed,Opened,False,Not Applicable
97,690,1392,6849,1995,388,2023-02-15,2,Replacement,Product Not As Expected,Mobile App,Requested,Not Applicable,0.0,156.38,Pending,,Pending,Damaged,True,Processing
98,693,1396,9817,944,188,2023-02-27,17,Refund,Product Not As Expected,Website,Requested,Processing,3581.61,109.83,Scheduled,2023-02-28,Pending,Unused,False,Not Applicable
99,694,1398,555,1684,332,2023-03-05,24,Refund,Wrong Product,Website,Rejected,Not Applicable,0.0,150.93,Failed,,Pending,Damaged,False,Not Applicable
100,707,1426,1916,842,168,2023-02-13,1,Replacement,Changed Mind,Website,Requested,Not Applicable,0.0,64.46,Scheduled,2023-02-16,Pending,Unused,True,Requested
101,715,1443,3706,2495,490,2023-02-19,7,Refund,Product Not As Expected,Website,Completed,Completed,1545.23,115.0,Completed,2023-02-21,Passed,Opened,False,Not Applicable
102,722,1456,9597,1424,283,2023-03-11,24,Exchange,Product Not As Expected,Mobile App,Requested,Not Applicable,0.0,175.34,Pending,,Pending,Used,True,Cancelled
103,729,1473,2153,2272,446,2023-02-19,9,Refund,Product Not As Expected,Mobile App,Completed,Completed,11766.54,171.44,Completed,2023-02-21,Pending,Unused,False,Not Applicable
104,736,1490,6931,413,83,2023-02-22,14,Refund,Late Delivery,Customer Support,Requested,Pending,29164.88,55.43,Pending,,Pending,Damaged,False,Not Applicable
105,743,1505,9189,2326,456,2023-02-25,13,Refund,Quality Issue,Mobile App,Completed,Completed,1630.88,50.42,Completed,2023-02-28,Failed,Damaged,False,Not Applicable
106,765,1548,5691,904,181,2023-03-08,20,Refund,Late Delivery,Customer Support,Pickup Scheduled,Processing,13329.72,46.41,Scheduled,2023-03-10,Pending,Unused,False,Not Applicable
107,787,1587,6430,1027,206,2023-02-18,2,Replacement,Quality Issue,Website,Approved,Not Applicable,0.0,112.79,Pending,,Pending,Opened,True,Processing
108,794,1600,5903,395,79,2023-02-26,7,Refund,Damaged Product,Website,Completed,Completed,133301.45,59.56,Completed,2023-03-01,Passed,Used,False,Not Applicable
109,824,1661,8161,2299,450,2023-02-23,8,Refund,Changed Mind,Website,Approved,Processing,3658.75,70.18,Pending,,Pending,Unused,False,Not Applicable
110,831,1674,6644,1250,249,2023-03-01,9,Refund,Changed Mind,Website,Completed,Processing,8182.27,159.16,Completed,2023-03-02,Passed,Used,False,Not Applicable
111,842,1699,6419,563,114,2023-02-26,9,Replacement,Damaged Product,Mobile App,Approved,Not Applicable,0.0,51.33,Scheduled,2023-02-27,Pending,Damaged,True,Cancelled
112,844,1703,8475,2480,487,2023-03-13,26,Replacement,Late Delivery,Website,Requested,Not Applicable,0.0,117.29,Scheduled,2023-03-15,Pending,Damaged,True,Completed
113,854,1724,7076,831,166,2023-03-10,21,Replacement,Size/Fit Issue,Customer Support,Picked Up,Not Applicable,0.0,178.78,Scheduled,2023-03-12,Pending,Damaged,True,Requested
114,860,1737,5138,1890,368,2023-03-16,21,Refund,Damaged Product,Mobile App,Completed,Pending,6166.38,41.69,Completed,2023-03-17,Pending,Damaged,False,Not Applicable
115,862,1741,5768,555,112,2023-03-03,11,Replacement,Product Not As Expected,Website,Rejected,Not Applicable,0.0,64.34,Failed,,Pending,Damaged,True,Requested
116,867,1755,3012,1183,236,2023-03-10,19,Refund,Changed Mind,Mobile App,Completed,Processing,2897.2,122.41,Completed,2023-03-13,Passed,Damaged,False,Not Applicable
117,874,1772,9205,2372,465,2023-03-18,28,Replacement,Late Delivery,Website,Pickup Scheduled,Not Applicable,0.0,126.93,Scheduled,2023-03-21,Pending,Damaged,True,Completed
118,878,1779,1203,1982,386,2023-03-22,29,Exchange,Quality Issue,Mobile App,Rejected,Not Applicable,0.0,111.95,Failed,,Pending,Damaged,True,Completed
119,880,1783,2814,2039,399,2023-03-14,19,Refund,Damaged Product,Customer Support,Approved,Processing,416246.13,93.54,Scheduled,2023-03-17,Pending,Damaged,False,Not Applicable
120,882,1789,4695,2521,495,2023-03-26,30,Refund,Wrong Product,Mobile App,Completed,Completed,3012.01,76.53,Completed,2023-03-29,Passed,Unused,False,Not Applicable
121,886,1797,3026,1944,379,2023-03-13,22,Replacement,Wrong Product,Mobile App,Completed,Not Applicable,0.0,172.95,Completed,2023-03-14,Passed,Opened,True,Cancelled
122,892,1810,278,2151,422,2023-03-18,26,Refund,Quality Issue,Website,Picked Up,Pending,1008.38,104.94,Completed,2023-03-20,Passed,Unused,False,Not Applicable
123,899,1822,5781,93,18,2023-03-22,28,Refund,Quality Issue,Mobile App,Requested,Pending,6356.15,112.93,Pending,,Pending,Unused,False,Not Applicable
124,902,1830,2292,1111,223,2023-03-01,12,Refund,Wrong Product,Mobile App,Completed,Completed,7213.05,40.34,Completed,2023-03-02,Failed,Damaged,False,Not Applicable
125,905,1836,4753,1606,318,2023-03-02,7,Refund,Product Not As Expected,Website,Completed,Completed,9334.69,179.67,Completed,2023-03-05,Failed,Damaged,False,Not Applicable
126,908,1843,9665,1919,374,2023-03-15,18,Refund,Size/Fit Issue,Customer Support,Completed,Pending,2197.1,45.59,Completed,2023-03-18,Passed,Used,False,Not Applicable
127,912,1849,2838,700,141,2023-02-26,5,Replacement,Damaged Product,Website,Requested,Not Applicable,0.0,176.18,Scheduled,2023-03-01,Pending,Used,True,Cancelled
128,914,1854,4633,2419,473,2023-03-11,19,Refund,Damaged Product,Mobile App,Completed,Processing,2609.5,88.94,Completed,2023-03-13,Failed,Damaged,False,Not Applicable
129,929,1885,4378,1789,349,2023-03-01,10,Refund,Wrong Product,Customer Support,Rejected,Not Applicable,0.0,113.39,Failed,,Pending,Damaged,False,Not Applicable
130,932,1891,5548,2041,399,2023-03-22,25,Exchange,Product Not As Expected,Mobile App,Approved,Not Applicable,0.0,33.27,Pending,,Pending,Used,True,Requested
131,932,1892,5548,2056,404,2023-03-26,29,Replacement,Wrong Product,Customer Support,Completed,Not Applicable,0.0,55.2,Completed,2023-03-28,Pending,Damaged,True,Requested
132,934,1896,6658,1905,371,2023-03-15,22,Refund,Missing Parts,Mobile App,Pickup Scheduled,Processing,886.34,127.09,Scheduled,2023-03-16,Pending,Opened,False,Not Applicable
133,939,1908,2301,112,21,2023-03-08,13,Replacement,Product Not As Expected,Mobile App,Pickup Scheduled,Not Applicable,0.0,119.57,Completed,2023-03-10,Passed,Unused,True,Completed
134,939,1909,2301,1175,235,2023-03-21,26,Replacement,Changed Mind,Website,Requested,Not Applicable,0.0,67.18,Pending,,Pending,Opened,True,Requested
135,951,1937,3994,426,87,2023-02-26,2,Refund,Product Not As Expected,Mobile App,Approved,Pending,72926.48,137.54,Pending,,Pending,Used,False,Not Applicable
136,953,1941,5733,2456,481,2023-03-17,19,Replacement,Wrong Product,Website,Approved,Not Applicable,0.0,117.9,Scheduled,2023-03-18,Pending,Used,True,Cancelled
137,969,1968,1042,1393,277,2023-03-19,23,Exchange,Late Delivery,Mobile App,Pickup Scheduled,Not Applicable,0.0,51.1,Completed,2023-03-22,Passed,Unused,True,Cancelled
138,974,1981,6107,2198,430,2023-03-08,9,Replacement,Damaged Product,Mobile App,Completed,Not Applicable,0.0,103.96,Completed,2023-03-11,Passed,Opened,True,Cancelled
139,979,1990,63,904,181,2023-03-27,28,Refund,Quality Issue,Customer Support,Requested,Pending,8886.48,54.14,Scheduled,2023-03-28,Pending,Damaged,False,Not Applicable
140,981,1994,1504,495,101,2023-03-28,29,Exchange,Product Not As Expected,Website,Pickup Scheduled,Not Applicable,0.0,38.03,Completed,2023-03-31,Passed,Damaged,True,Processing
141,988,2008,8326,1234,245,2023-02-25,1,Refund,Product Not As Expected,Website,Approved,Processing,20509.79,33.86,Pending,,Pending,Unused,False,Not Applicable
142,1002,2031,93,245,50,2023-03-25,25,Replacement,Product Not As Expected,Mobile App,Requested,Not Applicable,0.0,156.12,Scheduled,2023-03-28,Pending,Opened,True,Requested
143,1005,2039,2943,1011,202,2023-03-26,29,Replacement,Late Delivery,Customer Support,Requested,Not Applicable,0.0,55.93,Pending,,Pending,Unused,True,Cancelled
144,1011,2053,7518,1518,300,2023-03-12,13,Refund,Wrong Product,Website,Picked Up,Pending,5651.7,114.99,Completed,2023-03-13,Passed,Opened,False,Not Applicable
145,1020,2075,8184,358,70,2023-03-18,16,Exchange,Wrong Product,Mobile App,Completed,Not Applicable,0.0,175.87,Completed,2023-03-20,Passed,Damaged,True,Requested
146,1027,2090,3318,682,138,2023-03-21,26,Refund,Late Delivery,Mobile App,Pickup Scheduled,Pending,7797.26,155.55,Scheduled,2023-03-22,Pending,Opened,False,Not Applicable
147,1032,2100,8245,596,120,2023-03-15,12,Refund,Product Not As Expected,Website,Pickup Scheduled,Processing,21920.39,142.34,Completed,2023-03-16,Passed,Used,False,Not Applicable
148,1037,2113,2610,1139,227,2023-03-27,25,Exchange,Changed Mind,Customer Support,Completed,Not Applicable,0.0,67.86,Completed,2023-03-30,Passed,Unused,True,Processing
149,1050,2143,8193,72,14,2023-03-12,9,Replacement,Quality Issue,Website,Completed,Not Applicable,0.0,164.95,Completed,2023-03-15,Passed,Opened,True,Processing
150,1055,2155,1439,1441,286,2023-03-21,23,Exchange,Quality Issue,Website,Completed,Not Applicable,0.0,106.1,Completed,2023-03-22,Passed,Damaged,True,Completed
151,1072,2186,1948,878,176,2023-04-03,29,Refund,Product Not As Expected,Mobile App,Approved,Processing,545.83,50.6,Scheduled,2023-04-04,Pending,Opened,False,Not Applicable
152,1080,2199,4608,692,139,2023-03-08,9,Refund,Late Delivery,Website,Completed,Completed,3604.48,125.02,Completed,2023-03-09,Pending,Damaged,False,Not Applicable
153,1083,2203,7230,1119,224,2023-03-09,7,Replacement,Quality Issue,Website,Rejected,Not Applicable,0.0,131.51,Failed,,Pending,Opened,True,Requested
154,1104,2240,5338,1377,274,2023-04-01,29,Replacement,Late Delivery,Mobile App,Completed,Not Applicable,0.0,133.46,Completed,2023-04-02,Passed,Unused,True,Requested
155,1119,2269,6766,828,166,2023-03-25,16,Exchange,Product Not As Expected,Mobile App,Completed,Not Applicable,0.0,155.28,Completed,2023-03-26,Pending,Unused,True,Requested
156,1128,2287,3265,1138,227,2023-03-12,10,Refund,Changed Mind,Website,Completed,Pending,3854.35,129.5,Completed,2023-03-13,Pending,Opened,False,Not Applicable
157,1138,2306,156,558,113,2023-03-29,28,Refund,Product Not As Expected,Website,Pickup Scheduled,Processing,1736.87,146.87,Scheduled,2023-04-01,Pending,Damaged,False,Not Applicable
158,1142,2316,3883,937,187,2023-03-30,21,Refund,Changed Mind,Customer Support,Completed,Completed,15964.73,94.93,Completed,2023-04-01,Passed,Unused,False,Not Applicable
159,1146,2325,7094,776,156,2023-04-02,30,Refund,Changed Mind,Website,Completed,Pending,1050.74,175.52,Completed,2023-04-04,Passed,Used,False,Not Applicable
160,1146,2326,7094,1714,337,2023-03-11,8,Refund,Damaged Product,Mobile App,Pickup Scheduled,Processing,1082.1,77.41,Completed,2023-03-12,Passed,Damaged,False,Not Applicable
161,1148,2329,8034,43,9,2023-03-21,13,Refund,Damaged Product,Website,Picked Up,Processing,7802.73,172.55,Scheduled,2023-03-24,Pending,Damaged,False,Not Applicable
162,1148,2331,8034,1877,365,2023-03-16,8,Replacement,Late Delivery,Website,Pickup Scheduled,Not Applicable,0.0,30.33,Completed,2023-03-19,Passed,Unused,True,Processing
163,1161,2355,9632,1809,353,2023-03-31,21,Replacement,Changed Mind,Mobile App,Picked Up,Not Applicable,0.0,112.98,Scheduled,2023-04-02,Pending,Unused,True,Requested
164,1188,2412,6781,1618,320,2023-03-12,4,Refund,Damaged Product,Mobile App,Approved,Pending,5417.29,51.96,Scheduled,2023-03-15,Pending,Used,False,Not Applicable
165,1189,2413,6858,110,21,2023-04-07,26,Refund,Damaged Product,Mobile App,Completed,Completed,51615.89,141.36,Completed,2023-04-10,Passed,Opened,False,Not Applicable
166,1199,2433,4418,661,133,2023-03-21,9,Refund,Changed Mind,Website,Completed,Completed,51328.98,143.27,Completed,2023-03-24,Passed,Used,False,Not Applicable
167,1214,2456,3498,1809,353,2023-04-07,30,Replacement,Quality Issue,Mobile App,Completed,Not Applicable,0.0,108.81,Completed,2023-04-10,Passed,Unused,True,Completed
168,1226,2480,2933,809,163,2023-04-09,29,Refund,Wrong Product,Mobile App,Completed,Completed,6336.18,107.15,Completed,2023-04-11,Pending,Used,False,Not Applicable
169,1240,2505,1369,668,135,2023-04-02,22,Refund,Quality Issue,Mobile App,Picked Up,Pending,403.06,113.71,Scheduled,2023-04-03,Pending,Used,False,Not Applicable
170,1245,2512,8687,2342,459,2023-03-30,22,Refund,Product Not As Expected,Website,Requested,Pending,1712.76,169.21,Pending,,Pending,Used,False,Not Applicable
171,1261,2540,1527,470,96,2023-03-31,20,Refund,Wrong Product,Mobile App,Picked Up,Processing,1188.63,54.14,Scheduled,2023-04-02,Pending,Opened,False,Not Applicable
172,1270,2555,7206,1009,201,2023-03-16,4,Refund,Wrong Product,Mobile App,Picked Up,Pending,3768.16,165.02,Scheduled,2023-03-18,Pending,Unused,False,Not Applicable
173,1275,2568,857,504,103,2023-03-26,8,Replacement,Product Not As Expected,Mobile App,Completed,Not Applicable,0.0,99.43,Completed,2023-03-28,Pending,Used,True,Cancelled
174,1280,2580,9199,2205,432,2023-03-14,3,Replacement,Size/Fit Issue,Website,Completed,Not Applicable,0.0,112.74,Completed,2023-03-17,Passed,Opened,True,Requested
175,1294,2610,1507,925,185,2023-03-30,12,Refund,Quality Issue,Mobile App,Completed,Completed,6505.2,45.48,Completed,2023-03-31,Pending,Used,False,Not Applicable
176,1299,2621,6422,254,52,2023-03-24,9,Refund,Late Delivery,Mobile App,Completed,Completed,5428.95,163.08,Completed,2023-03-26,Passed,Damaged,False,Not Applicable
177,1299,2622,6422,267,54,2023-04-13,29,Refund,Wrong Product,Website,Approved,Processing,1044.88,58.04,Pending,,Pending,Opened,False,Not Applicable
178,1306,2637,3331,523,106,2023-03-13,2,Refund,Missing Parts,Website,Picked Up,Pending,163299.79,68.74,Scheduled,2023-03-14,Pending,Opened,False,Not Applicable
179,1308,2642,3578,2121,417,2023-04-08,24,Replacement,Size/Fit Issue,Mobile App,Completed,Not Applicable,0.0,55.59,Completed,2023-04-11,Failed,Damaged,True,Cancelled
180,1320,2666,3909,1387,276,2023-04-15,26,Refund,Damaged Product,Mobile App,Completed,Processing,2123.33,164.55,Completed,2023-04-18,Passed,Unused,False,Not Applicable
181,1323,2674,4825,1205,240,2023-03-29,17,Refund,Product Not As Expected,Website,Completed,Completed,5479.09,93.82,Completed,2023-04-01,Passed,Unused,False,Not Applicable
182,1326,2682,6752,2027,395,2023-04-10,24,Replacement,Wrong Product,Website,Picked Up,Not Applicable,0.0,84.34,Completed,2023-04-13,Passed,Used,True,Cancelled
183,1345,2716,1312,1653,326,2023-03-20,3,Replacement,Late Delivery,Mobile App,Picked Up,Not Applicable,0.0,42.01,Scheduled,2023-03-22,Pending,Opened,True,Completed
184,1345,2717,1312,2203,431,2023-03-30,13,Exchange,Product Not As Expected,Website,Pickup Scheduled,Not Applicable,0.0,31.61,Scheduled,2023-03-31,Pending,Damaged,True,Cancelled
185,1356,2737,6488,1880,366,2023-04-10,23,Refund,Quality Issue,Website,Requested,Processing,34114.52,120.95,Scheduled,2023-04-12,Pending,Opened,False,Not Applicable
186,1360,2744,4,2531,497,2023-03-28,10,Refund,Late Delivery,Customer Support,Approved,Processing,24176.07,145.5,Scheduled,2023-03-30,Pending,Damaged,False,Not Applicable
187,1366,2753,6581,110,21,2023-03-22,4,Refund,Missing Parts,Website,Pickup Scheduled,Pending,154847.68,107.48,Completed,2023-03-24,Failed,Damaged,False,Not Applicable
188,1366,2754,6581,300,59,2023-04-14,27,Refund,Changed Mind,Website,Approved,Processing,2882.8,101.48,Pending,,Pending,Opened,False,Not Applicable
189,1379,2777,4851,685,138,2023-04-03,16,Refund,Late Delivery,Website,Pickup Scheduled,Processing,3111.58,89.68,Scheduled,2023-04-06,Pending,Used,False,Not Applicable
190,1384,2785,4228,276,56,2023-03-30,12,Refund,Damaged Product,Mobile App,Completed,Processing,4267.68,31.77,Completed,2023-04-02,Passed,Unused,False,Not Applicable
191,1410,2832,899,292,58,2023-04-19,27,Refund,Wrong Product,Mobile App,Completed,Completed,4749.59,81.62,Completed,2023-04-21,Passed,Used,False,Not Applicable
192,1415,2846,9416,2124,417,2023-04-05,20,Refund,Changed Mind,Website,Completed,Completed,285.16,157.34,Completed,2023-04-07,Passed,Damaged,False,Not Applicable
193,1416,2847,9690,1749,342,2023-03-28,6,Refund,Product Not As Expected,Mobile App,Pickup Scheduled,Processing,74922.91,142.18,Completed,2023-03-30,Passed,Used,False,Not Applicable
194,1428,2868,7957,30,6,2023-04-12,25,Refund,Size/Fit Issue,Mobile App,Completed,Completed,10701.02,76.41,Completed,2023-04-13,Passed,Damaged,False,Not Applicable
195,1430,2874,2069,235,47,2023-04-13,22,Refund,Changed Mind,Mobile App,Completed,Completed,1846.72,175.43,Completed,2023-04-15,Passed,Opened,False,Not Applicable
196,1437,2891,4312,2040,399,2023-04-20,27,Replacement,Quality Issue,Mobile App,Approved,Not Applicable,0.0,74.94,Pending,,Pending,Damaged,True,Cancelled
197,1446,2911,6401,1590,314,2023-04-09,21,Refund,Wrong Product,Mobile App,Completed,Completed,915.5,57.36,Completed,2023-04-11,Passed,Unused,False,Not Applicable
198,1452,2924,6600,863,172,2023-03-26,2,Exchange,Size/Fit Issue,Mobile App,Requested,Not Applicable,0.0,64.92,Pending,,Pending,Damaged,True,Requested
199,1461,2941,2763,609,123,2023-04-15,25,Refund,Damaged Product,Mobile App,Picked Up,Processing,878.37,87.72,Completed,2023-04-16,Pending,Opened,False,Not Applicable
200,1471,2965,663,2304,452,2023-04-15,22,Refund,Product Not As Expected,Mobile App,Approved,Pending,40250.83,117.7,Pending,,Pending,Used,False,Not Applicable
201,1479,2981,2652,2196,430,2023-04-05,12,Replacement,Damaged Product,Mobile App,Completed,Not Applicable,0.0,139.98,Completed,2023-04-06,Passed,Used,True,Cancelled
202,1480,2982,3129,1525,302,2023-04-09,13,Refund,Size/Fit Issue,Mobile App,Approved,Processing,41640.18,58.47,Scheduled,2023-04-12,Pending,Damaged,False,Not Applicable
203,1484,2990,5280,911,183,2023-03-30,5,Refund,Quality Issue,Mobile App,Completed,Completed,40515.99,162.44,Completed,2023-04-02,Passed,Opened,False,Not Applicable
204,1486,2995,7341,197,40,2023-04-08,18,Replacement,Product Not As Expected,Mobile App,Approved,Not Applicable,0.0,91.47,Pending,,Pending,Used,True,Completed
205,1487,2999,7742,2260,444,2023-03-31,5,Refund,Wrong Product,Mobile App,Requested,Pending,1534.76,128.69,Pending,,Pending,Damaged,False,Not Applicable
206,1489,3005,86,1714,337,2023-04-25,30,Exchange,Wrong Product,Mobile App,Completed,Not Applicable,0.0,149.14,Completed,2023-04-28,Pending,Damaged,True,Completed
207,1489,3006,86,2494,490,2023-04-15,20,Refund,Wrong Product,Website,Requested,Pending,6142.19,45.18,Pending,,Pending,Unused,False,Not Applicable
208,1512,3048,6286,2030,396,2023-03-28,2,Exchange,Changed Mind,Customer Support,Picked Up,Not Applicable,0.0,158.36,Completed,2023-03-29,Passed,Opened,True,Processing
209,1512,3049,6286,2254,441,2023-04-22,27,Exchange,Late Delivery,Website,Completed,Not Applicable,0.0,44.14,Completed,2023-04-25,Failed,Damaged,True,Processing
210,1518,3061,1769,1758,343,2023-04-06,11,Replacement,Product Not As Expected,Website,Approved,Not Applicable,0.0,139.62,Pending,,Pending,Used,True,Requested
211,1520,3063,2647,494,100,2023-03-28,2,Exchange,Changed Mind,Mobile App,Pickup Scheduled,Not Applicable,0.0,38.12,Scheduled,2023-03-29,Pending,Unused,True,Cancelled
212,1564,3154,8714,1742,341,2023-04-02,7,Replacement,Wrong Product,Mobile App,Completed,Not Applicable,0.0,159.64,Completed,2023-04-03,Pending,Used,True,Completed
213,1565,3155,9390,1512,298,2023-04-25,28,Replacement,Changed Mind,Website,Pickup Scheduled,Not Applicable,0.0,57.96,Scheduled,2023-04-27,Pending,Damaged,True,Requested
214,1568,3159,2047,276,56,2023-04-05,8,Exchange,Changed Mind,Mobile App,Pickup Scheduled,Not Applicable,0.0,83.31,Scheduled,2023-04-06,Pending,Used,True,Completed
215,1571,3164,3303,567,115,2023-04-09,9,Replacement,Wrong Product,Customer Support,Completed,Not Applicable,0.0,128.54,Completed,2023-04-11,Passed,Used,True,Cancelled
216,1607,3230,2013,1888,368,2023-04-25,25,Exchange,Changed Mind,Mobile App,Completed,Not Applicable,0.0,39.92,Completed,2023-04-28,Failed,Damaged,True,Processing
217,1611,3239,6402,1003,200,2023-04-21,24,Replacement,Changed Mind,Website,Completed,Not Applicable,0.0,97.74,Completed,2023-04-24,Passed,Unused,True,Requested
218,1612,3241,6841,914,183,2023-04-07,8,Refund,Damaged Product,Website,Pickup Scheduled,Pending,11280.93,89.71,Scheduled,2023-04-09,Pending,Damaged,False,Not Applicable
219,1615,3247,8949,871,174,2023-04-18,17,Exchange,Product Not As Expected,Mobile App,Picked Up,Not Applicable,0.0,92.03,Scheduled,2023-04-19,Pending,Opened,True,Cancelled
220,1639,3305,152,2367,464,2023-05-01,29,Refund,Product Not As Expected,Mobile App,Approved,Processing,61096.86,66.71,Scheduled,2023-05-02,Pending,Unused,False,Not Applicable
221,1641,3310,1197,2364,463,2023-04-08,5,Refund,Damaged Product,Website,Pickup Scheduled,Processing,3801.24,179.06,Completed,2023-04-09,Pending,Damaged,False,Not Applicable
222,1648,3321,8269,1881,366,2023-04-23,25,Refund,Changed Mind,Website,Pickup Scheduled,Processing,19650.72,50.18,Scheduled,2023-04-25,Pending,Damaged,False,Not Applicable
223,1664,3352,5994,2474,485,2023-04-05,1,Refund,Product Not As Expected,Website,Completed,Completed,1016.46,82.45,Completed,2023-04-07,Passed,Used,False,Not Applicable
224,1669,3361,8487,2465,483,2023-04-15,10,Refund,Wrong Product,Mobile App,Pickup Scheduled,Processing,3499.14,154.81,Completed,2023-04-17,Passed,Unused,False,Not Applicable
225,1672,3367,797,1339,266,2023-04-06,5,Refund,Wrong Product,Mobile App,Completed,Completed,15944.52,114.74,Completed,2023-04-09,Pending,Used,False,Not Applicable
226,1673,3370,1693,537,109,2023-04-24,19,Replacement,Wrong Product,Mobile App,Completed,Not Applicable,0.0,177.54,Completed,2023-04-25,Passed,Unused,True,Completed
227,1678,3380,6253,431,88,2023-04-18,14,Refund,Quality Issue,Mobile App,Completed,Completed,165592.51,46.83,Completed,2023-04-19,Passed,Opened,False,Not Applicable
228,1681,3388,8899,1106,222,2023-04-21,16,Exchange,Quality Issue,Customer Support,Approved,Not Applicable,0.0,153.32,Scheduled,2023-04-23,Pending,Opened,True,Requested
229,1687,3399,2450,1998,389,2023-04-30,30,Refund,Wrong Product,Mobile App,Completed,Completed,2199.77,33.37,Completed,2023-05-01,Passed,Used,False,Not Applicable
230,1701,3426,7227,1424,283,2023-04-05,1,Refund,Damaged Product,Mobile App,Completed,Pending,23288.82,122.45,Completed,2023-04-07,Passed,Damaged,False,Not Applicable
231,1715,3454,1941,1602,318,2023-04-22,16,Refund,Damaged Product,Mobile App,Picked Up,Processing,8331.92,90.85,Scheduled,2023-04-25,Pending,Unused,False,Not Applicable
232,1717,3458,6729,1776,347,2023-04-15,10,Refund,Product Not As Expected,Mobile App,Pickup Scheduled,Pending,29235.36,39.91,Scheduled,2023-04-17,Pending,Damaged,False,Not Applicable
233,1728,3486,5152,1919,374,2023-04-12,7,Replacement,Size/Fit Issue,Website,Completed,Not Applicable,0.0,122.34,Completed,2023-04-15,Pending,Used,True,Cancelled
234,1739,3504,7391,2130,418,2023-05-04,29,Refund,Wrong Product,Mobile App,Requested,Processing,160.98,94.76,Pending,,Pending,Opened,False,Not Applicable
235,1748,3520,5623,1241,247,2023-05-01,21,Refund,Changed Mind,Website,Completed,Completed,2543.5,159.02,Completed,2023-05-02,Pending,Damaged,False,Not Applicable
236,1753,3534,4552,1328,264,2023-04-18,16,Replacement,Wrong Product,Mobile App,Approved,Not Applicable,0.0,135.73,Scheduled,2023-04-19,Pending,Unused,True,Cancelled
237,1760,3544,6,1547,306,2023-05-09,29,Replacement,Size/Fit Issue,Website,Approved,Not Applicable,0.0,110.25,Scheduled,2023-05-12,Pending,Unused,True,Completed
238,1761,3545,812,1172,235,2023-04-23,15,Refund,Product Not As Expected,Mobile App,Picked Up,Processing,4412.66,139.05,Completed,2023-04-25,Passed,Used,False,Not Applicable
239,1762,3547,826,353,70,2023-04-22,16,Refund,Product Not As Expected,Customer Support,Picked Up,Pending,67889.61,157.72,Completed,2023-04-24,Pending,Unused,False,Not Applicable
240,1765,3554,2590,2164,425,2023-04-11,4,Replacement,Changed Mind,Website,Completed,Not Applicable,0.0,102.74,Completed,2023-04-13,Passed,Used,True,Processing
241,1783,3590,9747,188,37,2023-05-07,30,Replacement,Quality Issue,Customer Support,Pickup Scheduled,Not Applicable,0.0,121.57,Scheduled,2023-05-08,Pending,Used,True,Cancelled
242,1791,3608,2920,88,17,2023-04-07,1,Replacement,Damaged Product,Website,Requested,Not Applicable,0.0,67.78,Scheduled,2023-04-09,Pending,Opened,True,Completed
243,1791,3609,2920,468,96,2023-04-26,20,Refund,Product Not As Expected,Website,Completed,Processing,451.32,42.96,Completed,2023-04-29,Passed,Unused,False,Not Applicable
244,1796,3620,6882,1397,278,2023-04-25,15,Exchange,Changed Mind,Website,Approved,Not Applicable,0.0,71.59,Scheduled,2023-04-27,Pending,Opened,True,Requested
245,1797,3621,7114,448,92,2023-04-24,13,Refund,Quality Issue,Mobile App,Requested,Pending,7723.83,56.77,Scheduled,2023-04-25,Pending,Damaged,False,Not Applicable
246,1802,3632,3949,1315,262,2023-04-26,19,Replacement,Wrong Product,Website,Completed,Not Applicable,0.0,129.69,Completed,2023-04-27,Passed,Unused,True,Requested
247,1808,3645,9728,2267,445,2023-05-05,23,Replacement,Late Delivery,Website,Picked Up,Not Applicable,0.0,124.84,Completed,2023-05-07,Passed,Damaged,True,Requested
248,1814,3658,4157,2422,473,2023-04-21,13,Replacement,Changed Mind,Website,Approved,Not Applicable,0.0,140.3,Scheduled,2023-04-23,Pending,Unused,True,Cancelled
249,1816,3664,5223,920,184,2023-04-29,18,Replacement,Changed Mind,Customer Support,Picked Up,Not Applicable,0.0,80.66,Scheduled,2023-04-30,Pending,Used,True,Requested
250,1821,3676,886,2479,486,2023-05-02,24,Refund,Changed Mind,Customer Support,Completed,Completed,1886.65,32.15,Completed,2023-05-03,Passed,Opened,False,Not Applicable
251,1826,3684,4162,414,84,2023-05-08,27,Refund,Changed Mind,Mobile App,Picked Up,Pending,6207.42,78.64,Completed,2023-05-10,Passed,Damaged,False,Not Applicable
252,1835,3703,1895,1323,264,2023-04-14,4,Replacement,Product Not As Expected,Website,Completed,Not Applicable,0.0,31.08,Completed,2023-04-15,Passed,Unused,True,Requested
253,1855,3739,5606,1607,318,2023-04-15,4,Replacement,Changed Mind,Mobile App,Completed,Not Applicable,0.0,126.73,Completed,2023-04-16,Passed,Unused,True,Requested
254,1857,3745,9094,1307,260,2023-05-03,24,Refund,Damaged Product,Website,Picked Up,Processing,7130.04,138.21,Scheduled,2023-05-04,Pending,Opened,False,Not Applicable
255,1874,3778,2475,1326,264,2023-04-20,5,Refund,Product Not As Expected,Mobile App,Picked Up,Processing,32274.18,148.43,Scheduled,2023-04-22,Pending,Opened,False,Not Applicable
256,1887,3804,7114,681,138,2023-04-14,2,Refund,Late Delivery,Mobile App,Picked Up,Processing,3060.03,104.29,Completed,2023-04-17,Passed,Damaged,False,Not Applicable
257,1893,3814,4352,1896,370,2023-05-05,22,Refund,Late Delivery,Website,Completed,Pending,4232.83,161.13,Completed,2023-05-07,Passed,Opened,False,Not Applicable
258,1896,3821,6449,1356,269,2023-05-10,29,Replacement,Quality Issue,Mobile App,Picked Up,Not Applicable,0.0,148.15,Completed,2023-05-13,Failed,Damaged,True,Processing
259,1898,3825,7719,2394,468,2023-05-12,30,Replacement,Size/Fit Issue,Mobile App,Completed,Not Applicable,0.0,56.29,Completed,2023-05-14,Passed,Used,True,Completed
260,1899,3827,9673,830,166,2023-05-01,23,Replacement,Wrong Product,Mobile App,Approved,Not Applicable,0.0,142.98,Pending,,Pending,Damaged,True,Processing
261,1904,3836,3632,562,114,2023-04-28,12,Refund,Late Delivery,Website,Picked Up,Processing,9312.43,58.25,Completed,2023-04-30,Passed,Unused,False,Not Applicable
262,1907,3842,9396,2174,426,2023-04-20,6,Refund,Product Not As Expected,Mobile App,Completed,Processing,271337.66,175.44,Completed,2023-04-23,Pending,Damaged,False,Not Applicable
263,1910,3849,1995,1738,340,2023-05-09,28,Replacement,Quality Issue,Mobile App,Completed,Not Applicable,0.0,119.0,Completed,2023-05-11,Passed,Used,True,Cancelled
264,1915,3861,5013,426,87,2023-04-27,12,Refund,Missing Parts,Website,Rejected,Not Applicable,0.0,57.34,Failed,,Pending,Used,False,Not Applicable
265,1925,3881,1895,83,16,2023-05-15,30,Refund,Changed Mind,Customer Support,Approved,Pending,16087.05,127.09,Pending,,Pending,Used,False,Not Applicable
266,1931,3894,7413,1421,282,2023-05-06,22,Refund,Changed Mind,Website,Pickup Scheduled,Pending,2294.79,121.22,Completed,2023-05-08,Pending,Unused,False,Not Applicable
267,1939,3910,2994,1384,276,2023-05-09,22,Refund,Product Not As Expected,Mobile App,Approved,Processing,10773.5,81.74,Pending,,Pending,Used,False,Not Applicable
268,1953,3937,8384,2455,481,2023-05-08,21,Exchange,Late Delivery,Mobile App,Pickup Scheduled,Not Applicable,0.0,73.42,Scheduled,2023-05-09,Pending,Opened,True,Cancelled
269,1964,3957,9540,1782,348,2023-05-09,25,Refund,Wrong Product,Website,Rejected,Not Applicable,0.0,117.16,Failed,,Pending,Used,False,Not Applicable
270,1968,3968,1781,593,119,2023-04-30,11,Refund,Quality Issue,Mobile App,Completed,Processing,3929.18,37.31,Completed,2023-05-02,Passed,Used,False,Not Applicable
271,1971,3971,139,415,84,2023-04-25,7,Replacement,Size/Fit Issue,Website,Approved,Not Applicable,0.0,154.02,Pending,,Pending,Used,True,Completed
272,1976,3981,2787,188,37,2023-05-07,17,Refund,Changed Mind,Mobile App,Completed,Completed,19539.71,154.74,Completed,2023-05-08,Passed,Opened,False,Not Applicable
273,1983,3994,681,1048,210,2023-05-03,12,Refund,Changed Mind,Website,Pickup Scheduled,Processing,1789.87,34.31,Scheduled,2023-05-06,Pending,Used,False,Not Applicable
274,1986,4002,3088,2314,454,2023-05-11,23,Replacement,Size/Fit Issue,Website,Approved,Not Applicable,0.0,34.92,Scheduled,2023-05-12,Pending,Opened,True,Requested
275,1988,4007,8181,1621,321,2023-04-30,10,Replacement,Wrong Product,Customer Support,Completed,Not Applicable,0.0,130.59,Completed,2023-05-01,Passed,Opened,True,Processing
276,1989,4008,8197,1643,324,2023-04-24,5,Replacement,Quality Issue,Mobile App,Completed,Not Applicable,0.0,44.87,Completed,2023-04-27,Passed,Opened,True,Requested
277,1989,4010,8197,2254,441,2023-04-26,7,Replacement,Damaged Product,Customer Support,Rejected,Not Applicable,0.0,168.63,Failed,,Pending,Unused,True,Requested
278,2010,4052,2914,1057,212,2023-05-09,22,Refund,Product Not As Expected,Website,Approved,Pending,10986.88,89.22,Pending,,Pending,Opened,False,Not Applicable
279,2028,4086,5873,403,81,2023-05-13,24,Refund,Product Not As Expected,Mobile App,Requested,Pending,14094.81,52.91,Scheduled,2023-05-16,Pending,Used,False,Not Applicable
280,2029,4089,6498,477,98,2023-05-13,25,Refund,Product Not As Expected,Mobile App,Picked Up,Processing,3830.31,151.42,Completed,2023-05-16,Passed,Used,False,Not Applicable
281,2031,4092,7536,2383,466,2023-05-13,25,Refund,Size/Fit Issue,Mobile App,Pickup Scheduled,Processing,22053.47,56.53,Completed,2023-05-15,Passed,Unused,False,Not Applicable
282,2039,4109,4571,2173,426,2023-04-25,9,Refund,Quality Issue,Website,Rejected,Not Applicable,0.0,78.07,Failed,,Pending,Used,False,Not Applicable
283,2040,4110,5305,634,128,2023-04-22,2,Refund,Product Not As Expected,Website,Pickup Scheduled,Processing,751.04,91.79,Completed,2023-04-23,Passed,Used,False,Not Applicable
284,2040,4111,5305,641,129,2023-04-28,8,Refund,Late Delivery,Mobile App,Completed,Completed,57269.07,32.96,Completed,2023-04-30,Pending,Opened,False,Not Applicable
285,2056,4147,9666,1624,321,2023-05-12,19,Refund,Product Not As Expected,Customer Support,Approved,Pending,60919.38,114.96,Scheduled,2023-05-14,Pending,Unused,False,Not Applicable
286,2057,4151,871,1791,350,2023-05-16,27,Refund,Changed Mind,Website,Completed,Completed,64075.18,130.73,Completed,2023-05-18,Passed,Damaged,False,Not Applicable
287,2069,4172,2357,522,106,2023-04-29,7,Refund,Missing Parts,Website,Approved,Processing,210672.84,159.03,Scheduled,2023-05-01,Pending,Used,False,Not Applicable
288,2076,4183,7041,499,101,2023-05-19,26,Replacement,Product Not As Expected,Mobile App,Picked Up,Not Applicable,0.0,50.46,Scheduled,2023-05-20,Pending,Opened,True,Completed
289,2079,4191,8722,1453,288,2023-05-16,28,Replacement,Quality Issue,Website,Pickup Scheduled,Not Applicable,0.0,171.47,Completed,2023-05-18,Passed,Unused,True,Cancelled
290,2100,4231,511,664,133,2023-05-25,29,Replacement,Product Not As Expected,Website,Completed,Not Applicable,0.0,112.91,Completed,2023-05-26,Passed,Opened,True,Completed
291,2113,4257,611,1726,339,2023-05-17,28,Refund,Product Not As Expected,Mobile App,Completed,Completed,3983.08,153.66,Completed,2023-05-19,Passed,Unused,False,Not Applicable
292,2117,4268,3444,2400,469,2023-04-26,2,Replacement,Product Not As Expected,Website,Approved,Not Applicable,0.0,60.01,Pending,,Pending,Unused,True,Cancelled
293,2129,4293,4926,442,91,2023-04-28,1,Exchange,Missing Parts,Customer Support,Completed,Not Applicable,0.0,90.16,Completed,2023-04-30,Passed,Opened,True,Requested
294,2152,4337,2963,962,193,2023-05-04,5,Replacement,Changed Mind,Website,Rejected,Not Applicable,0.0,140.42,Failed,,Pending,Damaged,True,Cancelled
295,2153,4340,3165,2205,432,2023-05-04,11,Exchange,Wrong Product,Customer Support,Picked Up,Not Applicable,0.0,75.38,Scheduled,2023-05-05,Pending,Used,True,Cancelled
296,2160,4358,7760,1468,291,2023-05-03,5,Refund,Quality Issue,Website,Rejected,Not Applicable,0.0,72.44,Failed,,Pending,Damaged,False,Not Applicable
297,2166,4372,5752,1392,277,2023-04-28,5,Refund,Changed Mind,Mobile App,Approved,Processing,19857.28,36.12,Scheduled,2023-04-29,Pending,Damaged,False,Not Applicable
298,2179,4393,6992,373,73,2023-05-19,25,Refund,Quality Issue,Mobile App,Requested,Pending,85216.77,155.55,Scheduled,2023-05-21,Pending,Unused,False,Not Applicable
299,2183,4401,9862,1253,250,2023-05-03,2,Replacement,Wrong Product,Customer Support,Rejected,Not Applicable,0.0,159.49,Failed,,Pending,Opened,True,Processing
300,2189,4414,4923,847,169,2023-05-06,7,Refund,Wrong Product,Website,Completed,Completed,351.44,150.17,Completed,2023-05-07,Pending,Damaged,False,Not Applicable
301,2203,4445,8919,719,144,2023-05-27,26,Refund,Damaged Product,Website,Approved,Processing,34526.5,74.32,Pending,,Pending,Damaged,False,Not Applicable
302,2203,4446,8919,1435,285,2023-05-04,3,Exchange,Product Not As Expected,Mobile App,Picked Up,Not Applicable,0.0,68.23,Completed,2023-05-07,Passed,Used,True,Completed
303,2219,4475,5478,844,168,2023-05-03,4,Refund,Changed Mind,Website,Completed,Completed,3088.05,75.42,Completed,2023-05-06,Passed,Damaged,False,Not Applicable
304,2223,4488,9005,1647,325,2023-05-19,16,Replacement,Changed Mind,Website,Completed,Not Applicable,0.0,52.22,Completed,2023-05-22,Passed,Used,True,Cancelled
305,2225,4495,1512,398,80,2023-05-17,15,Refund,Late Delivery,Website,Approved,Processing,998.44,31.18,Pending,,Pending,Used,False,Not Applicable
306,2237,4516,2974,341,67,2023-05-28,29,Replacement,Wrong Product,Mobile App,Completed,Not Applicable,0.0,54.2,Completed,2023-05-31,Passed,Damaged,True,Requested
307,2266,4575,9511,572,116,2023-05-15,15,Replacement,Wrong Product,Customer Support,Rejected,Not Applicable,0.0,106.1,Failed,,Pending,Unused,True,Requested
308,2274,4592,8535,1387,276,2023-05-27,27,Replacement,Missing Parts,Mobile App,Pickup Scheduled,Not Applicable,0.0,52.74,Completed,2023-05-30,Passed,Used,True,Processing
309,2282,4603,4793,608,123,2023-05-09,5,Replacement,Late Delivery,Customer Support,Completed,Not Applicable,0.0,95.11,Completed,2023-05-10,Passed,Damaged,True,Processing
310,2283,4605,6204,275,56,2023-06-03,30,Replacement,Wrong Product,Customer Support,Completed,Not Applicable,0.0,90.3,Completed,2023-06-06,Passed,Used,True,Cancelled
311,2286,4611,7485,2302,451,2023-05-11,9,Exchange,Damaged Product,Website,Completed,Not Applicable,0.0,163.15,Completed,2023-05-13,Passed,Damaged,True,Completed
312,2288,4616,7797,1157,232,2023-05-16,11,Refund,Changed Mind,Website,Completed,Completed,977.25,108.2,Completed,2023-05-17,Pending,Used,False,Not Applicable
313,2290,4619,8311,323,64,2023-06-01,26,Refund,Wrong Product,Website,Approved,Pending,27727.97,68.96,Pending,,Pending,Used,False,Not Applicable
314,2294,4628,2706,105,20,2023-05-12,11,Exchange,Late Delivery,Website,Completed,Not Applicable,0.0,74.88,Completed,2023-05-15,Passed,Opened,True,Completed
315,2305,4649,2387,279,56,2023-05-24,22,Refund,Late Delivery,Website,Picked Up,Processing,10113.28,133.35,Completed,2023-05-27,Passed,Damaged,False,Not Applicable
316,2311,4662,4954,758,153,2023-05-10,6,Exchange,Damaged Product,Website,Pickup Scheduled,Not Applicable,0.0,108.42,Completed,2023-05-11,Pending,Used,True,Requested
317,2314,4667,7245,2322,455,2023-05-12,5,Refund,Size/Fit Issue,Customer Support,Picked Up,Processing,1978.16,30.31,Completed,2023-05-13,Passed,Damaged,False,Not Applicable
318,2316,4669,8170,1368,272,2023-05-12,2,Refund,Late Delivery,Mobile App,Picked Up,Processing,25175.07,144.29,Completed,2023-05-14,Passed,Opened,False,Not Applicable
319,2331,4697,8267,2002,390,2023-05-22,19,Refund,Late Delivery,Website,Completed,Processing,31202.19,71.24,Completed,2023-05-25,Passed,Unused,False,Not Applicable
320,2338,4710,4171,595,120,2023-05-23,17,Refund,Size/Fit Issue,Customer Support,Approved,Pending,61443.76,68.33,Scheduled,2023-05-24,Pending,Opened,False,Not Applicable
321,2343,4717,4587,929,186,2023-05-12,2,Refund,Changed Mind,Mobile App,Requested,Processing,3180.92,37.78,Scheduled,2023-05-14,Pending,Unused,False,Not Applicable
322,2349,4727,255,97,19,2023-05-08,1,Refund,Size/Fit Issue,Mobile App,Approved,Pending,408.59,75.69,Pending,,Pending,Opened,False,Not Applicable
323,2356,4744,8327,386,76,2023-05-21,15,Exchange,Missing Parts,Mobile App,Completed,Not Applicable,0.0,179.89,Completed,2023-05-23,Passed,Used,True,Cancelled
324,2360,4753,1126,1038,207,2023-05-13,3,Refund,Damaged Product,Website,Approved,Processing,8915.37,162.59,Scheduled,2023-05-14,Pending,Used,False,Not Applicable
325,2368,4768,82,436,90,2023-05-10,1,Replacement,Product Not As Expected,Website,Pickup Scheduled,Not Applicable,0.0,163.89,Completed,2023-05-13,Pending,Unused,True,Requested
326,2375,4782,3981,462,94,2023-06-04,24,Refund,Product Not As Expected,Mobile App,Approved,Pending,5900.31,65.14,Scheduled,2023-06-07,Pending,Opened,False,Not Applicable
327,2383,4800,9447,2454,481,2023-05-14,5,Replacement,Late Delivery,Website,Approved,Not Applicable,0.0,132.1,Scheduled,2023-05-15,Pending,Unused,True,Completed
328,2384,4802,1177,348,69,2023-05-22,14,Replacement,Wrong Product,Website,Completed,Not Applicable,0.0,48.26,Completed,2023-05-24,Passed,Damaged,True,Completed
329,2385,4806,1362,2480,487,2023-06-06,24,Refund,Changed Mind,Website,Approved,Processing,2585.98,59.19,Pending,,Pending,Damaged,False,Not Applicable
330,2386,4809,2375,2479,486,2023-06-05,24,Refund,Wrong Product,Customer Support,Completed,Processing,1886.65,34.18,Completed,2023-06-07,Passed,Unused,False,Not Applicable
331,2387,4811,2457,1031,207,2023-06-05,26,Replacement,Quality Issue,Mobile App,Pickup Scheduled,Not Applicable,0.0,153.25,Completed,2023-06-06,Failed,Damaged,True,Requested
332,2388,4814,2654,2319,455,2023-05-27,20,Replacement,Product Not As Expected,Website,Completed,Not Applicable,0.0,86.61,Completed,2023-05-28,Failed,Damaged,True,Requested
333,2391,4818,3865,779,157,2023-06-07,26,Refund,Product Not As Expected,Mobile App,Pickup Scheduled,Pending,6895.6,74.24,Scheduled,2023-06-10,Pending,Unused,False,Not Applicable
334,2396,4828,8291,1543,305,2023-05-23,13,Refund,Late Delivery,Website,Pickup Scheduled,Processing,82514.95,118.17,Scheduled,2023-05-25,Pending,Used,False,Not Applicable
335,2398,4830,2463,1863,363,2023-05-31,23,Refund,Damaged Product,Customer Support,Completed,Processing,472.24,102.21,Completed,2023-06-03,Passed,Damaged,False,Not Applicable
336,2400,4834,3223,443,91,2023-05-17,5,Refund,Quality Issue,Mobile App,Pickup Scheduled,Pending,253689.7,120.5,Scheduled,2023-05-19,Pending,Used,False,Not Applicable
337,2403,4843,8382,457,94,2023-05-24,12,Refund,Damaged Product,Website,Approved,Processing,3312.2,134.22,Pending,,Pending,Damaged,False,Not Applicable
338,2409,4854,4859,440,90,2023-05-16,8,Exchange,Product Not As Expected,Mobile App,Completed,Not Applicable,0.0,151.09,Completed,2023-05-19,Passed,Damaged,True,Completed
339,2411,4858,6868,1558,308,2023-05-09,1,Refund,Wrong Product,Mobile App,Requested,Processing,4265.82,36.59,Pending,,Pending,Used,False,Not Applicable
340,2411,4859,6868,1575,311,2023-05-15,7,Refund,Quality Issue,Website,Approved,Processing,2956.0,59.4,Pending,,Pending,Opened,False,Not Applicable
341,2456,4944,1021,3,1,2023-06-03,17,Replacement,Product Not As Expected,Mobile App,Pickup Scheduled,Not Applicable,0.0,56.93,Completed,2023-06-05,Passed,Damaged,True,Requested
342,2463,4956,5705,927,186,2023-05-11,2,Refund,Wrong Product,Mobile App,Pickup Scheduled,Processing,3021.36,179.76,Scheduled,2023-05-14,Pending,Opened,False,Not Applicable
343,2464,4960,6146,2424,474,2023-05-24,10,Refund,Changed Mind,Customer Support,Pickup Scheduled,Pending,2929.84,159.82,Completed,2023-05-27,Passed,Opened,False,Not Applicable
344,2472,4978,4745,2214,433,2023-05-17,5,Refund,Product Not As Expected,Mobile App,Approved,Processing,16161.78,93.86,Scheduled,2023-05-18,Pending,Damaged,False,Not Applicable
345,2478,4986,171,441,91,2023-05-18,5,Refund,Quality Issue,Website,Rejected,Not Applicable,0.0,177.03,Failed,,Pending,Damaged,False,Not Applicable
346,2483,4998,5465,151,29,2023-06-07,23,Replacement,Damaged Product,Mobile App,Requested,Not Applicable,0.0,73.67,Scheduled,2023-06-09,Pending,Opened,True,Processing
347,2484,5002,5507,1158,232,2023-05-23,11,Replacement,Changed Mind,Customer Support,Pickup Scheduled,Not Applicable,0.0,141.47,Scheduled,2023-05-26,Pending,Damaged,True,Cancelled
348,2494,5026,3584,2509,493,2023-05-18,3,Refund,Changed Mind,Mobile App,Completed,Completed,6123.44,92.26,Completed,2023-05-20,Passed,Opened,False,Not Applicable
349,2499,5035,8668,2174,426,2023-06-16,29,Replacement,Quality Issue,Website,Approved,Not Applicable,0.0,91.69,Pending,,Pending,Opened,True,Cancelled
350,2504,5045,3029,2233,437,2023-05-17,1,Refund,Product Not As Expected,Mobile App,Completed,Completed,47200.98,67.59,Completed,2023-05-18,Passed,Unused,False,Not Applicable
351,2515,5065,2539,1394,277,2023-05-25,9,Refund,Damaged Product,Website,Pickup Scheduled,Pending,49982.13,88.59,Completed,2023-05-28,Pending,Unused,False,Not Applicable
352,2516,5067,2599,687,139,2023-05-19,1,Refund,Damaged Product,Customer Support,Pickup Scheduled,Processing,3978.07,32.41,Scheduled,2023-05-20,Pending,Unused,False,Not Applicable
353,2516,5068,2599,870,173,2023-05-19,1,Refund,Size/Fit Issue,Mobile App,Approved,Pending,1461.91,36.6,Pending,,Pending,Opened,False,Not Applicable
354,2522,5080,3821,1299,259,2023-06-08,21,Refund,Product Not As Expected,Mobile App,Pickup Scheduled,Processing,75508.14,91.66,Completed,2023-06-09,Pending,Opened,False,Not Applicable
355,2534,5103,9080,336,66,2023-05-20,1,Replacement,Product Not As Expected,Website,Picked Up,Not Applicable,0.0,33.18,Scheduled,2023-05-23,Pending,Unused,True,Processing
356,2536,5109,417,22,5,2023-05-21,5,Refund,Damaged Product,Mobile App,Approved,Pending,1194.3,140.89,Pending,,Pending,Damaged,False,Not Applicable
357,2541,5118,3349,6,2,2023-06-17,28,Replacement,Missing Parts,Website,Pickup Scheduled,Not Applicable,0.0,108.22,Scheduled,2023-06-20,Pending,Opened,True,Cancelled
358,2543,5121,4441,492,100,2023-06-03,16,Refund,Product Not As Expected,Customer Support,Approved,Pending,68871.6,56.05,Pending,,Pending,Unused,False,Not Applicable
359,2570,5170,7524,905,182,2023-06-18,28,Refund,Changed Mind,Mobile App,Completed,Completed,5591.82,85.97,Completed,2023-06-20,Failed,Damaged,False,Not Applicable
360,2573,5175,8457,1026,206,2023-06-19,30,Refund,Damaged Product,Mobile App,Completed,Completed,539.28,106.44,Completed,2023-06-21,Passed,Used,False,Not Applicable
361,2576,5183,9513,1750,342,2023-06-16,27,Refund,Wrong Product,Website,Completed,Completed,53332.51,68.14,Completed,2023-06-18,Passed,Opened,False,Not Applicable
362,2578,5187,911,1128,226,2023-06-13,25,Refund,Product Not As Expected,Mobile App,Completed,Completed,103136.06,161.4,Completed,2023-06-14,Passed,Opened,False,Not Applicable
363,2589,5207,9853,1663,328,2023-05-27,6,Replacement,Wrong Product,Website,Requested,Not Applicable,0.0,139.96,Scheduled,2023-05-30,Pending,Damaged,True,Completed
364,2597,5220,4821,2122,417,2023-05-22,6,Replacement,Product Not As Expected,Mobile App,Approved,Not Applicable,0.0,73.97,Pending,,Pending,Opened,True,Requested
365,2602,5229,29,780,157,2023-06-14,25,Exchange,Wrong Product,Mobile App,Completed,Not Applicable,0.0,169.82,Completed,2023-06-17,Passed,Damaged,True,Completed
366,2608,5243,5585,364,72,2023-05-28,12,Replacement,Wrong Product,Mobile App,Completed,Not Applicable,0.0,120.29,Completed,2023-05-31,Passed,Opened,True,Requested
367,2616,5258,9354,2277,447,2023-06-03,12,Replacement,Wrong Product,Website,Rejected,Not Applicable,0.0,90.02,Failed,,Pending,Opened,True,Cancelled
368,2660,5344,9411,1190,237,2023-05-23,2,Refund,Changed Mind,Customer Support,Approved,Processing,9795.36,107.96,Scheduled,2023-05-26,Pending,Opened,False,Not Applicable
369,2679,5381,6453,123,24,2023-06-19,28,Replacement,Product Not As Expected,Mobile App,Completed,Not Applicable,0.0,178.66,Completed,2023-06-22,Failed,Damaged,True,Processing
370,2692,5409,987,1814,354,2023-06-15,24,Replacement,Damaged Product,Mobile App,Approved,Not Applicable,0.0,44.41,Scheduled,2023-06-18,Pending,Opened,True,Requested
371,2693,5412,1094,1652,326,2023-06-10,17,Replacement,Damaged Product,Website,Picked Up,Not Applicable,0.0,103.29,Completed,2023-06-11,Pending,Opened,True,Cancelled
372,2705,5432,2674,2428,474,2023-06-16,19,Exchange,Product Not As Expected,Website,Picked Up,Not Applicable,0.0,74.75,Scheduled,2023-06-18,Pending,Damaged,True,Cancelled
373,2712,5446,9043,2485,488,2023-06-22,27,Refund,Damaged Product,Website,Completed,Processing,3857.89,159.3,Completed,2023-06-25,Passed,Opened,False,Not Applicable
374,2713,5448,9824,996,199,2023-06-13,15,Replacement,Missing Parts,Website,Approved,Not Applicable,0.0,157.72,Pending,,Pending,Unused,True,Completed
375,2713,5449,9824,2111,415,2023-06-02,4,Refund,Changed Mind,Mobile App,Pickup Scheduled,Pending,1004.18,171.93,Scheduled,2023-06-04,Pending,Unused,False,Not Applicable
376,2728,5479,7368,1876,365,2023-06-02,9,Refund,Damaged Product,Mobile App,Completed,Pending,2351.54,110.39,Completed,2023-06-04,Passed,Opened,False,Not Applicable
377,2728,5480,7368,2079,409,2023-06-17,24,Refund,Product Not As Expected,Mobile App,Completed,Completed,2009.31,92.95,Completed,2023-06-20,Passed,Opened,False,Not Applicable
378,2730,5484,8090,320,64,2023-06-13,20,Refund,Size/Fit Issue,Website,Approved,Processing,8662.9,126.03,Pending,,Pending,Used,False,Not Applicable
379,2732,5490,3306,2072,408,2023-06-09,13,Exchange,Wrong Product,Website,Approved,Not Applicable,0.0,118.32,Pending,,Pending,Opened,True,Completed
380,2736,5498,5703,2332,457,2023-06-11,11,Exchange,Wrong Product,Website,Pickup Scheduled,Not Applicable,0.0,133.0,Completed,2023-06-13,Passed,Used,True,Requested
381,2749,5526,1144,1367,271,2023-06-04,8,Exchange,Size/Fit Issue,Mobile App,Approved,Not Applicable,0.0,174.32,Scheduled,2023-06-07,Pending,Damaged,True,Requested
382,2769,5559,1657,1336,266,2023-06-24,27,Refund,Size/Fit Issue,Mobile App,Pickup Scheduled,Processing,9057.24,80.69,Scheduled,2023-06-26,Pending,Unused,False,Not Applicable
383,2773,5567,4593,910,183,2023-06-22,21,Refund,Quality Issue,Customer Support,Approved,Pending,207574.6,38.62,Scheduled,2023-06-25,Pending,Damaged,False,Not Applicable
384,2773,5568,4593,1733,339,2023-06-16,15,Refund,Size/Fit Issue,Mobile App,Pickup Scheduled,Pending,3457.19,103.81,Completed,2023-06-18,Pending,Damaged,False,Not Applicable
385,2790,5593,4022,1815,354,2023-06-14,13,Refund,Wrong Product,Mobile App,Pickup Scheduled,Pending,5533.19,47.82,Completed,2023-06-17,Failed,Damaged,False,Not Applicable
386,2799,5609,2538,2366,464,2023-06-22,22,Refund,Quality Issue,Mobile App,Completed,Completed,6314.0,72.33,Completed,2023-06-23,Passed,Used,False,Not Applicable
387,2816,5642,7257,619,125,2023-06-08,7,Refund,Product Not As Expected,Website,Requested,Pending,4694.73,93.91,Pending,,Pending,Used,False,Not Applicable
388,2817,5643,7555,645,130,2023-06-15,14,Replacement,Quality Issue,Mobile App,Pickup Scheduled,Not Applicable,0.0,57.26,Completed,2023-06-18,Passed,Used,True,Requested
389,2818,5644,8326,1680,331,2023-06-25,22,Replacement,Changed Mind,Mobile App,Approved,Not Applicable,0.0,67.84,Pending,,Pending,Damaged,True,Processing
390,2830,5667,6063,70,14,2023-06-28,30,Replacement,Damaged Product,Website,Completed,Not Applicable,0.0,138.8,Completed,2023-06-29,Pending,Used,True,Completed
391,2833,5673,7755,640,129,2023-06-06,7,Refund,Late Delivery,Customer Support,Completed,Completed,20314.33,166.63,Completed,2023-06-08,Passed,Unused,False,Not Applicable
392,2834,5674,7938,221,44,2023-06-13,14,Refund,Wrong Product,Mobile App,Rejected,Not Applicable,0.0,134.51,Failed,,Pending,Used,False,Not Applicable
393,2835,5676,378,248,50,2023-06-22,19,Refund,Damaged Product,Website,Rejected,Not Applicable,0.0,104.25,Failed,,Pending,Damaged,False,Not Applicable
394,2836,5679,883,1746,342,2023-06-19,15,Replacement,Changed Mind,Mobile App,Pickup Scheduled,Not Applicable,0.0,118.82,Completed,2023-06-20,Passed,Opened,True,Processing
395,2836,5680,883,2420,473,2023-07-04,30,Replacement,Product Not As Expected,Website,Picked Up,Not Applicable,0.0,112.82,Completed,2023-07-06,Passed,Used,True,Completed
396,2837,5682,1833,2176,427,2023-06-12,8,Refund,Quality Issue,Customer Support,Completed,Processing,3766.9,178.43,Completed,2023-06-13,Passed,Opened,False,Not Applicable
397,2846,5697,3562,1633,323,2023-06-15,12,Refund,Damaged Product,Mobile App,Rejected,Not Applicable,0.0,110.61,Failed,,Pending,Unused,False,Not Applicable
398,2861,5730,3162,174,35,2023-06-10,6,Replacement,Product Not As Expected,Website,Completed,Not Applicable,0.0,98.25,Completed,2023-06-11,Pending,Damaged,True,Processing
399,2864,5739,4264,1683,331,2023-06-10,4,Refund,Wrong Product,Website,Requested,Pending,18188.94,145.52,Pending,,Pending,Opened,False,Not Applicable
400,2867,5744,6422,1185,236,2023-07-03,26,Refund,Quality Issue,Website,Completed,Pending,2726.49,152.32,Completed,2023-07-04,Passed,Damaged,False,Not Applicable
401,2869,5751,8903,2215,433,2023-06-05,2,Refund,Late Delivery,Website,Approved,Processing,41514.71,166.83,Pending,,Pending,Unused,False,Not Applicable
402,2870,5752,8904,1063,213,2023-06-17,14,Refund,Quality Issue,Mobile App,Pickup Scheduled,Processing,838.74,178.62,Scheduled,2023-06-19,Pending,Opened,False,Not Applicable
403,2873,5759,887,126,24,2023-06-13,11,Refund,Damaged Product,Website,Completed,Completed,5273.94,119.94,Completed,2023-06-14,Passed,Used,False,Not Applicable
404,2879,5772,9665,2093,412,2023-06-05,1,Replacement,Changed Mind,Mobile App,Rejected,Not Applicable,0.0,138.2,Failed,,Pending,Damaged,True,Cancelled
405,2880,5775,2179,2458,482,2023-06-20,19,Refund,Damaged Product,Mobile App,Completed,Completed,10792.41,77.9,Completed,2023-06-21,Passed,Used,False,Not Applicable
406,2892,5801,251,1824,355,2023-07-04,28,Refund,Missing Parts,Customer Support,Picked Up,Pending,849.56,74.2,Completed,2023-07-06,Passed,Opened,False,Not Applicable
407,2895,5808,5433,2,1,2023-06-10,5,Refund,Changed Mind,Mobile App,Completed,Pending,1263.73,129.41,Completed,2023-06-12,Passed,Unused,False,Not Applicable
408,2895,5809,5433,1670,329,2023-07-02,27,Refund,Damaged Product,Mobile App,Approved,Pending,1800.06,31.87,Pending,,Pending,Unused,False,Not Applicable
409,2901,5824,557,1642,324,2023-06-12,4,Refund,Damaged Product,Website,Completed,Processing,3068.06,131.99,Completed,2023-06-13,Pending,Damaged,False,Not Applicable
410,2916,5854,3395,1290,257,2023-06-22,20,Replacement,Damaged Product,Mobile App,Pickup Scheduled,Not Applicable,0.0,143.48,Scheduled,2023-06-23,Pending,Opened,True,Requested
411,2920,5860,8508,536,109,2023-06-17,9,Refund,Size/Fit Issue,Website,Picked Up,Processing,15171.22,43.98,Scheduled,2023-06-18,Pending,Used,False,Not Applicable
412,2930,5880,7568,1468,291,2023-07-03,26,Refund,Damaged Product,Mobile App,Picked Up,Pending,10404.68,172.92,Completed,2023-07-04,Passed,Unused,False,Not Applicable
413,2937,5897,2429,632,127,2023-07-03,23,Replacement,Damaged Product,Customer Support,Pickup Scheduled,Not Applicable,0.0,150.71,Scheduled,2023-07-04,Pending,Damaged,True,Requested
414,2951,5927,6697,1313,262,2023-07-07,28,Refund,Late Delivery,Customer Support,Pickup Scheduled,Pending,9040.24,86.05,Completed,2023-07-09,Passed,Used,False,Not Applicable
415,2959,5942,3485,2321,455,2023-07-06,28,Refund,Product Not As Expected,Website,Pickup Scheduled,Pending,664.1,99.88,Completed,2023-07-08,Passed,Used,False,Not Applicable
416,2971,5963,5884,1516,299,2023-06-14,5,Exchange,Damaged Product,Mobile App,Approved,Not Applicable,0.0,170.47,Pending,,Pending,Damaged,True,Requested
417,2973,5967,9945,1101,221,2023-07-02,28,Refund,Product Not As Expected,Mobile App,Completed,Completed,3686.26,90.76,Completed,2023-07-03,Pending,Used,False,Not Applicable
418,2985,5995,1224,299,59,2023-07-03,26,Replacement,Product Not As Expected,Website,Approved,Not Applicable,0.0,32.13,Pending,,Pending,Used,True,Completed
419,2992,6013,8050,580,117,2023-07-03,24,Exchange,Late Delivery,Website,Pickup Scheduled,Not Applicable,0.0,85.54,Completed,2023-07-04,Passed,Opened,True,Requested
420,3006,6044,7407,361,71,2023-07-08,30,Refund,Size/Fit Issue,Website,Picked Up,Pending,19421.64,112.74,Completed,2023-07-10,Passed,Damaged,False,Not Applicable
421,3015,6064,6063,328,65,2023-07-13,30,Refund,Damaged Product,Website,Requested,Processing,4551.33,66.27,Scheduled,2023-07-14,Pending,Damaged,False,Not Applicable
422,3029,6093,9001,886,177,2023-07-04,23,Refund,Late Delivery,Mobile App,Rejected,Not Applicable,0.0,177.51,Failed,,Pending,Opened,False,Not Applicable
423,3037,6105,7814,54,11,2023-06-16,3,Exchange,Product Not As Expected,Customer Support,Completed,Not Applicable,0.0,51.28,Completed,2023-06-17,Pending,Unused,True,Requested
424,3038,6108,9567,1077,216,2023-07-10,28,Refund,Changed Mind,Mobile App,Completed,Completed,651.46,61.54,Completed,2023-07-12,Pending,Unused,False,Not Applicable
425,3047,6124,5061,164,33,2023-06-26,17,Replacement,Damaged Product,Website,Completed,Not Applicable,0.0,160.03,Completed,2023-06-29,Pending,Opened,True,Processing
426,3073,6175,5190,538,109,2023-06-17,6,Replacement,Wrong Product,Website,Rejected,Not Applicable,0.0,89.75,Failed,,Pending,Used,True,Completed
427,3080,6185,8748,94,18,2023-07-08,23,Refund,Product Not As Expected,Website,Pickup Scheduled,Processing,6048.51,87.84,Scheduled,2023-07-11,Pending,Unused,False,Not Applicable
428,3083,6193,3353,2217,434,2023-07-11,29,Replacement,Product Not As Expected,Mobile App,Completed,Not Applicable,0.0,104.8,Completed,2023-07-13,Passed,Unused,True,Cancelled
429,3095,6216,8853,2187,428,2023-07-05,21,Refund,Changed Mind,Website,Picked Up,Processing,60351.42,104.07,Completed,2023-07-07,Passed,Used,False,Not Applicable
430,3096,6217,9459,984,197,2023-06-30,10,Replacement,Product Not As Expected,Customer Support,Picked Up,Not Applicable,0.0,63.6,Scheduled,2023-07-02,Pending,Unused,True,Requested
431,3102,6229,2931,1101,221,2023-07-10,23,Replacement,Damaged Product,Mobile App,Approved,Not Applicable,0.0,133.19,Scheduled,2023-07-11,Pending,Used,True,Completed
432,3118,6261,6013,1830,357,2023-07-04,16,Refund,Damaged Product,Mobile App,Requested,Processing,484.92,45.68,Pending,,Pending,Damaged,False,Not Applicable
433,3137,6294,7300,1451,288,2023-07-12,22,Refund,Wrong Product,Customer Support,Pickup Scheduled,Pending,5235.52,105.33,Completed,2023-07-14,Passed,Damaged,False,Not Applicable
434,3138,6296,8845,1434,285,2023-06-27,9,Refund,Product Not As Expected,Website,Requested,Processing,10367.08,58.42,Pending,,Pending,Used,False,Not Applicable
435,3143,6303,7786,911,183,2023-06-27,8,Exchange,Damaged Product,Website,Approved,Not Applicable,0.0,71.32,Scheduled,2023-06-28,Pending,Unused,True,Requested
436,3149,6317,3176,865,172,2023-06-20,6,Refund,Product Not As Expected,Website,Completed,Completed,2537.44,132.22,Completed,2023-06-23,Passed,Used,False,Not Applicable
437,3154,6329,8720,2339,459,2023-06-23,9,Replacement,Wrong Product,Website,Approved,Not Applicable,0.0,160.98,Scheduled,2023-06-26,Pending,Unused,True,Cancelled
438,3155,6331,9385,1582,313,2023-06-17,1,Refund,Damaged Product,Website,Rejected,Not Applicable,0.0,143.25,Failed,,Pending,Opened,False,Not Applicable
439,3170,6363,2599,1372,272,2023-07-11,19,Replacement,Quality Issue,Mobile App,Rejected,Not Applicable,0.0,168.1,Failed,,Pending,Unused,True,Processing
440,3182,6389,8280,2149,422,2023-07-22,30,Replacement,Damaged Product,Website,Picked Up,Not Applicable,0.0,103.02,Completed,2023-07-25,Passed,Opened,True,Completed
441,3182,6390,8280,2543,499,2023-07-02,10,Refund,Quality Issue,Website,Requested,Pending,330.53,75.87,Pending,,Pending,Damaged,False,Not Applicable
442,3184,6393,9943,907,182,2023-07-02,9,Refund,Late Delivery,Website,Completed,Completed,3068.64,136.98,Completed,2023-07-03,Failed,Damaged,False,Not Applicable
443,3186,6399,1466,1130,226,2023-07-19,30,Refund,Product Not As Expected,Mobile App,Completed,Completed,9116.23,119.56,Completed,2023-07-20,Passed,Used,False,Not Applicable
444,3205,6431,2222,1669,329,2023-07-16,25,Refund,Late Delivery,Customer Support,Completed,Completed,1560.77,123.13,Completed,2023-07-19,Passed,Opened,False,Not Applicable
445,3206,6434,5166,1019,204,2023-07-20,28,Refund,Damaged Product,Mobile App,Pickup Scheduled,Processing,4922.78,70.53,Scheduled,2023-07-21,Pending,Unused,False,Not Applicable
446,3223,6464,8812,1139,227,2023-06-28,5,Replacement,Wrong Product,Mobile App,Approved,Not Applicable,0.0,154.91,Pending,,Pending,Damaged,True,Requested
447,3224,6466,707,2278,447,2023-06-26,4,Refund,Changed Mind,Website,Picked Up,Processing,773.7,51.94,Completed,2023-06-29,Passed,Damaged,False,Not Applicable
448,3224,6467,707,2383,466,2023-06-27,5,Replacement,Changed Mind,Website,Completed,Not Applicable,0.0,73.51,Completed,2023-06-30,Passed,Damaged,True,Cancelled
449,3229,6477,6018,2029,396,2023-07-07,15,Refund,Wrong Product,Mobile App,Pickup Scheduled,Processing,8406.1,100.19,Scheduled,2023-07-09,Pending,Opened,False,Not Applicable
450,3233,6487,1117,1989,387,2023-07-11,21,Refund,Late Delivery,Mobile App,Completed,Completed,4123.01,168.52,Completed,2023-07-12,Passed,Used,False,Not Applicable
451,3234,6488,3278,313,62,2023-07-20,27,Replacement,Product Not As Expected,Website,Pickup Scheduled,Not Applicable,0.0,134.67,Scheduled,2023-07-23,Pending,Used,True,Processing
452,3236,6493,3634,1420,282,2023-06-21,1,Replacement,Wrong Product,Website,Approved,Not Applicable,0.0,143.99,Scheduled,2023-06-24,Pending,Damaged,True,Completed
453,3245,6508,6334,801,161,2023-07-15,20,Refund,Product Not As Expected,Mobile App,Requested,Processing,3781.34,78.17,Pending,,Pending,Opened,False,Not Applicable
454,3259,6533,9929,176,35,2023-07-03,6,Replacement,Product Not As Expected,Website,Rejected,Not Applicable,0.0,154.86,Failed,,Pending,Damaged,True,Processing
455,3266,6548,3085,240,48,2023-07-06,14,Replacement,Size/Fit Issue,Mobile App,Completed,Not Applicable,0.0,64.59,Completed,2023-07-09,Passed,Unused,True,Cancelled
456,3268,6556,4037,1646,325,2023-07-24,28,Refund,Late Delivery,Website,Approved,Processing,5596.26,111.89,Scheduled,2023-07-27,Pending,Unused,False,Not Applicable
457,3271,6562,5980,2506,492,2023-07-10,14,Refund,Wrong Product,Mobile App,Pickup Scheduled,Processing,2940.68,40.94,Scheduled,2023-07-11,Pending,Damaged,False,Not Applicable
458,3274,6569,7630,816,164,2023-06-26,3,Exchange,Late Delivery,Customer Support,Picked Up,Not Applicable,0.0,35.34,Completed,2023-06-27,Passed,Unused,True,Requested
459,3278,6576,4018,1107,222,2023-06-30,2,Refund,Missing Parts,Website,Completed,Completed,1429.95,112.87,Completed,2023-07-03,Passed,Unused,False,Not Applicable
460,3279,6577,5321,2253,441,2023-07-23,25,Refund,Product Not As Expected,Mobile App,Approved,Pending,51805.08,47.7,Pending,,Pending,Damaged,False,Not Applicable
461,3284,6587,8526,1982,386,2023-07-12,14,Replacement,Damaged Product,Customer Support,Completed,Not Applicable,0.0,41.49,Completed,2023-07-13,Passed,Opened,True,Requested
462,3285,6590,9187,2222,434,2023-07-08,12,Replacement,Wrong Product,Mobile App,Completed,Not Applicable,0.0,41.46,Completed,2023-07-10,Passed,Unused,True,Requested
463,3299,6620,6708,1221,243,2023-07-28,30,Refund,Missing Parts,Mobile App,Rejected,Not Applicable,0.0,48.41,Failed,,Pending,Opened,False,Not Applicable
464,3301,6623,521,258,52,2023-07-05,8,Replacement,Changed Mind,Customer Support,Completed,Not Applicable,0.0,71.7,Completed,2023-07-06,Passed,Unused,True,Completed
465,3305,6632,3592,845,168,2023-07-01,7,Refund,Late Delivery,Mobile App,Completed,Completed,4657.89,166.51,Completed,2023-07-04,Passed,Unused,False,Not Applicable
466,3307,6639,5546,1339,266,2023-07-20,24,Replacement,Product Not As Expected,Website,Pickup Scheduled,Not Applicable,0.0,158.78,Scheduled,2023-07-21,Pending,Damaged,True,Completed
467,3313,6651,449,1424,283,2023-07-18,26,Replacement,Missing Parts,Website,Approved,Not Applicable,0.0,122.33,Scheduled,2023-07-20,Pending,Damaged,True,Requested
468,3324,6670,2321,676,136,2023-06-29,3,Refund,Quality Issue,Customer Support,Completed,Completed,13297.07,68.93,Completed,2023-07-01,Passed,Used,False,Not Applicable
469,3333,6690,6942,971,194,2023-07-25,28,Replacement,Damaged Product,Website,Pickup Scheduled,Not Applicable,0.0,106.66,Completed,2023-07-26,Pending,Damaged,True,Requested
470,3344,6714,2696,154,30,2023-07-27,30,Refund,Wrong Product,Website,Picked Up,Processing,1617.85,128.56,Completed,2023-07-28,Passed,Unused,False,Not Applicable
471,3359,6749,2501,2427,474,2023-07-20,18,Refund,Product Not As Expected,Mobile App,Completed,Processing,5201.41,168.86,Completed,2023-07-22,Passed,Opened,False,Not Applicable
472,3371,6776,4657,327,65,2023-07-08,6,Exchange,Late Delivery,Customer Support,Approved,Not Applicable,0.0,134.54,Scheduled,2023-07-10,Pending,Opened,True,Cancelled
473,3376,6785,7995,843,168,2023-07-30,30,Refund,Changed Mind,Website,Pickup Scheduled,Processing,153.09,138.56,Completed,2023-08-01,Passed,Opened,False,Not Applicable
474,3378,6790,9637,30,6,2023-07-17,19,Refund,Product Not As Expected,Mobile App,Completed,Processing,8917.52,64.84,Completed,2023-07-20,Passed,Unused,False,Not Applicable
475,3378,6792,9637,1368,272,2023-07-15,17,Replacement,Changed Mind,Mobile App,Picked Up,Not Applicable,0.0,152.1,Completed,2023-07-17,Passed,Opened,True,Requested
476,3393,6818,7963,89,17,2023-07-29,29,Refund,Missing Parts,Mobile App,Completed,Completed,5615.41,171.27,Completed,2023-07-30,Passed,Used,False,Not Applicable
477,3401,6835,3396,2078,409,2023-07-29,26,Refund,Damaged Product,Website,Requested,Processing,6279.27,136.02,Scheduled,2023-08-01,Pending,Unused,False,Not Applicable
478,3409,6847,2224,1892,369,2023-07-28,21,Replacement,Product Not As Expected,Website,Approved,Not Applicable,0.0,100.52,Pending,,Pending,Opened,True,Completed
479,3417,6865,1439,1768,346,2023-07-23,23,Refund,Missing Parts,Website,Pickup Scheduled,Processing,3708.14,161.26,Scheduled,2023-07-25,Pending,Opened,False,Not Applicable
480,3433,6896,8668,2528,496,2023-07-12,9,Refund,Product Not As Expected,Mobile App,Completed,Completed,19292.08,88.71,Completed,2023-07-14,Passed,Damaged,False,Not Applicable
481,3444,6919,3517,826,166,2023-07-25,24,Refund,Wrong Product,Customer Support,Pickup Scheduled,Pending,5596.0,84.31,Scheduled,2023-07-28,Pending,Opened,False,Not Applicable
482,3450,6931,7046,75,15,2023-07-06,1,Replacement,Product Not As Expected,Website,Picked Up,Not Applicable,0.0,33.64,Scheduled,2023-07-07,Pending,Used,True,Completed
483,3452,6934,7942,1858,362,2023-07-30,24,Refund,Product Not As Expected,Mobile App,Completed,Completed,13193.46,41.08,Completed,2023-08-01,Passed,Unused,False,Not Applicable
484,3454,6938,1321,1575,311,2023-07-29,27,Refund,Wrong Product,Website,Completed,Completed,8401.27,147.72,Completed,2023-07-30,Passed,Used,False,Not Applicable
485,3466,6964,1841,66,13,2023-08-02,25,Refund,Late Delivery,Mobile App,Pickup Scheduled,Processing,789.52,44.31,Completed,2023-08-03,Passed,Unused,False,Not Applicable
486,3474,6985,7878,355,70,2023-07-27,23,Refund,Changed Mind,Website,Picked Up,Processing,13546.11,136.33,Scheduled,2023-07-29,Pending,Damaged,False,Not Applicable
487,3482,7001,7235,1728,339,2023-07-19,14,Refund,Product Not As Expected,Mobile App,Completed,Completed,2854.96,47.64,Completed,2023-07-21,Passed,Used,False,Not Applicable
488,3498,7032,2611,266,54,2023-07-29,23,Refund,Late Delivery,Mobile App,Completed,Pending,3232.05,40.02,Completed,2023-08-01,Passed,Opened,False,Not Applicable
489,3500,7036,4245,745,149,2023-07-16,7,Refund,Product Not As Expected,Website,Completed,Completed,5721.89,114.17,Completed,2023-07-19,Passed,Used,False,Not Applicable
490,3512,7059,4189,1347,268,2023-07-19,8,Exchange,Missing Parts,Mobile App,Requested,Not Applicable,0.0,164.39,Scheduled,2023-07-20,Pending,Used,True,Requested
491,3512,7060,4189,1494,295,2023-07-28,17,Replacement,Changed Mind,Mobile App,Pickup Scheduled,Not Applicable,0.0,146.09,Scheduled,2023-07-29,Pending,Damaged,True,Cancelled
492,3515,7065,4945,231,47,2023-07-26,20,Replacement,Product Not As Expected,Website,Rejected,Not Applicable,0.0,114.07,Failed,,Pending,Opened,True,Cancelled
493,3522,7078,5,553,112,2023-07-18,12,Replacement,Quality Issue,Website,Completed,Not Applicable,0.0,86.13,Completed,2023-07-19,Passed,Opened,True,Cancelled
494,3527,7089,5651,19,4,2023-07-17,9,Refund,Changed Mind,Mobile App,Approved,Processing,1038.79,175.67,Scheduled,2023-07-20,Pending,Unused,False,Not Applicable
495,3535,7100,5596,1545,306,2023-07-06,1,Replacement,Changed Mind,Website,Completed,Not Applicable,0.0,96.51,Completed,2023-07-07,Pending,Unused,True,Requested
496,3544,7116,3376,659,132,2023-07-28,22,Refund,Damaged Product,Mobile App,Completed,Completed,30535.8,42.6,Completed,2023-07-31,Pending,Used,False,Not Applicable
497,3547,7124,7965,1969,384,2023-07-21,9,Refund,Changed Mind,Website,Approved,Pending,65179.19,167.7,Scheduled,2023-07-22,Pending,Unused,False,Not Applicable
498,3550,7129,9653,1236,246,2023-07-17,6,Replacement,Quality Issue,Mobile App,Approved,Not Applicable,0.0,142.11,Pending,,Pending,Used,True,Processing
499,3590,7207,2816,1691,333,2023-08-08,30,Replacement,Late Delivery,Mobile App,Completed,Not Applicable,0.0,54.6,Completed,2023-08-10,Passed,Damaged,True,Requested
500,3597,7218,8121,1358,270,2023-07-15,3,Refund,Wrong Product,Mobile App,Completed,Processing,14525.21,162.44,Completed,2023-07-16,Passed,Opened,False,Not Applicable
501,3614,7248,6715,937,187,2023-07-29,16,Replacement,Size/Fit Issue,Mobile App,Rejected,Not Applicable,0.0,85.37,Failed,,Pending,Opened,True,Processing
502,3624,7266,4926,813,163,2023-07-30,14,Refund,Late Delivery,Website,Pickup Scheduled,Processing,2173.12,128.38,Scheduled,2023-08-01,Pending,Unused,False,Not Applicable
503,3626,7273,6902,1472,291,2023-07-31,21,Exchange,Damaged Product,Mobile App,Pickup Scheduled,Not Applicable,0.0,147.15,Completed,2023-08-03,Passed,Damaged,True,Completed
504,3630,7283,9262,436,90,2023-08-09,30,Replacement,Late Delivery,Website,Approved,Not Applicable,0.0,72.26,Scheduled,2023-08-11,Pending,Unused,True,Cancelled
505,3640,7301,773,24,5,2023-07-25,11,Refund,Wrong Product,Mobile App,Requested,Pending,1148.84,42.61,Scheduled,2023-07-26,Pending,Opened,False,Not Applicable
506,3647,7315,2907,382,76,2023-07-25,12,Refund,Damaged Product,Mobile App,Completed,Completed,9419.86,93.38,Completed,2023-07-26,Passed,Used,False,Not Applicable
507,3647,7316,2907,1061,213,2023-08-06,24,Refund,Wrong Product,Website,Completed,Completed,1889.74,179.24,Completed,2023-08-07,Passed,Used,False,Not Applicable
508,3649,7321,4349,2144,421,2023-08-04,19,Refund,Changed Mind,Mobile App,Completed,Completed,7489.86,120.69,Completed,2023-08-05,Passed,Unused,False,Not Applicable
509,3651,7326,5316,1394,277,2023-07-25,14,Replacement,Changed Mind,Website,Approved,Not Applicable,0.0,32.71,Scheduled,2023-07-26,Pending,Opened,True,Processing
510,3654,7329,6372,691,139,2023-07-28,10,Replacement,Changed Mind,Website,Completed,Not Applicable,0.0,169.48,Completed,2023-07-31,Passed,Damaged,True,Cancelled
511,3655,7330,7973,1093,219,2023-07-24,11,Refund,Damaged Product,Mobile App,Completed,Completed,6566.28,130.95,Completed,2023-07-25,Passed,Opened,False,Not Applicable
512,3656,7332,8073,1415,282,2023-08-12,28,Refund,Changed Mind,Website,Requested,Processing,1358.62,142.2,Pending,,Pending,Opened,False,Not Applicable
513,3681,7388,6912,319,63,2023-08-16,27,Refund,Damaged Product,Website,Picked Up,Pending,620.78,91.54,Completed,2023-08-19,Passed,Damaged,False,Not Applicable
514,3705,7436,2344,9,2,2023-07-23,2,Replacement,Product Not As Expected,Website,Pickup Scheduled,Not Applicable,0.0,137.37,Scheduled,2023-07-25,Pending,Used,True,Requested
515,3708,7442,5299,718,144,2023-08-13,26,Refund,Wrong Product,Mobile App,Completed,Completed,38378.94,94.29,Completed,2023-08-16,Passed,Damaged,False,Not Applicable
516,3716,7460,1124,1442,287,2023-08-18,29,Replacement,Quality Issue,Mobile App,Completed,Not Applicable,0.0,115.23,Completed,2023-08-21,Passed,Damaged,True,Completed
517,3725,7481,9703,2461,482,2023-07-26,7,Refund,Wrong Product,Mobile App,Approved,Processing,13091.87,175.86,Scheduled,2023-07-29,Pending,Opened,False,Not Applicable
518,3732,7500,5908,2031,397,2023-07-24,8,Refund,Wrong Product,Website,Approved,Pending,50662.14,104.82,Pending,,Pending,Used,False,Not Applicable
519,3733,7503,5954,1572,311,2023-08-12,24,Replacement,Late Delivery,Website,Completed,Not Applicable,0.0,123.96,Completed,2023-08-15,Passed,Unused,True,Cancelled
520,3736,7510,8972,2493,490,2023-08-12,26,Refund,Damaged Product,Mobile App,Picked Up,Pending,7047.56,56.61,Scheduled,2023-08-13,Pending,Damaged,False,Not Applicable
521,3745,7528,1432,2033,397,2023-08-12,26,Replacement,Size/Fit Issue,Mobile App,Approved,Not Applicable,0.0,119.74,Scheduled,2023-08-13,Pending,Unused,True,Processing
522,3747,7530,2414,291,58,2023-08-04,14,Replacement,Changed Mind,Website,Approved,Not Applicable,0.0,67.76,Pending,,Pending,Damaged,True,Requested
523,3755,7547,7604,1419,282,2023-08-20,29,Exchange,Damaged Product,Mobile App,Picked Up,Not Applicable,0.0,125.68,Completed,2023-08-23,Passed,Damaged,True,Completed
524,3783,7598,119,12,3,2023-08-17,23,Refund,Quality Issue,Mobile App,Completed,Completed,5094.3,78.85,Completed,2023-08-19,Passed,Damaged,False,Not Applicable
525,3790,7611,2404,676,136,2023-08-12,22,Refund,Product Not As Expected,Mobile App,Rejected,Not Applicable,0.0,178.04,Failed,,Pending,Used,False,Not Applicable
526,3791,7613,2829,1389,276,2023-07-27,2,Replacement,Quality Issue,Mobile App,Approved,Not Applicable,0.0,162.13,Scheduled,2023-07-28,Pending,Damaged,True,Processing
527,3793,7617,4079,203,41,2023-08-21,25,Replacement,Damaged Product,Website,Completed,Not Applicable,0.0,66.78,Completed,2023-08-24,Passed,Unused,True,Cancelled
528,3796,7623,4647,1154,231,2023-08-18,25,Replacement,Product Not As Expected,Website,Completed,Not Applicable,0.0,165.77,Completed,2023-08-20,Failed,Damaged,True,Completed
529,3802,7637,6721,1727,339,2023-07-23,4,Replacement,Product Not As Expected,Website,Pickup Scheduled,Not Applicable,0.0,114.86,Scheduled,2023-07-26,Pending,Used,True,Requested
530,3808,7646,8378,1260,252,2023-07-31,3,Refund,Size/Fit Issue,Website,Rejected,Not Applicable,0.0,116.09,Failed,,Pending,Unused,False,Not Applicable
531,3810,7650,9025,223,45,2023-08-14,22,Refund,Changed Mind,Website,Approved,Pending,219.91,127.18,Scheduled,2023-08-15,Pending,Opened,False,Not Applicable
532,3813,7656,5,2269,445,2023-08-14,19,Refund,Changed Mind,Mobile App,Completed,Processing,1758.53,117.66,Completed,2023-08-16,Passed,Opened,False,Not Applicable
533,3821,7672,2626,984,197,2023-07-25,5,Refund,Quality Issue,Website,Rejected,Not Applicable,0.0,128.73,Failed,,Pending,Opened,False,Not Applicable
534,3824,7679,3383,1,1,2023-08-20,29,Replacement,Product Not As Expected,Mobile App,Pickup Scheduled,Not Applicable,0.0,95.78,Scheduled,2023-08-22,Pending,Unused,True,Cancelled
535,3836,7704,8110,220,44,2023-08-09,13,Replacement,Wrong Product,Mobile App,Pickup Scheduled,Not Applicable,0.0,179.96,Completed,2023-08-10,Passed,Used,True,Processing
536,3844,7722,622,586,118,2023-08-20,26,Refund,Wrong Product,Mobile App,Completed,Completed,1039.9,170.44,Completed,2023-08-21,Passed,Opened,False,Not Applicable
537,3852,7741,4749,1189,237,2023-08-25,28,Refund,Late Delivery,Mobile App,Pickup Scheduled,Pending,12191.67,82.3,Scheduled,2023-08-26,Pending,Unused,False,Not Applicable
538,3854,7747,6170,1604,318,2023-08-10,16,Refund,Late Delivery,Mobile App,Pickup Scheduled,Pending,11432.13,49.23,Completed,2023-08-12,Passed,Used,False,Not Applicable
539,3869,7782,1858,871,174,2023-08-27,29,Replacement,Missing Parts,Customer Support,Completed,Not Applicable,0.0,54.28,Completed,2023-08-28,Pending,Unused,True,Processing
540,3884,7809,6008,1311,261,2023-08-07,12,Refund,Late Delivery,Mobile App,Requested,Pending,3848.72,112.57,Scheduled,2023-08-08,Pending,Unused,False,Not Applicable
541,3892,7826,9980,626,126,2023-08-23,24,Replacement,Damaged Product,Website,Picked Up,Not Applicable,0.0,134.05,Scheduled,2023-08-26,Pending,Used,True,Processing
542,3897,7840,1173,1854,361,2023-08-09,13,Refund,Product Not As Expected,Website,Completed,Completed,4692.81,30.05,Completed,2023-08-10,Passed,Used,False,Not Applicable
543,3900,7847,3509,70,14,2023-08-13,14,Refund,Damaged Product,Website,Picked Up,Pending,8373.39,118.71,Completed,2023-08-14,Passed,Damaged,False,Not Applicable
544,3916,7881,4016,211,42,2023-08-23,27,Replacement,Changed Mind,Mobile App,Approved,Not Applicable,0.0,63.7,Pending,,Pending,Damaged,True,Completed
545,3944,7942,9185,2269,445,2023-08-20,19,Refund,Quality Issue,Mobile App,Completed,Completed,3341.21,83.79,Completed,2023-08-21,Passed,Used,False,Not Applicable
546,3969,7989,533,1753,343,2023-08-09,7,Refund,Product Not As Expected,Website,Completed,Processing,12436.11,122.77,Completed,2023-08-12,Passed,Damaged,False,Not Applicable
547,3970,7990,1471,735,148,2023-08-07,3,Refund,Product Not As Expected,Mobile App,Picked Up,Processing,1267.96,109.92,Scheduled,2023-08-10,Pending,Used,False,Not Applicable
548,3976,8002,3105,560,113,2023-08-19,18,Refund,Size/Fit Issue,Mobile App,Rejected,Not Applicable,0.0,66.8,Failed,,Pending,Opened,False,Not Applicable
549,3978,8006,3756,573,116,2023-08-08,8,Exchange,Changed Mind,Website,Completed,Not Applicable,0.0,57.91,Completed,2023-08-10,Passed,Opened,True,Cancelled
550,3987,8024,259,2548,500,2023-08-23,23,Refund,Product Not As Expected,Mobile App,Completed,Completed,532.58,110.3,Completed,2023-08-24,Pending,Damaged,False,Not Applicable
551,3995,8040,5418,1187,237,2023-08-05,6,Refund,Product Not As Expected,Mobile App,Pickup Scheduled,Processing,1457.14,39.81,Completed,2023-08-08,Pending,Used,False,Not Applicable
552,4007,8065,2571,2426,474,2023-08-21,20,Refund,Late Delivery,Mobile App,Completed,Completed,4151.58,139.56,Completed,2023-08-24,Pending,Damaged,False,Not Applicable
553,4022,8100,8087,2543,499,2023-08-25,20,Refund,Product Not As Expected,Mobile App,Picked Up,Pending,583.29,30.7,Scheduled,2023-08-28,Pending,Unused,False,Not Applicable
554,4023,8102,8264,592,119,2023-08-30,29,Refund,Wrong Product,Customer Support,Pickup Scheduled,Pending,3669.86,44.54,Completed,2023-08-31,Passed,Used,False,Not Applicable
555,4041,8140,8201,2336,458,2023-08-09,8,Refund,Changed Mind,Mobile App,Approved,Processing,5999.58,38.79,Pending,,Pending,Used,False,Not Applicable
556,4057,8175,8234,2426,474,2023-09-04,27,Refund,Quality Issue,Website,Completed,Completed,4151.58,140.89,Completed,2023-09-07,Passed,Used,False,Not Applicable
557,4058,8177,9283,2280,447,2023-08-17,10,Refund,Size/Fit Issue,Website,Pickup Scheduled,Processing,3424.52,132.17,Scheduled,2023-08-20,Pending,Used,False,Not Applicable
558,4059,8178,76,2214,433,2023-08-10,7,Refund,Damaged Product,Website,Completed,Pending,4820.18,36.79,Completed,2023-08-11,Passed,Unused,False,Not Applicable
559,4075,8206,7561,340,67,2023-09-01,27,Refund,Damaged Product,Website,Approved,Processing,7078.3,123.98,Scheduled,2023-09-04,Pending,Unused,False,Not Applicable
560,4099,8250,7638,753,151,2023-09-03,30,Refund,Damaged Product,Website,Rejected,Not Applicable,0.0,115.32,Failed,,Pending,Unused,False,Not Applicable
561,4105,8263,924,1180,236,2023-08-16,6,Replacement,Product Not As Expected,Mobile App,Pickup Scheduled,Not Applicable,0.0,51.5,Completed,2023-08-17,Passed,Used,True,Processing
562,4106,8265,966,329,65,2023-08-30,22,Refund,Wrong Product,Website,Picked Up,Pending,6625.62,132.65,Completed,2023-09-01,Pending,Unused,False,Not Applicable
563,4106,8266,966,428,87,2023-08-09,1,Refund,Damaged Product,Website,Completed,Completed,125881.22,32.97,Completed,2023-08-10,Passed,Unused,False,Not Applicable
564,4123,8298,9201,125,24,2023-08-22,14,Replacement,Missing Parts,Customer Support,Picked Up,Not Applicable,0.0,171.28,Scheduled,2023-08-25,Pending,Used,True,Processing
565,4140,8332,8955,2276,447,2023-08-15,7,Refund,Product Not As Expected,Customer Support,Completed,Completed,375.91,87.9,Completed,2023-08-17,Pending,Opened,False,Not Applicable
566,4152,8354,6161,1072,215,2023-09-07,28,Replacement,Damaged Product,Mobile App,Pickup Scheduled,Not Applicable,0.0,156.1,Completed,2023-09-08,Passed,Opened,True,Completed
567,4171,8385,2526,777,156,2023-09-07,23,Exchange,Changed Mind,Website,Pickup Scheduled,Not Applicable,0.0,171.99,Scheduled,2023-09-09,Pending,Unused,True,Cancelled
568,4173,8390,2844,669,135,2023-08-17,5,Replacement,Damaged Product,Mobile App,Completed,Not Applicable,0.0,136.71,Completed,2023-08-20,Passed,Used,True,Completed
569,4174,8395,5421,2292,449,2023-09-11,29,Refund,Quality Issue,Website,Rejected,Not Applicable,0.0,107.01,Failed,,Pending,Opened,False,Not Applicable
570,4176,8398,6899,27,6,2023-08-20,11,Exchange,Changed Mind,Website,Requested,Not Applicable,0.0,36.07,Scheduled,2023-08-22,Pending,Damaged,True,Completed
571,4181,8408,7955,33,7,2023-08-23,13,Refund,Changed Mind,Mobile App,Picked Up,Processing,11273.06,91.08,Completed,2023-08-25,Passed,Damaged,False,Not Applicable
572,4189,8425,2036,1541,305,2023-08-25,12,Refund,Damaged Product,Website,Picked Up,Pending,59765.9,140.48,Scheduled,2023-08-28,Pending,Unused,False,Not Applicable
573,4190,8428,2461,1666,328,2023-08-30,19,Replacement,Changed Mind,Website,Completed,Not Applicable,0.0,38.42,Completed,2023-09-01,Passed,Unused,True,Requested
574,4202,8455,1104,2070,408,2023-08-22,7,Refund,Late Delivery,Customer Support,Completed,Completed,5650.28,58.06,Completed,2023-08-25,Passed,Opened,False,Not Applicable
575,4213,8474,9527,155,31,2023-08-12,3,Refund,Wrong Product,Website,Completed,Completed,76845.54,31.8,Completed,2023-08-13,Passed,Damaged,False,Not Applicable
576,4216,8482,1020,737,148,2023-08-19,9,Replacement,Quality Issue,Website,Pickup Scheduled,Not Applicable,0.0,111.89,Completed,2023-08-21,Passed,Damaged,True,Completed
577,4233,8516,4912,2496,490,2023-09-01,16,Refund,Wrong Product,Mobile App,Pickup Scheduled,Pending,9195.75,102.98,Completed,2023-09-04,Passed,Opened,False,Not Applicable
578,4237,8522,6062,101,19,2023-08-18,4,Refund,Product Not As Expected,Website,Pickup Scheduled,Pending,1531.53,150.54,Scheduled,2023-08-21,Pending,Damaged,False,Not Applicable
579,4237,8524,6062,2180,427,2023-08-24,10,Replacement,Quality Issue,Website,Pickup Scheduled,Not Applicable,0.0,81.16,Completed,2023-08-27,Pending,Opened,True,Completed
580,4241,8530,7347,1264,252,2023-08-29,12,Refund,Wrong Product,Website,Approved,Processing,2555.49,116.58,Scheduled,2023-08-31,Pending,Used,False,Not Applicable
581,4251,8544,3388,488,100,2023-09-02,17,Replacement,Damaged Product,Website,Pickup Scheduled,Not Applicable,0.0,120.39,Scheduled,2023-09-05,Pending,Damaged,True,Cancelled
582,4257,8554,8517,1250,249,2023-08-25,8,Refund,Quality Issue,Website,Requested,Processing,8182.27,173.5,Pending,,Pending,Used,False,Not Applicable
583,4262,8564,1546,2301,451,2023-09-09,29,Refund,Quality Issue,Mobile App,Completed,Completed,7973.44,74.73,Completed,2023-09-12,Passed,Unused,False,Not Applicable
584,4265,8570,3463,999,200,2023-09-08,21,Replacement,Changed Mind,Website,Requested,Not Applicable,0.0,113.29,Pending,,Pending,Damaged,True,Cancelled
585,4279,8599,9472,2360,463,2023-08-29,10,Refund,Wrong Product,Website,Completed,Pending,2851.95,39.58,Completed,2023-09-01,Passed,Damaged,False,Not Applicable
586,4280,8600,9474,1888,368,2023-08-22,5,Refund,Product Not As Expected,Mobile App,Approved,Processing,1613.62,91.9,Scheduled,2023-08-24,Pending,Unused,False,Not Applicable
587,4289,8617,4177,1734,340,2023-09-13,27,Replacement,Damaged Product,Mobile App,Picked Up,Not Applicable,0.0,78.44,Scheduled,2023-09-14,Pending,Opened,True,Completed
588,4291,8620,4813,486,99,2023-09-10,25,Refund,Product Not As Expected,Website,Requested,Pending,5067.02,118.45,Pending,,Pending,Opened,False,Not Applicable
589,4292,8623,4818,344,68,2023-09-12,23,Refund,Missing Parts,Mobile App,Completed,Processing,10305.85,141.64,Completed,2023-09-13,Failed,Damaged,False,Not Applicable
590,4299,8635,6495,1196,238,2023-09-06,20,Exchange,Product Not As Expected,Mobile App,Completed,Not Applicable,0.0,60.02,Completed,2023-09-07,Pending,Unused,True,Processing
591,4304,8643,9483,1200,239,2023-09-08,21,Refund,Wrong Product,Mobile App,Completed,Pending,1076.25,159.05,Completed,2023-09-09,Passed,Opened,False,Not Applicable
592,4314,8668,3258,1529,302,2023-08-27,7,Replacement,Wrong Product,Mobile App,Rejected,Not Applicable,0.0,74.62,Failed,,Pending,Damaged,True,Requested
593,4315,8669,3477,1000,200,2023-08-22,4,Refund,Damaged Product,Mobile App,Approved,Pending,1578.82,46.89,Scheduled,2023-08-23,Pending,Unused,False,Not Applicable
594,4319,8680,5865,984,197,2023-09-10,19,Refund,Damaged Product,Mobile App,Completed,Completed,4491.0,94.87,Completed,2023-09-12,Pending,Damaged,False,Not Applicable
595,4320,8683,5876,707,143,2023-09-15,29,Refund,Quality Issue,Website,Requested,Processing,104.56,33.66,Pending,,Pending,Used,False,Not Applicable
596,4323,8688,7843,1482,293,2023-09-09,21,Refund,Product Not As Expected,Website,Picked Up,Processing,17565.66,72.98,Scheduled,2023-09-12,Pending,Unused,False,Not Applicable
597,4366,8764,4923,1444,287,2023-09-14,26,Exchange,Product Not As Expected,Mobile App,Completed,Not Applicable,0.0,143.37,Completed,2023-09-15,Passed,Used,True,Processing
598,4369,8770,8040,220,44,2023-08-31,10,Refund,Product Not As Expected,Mobile App,Approved,Processing,1130.82,171.73,Scheduled,2023-09-01,Pending,Damaged,False,Not Applicable
599,4369,8772,8040,2398,469,2023-09-10,20,Refund,Missing Parts,Mobile App,Pickup Scheduled,Processing,5554.44,176.55,Scheduled,2023-09-13,Pending,Damaged,False,Not Applicable
600,4394,8815,8985,700,141,2023-09-09,17,Refund,Changed Mind,Mobile App,Picked Up,Processing,7300.09,134.73,Scheduled,2023-09-11,Pending,Unused,False,Not Applicable
601,4403,8830,4382,423,86,2023-09-15,25,Replacement,Missing Parts,Website,Completed,Not Applicable,0.0,159.83,Completed,2023-09-16,Passed,Opened,True,Completed
602,4409,8841,7568,1968,384,2023-09-07,16,Refund,Wrong Product,Website,Completed,Completed,12865.95,92.79,Completed,2023-09-09,Passed,Unused,False,Not Applicable
603,4410,8842,7569,1735,340,2023-09-03,14,Refund,Damaged Product,Mobile App,Pickup Scheduled,Processing,3116.64,165.99,Completed,2023-09-05,Passed,Opened,False,Not Applicable
604,4415,8852,250,826,166,2023-09-18,26,Replacement,Size/Fit Issue,Website,Picked Up,Not Applicable,0.0,49.98,Scheduled,2023-09-19,Pending,Opened,True,Completed
605,4416,8854,1187,976,195,2023-08-23,2,Refund,Late Delivery,Website,Requested,Pending,1004.11,168.11,Scheduled,2023-08-24,Pending,Used,False,Not Applicable
606,4423,8869,5459,1345,268,2023-09-14,17,Exchange,Missing Parts,Mobile App,Requested,Not Applicable,0.0,154.2,Scheduled,2023-09-17,Pending,Used,True,Processing
607,4424,8872,6912,155,31,2023-09-03,11,Replacement,Product Not As Expected,Website,Requested,Not Applicable,0.0,142.29,Scheduled,2023-09-05,Pending,Damaged,True,Processing
608,4430,8884,165,2145,421,2023-08-23,3,Refund,Damaged Product,Website,Completed,Pending,2215.94,127.53,Completed,2023-08-25,Passed,Damaged,False,Not Applicable
609,4443,8909,6074,1668,329,2023-09-12,21,Refund,Quality Issue,Website,Approved,Pending,1097.09,114.9,Scheduled,2023-09-14,Pending,Opened,False,Not Applicable
610,4469,8952,7628,1001,200,2023-09-05,7,Replacement,Changed Mind,Mobile App,Approved,Not Applicable,0.0,69.86,Scheduled,2023-09-08,Pending,Damaged,True,Processing
611,4474,8963,9266,1727,339,2023-08-31,3,Refund,Wrong Product,Mobile App,Picked Up,Pending,3724.24,31.48,Completed,2023-09-01,Pending,Unused,False,Not Applicable
612,4516,9049,6350,549,111,2023-09-30,30,Refund,Wrong Product,Mobile App,Completed,Completed,1433.63,87.15,Completed,2023-10-02,Passed,Used,False,Not Applicable
613,4528,9072,1964,1955,381,2023-09-03,3,Refund,Damaged Product,Mobile App,Approved,Processing,34670.52,91.42,Scheduled,2023-09-04,Pending,Opened,False,Not Applicable
614,4529,9074,2137,1398,278,2023-09-28,28,Refund,Product Not As Expected,Website,Requested,Pending,1493.78,171.3,Scheduled,2023-10-01,Pending,Damaged,False,Not Applicable
615,4533,9082,3732,304,60,2023-09-03,4,Refund,Size/Fit Issue,Website,Completed,Completed,1458.66,110.05,Completed,2023-09-05,Passed,Opened,False,Not Applicable
616,4546,9106,8341,1696,334,2023-09-14,13,Refund,Late Delivery,Website,Approved,Processing,1508.44,174.32,Scheduled,2023-09-17,Pending,Damaged,False,Not Applicable
617,4563,9139,4410,636,128,2023-09-16,14,Replacement,Changed Mind,Website,Completed,Not Applicable,0.0,66.67,Completed,2023-09-19,Pending,Used,True,Cancelled
618,4563,9140,4410,707,143,2023-09-10,8,Exchange,Changed Mind,Mobile App,Approved,Not Applicable,0.0,49.56,Scheduled,2023-09-12,Pending,Opened,True,Cancelled
619,4568,9151,7181,1417,282,2023-09-14,10,Refund,Changed Mind,Mobile App,Picked Up,Processing,576.18,59.02,Scheduled,2023-09-16,Pending,Used,False,Not Applicable
620,4572,9158,8110,1619,320,2023-09-11,7,Replacement,Product Not As Expected,Mobile App,Pickup Scheduled,Not Applicable,0.0,37.64,Completed,2023-09-13,Passed,Used,True,Completed
621,4579,9170,1903,1182,236,2023-09-23,25,Refund,Late Delivery,Mobile App,Completed,Completed,4313.2,139.72,Completed,2023-09-25,Passed,Damaged,False,Not Applicable
622,4582,9178,2243,1225,243,2023-09-02,1,Exchange,Missing Parts,Mobile App,Approved,Not Applicable,0.0,178.56,Pending,,Pending,Damaged,True,Completed
623,4584,9182,2801,1950,380,2023-09-29,24,Refund,Changed Mind,Customer Support,Requested,Pending,6821.82,130.41,Scheduled,2023-09-30,Pending,Unused,False,Not Applicable
624,4593,9203,6911,915,183,2023-09-19,16,Refund,Quality Issue,Mobile App,Completed,Completed,119521.93,150.25,Completed,2023-09-21,Pending,Used,False,Not Applicable
625,4605,9226,2464,503,102,2023-09-16,11,Exchange,Changed Mind,Website,Requested,Not Applicable,0.0,176.75,Pending,,Pending,Damaged,True,Cancelled
626,4618,9254,7153,212,42,2023-09-16,16,Refund,Quality Issue,Website,Approved,Processing,5085.85,54.78,Pending,,Pending,Unused,False,Not Applicable
627,4620,9259,8697,1084,217,2023-09-04,1,Replacement,Damaged Product,Website,Approved,Not Applicable,0.0,122.32,Scheduled,2023-09-05,Pending,Used,True,Completed
628,4621,9263,8890,1758,343,2023-09-23,20,Replacement,Product Not As Expected,Website,Approved,Not Applicable,0.0,34.81,Scheduled,2023-09-26,Pending,Opened,True,Completed
629,4632,9285,4938,813,163,2023-09-26,19,Replacement,Changed Mind,Mobile App,Approved,Not Applicable,0.0,133.16,Pending,,Pending,Used,True,Completed
630,4639,9299,8482,203,41,2023-09-12,6,Refund,Wrong Product,Mobile App,Pickup Scheduled,Processing,8243.49,128.75,Completed,2023-09-13,Passed,Damaged,False,Not Applicable
631,4646,9316,3712,1903,371,2023-10-02,26,Refund,Damaged Product,Mobile App,Approved,Processing,6449.4,162.63,Pending,,Pending,Unused,False,Not Applicable
632,4653,9328,6608,1673,329,2023-09-25,16,Replacement,Damaged Product,Mobile App,Rejected,Not Applicable,0.0,109.63,Failed,,Pending,Used,True,Completed
633,4662,9341,1745,20,5,2023-09-14,11,Refund,Wrong Product,Mobile App,Picked Up,Processing,3360.5,155.22,Completed,2023-09-17,Passed,Used,False,Not Applicable
634,4668,9350,4475,328,65,2023-09-14,8,Refund,Changed Mind,Mobile App,Rejected,Not Applicable,0.0,94.5,Failed,,Pending,Unused,False,Not Applicable
635,4674,9366,5178,1257,250,2023-09-30,19,Refund,Wrong Product,Website,Completed,Completed,1037.82,56.59,Completed,2023-10-02,Passed,Used,False,Not Applicable
636,4674,9368,5178,1937,378,2023-09-25,14,Refund,Changed Mind,Mobile App,Completed,Processing,9352.92,128.62,Completed,2023-09-28,Passed,Opened,False,Not Applicable
637,4682,9379,9059,1806,353,2023-09-11,5,Replacement,Wrong Product,Customer Support,Completed,Not Applicable,0.0,47.01,Completed,2023-09-12,Passed,Used,True,Processing
638,4702,9421,2093,654,132,2023-10-02,24,Refund,Product Not As Expected,Website,Completed,Completed,96846.69,165.0,Completed,2023-10-04,Passed,Opened,False,Not Applicable
639,4702,9422,2093,1983,386,2023-09-15,7,Refund,Quality Issue,Website,Pickup Scheduled,Processing,121254.24,42.78,Scheduled,2023-09-17,Pending,Damaged,False,Not Applicable
640,4706,9433,2827,615,124,2023-10-09,27,Replacement,Product Not As Expected,Mobile App,Approved,Not Applicable,0.0,129.72,Pending,,Pending,Unused,True,Completed
641,4712,9447,4133,2022,394,2023-09-14,10,Refund,Missing Parts,Customer Support,Completed,Completed,96191.3,176.2,Completed,2023-09-15,Passed,Unused,False,Not Applicable
642,4715,9453,5625,1402,279,2023-09-12,2,Refund,Late Delivery,Website,Completed,Completed,1997.37,165.95,Completed,2023-09-13,Passed,Used,False,Not Applicable
643,4719,9466,6187,2399,469,2023-10-07,29,Refund,Quality Issue,Mobile App,Picked Up,Pending,4676.45,42.3,Completed,2023-10-08,Passed,Opened,False,Not Applicable
644,4722,9472,6668,454,93,2023-09-17,7,Replacement,Product Not As Expected,Customer Support,Approved,Not Applicable,0.0,132.21,Pending,,Pending,Damaged,True,Requested
645,4736,9496,2620,516,105,2023-09-12,4,Refund,Quality Issue,Website,Approved,Pending,22950.41,49.87,Pending,,Pending,Opened,False,Not Applicable
646,4736,9497,2620,567,115,2023-09-16,8,Replacement,Product Not As Expected,Mobile App,Completed,Not Applicable,0.0,127.78,Completed,2023-09-17,Passed,Unused,True,Requested
647,4739,9503,5155,270,55,2023-09-14,4,Refund,Damaged Product,Website,Pickup Scheduled,Pending,3866.58,86.81,Completed,2023-09-16,Failed,Damaged,False,Not Applicable
648,4746,9516,7119,1650,325,2023-09-08,1,Refund,Wrong Product,Website,Approved,Processing,2735.7,46.56,Pending,,Pending,Damaged,False,Not Applicable
649,4750,9523,9817,1065,213,2023-09-29,15,Refund,Changed Mind,Mobile App,Completed,Completed,1017.11,70.45,Completed,2023-10-01,Failed,Damaged,False,Not Applicable
650,4761,9543,7511,226,46,2023-10-14,29,Refund,Quality Issue,Website,Completed,Completed,7605.94,158.38,Completed,2023-10-17,Failed,Damaged,False,Not Applicable
651,4767,9552,8999,1397,278,2023-09-16,1,Refund,Late Delivery,Mobile App,Completed,Completed,8864.58,139.89,Completed,2023-09-18,Passed,Unused,False,Not Applicable
652,4777,9568,4989,973,195,2023-09-21,11,Refund,Late Delivery,Mobile App,Completed,Processing,1937.9,45.48,Completed,2023-09-24,Pending,Unused,False,Not Applicable
653,4780,9575,6253,99,19,2023-10-01,22,Exchange,Changed Mind,Mobile App,Picked Up,Not Applicable,0.0,35.49,Scheduled,2023-10-02,Pending,Used,True,Requested
654,4780,9576,6253,884,177,2023-09-28,19,Refund,Product Not As Expected,Website,Rejected,Not Applicable,0.0,163.97,Failed,,Pending,Damaged,False,Not Applicable
655,4792,9603,3418,1066,214,2023-10-05,23,Refund,Product Not As Expected,Website,Pickup Scheduled,Pending,9329.42,177.11,Scheduled,2023-10-08,Pending,Unused,False,Not Applicable
656,4795,9609,4131,1497,295,2023-09-21,6,Refund,Damaged Product,Mobile App,Approved,Pending,47034.36,34.72,Scheduled,2023-09-22,Pending,Opened,False,Not Applicable
657,4801,9622,6832,52,11,2023-09-18,6,Replacement,Wrong Product,Mobile App,Completed,Not Applicable,0.0,46.27,Completed,2023-09-19,Passed,Opened,True,Cancelled
658,4816,9649,961,2125,417,2023-09-29,13,Refund,Product Not As Expected,Customer Support,Completed,Completed,3746.7,165.12,Completed,2023-09-30,Passed,Opened,False,Not Applicable
659,4838,9685,7167,1278,255,2023-10-07,24,Replacement,Wrong Product,Mobile App,Requested,Not Applicable,0.0,144.82,Scheduled,2023-10-09,Pending,Unused,True,Requested
660,4845,9702,8832,762,153,2023-10-10,21,Replacement,Missing Parts,Customer Support,Completed,Not Applicable,0.0,142.88,Completed,2023-10-12,Passed,Unused,True,Completed
661,4850,9711,30,88,17,2023-09-24,6,Replacement,Damaged Product,Mobile App,Approved,Not Applicable,0.0,33.94,Scheduled,2023-09-25,Pending,Damaged,True,Cancelled
662,4851,9713,119,1901,370,2023-09-29,9,Replacement,Product Not As Expected,Mobile App,Pickup Scheduled,Not Applicable,0.0,86.66,Completed,2023-10-02,Passed,Opened,True,Cancelled
663,4855,9720,3363,1821,355,2023-09-22,10,Replacement,Product Not As Expected,Website,Completed,Not Applicable,0.0,91.01,Completed,2023-09-25,Passed,Damaged,True,Requested
664,4864,9735,7149,865,172,2023-10-12,26,Refund,Product Not As Expected,Mobile App,Approved,Pending,1078.41,123.84,Pending,,Pending,Used,False,Not Applicable
665,4870,9749,8727,2267,445,2023-09-25,9,Refund,Damaged Product,Website,Completed,Completed,2492.67,91.15,Completed,2023-09-27,Passed,Used,False,Not Applicable
666,4882,9771,4007,456,93,2023-09-29,13,Replacement,Quality Issue,Mobile App,Completed,Not Applicable,0.0,130.3,Completed,2023-10-02,Passed,Opened,True,Requested
667,4890,9786,9220,1299,259,2023-09-29,8,Replacement,Missing Parts,Website,Pickup Scheduled,Not Applicable,0.0,121.51,Completed,2023-10-01,Passed,Opened,True,Cancelled
668,4905,9815,6421,2047,401,2023-09-25,7,Refund,Product Not As Expected,Mobile App,Requested,Pending,9761.04,126.6,Pending,,Pending,Damaged,False,Not Applicable
669,4906,9817,6695,229,46,2023-10-03,14,Replacement,Damaged Product,Customer Support,Completed,Not Applicable,0.0,178.71,Completed,2023-10-06,Passed,Damaged,True,Completed
670,4909,9824,7251,93,18,2023-10-17,30,Refund,Damaged Product,Website,Completed,Completed,6038.34,155.64,Completed,2023-10-19,Pending,Opened,False,Not Applicable
671,4909,9826,7251,1626,322,2023-10-10,23,Refund,Product Not As Expected,Mobile App,Picked Up,Processing,20004.84,167.5,Scheduled,2023-10-13,Pending,Damaged,False,Not Applicable
672,4913,9835,9779,1850,361,2023-10-10,20,Refund,Wrong Product,Mobile App,Approved,Processing,5185.41,89.55,Pending,,Pending,Opened,False,Not Applicable
673,4918,9846,904,2368,464,2023-10-04,15,Refund,Wrong Product,Mobile App,Pickup Scheduled,Pending,46377.77,171.1,Completed,2023-10-05,Passed,Damaged,False,Not Applicable
674,4919,9847,1893,454,93,2023-10-02,12,Replacement,Quality Issue,Mobile App,Completed,Not Applicable,0.0,47.48,Completed,2023-10-04,Passed,Unused,True,Requested
675,4920,9850,2412,2150,422,2023-09-25,2,Exchange,Wrong Product,Website,Completed,Not Applicable,0.0,152.73,Completed,2023-09-26,Passed,Damaged,True,Requested
676,4923,9854,4789,565,114,2023-10-15,24,Refund,Damaged Product,Mobile App,Rejected,Not Applicable,0.0,83.37,Failed,,Pending,Used,False,Not Applicable
677,4941,9891,4631,2521,495,2023-10-17,27,Refund,Size/Fit Issue,Website,Pickup Scheduled,Processing,4755.81,178.78,Scheduled,2023-10-18,Pending,Damaged,False,Not Applicable
678,4956,9919,1992,2032,397,2023-10-10,17,Replacement,Changed Mind,Customer Support,Picked Up,Not Applicable,0.0,74.16,Scheduled,2023-10-11,Pending,Opened,True,Processing
679,4966,9936,6052,1600,317,2023-10-09,15,Refund,Late Delivery,Customer Support,Approved,Pending,644.78,130.52,Pending,,Pending,Used,False,Not Applicable
680,4980,9967,1616,2079,409,2023-10-21,27,Refund,Changed Mind,Mobile App,Picked Up,Pending,1410.04,115.73,Scheduled,2023-10-24,Pending,Used,False,Not Applicable
681,4987,9982,6056,768,155,2023-09-28,1,Replacement,Damaged Product,Mobile App,Approved,Not Applicable,0.0,39.39,Scheduled,2023-10-01,Pending,Damaged,True,Cancelled
682,4988,9983,6796,1609,319,2023-10-20,27,Exchange,Changed Mind,Mobile App,Pickup Scheduled,Not Applicable,0.0,37.19,Scheduled,2023-10-23,Pending,Used,True,Requested
683,4989,9984,7293,975,195,2023-10-10,17,Refund,Wrong Product,Mobile App,Completed,Completed,2856.58,91.17,Completed,2023-10-13,Passed,Damaged,False,Not Applicable
684,4995,9995,9953,1088,218,2023-10-06,16,Refund,Product Not As Expected,Mobile App,Picked Up,Processing,11670.42,144.44,Scheduled,2023-10-09,Pending,Damaged,False,Not Applicable
685,4998,9999,277,1957,381,2023-10-17,26,Refund,Product Not As Expected,Website,Completed,Completed,29295.0,177.3,Completed,2023-10-19,Failed,Damaged,False,Not Applicable
686,5000,10002,691,631,127,2023-10-20,25,Refund,Late Delivery,Website,Pickup Scheduled,Processing,50321.03,60.4,Scheduled,2023-10-21,Pending,Opened,False,Not Applicable
687,5006,10016,5045,1684,332,2023-09-28,1,Refund,Damaged Product,Website,Rejected,Not Applicable,0.0,120.44,Failed,,Pending,Unused,False,Not Applicable
688,5007,10017,5426,583,118,2023-10-01,4,Refund,Wrong Product,Mobile App,Pickup Scheduled,Processing,47139.93,97.12,Completed,2023-10-03,Pending,Opened,False,Not Applicable
689,5011,10025,7862,1036,207,2023-10-26,28,Refund,Wrong Product,Mobile App,Picked Up,Processing,40856.67,60.73,Scheduled,2023-10-27,Pending,Damaged,False,Not Applicable
690,5017,10036,518,516,105,2023-10-03,6,Replacement,Missing Parts,Mobile App,Completed,Not Applicable,0.0,115.88,Completed,2023-10-04,Passed,Damaged,True,Processing
691,5032,10067,8499,1547,306,2023-10-25,28,Exchange,Product Not As Expected,Website,Approved,Not Applicable,0.0,144.68,Pending,,Pending,Unused,True,Completed
692,5060,10127,2392,2314,454,2023-10-01,3,Refund,Product Not As Expected,Customer Support,Picked Up,Pending,1023.06,65.29,Completed,2023-10-02,Passed,Opened,False,Not Applicable
693,5067,10137,7419,1688,333,2023-10-21,20,Refund,Changed Mind,Mobile App,Completed,Completed,14236.86,105.87,Completed,2023-10-23,Passed,Damaged,False,Not Applicable
694,5072,10148,9206,2498,490,2023-10-21,21,Refund,Damaged Product,Mobile App,Completed,Completed,2272.04,143.34,Completed,2023-10-22,Passed,Used,False,Not Applicable
695,5075,10153,63,739,148,2023-10-21,22,Refund,Late Delivery,Mobile App,Approved,Processing,1622.74,57.38,Scheduled,2023-10-23,Pending,Used,False,Not Applicable
696,5099,10206,1135,148,29,2023-10-15,21,Refund,Changed Mind,Customer Support,Approved,Processing,1406.93,143.4,Pending,,Pending,Used,False,Not Applicable
697,5100,10210,1322,2527,496,2023-10-08,10,Replacement,Size/Fit Issue,Customer Support,Approved,Not Applicable,0.0,54.72,Pending,,Pending,Damaged,True,Cancelled
698,5113,10237,4780,1402,279,2023-10-21,20,Refund,Product Not As Expected,Website,Completed,Completed,1892.24,148.87,Completed,2023-10-23,Failed,Damaged,False,Not Applicable
699,5114,10238,5166,914,183,2023-10-12,12,Refund,Damaged Product,Website,Pickup Scheduled,Processing,12608.1,143.66,Scheduled,2023-10-15,Pending,Opened,False,Not Applicable
700,5114,10239,5166,1843,360,2023-10-12,12,Refund,Late Delivery,Website,Completed,Completed,8060.96,170.28,Completed,2023-10-14,Passed,Opened,False,Not Applicable
701,5132,10278,4585,340,67,2023-11-01,30,Replacement,Wrong Product,Mobile App,Completed,Not Applicable,0.0,40.91,Completed,2023-11-03,Passed,Opened,True,Processing
702,5155,10320,4820,2532,497,2023-10-10,7,Replacement,Late Delivery,Website,Approved,Not Applicable,0.0,155.45,Pending,,Pending,Opened,True,Processing
703,5160,10327,6346,1608,318,2023-10-26,24,Refund,Damaged Product,Mobile App,Requested,Processing,2691.31,137.63,Pending,,Pending,Opened,False,Not Applicable
704,5161,10329,6458,957,192,2023-10-08,6,Replacement,Product Not As Expected,Mobile App,Pickup Scheduled,Not Applicable,0.0,99.64,Completed,2023-10-09,Passed,Used,True,Cancelled
705,5165,10337,8311,459,94,2023-10-06,5,Replacement,Product Not As Expected,Website,Picked Up,Not Applicable,0.0,37.96,Completed,2023-10-09,Passed,Unused,True,Cancelled
706,5173,10353,633,1891,369,2023-10-09,6,Refund,Changed Mind,Website,Picked Up,Pending,12660.32,149.91,Scheduled,2023-10-12,Pending,Damaged,False,Not Applicable
707,5199,10398,7472,1632,323,2023-10-04,2,Refund,Late Delivery,Mobile App,Completed,Completed,6023.55,103.55,Completed,2023-10-06,Passed,Opened,False,Not Applicable
708,5219,10443,4256,1163,233,2023-10-27,27,Exchange,Wrong Product,Mobile App,Completed,Not Applicable,0.0,168.38,Completed,2023-10-29,Failed,Damaged,True,Processing
709,5221,10449,4613,1005,200,2023-11-03,27,Replacement,Product Not As Expected,Website,Rejected,Not Applicable,0.0,146.84,Failed,,Pending,Unused,True,Requested
710,5226,10461,6844,9,2,2023-11-03,27,Refund,Product Not As Expected,Customer Support,Requested,Pending,113855.76,43.94,Pending,,Pending,Damaged,False,Not Applicable
711,5227,10464,8060,1043,208,2023-10-06,5,Replacement,Damaged Product,Mobile App,Approved,Not Applicable,0.0,38.03,Scheduled,2023-10-08,Pending,Damaged,True,Processing
712,5235,10483,9960,833,166,2023-10-25,19,Refund,Changed Mind,Website,Pickup Scheduled,Pending,3096.15,146.5,Completed,2023-10-28,Passed,Used,False,Not Applicable
713,5238,10494,2891,2376,465,2023-10-27,22,Refund,Late Delivery,Mobile App,Approved,Pending,3098.25,135.09,Pending,,Pending,Opened,False,Not Applicable
714,5240,10499,5895,2216,434,2023-11-01,24,Replacement,Changed Mind,Website,Requested,Not Applicable,0.0,146.45,Scheduled,2023-11-02,Pending,Damaged,True,Requested
715,5248,10512,8940,1048,210,2023-10-31,24,Replacement,Changed Mind,Customer Support,Requested,Not Applicable,0.0,101.9,Scheduled,2023-11-01,Pending,Used,True,Processing
716,5258,10533,3930,218,44,2023-11-02,23,Replacement,Damaged Product,Mobile App,Approved,Not Applicable,0.0,173.49,Pending,,Pending,Used,True,Cancelled
717,5266,10552,8597,1324,264,2023-10-06,2,Refund,Size/Fit Issue,Mobile App,Completed,Pending,15841.58,45.06,Completed,2023-10-09,Passed,Opened,False,Not Applicable
718,5274,10569,907,384,76,2023-11-02,24,Refund,Damaged Product,Mobile App,Pickup Scheduled,Pending,15595.14,45.25,Scheduled,2023-11-04,Pending,Damaged,False,Not Applicable
719,5274,10570,907,1220,242,2023-11-01,23,Refund,Damaged Product,Website,Requested,Processing,11910.06,103.8,Scheduled,2023-11-04,Pending,Used,False,Not Applicable
720,5278,10576,2183,992,199,2023-10-23,14,Refund,Quality Issue,Mobile App,Picked Up,Processing,6398.46,114.19,Completed,2023-10-25,Pending,Unused,False,Not Applicable
721,5285,10591,4405,840,167,2023-10-19,8,Replacement,Changed Mind,Mobile App,Completed,Not Applicable,0.0,92.22,Completed,2023-10-20,Failed,Damaged,True,Cancelled
722,5287,10595,4797,2377,466,2023-10-12,3,Replacement,Product Not As Expected,Website,Requested,Not Applicable,0.0,32.95,Pending,,Pending,Used,True,Requested
723,5290,10600,6121,1833,357,2023-11-03,23,Refund,Product Not As Expected,Website,Completed,Processing,1958.24,77.5,Completed,2023-11-04,Passed,Unused,False,Not Applicable
724,5292,10604,6822,96,18,2023-10-29,19,Refund,Product Not As Expected,Customer Support,Completed,Completed,10992.48,125.83,Completed,2023-11-01,Passed,Damaged,False,Not Applicable
725,5298,10618,1327,1841,359,2023-10-23,16,Refund,Damaged Product,Website,Approved,Processing,13178.93,140.55,Pending,,Pending,Opened,False,Not Applicable
726,5302,10627,2392,1611,319,2023-10-31,23,Replacement,Product Not As Expected,Website,Approved,Not Applicable,0.0,100.09,Pending,,Pending,Unused,True,Processing
727,5305,10633,3460,261,53,2023-10-11,6,Replacement,Product Not As Expected,Website,Completed,Not Applicable,0.0,85.41,Completed,2023-10-14,Passed,Unused,True,Processing
728,5312,10644,7402,2258,443,2023-11-07,27,Refund,Quality Issue,Customer Support,Completed,Completed,12242.01,169.21,Completed,2023-11-08,Failed,Damaged,False,Not Applicable
729,5319,10658,1485,1577,312,2023-10-14,6,Refund,Late Delivery,Mobile App,Requested,Processing,8808.72,154.32,Scheduled,2023-10-16,Pending,Unused,False,Not Applicable
730,5348,10710,5672,1362,271,2023-10-29,20,Exchange,Wrong Product,Website,Completed,Not Applicable,0.0,170.33,Completed,2023-10-31,Passed,Opened,True,Completed
731,5359,10733,314,2247,440,2023-10-29,19,Exchange,Quality Issue,Website,Completed,Not Applicable,0.0,162.05,Completed,2023-11-01,Passed,Opened,True,Requested
732,5364,10743,2584,3,1,2023-10-22,10,Refund,Size/Fit Issue,Website,Rejected,Not Applicable,0.0,83.66,Failed,,Pending,Opened,False,Not Applicable
733,5372,10756,4475,447,92,2023-10-18,9,Refund,Changed Mind,Mobile App,Picked Up,Pending,2069.67,142.57,Scheduled,2023-10-20,Pending,Used,False,Not Applicable
734,5378,10772,7446,2128,418,2023-11-01,17,Refund,Size/Fit Issue,Website,Approved,Pending,3188.41,44.53,Scheduled,2023-11-03,Pending,Opened,False,Not Applicable
735,5380,10776,8007,874,174,2023-10-21,9,Refund,Damaged Product,Website,Completed,Completed,421283.21,123.99,Completed,2023-10-24,Passed,Damaged,False,Not Applicable
736,5390,10800,4933,499,101,2023-11-06,22,Replacement,Changed Mind,Website,Rejected,Not Applicable,0.0,82.69,Failed,,Pending,Damaged,True,Requested
737,5390,10801,4933,1588,314,2023-10-18,3,Refund,Changed Mind,Website,Completed,Completed,5076.16,93.19,Completed,2023-10-21,Passed,Opened,False,Not Applicable
738,5394,10813,7451,1240,247,2023-10-12,1,Refund,Quality Issue,Website,Completed,Processing,2416.66,74.0,Completed,2023-10-15,Passed,Unused,False,Not Applicable
739,5398,10822,8751,1182,236,2023-11-07,26,Refund,Quality Issue,Mobile App,Approved,Processing,3450.56,110.63,Scheduled,2023-11-09,Pending,Used,False,Not Applicable
740,5398,10823,8751,2390,468,2023-10-27,15,Replacement,Wrong Product,Customer Support,Pickup Scheduled,Not Applicable,0.0,49.63,Scheduled,2023-10-30,Pending,Unused,True,Cancelled
741,5403,10833,1757,906,182,2023-10-29,13,Replacement,Quality Issue,Mobile App,Completed,Not Applicable,0.0,158.34,Completed,2023-10-30,Pending,Damaged,True,Processing
742,5411,10845,8184,151,29,2023-10-16,1,Refund,Product Not As Expected,Customer Support,Approved,Pending,1724.47,110.01,Scheduled,2023-10-19,Pending,Used,False,Not Applicable
743,5412,10848,8356,388,77,2023-11-07,25,Exchange,Wrong Product,Mobile App,Picked Up,Not Applicable,0.0,161.19,Completed,2023-11-09,Passed,Opened,True,Processing
744,5417,10860,8924,389,77,2023-11-10,26,Refund,Product Not As Expected,Mobile App,Approved,Processing,69574.23,41.42,Pending,,Pending,Damaged,False,Not Applicable
745,5418,10863,9316,1525,302,2023-10-29,17,Refund,Product Not As Expected,Mobile App,Completed,Completed,13880.06,159.96,Completed,2023-11-01,Passed,Damaged,False,Not Applicable
746,5428,10882,3220,1691,333,2023-10-29,14,Refund,Quality Issue,Website,Completed,Completed,5808.01,46.71,Completed,2023-10-30,Passed,Unused,False,Not Applicable
747,5438,10903,6920,1819,355,2023-11-16,28,Replacement,Missing Parts,Website,Picked Up,Not Applicable,0.0,121.01,Completed,2023-11-18,Passed,Unused,True,Requested
748,5440,10906,7557,750,150,2023-10-28,11,Replacement,Changed Mind,Website,Approved,Not Applicable,0.0,70.01,Pending,,Pending,Used,True,Processing
749,5442,10911,9282,2255,442,2023-11-17,30,Replacement,Damaged Product,Website,Completed,Not Applicable,0.0,105.77,Completed,2023-11-20,Passed,Damaged,True,Cancelled
750,5443,10913,9992,2052,403,2023-10-29,14,Refund,Wrong Product,Mobile App,Approved,Processing,3022.6,38.02,Scheduled,2023-10-31,Pending,Damaged,False,Not Applicable
751,5475,10975,6661,2134,419,2023-11-13,30,Replacement,Late Delivery,Mobile App,Completed,Not Applicable,0.0,55.17,Completed,2023-11-14,Passed,Unused,True,Processing
752,5476,10978,7191,1370,272,2023-10-27,8,Refund,Wrong Product,Website,Requested,Processing,1215.45,47.19,Scheduled,2023-10-29,Pending,Damaged,False,Not Applicable
753,5480,10987,8984,873,174,2023-10-21,3,Replacement,Product Not As Expected,Website,Approved,Not Applicable,0.0,169.28,Scheduled,2023-10-22,Pending,Opened,True,Completed
754,5482,10992,165,1851,361,2023-10-29,16,Refund,Changed Mind,Mobile App,Completed,Completed,2121.55,35.23,Completed,2023-11-01,Passed,Unused,False,Not Applicable
755,5483,10995,635,1598,317,2023-11-16,27,Replacement,Wrong Product,Mobile App,Completed,Not Applicable,0.0,95.63,Completed,2023-11-18,Failed,Damaged,True,Cancelled
756,5484,10996,858,1070,214,2023-10-16,1,Exchange,Product Not As Expected,Customer Support,Requested,Not Applicable,0.0,41.07,Scheduled,2023-10-18,Pending,Used,True,Requested
757,5488,11006,2144,534,109,2023-11-03,15,Refund,Wrong Product,Website,Approved,Processing,26644.48,85.09,Pending,,Pending,Unused,False,Not Applicable
758,5493,11018,3395,2178,427,2023-10-26,8,Refund,Late Delivery,Website,Picked Up,Pending,3715.76,129.06,Completed,2023-10-29,Failed,Damaged,False,Not Applicable
759,5498,11029,5101,2195,430,2023-10-29,15,Replacement,Missing Parts,Mobile App,Requested,Not Applicable,0.0,162.18,Pending,,Pending,Opened,True,Cancelled
760,5502,11037,5814,2103,414,2023-10-25,3,Refund,Wrong Product,Customer Support,Requested,Pending,721.61,106.57,Scheduled,2023-10-27,Pending,Used,False,Not Applicable
761,5507,11047,8374,2440,478,2023-11-07,18,Replacement,Late Delivery,Mobile App,Completed,Not Applicable,0.0,95.36,Completed,2023-11-08,Passed,Damaged,True,Processing
762,5521,11076,2991,1389,276,2023-11-12,24,Refund,Missing Parts,Customer Support,Completed,Completed,12585.76,98.9,Completed,2023-11-14,Passed,Unused,False,Not Applicable
763,5527,11089,8495,1872,364,2023-10-18,3,Refund,Late Delivery,Mobile App,Completed,Completed,3756.91,50.44,Completed,2023-10-21,Passed,Unused,False,Not Applicable
764,5531,11098,329,2447,479,2023-10-28,12,Exchange,Damaged Product,Mobile App,Completed,Not Applicable,0.0,156.58,Completed,2023-10-31,Passed,Unused,True,Processing
765,5538,11110,2539,380,75,2023-11-09,19,Refund,Changed Mind,Mobile App,Requested,Processing,7924.28,30.69,Scheduled,2023-11-12,Pending,Unused,False,Not Applicable
766,5553,11145,7600,1636,323,2023-10-31,11,Refund,Late Delivery,Website,Pickup Scheduled,Processing,1121.08,40.31,Scheduled,2023-11-03,Pending,Opened,False,Not Applicable
767,5559,11157,9534,563,114,2023-11-16,28,Refund,Wrong Product,Website,Picked Up,Processing,25330.8,178.46,Scheduled,2023-11-19,Pending,Opened,False,Not Applicable
768,5564,11172,1210,2071,408,2023-10-27,11,Refund,Quality Issue,Website,Completed,Completed,12599.15,42.01,Completed,2023-10-29,Passed,Used,False,Not Applicable
769,5566,11177,1523,2378,466,2023-10-24,2,Refund,Wrong Product,Mobile App,Pickup Scheduled,Processing,13577.84,163.42,Completed,2023-10-27,Pending,Unused,False,Not Applicable
770,5570,11185,4885,2439,477,2023-11-04,11,Replacement,Product Not As Expected,Website,Completed,Not Applicable,0.0,125.08,Completed,2023-11-05,Passed,Opened,True,Processing
771,5581,11207,1917,2453,481,2023-11-23,28,Refund,Wrong Product,Mobile App,Completed,Processing,292.27,165.98,Completed,2023-11-24,Passed,Opened,False,Not Applicable
772,5589,11219,8517,142,26,2023-11-22,27,Refund,Product Not As Expected,Mobile App,Completed,Processing,3125.34,136.24,Completed,2023-11-25,Passed,Used,False,Not Applicable
773,5590,11222,8550,1323,264,2023-11-01,8,Replacement,Size/Fit Issue,Mobile App,Completed,Not Applicable,0.0,145.93,Completed,2023-11-03,Passed,Opened,True,Completed
774,5591,11223,8923,1496,295,2023-11-14,23,Replacement,Quality Issue,Mobile App,Approved,Not Applicable,0.0,36.84,Pending,,Pending,Opened,True,Cancelled
775,5593,11227,9330,1240,247,2023-10-29,10,Replacement,Damaged Product,Customer Support,Completed,Not Applicable,0.0,81.92,Completed,2023-10-31,Passed,Opened,True,Completed
776,5595,11232,274,1105,222,2023-11-04,13,Refund,Product Not As Expected,Website,Requested,Pending,2916.85,115.68,Pending,,Pending,Damaged,False,Not Applicable
777,5597,11236,680,380,75,2023-11-04,13,Replacement,Wrong Product,Website,Picked Up,Not Applicable,0.0,137.5,Scheduled,2023-11-06,Pending,Used,True,Processing
778,5600,11245,2350,2416,472,2023-11-05,16,Refund,Damaged Product,Mobile App,Completed,Pending,1757.4,40.93,Completed,2023-11-06,Passed,Unused,False,Not Applicable
779,5605,11257,7516,603,122,2023-10-28,6,Replacement,Changed Mind,Mobile App,Picked Up,Not Applicable,0.0,40.46,Scheduled,2023-10-30,Pending,Used,True,Requested
780,5605,11259,7516,1743,341,2023-10-24,2,Replacement,Product Not As Expected,Mobile App,Completed,Not Applicable,0.0,66.45,Completed,2023-10-25,Pending,Damaged,True,Completed
781,5620,11286,2120,434,89,2023-11-20,27,Refund,Missing Parts,Website,Completed,Completed,3748.41,108.1,Completed,2023-11-21,Passed,Used,False,Not Applicable
782,5620,11287,2120,1462,290,2023-11-08,15,Exchange,Product Not As Expected,Website,Completed,Not Applicable,0.0,43.63,Completed,2023-11-09,Failed,Damaged,True,Requested
783,5634,11322,137,2092,412,2023-10-29,2,Replacement,Changed Mind,Mobile App,Completed,Not Applicable,0.0,112.12,Completed,2023-11-01,Passed,Opened,True,Requested
784,5638,11332,1852,1441,286,2023-10-31,4,Exchange,Product Not As Expected,Mobile App,Approved,Not Applicable,0.0,122.26,Pending,,Pending,Opened,True,Processing
785,5647,11353,7260,1006,201,2023-10-30,5,Replacement,Changed Mind,Mobile App,Completed,Not Applicable,0.0,170.57,Completed,2023-10-31,Failed,Damaged,True,Completed
786,5656,11369,1579,1395,277,2023-11-25,25,Replacement,Changed Mind,Mobile App,Picked Up,Not Applicable,0.0,59.56,Scheduled,2023-11-27,Pending,Used,True,Cancelled
787,5665,11384,7507,576,117,2023-11-01,1,Replacement,Wrong Product,Mobile App,Rejected,Not Applicable,0.0,74.78,Failed,,Pending,Unused,True,Cancelled
788,5667,11386,9582,478,98,2023-11-04,6,Refund,Missing Parts,Mobile App,Rejected,Not Applicable,0.0,69.55,Failed,,Pending,Unused,False,Not Applicable
789,5668,11390,9642,2248,440,2023-11-11,13,Refund,Wrong Product,Website,Approved,Pending,6369.58,103.03,Pending,,Pending,Damaged,False,Not Applicable
790,5683,11422,8243,1617,320,2023-11-19,21,Replacement,Missing Parts,Mobile App,Approved,Not Applicable,0.0,95.08,Pending,,Pending,Damaged,True,Processing
791,5693,11439,3027,1412,281,2023-11-20,24,Refund,Damaged Product,Website,Rejected,Not Applicable,0.0,52.13,Failed,,Pending,Damaged,False,Not Applicable
792,5701,11457,6717,2371,465,2023-11-17,18,Refund,Damaged Product,Customer Support,Approved,Pending,2507.3,41.8,Pending,,Pending,Unused,False,Not Applicable
793,5721,11493,3133,290,58,2023-11-03,7,Exchange,Damaged Product,Mobile App,Approved,Not Applicable,0.0,168.79,Scheduled,2023-11-04,Pending,Unused,True,Completed
794,5746,11537,4857,1127,225,2023-11-20,19,Refund,Product Not As Expected,Mobile App,Completed,Completed,25246.82,34.5,Completed,2023-11-23,Failed,Damaged,False,Not Applicable
795,5752,11545,7382,1307,260,2023-11-27,24,Refund,Late Delivery,Mobile App,Requested,Pending,7130.04,152.35,Pending,,Pending,Used,False,Not Applicable
796,5767,11577,3283,1060,213,2023-11-12,9,Exchange,Wrong Product,Customer Support,Completed,Not Applicable,0.0,169.86,Completed,2023-11-15,Passed,Opened,True,Cancelled
797,5768,11578,3448,482,99,2023-12-05,30,Exchange,Late Delivery,Website,Pickup Scheduled,Not Applicable,0.0,102.58,Scheduled,2023-12-06,Pending,Unused,True,Processing
798,5770,11581,4478,1169,234,2023-11-13,6,Refund,Damaged Product,Mobile App,Completed,Pending,1143.45,145.39,Completed,2023-11-15,Passed,Unused,False,Not Applicable
799,5775,11588,7524,2049,402,2023-11-07,4,Refund,Wrong Product,Website,Completed,Completed,1609.1,120.14,Completed,2023-11-09,Passed,Unused,False,Not Applicable
800,5786,11614,3016,1085,217,2023-11-12,12,Replacement,Damaged Product,Website,Completed,Not Applicable,0.0,43.07,Completed,2023-11-13,Pending,Damaged,True,Cancelled
801,5788,11618,4431,507,103,2023-11-16,13,Refund,Product Not As Expected,Mobile App,Requested,Pending,14337.7,148.19,Scheduled,2023-11-19,Pending,Damaged,False,Not Applicable
802,5824,11687,2909,156,31,2023-11-28,21,Refund,Changed Mind,Website,Requested,Processing,42868.82,30.95,Scheduled,2023-11-29,Pending,Opened,False,Not Applicable
803,5832,11699,5500,1055,212,2023-12-01,25,Refund,Size/Fit Issue,Website,Pickup Scheduled,Processing,17135.25,128.53,Completed,2023-12-02,Passed,Damaged,False,Not Applicable
804,5835,11706,7101,744,149,2023-11-15,6,Exchange,Wrong Product,Mobile App,Completed,Not Applicable,0.0,79.49,Completed,2023-11-18,Passed,Unused,True,Completed
805,5842,11720,8862,350,69,2023-12-04,26,Refund,Quality Issue,Mobile App,Approved,Pending,2552.7,123.41,Pending,,Pending,Unused,False,Not Applicable
806,5853,11742,4768,1825,356,2023-11-27,20,Exchange,Changed Mind,Website,Approved,Not Applicable,0.0,134.32,Pending,,Pending,Damaged,True,Completed
807,5865,11769,4088,2239,438,2023-11-13,4,Refund,Wrong Product,Website,Pickup Scheduled,Processing,2091.46,114.46,Completed,2023-11-15,Failed,Damaged,False,Not Applicable
808,5867,11774,4229,1770,346,2023-11-25,14,Exchange,Quality Issue,Mobile App,Picked Up,Not Applicable,0.0,168.5,Completed,2023-11-27,Passed,Damaged,True,Cancelled
809,5871,11781,6844,2360,463,2023-12-09,28,Refund,Damaged Product,Mobile App,Requested,Pending,1782.47,118.33,Scheduled,2023-12-10,Pending,Unused,False,Not Applicable
810,5875,11787,7555,127,24,2023-12-10,29,Replacement,Missing Parts,Website,Completed,Not Applicable,0.0,134.21,Completed,2023-12-12,Passed,Opened,True,Requested
811,5892,11822,214,292,58,2023-12-10,29,Refund,Late Delivery,Customer Support,Approved,Pending,14248.77,71.37,Pending,,Pending,Used,False,Not Applicable
812,5901,11841,4251,581,117,2023-11-20,11,Refund,Product Not As Expected,Mobile App,Approved,Pending,9398.84,53.65,Scheduled,2023-11-21,Pending,Opened,False,Not Applicable
813,5903,11846,5167,2156,423,2023-11-13,6,Refund,Damaged Product,Mobile App,Picked Up,Processing,10239.82,85.58,Completed,2023-11-14,Passed,Damaged,False,Not Applicable
814,5907,11852,6838,2322,455,2023-11-16,9,Refund,Product Not As Expected,Customer Support,Completed,Processing,989.08,153.44,Completed,2023-11-19,Passed,Unused,False,Not Applicable
815,5934,11899,9293,269,54,2023-11-19,8,Replacement,Changed Mind,Website,Completed,Not Applicable,0.0,34.9,Completed,2023-11-22,Passed,Damaged,True,Requested
816,5942,11917,3913,1949,380,2023-11-21,9,Refund,Damaged Product,Website,Requested,Pending,8949.48,110.48,Pending,,Pending,Opened,False,Not Applicable
817,5944,11920,5323,1012,203,2023-11-13,6,Replacement,Quality Issue,Mobile App,Completed,Not Applicable,0.0,59.85,Completed,2023-11-15,Passed,Used,True,Processing
818,5955,11939,1143,138,26,2023-12-07,23,Refund,Changed Mind,Mobile App,Completed,Completed,7754.19,146.39,Completed,2023-12-09,Passed,Opened,False,Not Applicable
819,5960,11948,3087,231,47,2023-12-15,29,Refund,Late Delivery,Website,Approved,Processing,9910.72,34.36,Scheduled,2023-12-16,Pending,Opened,False,Not Applicable
820,5962,11952,3352,2078,409,2023-11-29,18,Refund,Late Delivery,Website,Requested,Pending,6279.27,137.65,Pending,,Pending,Damaged,False,Not Applicable
821,5964,11956,4695,576,117,2023-11-27,12,Refund,Product Not As Expected,Mobile App,Completed,Completed,2226.07,139.45,Completed,2023-11-30,Passed,Damaged,False,Not Applicable
822,5976,11982,9292,1447,288,2023-11-27,19,Replacement,Changed Mind,Website,Pickup Scheduled,Not Applicable,0.0,102.82,Completed,2023-11-30,Passed,Opened,True,Processing
823,5977,11986,9547,1986,386,2023-11-20,6,Refund,Damaged Product,Mobile App,Requested,Processing,108445.65,134.53,Pending,,Pending,Opened,False,Not Applicable
824,5980,11991,493,585,118,2023-12-16,30,Replacement,Product Not As Expected,Website,Completed,Not Applicable,0.0,119.74,Completed,2023-12-18,Passed,Unused,True,Processing
825,5986,12009,5117,2302,451,2023-12-14,28,Refund,Changed Mind,Mobile App,Approved,Processing,4097.57,157.5,Scheduled,2023-12-17,Pending,Damaged,False,Not Applicable
826,5992,12025,8673,1038,207,2023-12-01,15,Refund,Quality Issue,Website,Approved,Processing,2971.79,58.42,Scheduled,2023-12-02,Pending,Used,False,Not Applicable
827,6012,12056,7805,75,15,2023-12-11,30,Replacement,Product Not As Expected,Mobile App,Completed,Not Applicable,0.0,64.89,Completed,2023-12-12,Passed,Used,True,Cancelled
828,6018,12070,180,45,10,2023-12-05,22,Refund,Product Not As Expected,Website,Picked Up,Processing,2056.48,138.58,Scheduled,2023-12-06,Pending,Opened,False,Not Applicable
829,6020,12074,781,40,9,2023-12-01,19,Refund,Missing Parts,Mobile App,Completed,Completed,7127.57,172.46,Completed,2023-12-02,Passed,Unused,False,Not Applicable
830,6020,12076,781,2234,437,2023-12-06,24,Refund,Damaged Product,Website,Completed,Completed,12200.01,178.72,Completed,2023-12-08,Passed,Damaged,False,Not Applicable
831,6022,12078,1384,52,11,2023-12-11,25,Refund,Quality Issue,Website,Picked Up,Pending,1026.68,142.51,Completed,2023-12-13,Failed,Damaged,False,Not Applicable
832,6023,12081,2097,569,115,2023-11-26,13,Refund,Changed Mind,Mobile App,Completed,Completed,63395.38,146.39,Completed,2023-11-27,Passed,Used,False,Not Applicable
833,6034,12099,2113,1479,292,2023-11-25,6,Refund,Damaged Product,Mobile App,Completed,Completed,6244.68,72.21,Completed,2023-11-28,Passed,Unused,False,Not Applicable
834,6044,12122,5903,121,23,2023-11-25,8,Replacement,Wrong Product,Website,Pickup Scheduled,Not Applicable,0.0,30.81,Scheduled,2023-11-28,Pending,Unused,True,Requested
835,6047,12129,6946,367,72,2023-12-11,21,Refund,Quality Issue,Mobile App,Completed,Completed,349.3,170.3,Completed,2023-12-12,Passed,Unused,False,Not Applicable
836,6053,12140,94,395,79,2023-11-30,15,Refund,Missing Parts,Website,Completed,Completed,266602.9,156.58,Completed,2023-12-01,Passed,Opened,False,Not Applicable
837,6070,12170,6858,478,98,2023-11-18,3,Refund,Missing Parts,Mobile App,Completed,Processing,5450.13,82.4,Completed,2023-11-21,Passed,Opened,False,Not Applicable
838,6074,12176,9224,2280,447,2023-12-04,16,Refund,Size/Fit Issue,Mobile App,Completed,Completed,1268.34,93.37,Completed,2023-12-06,Passed,Unused,False,Not Applicable
839,6077,12180,664,1086,218,2023-12-21,29,Exchange,Quality Issue,Mobile App,Picked Up,Not Applicable,0.0,121.0,Scheduled,2023-12-24,Pending,Opened,True,Cancelled
840,6084,12196,5081,1070,214,2023-12-12,23,Replacement,Product Not As Expected,Mobile App,Approved,Not Applicable,0.0,121.75,Scheduled,2023-12-15,Pending,Damaged,True,Processing
841,6101,12230,5332,559,113,2023-11-19,1,Refund,Wrong Product,Website,Picked Up,Processing,931.56,90.84,Completed,2023-11-22,Passed,Used,False,Not Applicable
842,6101,12231,5332,1055,212,2023-12-05,17,Refund,Wrong Product,Mobile App,Completed,Completed,40318.24,60.94,Completed,2023-12-07,Passed,Used,False,Not Applicable
843,6105,12241,5937,2430,475,2023-12-01,10,Refund,Missing Parts,Website,Completed,Completed,6072.21,174.73,Completed,2023-12-03,Passed,Used,False,Not Applicable
844,6106,12244,6140,2190,429,2023-11-29,13,Refund,Changed Mind,Mobile App,Picked Up,Pending,71926.72,70.58,Scheduled,2023-12-02,Pending,Opened,False,Not Applicable
845,6117,12266,684,2420,473,2023-12-20,30,Exchange,Wrong Product,Mobile App,Completed,Not Applicable,0.0,143.97,Completed,2023-12-21,Pending,Used,True,Cancelled
846,6120,12272,733,1190,237,2023-12-04,12,Refund,Quality Issue,Website,Requested,Pending,9795.36,94.8,Scheduled,2023-12-07,Pending,Used,False,Not Applicable
847,6122,12277,1859,1122,224,2023-11-27,4,Refund,Damaged Product,Mobile App,Approved,Pending,169631.75,37.14,Scheduled,2023-11-29,Pending,Unused,False,Not Applicable
848,6136,12306,1206,356,70,2023-11-30,8,Refund,Product Not As Expected,Mobile App,Completed,Completed,18079.38,165.11,Completed,2023-12-02,Passed,Damaged,False,Not Applicable
849,6148,12328,4661,1276,254,2023-12-02,8,Refund,Wrong Product,Customer Support,Completed,Pending,60804.98,168.47,Completed,2023-12-05,Passed,Opened,False,Not Applicable
850,6163,12356,1021,1539,304,2023-12-01,11,Exchange,Product Not As Expected,Mobile App,Picked Up,Not Applicable,0.0,76.09,Completed,2023-12-04,Pending,Damaged,True,Cancelled
851,6188,12413,2967,1721,338,2023-12-05,16,Refund,Late Delivery,Mobile App,Completed,Completed,35827.87,31.45,Completed,2023-12-07,Passed,Opened,False,Not Applicable
852,6190,12417,3957,2541,499,2023-11-29,6,Refund,Changed Mind,Mobile App,Completed,Completed,2949.38,151.83,Completed,2023-12-01,Passed,Damaged,False,Not Applicable
853,6192,12419,4116,145,27,2023-12-12,17,Refund,Product Not As Expected,Website,Approved,Pending,49060.14,104.48,Scheduled,2023-12-14,Pending,Damaged,False,Not Applicable
854,6197,12428,7694,1350,269,2023-12-01,10,Refund,Damaged Product,Website,Completed,Completed,790.86,69.3,Completed,2023-12-03,Passed,Damaged,False,Not Applicable
855,6198,12430,7864,275,56,2023-12-17,19,Refund,Product Not As Expected,Mobile App,Completed,Pending,3262.59,64.18,Completed,2023-12-20,Passed,Damaged,False,Not Applicable
856,6198,12431,7864,1372,272,2023-12-27,29,Refund,Product Not As Expected,Mobile App,Completed,Pending,75885.6,129.54,Completed,2023-12-28,Passed,Damaged,False,Not Applicable
857,6213,12463,4488,1442,287,2023-12-23,24,Refund,Damaged Product,Website,Completed,Processing,233237.45,164.81,Completed,2023-12-26,Passed,Damaged,False,Not Applicable
858,6225,12491,3652,2250,441,2023-12-14,17,Refund,Late Delivery,Mobile App,Completed,Pending,43768.13,155.14,Completed,2023-12-15,Passed,Damaged,False,Not Applicable
859,6225,12492,3652,2256,442,2023-12-27,30,Refund,Damaged Product,Website,Requested,Pending,129345.73,100.2,Pending,,Pending,Damaged,False,Not Applicable
860,6226,12493,4630,1756,343,2023-12-07,11,Refund,Changed Mind,Website,Completed,Processing,4543.7,141.68,Completed,2023-12-09,Pending,Used,False,Not Applicable
861,6227,12495,4747,916,183,2023-12-22,24,Refund,Quality Issue,Mobile App,Completed,Completed,55562.82,48.28,Completed,2023-12-23,Passed,Unused,False,Not Applicable
862,6228,12498,5470,1885,367,2023-12-22,28,Refund,Changed Mind,Mobile App,Completed,Completed,30034.41,138.53,Completed,2023-12-24,Passed,Opened,False,Not Applicable
863,6229,12499,5763,1336,266,2023-11-28,2,Replacement,Size/Fit Issue,Website,Pickup Scheduled,Not Applicable,0.0,39.15,Scheduled,2023-11-29,Pending,Used,True,Completed
864,6239,12522,1344,950,190,2023-11-27,1,Replacement,Product Not As Expected,Mobile App,Picked Up,Not Applicable,0.0,159.12,Completed,2023-11-29,Passed,Unused,True,Completed
865,6243,12533,3824,2219,434,2023-11-27,5,Replacement,Product Not As Expected,Mobile App,Completed,Not Applicable,0.0,179.52,Completed,2023-11-29,Pending,Opened,True,Cancelled
866,6249,12544,7086,2145,421,2023-12-28,29,Refund,Changed Mind,Customer Support,Rejected,Not Applicable,0.0,125.19,Failed,,Pending,Used,False,Not Applicable
867,6254,12555,9707,1266,253,2023-12-21,22,Refund,Product Not As Expected,Customer Support,Requested,Pending,141501.29,92.95,Scheduled,2023-12-22,Pending,Damaged,False,Not Applicable
868,6263,12570,3061,717,144,2023-12-10,16,Refund,Product Not As Expected,Website,Completed,Completed,30085.78,115.45,Completed,2023-12-13,Failed,Damaged,False,Not Applicable
869,6291,12629,7287,1789,349,2023-12-12,9,Refund,Late Delivery,Mobile App,Completed,Completed,3685.82,175.4,Completed,2023-12-14,Passed,Damaged,False,Not Applicable
870,6295,12639,8104,2450,480,2023-12-10,9,Refund,Changed Mind,Website,Completed,Completed,4263.46,99.27,Completed,2023-12-13,Passed,Damaged,False,Not Applicable
871,6296,12640,8254,1000,200,2023-12-23,25,Refund,Product Not As Expected,Website,Requested,Processing,1491.11,53.93,Pending,,Pending,Opened,False,Not Applicable
872,6300,12647,9583,2047,401,2023-12-17,16,Replacement,Product Not As Expected,Customer Support,Pickup Scheduled,Not Applicable,0.0,118.11,Scheduled,2023-12-19,Pending,Damaged,True,Requested
873,6306,12662,1702,1596,316,2023-12-13,16,Replacement,Missing Parts,Mobile App,Completed,Not Applicable,0.0,92.88,Completed,2023-12-15,Passed,Opened,True,Processing
874,6309,12668,2573,1309,261,2023-12-07,7,Refund,Wrong Product,Website,Picked Up,Pending,1308.55,52.4,Scheduled,2023-12-09,Pending,Unused,False,Not Applicable
875,6312,12674,3867,1042,208,2023-12-22,20,Refund,Changed Mind,Website,Completed,Completed,55546.44,59.49,Completed,2023-12-23,Pending,Used,False,Not Applicable
876,6315,12679,5385,1744,341,2023-12-15,15,Refund,Wrong Product,Mobile App,Pickup Scheduled,Pending,10772.25,33.9,Scheduled,2023-12-17,Pending,Unused,False,Not Applicable
877,6317,12684,6024,1462,290,2023-12-17,15,Refund,Damaged Product,Website,Requested,Processing,29858.1,162.69,Pending,,Pending,Damaged,False,Not Applicable
878,6319,12688,7610,1461,290,2023-12-28,27,Refund,Product Not As Expected,Website,Completed,Completed,83012.76,46.64,Completed,2023-12-29,Failed,Damaged,False,Not Applicable
879,6323,12693,742,1955,381,2023-12-07,9,Refund,Damaged Product,Website,Pickup Scheduled,Processing,54742.92,43.93,Completed,2023-12-08,Passed,Opened,False,Not Applicable
880,6328,12703,3658,863,172,2023-12-05,9,Refund,Product Not As Expected,Website,Completed,Completed,451.28,93.1,Completed,2023-12-06,Passed,Opened,False,Not Applicable
881,6353,12748,3865,741,149,2023-12-01,1,Refund,Product Not As Expected,Mobile App,Approved,Pending,26639.68,176.51,Scheduled,2023-12-04,Pending,Unused,False,Not Applicable
882,6353,12750,3865,1417,282,2023-12-10,10,Replacement,Wrong Product,Mobile App,Picked Up,Not Applicable,0.0,88.96,Scheduled,2023-12-11,Pending,Damaged,True,Processing
883,6369,12782,4025,2010,392,2023-12-05,1,Refund,Damaged Product,Website,Picked Up,Processing,7289.55,30.5,Completed,2023-12-06,Passed,Unused,False,Not Applicable
884,6373,12791,8446,90,17,2023-12-21,19,Exchange,Product Not As Expected,Website,Completed,Not Applicable,0.0,132.83,Completed,2023-12-24,Passed,Opened,True,Processing
885,6377,12800,445,661,133,2023-12-05,1,Refund,Quality Issue,Website,Completed,Completed,46196.08,159.99,Completed,2023-12-06,Failed,Damaged,False,Not Applicable
886,6379,12805,2458,1989,387,2023-12-31,30,Refund,Late Delivery,Website,Completed,Completed,3689.01,138.45,Completed,2024-01-01,Passed,Unused,False,Not Applicable
887,6386,12820,5970,1186,237,2023-12-28,21,Refund,Wrong Product,Mobile App,Completed,Processing,3777.49,34.5,Completed,2023-12-29,Passed,Damaged,False,Not Applicable
888,6392,12830,8286,645,130,2023-12-02,2,Refund,Product Not As Expected,Website,Approved,Pending,1231.15,168.1,Pending,,Pending,Opened,False,Not Applicable
889,6397,12844,3406,2541,499,2023-12-14,9,Replacement,Changed Mind,Mobile App,Completed,Not Applicable,0.0,76.74,Completed,2023-12-16,Passed,Opened,True,Cancelled
890,6399,12848,3622,384,76,2023-12-14,10,Refund,Missing Parts,Website,Completed,Completed,16415.94,170.74,Completed,2023-12-17,Pending,Damaged,False,Not Applicable
891,6401,12853,3853,643,130,2023-12-27,22,Replacement,Wrong Product,Mobile App,Pickup Scheduled,Not Applicable,0.0,93.97,Scheduled,2023-12-28,Pending,Unused,True,Completed
892,6401,12854,3853,733,147,2023-12-08,3,Refund,Damaged Product,Mobile App,Approved,Pending,4335.82,60.08,Pending,,Pending,Opened,False,Not Applicable
893,6404,12859,4688,278,56,2023-12-10,3,Refund,Quality Issue,Customer Support,Completed,Completed,7803.96,95.28,Completed,2023-12-11,Passed,Damaged,False,Not Applicable
894,6409,12867,7760,1497,295,2024-01-02,29,Refund,Damaged Product,Customer Support,Approved,Processing,23517.18,87.42,Pending,,Pending,Used,False,Not Applicable
895,6427,12899,5955,1833,357,2023-12-14,13,Replacement,Changed Mind,Customer Support,Completed,Not Applicable,0.0,71.41,Completed,2023-12-17,Passed,Opened,True,Processing
896,6429,12901,7240,34,7,2024-01-06,30,Replacement,Changed Mind,Website,Pickup Scheduled,Not Applicable,0.0,101.0,Completed,2024-01-09,Passed,Used,True,Completed
897,6431,12907,7665,2239,438,2024-01-09,30,Refund,Late Delivery,Website,Picked Up,Processing,1045.73,76.98,Scheduled,2024-01-10,Pending,Opened,False,Not Applicable
898,6433,12911,8240,1543,305,2023-12-30,24,Refund,Changed Mind,Website,Completed,Completed,103143.69,156.52,Completed,2023-12-31,Pending,Damaged,False,Not Applicable
899,6436,12917,261,1762,345,2023-12-20,13,Replacement,Wrong Product,Website,Approved,Not Applicable,0.0,130.59,Pending,,Pending,Unused,True,Requested
900,6443,12933,4349,1415,282,2023-12-21,17,Refund,Late Delivery,Mobile App,Completed,Completed,641.57,82.1,Completed,2023-12-23,Passed,Unused,False,Not Applicable
901,6445,12936,5092,1580,313,2023-12-09,3,Refund,Quality Issue,Mobile App,Completed,Completed,5148.7,67.07,Completed,2023-12-10,Passed,Opened,False,Not Applicable
902,6445,12937,5092,2309,453,2023-12-29,23,Refund,Product Not As Expected,Mobile App,Pickup Scheduled,Pending,1267.63,37.93,Completed,2023-12-30,Pending,Damaged,False,Not Applicable
903,6446,12938,5468,1111,223,2023-12-11,6,Refund,Wrong Product,Website,Completed,Completed,6411.6,42.03,Completed,2023-12-14,Passed,Unused,False,Not Applicable
904,6447,12940,5562,1580,313,2023-12-06,1,Refund,Changed Mind,Website,Completed,Processing,5148.7,118.45,Completed,2023-12-09,Passed,Unused,False,Not Applicable
905,6453,12954,8146,1878,366,2023-12-21,17,Refund,Quality Issue,Website,Picked Up,Processing,32303.46,124.3,Completed,2023-12-23,Failed,Damaged,False,Not Applicable
906,6454,12955,8225,984,197,2023-12-18,15,Refund,Damaged Product,Website,Pickup Scheduled,Pending,8532.9,108.39,Completed,2023-12-19,Passed,Damaged,False,Not Applicable
907,6455,12956,8952,713,143,2023-12-11,5,Replacement,Wrong Product,Website,Picked Up,Not Applicable,0.0,94.01,Completed,2023-12-12,Failed,Damaged,True,Requested
908,6466,12975,4703,1975,385,2024-01-05,29,Refund,Wrong Product,Mobile App,Completed,Processing,26409.77,147.66,Completed,2024-01-06,Passed,Used,False,Not Applicable
909,6470,12982,5933,772,155,2023-12-14,6,Replacement,Quality Issue,Mobile App,Completed,Not Applicable,0.0,54.34,Completed,2023-12-15,Passed,Damaged,True,Processing
910,6472,12985,6362,549,111,2023-12-22,13,Replacement,Late Delivery,Mobile App,Completed,Not Applicable,0.0,88.34,Completed,2023-12-24,Passed,Damaged,True,Requested
911,6474,12988,6992,197,40,2023-12-31,20,Replacement,Quality Issue,Website,Approved,Not Applicable,0.0,38.24,Pending,,Pending,Unused,True,Completed
912,6477,12993,8334,944,188,2023-12-23,16,Exchange,Quality Issue,Mobile App,Approved,Not Applicable,0.0,135.42,Scheduled,2023-12-24,Pending,Used,True,Processing
913,6482,13004,2648,2156,423,2024-01-08,30,Refund,Damaged Product,Website,Pickup Scheduled,Processing,4551.03,45.14,Scheduled,2024-01-09,Pending,Opened,False,Not Applicable
914,6490,13020,5343,2025,395,2023-12-10,1,Replacement,Quality Issue,Customer Support,Completed,Not Applicable,0.0,105.83,Completed,2023-12-12,Passed,Opened,True,Cancelled
915,6507,13050,9665,1372,272,2024-01-01,22,Replacement,Damaged Product,Website,Picked Up,Not Applicable,0.0,95.27,Scheduled,2024-01-02,Pending,Used,True,Completed
916,6513,13063,5249,1004,200,2023-12-15,7,Refund,Wrong Product,Mobile App,Picked Up,Processing,509.45,142.9,Completed,2023-12-18,Failed,Damaged,False,Not Applicable
917,6517,13070,6085,721,145,2023-12-16,6,Replacement,Wrong Product,Website,Approved,Not Applicable,0.0,87.5,Scheduled,2023-12-19,Pending,Damaged,True,Processing
918,6531,13104,2911,1930,376,2024-01-11,29,Replacement,Quality Issue,Website,Requested,Not Applicable,0.0,38.63,Scheduled,2024-01-14,Pending,Opened,True,Processing
919,6533,13108,4259,2195,430,2024-01-07,26,Refund,Missing Parts,Mobile App,Picked Up,Processing,13340.83,94.36,Scheduled,2024-01-09,Pending,Damaged,False,Not Applicable
920,6535,13110,4835,259,53,2023-12-15,7,Replacement,Changed Mind,Mobile App,Completed,Not Applicable,0.0,136.6,Completed,2023-12-18,Passed,Damaged,True,Cancelled
921,6543,13131,2847,1006,201,2023-12-23,15,Replacement,Product Not As Expected,Mobile App,Completed,Not Applicable,0.0,93.44,Completed,2023-12-24,Failed,Damaged,True,Requested
922,6544,13132,3036,2212,433,2023-12-23,10,Refund,Quality Issue,Mobile App,Completed,Processing,72837.3,34.86,Completed,2023-12-26,Passed,Opened,False,Not Applicable
923,6549,13141,5355,1544,305,2023-12-13,6,Replacement,Late Delivery,Website,Rejected,Not Applicable,0.0,179.53,Failed,,Pending,Unused,True,Requested
924,6551,13146,7552,2352,461,2023-12-27,14,Refund,Product Not As Expected,Mobile App,Completed,Completed,47526.92,150.93,Completed,2023-12-28,Failed,Damaged,False,Not Applicable
925,6561,13169,2123,478,98,2023-12-20,8,Exchange,Product Not As Expected,Website,Requested,Not Applicable,0.0,162.15,Scheduled,2023-12-22,Pending,Unused,True,Processing
926,6570,13187,5973,133,25,2024-01-06,25,Refund,Missing Parts,Website,Pickup Scheduled,Processing,13961.58,98.04,Completed,2024-01-08,Passed,Opened,False,Not Applicable
927,6576,13199,9171,1,1,2024-01-14,28,Refund,Size/Fit Issue,Mobile App,Pickup Scheduled,Processing,1688.82,55.45,Completed,2024-01-16,Passed,Unused,False,Not Applicable
928,6580,13209,2428,1335,266,2023-12-17,6,Replacement,Wrong Product,Website,Completed,Not Applicable,0.0,111.33,Completed,2023-12-18,Passed,Used,True,Completed
929,6587,13221,4312,1880,366,2023-12-16,5,Replacement,Quality Issue,Mobile App,Completed,Not Applicable,0.0,72.55,Completed,2023-12-17,Pending,Opened,True,Completed
930,6588,13224,4394,2258,443,2024-01-12,28,Refund,Late Delivery,Website,Picked Up,Processing,8641.42,143.26,Scheduled,2024-01-15,Pending,Opened,False,Not Applicable
931,6594,13234,6380,1675,330,2024-01-01,19,Replacement,Missing Parts,Mobile App,Picked Up,Not Applicable,0.0,147.01,Completed,2024-01-03,Pending,Unused,True,Cancelled
932,6610,13264,4765,68,13,2023-12-24,8,Refund,Product Not As Expected,Mobile App,Pickup Scheduled,Processing,2793.54,67.78,Completed,2023-12-26,Passed,Damaged,False,Not Applicable
933,6616,13272,6422,185,37,2024-01-07,19,Refund,Late Delivery,Customer Support,Completed,Completed,73380.8,54.93,Completed,2024-01-08,Passed,Opened,False,Not Applicable
934,6618,13277,7874,2552,500,2023-12-19,4,Refund,Damaged Product,Mobile App,Completed,Completed,2045.1,107.61,Completed,2023-12-21,Passed,Unused,False,Not Applicable
935,6634,13314,4759,1617,320,2023-12-27,11,Refund,Quality Issue,Customer Support,Picked Up,Processing,7146.6,125.48,Scheduled,2023-12-30,Pending,Used,False,Not Applicable
936,6648,13343,9596,1334,265,2023-12-23,4,Refund,Product Not As Expected,Customer Support,Pickup Scheduled,Processing,3581.58,55.82,Scheduled,2023-12-25,Pending,Damaged,False,Not Applicable
937,6651,13348,1907,1412,281,2024-01-16,28,Exchange,Missing Parts,Customer Support,Completed,Not Applicable,0.0,148.21,Completed,2024-01-17,Passed,Opened,True,Requested
938,6662,13365,9634,619,125,2024-01-09,27,Refund,Changed Mind,Website,Requested,Pending,2973.33,66.84,Pending,,Pending,Opened,False,Not Applicable
939,6667,13377,1926,776,156,2024-01-04,17,Refund,Wrong Product,Mobile App,Picked Up,Processing,2679.39,142.25,Completed,2024-01-05,Failed,Damaged,False,Not Applicable
940,6667,13379,1926,2188,428,2024-01-01,14,Replacement,Damaged Product,Website,Pickup Scheduled,Not Applicable,0.0,99.45,Completed,2024-01-02,Pending,Used,True,Processing
941,6690,13431,6960,1507,297,2023-12-24,3,Replacement,Late Delivery,Website,Picked Up,Not Applicable,0.0,162.33,Scheduled,2023-12-26,Pending,Opened,True,Requested
942,6692,13436,8557,1105,222,2024-01-01,16,Refund,Product Not As Expected,Website,Approved,Pending,8750.55,97.3,Scheduled,2024-01-04,Pending,Used,False,Not Applicable
943,6693,13438,8748,1473,292,2023-12-29,12,Replacement,Quality Issue,Website,Completed,Not Applicable,0.0,113.91,Completed,2023-12-31,Passed,Opened,True,Cancelled
944,6693,13439,8748,1498,295,2024-01-09,23,Refund,Changed Mind,Website,Approved,Processing,35393.2,176.89,Pending,,Pending,Unused,False,Not Applicable
945,6695,13443,9466,772,155,2024-01-01,11,Refund,Product Not As Expected,Website,Completed,Completed,1565.66,138.92,Completed,2024-01-03,Passed,Damaged,False,Not Applicable
946,6701,13450,2100,2532,497,2024-01-14,25,Refund,Quality Issue,Website,Picked Up,Pending,103968.24,140.56,Completed,2024-01-16,Passed,Damaged,False,Not Applicable
947,6715,13474,7512,687,139,2024-01-12,22,Refund,Late Delivery,Mobile App,Completed,Completed,4420.08,52.37,Completed,2024-01-15,Passed,Unused,False,Not Applicable
948,6719,13483,1901,2147,422,2024-01-04,15,Replacement,Changed Mind,Mobile App,Completed,Not Applicable,0.0,80.62,Completed,2024-01-05,Passed,Damaged,True,Requested
949,6719,13484,1901,2437,477,2024-01-12,23,Refund,Product Not As Expected,Website,Approved,Pending,8405.9,89.45,Pending,,Pending,Unused,False,Not Applicable
950,6721,13487,2594,1078,216,2023-12-30,13,Refund,Wrong Product,Website,Completed,Processing,5053.62,163.18,Completed,2024-01-02,Passed,Damaged,False,Not Applicable
951,6724,13492,2963,1081,216,2024-01-10,17,Refund,Changed Mind,Mobile App,Completed,Completed,5849.93,88.08,Completed,2024-01-12,Passed,Unused,False,Not Applicable
952,6730,13505,7151,1864,363,2024-01-16,28,Refund,Quality Issue,Website,Rejected,Not Applicable,0.0,115.65,Failed,,Pending,Used,False,Not Applicable
953,6734,13513,9442,1111,223,2024-01-18,28,Refund,Wrong Product,Mobile App,Completed,Processing,7213.05,144.45,Completed,2024-01-19,Passed,Damaged,False,Not Applicable
954,6737,13517,802,520,106,2023-12-29,7,Exchange,Missing Parts,Website,Picked Up,Not Applicable,0.0,48.0,Scheduled,2024-01-01,Pending,Opened,True,Cancelled
955,6744,13533,4782,917,183,2024-01-13,23,Replacement,Missing Parts,Customer Support,Picked Up,Not Applicable,0.0,75.37,Scheduled,2024-01-16,Pending,Opened,True,Completed
956,6745,13536,4894,2452,481,2023-12-31,10,Refund,Changed Mind,Mobile App,Picked Up,Processing,3179.9,152.93,Scheduled,2024-01-01,Pending,Used,False,Not Applicable
957,6746,13538,5089,1540,304,2024-01-03,9,Exchange,Quality Issue,Mobile App,Picked Up,Not Applicable,0.0,147.42,Completed,2024-01-06,Passed,Unused,True,Processing
958,6747,13541,5245,1162,233,2024-01-16,24,Refund,Late Delivery,Website,Pickup Scheduled,Pending,68864.33,129.5,Completed,2024-01-19,Passed,Used,False,Not Applicable
959,6752,13551,7079,1342,267,2024-01-05,13,Replacement,Changed Mind,Customer Support,Approved,Not Applicable,0.0,59.96,Pending,,Pending,Used,True,Requested
960,6754,13556,7387,1979,385,2024-01-10,16,Refund,Damaged Product,Mobile App,Picked Up,Processing,4112.05,60.54,Scheduled,2024-01-12,Pending,Unused,False,Not Applicable
961,6757,13563,9619,389,77,2023-12-28,6,Refund,Late Delivery,Customer Support,Picked Up,Pending,39425.4,142.84,Completed,2023-12-30,Passed,Used,False,Not Applicable
962,6757,13564,9619,2445,479,2024-01-19,28,Refund,Quality Issue,Customer Support,Approved,Pending,155087.46,43.32,Scheduled,2024-01-22,Pending,Used,False,Not Applicable
963,6759,13569,22,1613,319,2024-01-23,30,Refund,Product Not As Expected,Website,Approved,Pending,1308.03,49.86,Scheduled,2024-01-25,Pending,Damaged,False,Not Applicable
964,6764,13576,1684,878,176,2024-01-16,25,Replacement,Changed Mind,Mobile App,Rejected,Not Applicable,0.0,70.4,Failed,,Pending,Used,True,Completed
965,6769,13587,3945,2433,475,2024-01-16,24,Refund,Missing Parts,Mobile App,Completed,Completed,5381.76,117.84,Completed,2024-01-18,Passed,Unused,False,Not Applicable
966,6773,13595,5721,2025,395,2024-01-11,18,Exchange,Changed Mind,Website,Picked Up,Not Applicable,0.0,30.12,Scheduled,2024-01-12,Pending,Damaged,True,Cancelled
967,6778,13604,8026,121,23,2024-01-04,12,Refund,Quality Issue,Website,Completed,Pending,12440.32,146.83,Completed,2024-01-07,Passed,Used,False,Not Applicable
968,6779,13606,8343,730,147,2024-01-04,8,Replacement,Quality Issue,Website,Completed,Not Applicable,0.0,161.14,Completed,2024-01-07,Passed,Unused,True,Completed
969,6791,13626,1538,2228,436,2024-01-04,12,Refund,Changed Mind,Customer Support,Picked Up,Pending,37704.59,172.7,Scheduled,2024-01-07,Pending,Unused,False,Not Applicable
970,6813,13662,351,604,122,2023-12-25,4,Refund,Size/Fit Issue,Website,Picked Up,Processing,2665.46,60.02,Scheduled,2023-12-26,Pending,Used,False,Not Applicable
971,6817,13669,3013,1416,282,2024-01-23,29,Refund,Product Not As Expected,Customer Support,Approved,Processing,160.8,173.49,Scheduled,2024-01-24,Pending,Unused,False,Not Applicable
972,6820,13675,4637,326,64,2024-01-01,10,Replacement,Changed Mind,Mobile App,Picked Up,Not Applicable,0.0,52.85,Scheduled,2024-01-02,Pending,Damaged,True,Completed
973,6829,13692,9551,1044,209,2023-12-30,6,Refund,Damaged Product,Website,Completed,Completed,11630.26,123.36,Completed,2024-01-01,Passed,Unused,False,Not Applicable
974,6834,13702,1133,366,72,2024-01-26,28,Refund,Wrong Product,Mobile App,Picked Up,Processing,5255.94,97.29,Scheduled,2024-01-29,Pending,Unused,False,Not Applicable
975,6843,13718,6267,738,148,2024-01-03,8,Replacement,Quality Issue,Mobile App,Pickup Scheduled,Not Applicable,0.0,128.5,Scheduled,2024-01-05,Pending,Opened,True,Requested
976,6844,13723,6938,992,199,2024-01-06,16,Refund,Damaged Product,Mobile App,Completed,Completed,9117.81,143.64,Completed,2024-01-07,Passed,Unused,False,Not Applicable
977,6846,13726,7596,379,75,2024-01-14,23,Refund,Late Delivery,Website,Completed,Pending,58142.14,61.5,Completed,2024-01-15,Passed,Opened,False,Not Applicable
978,6846,13727,7596,1091,219,2024-01-01,10,Replacement,Quality Issue,Mobile App,Completed,Not Applicable,0.0,104.01,Completed,2024-01-03,Passed,Unused,True,Completed
979,6846,13728,7596,1227,243,2024-01-15,24,Exchange,Missing Parts,Website,Pickup Scheduled,Not Applicable,0.0,133.77,Completed,2024-01-16,Failed,Damaged,True,Requested
980,6856,13751,2269,1833,357,2024-01-18,27,Refund,Late Delivery,Mobile App,Completed,Completed,652.75,78.14,Completed,2024-01-21,Pending,Unused,False,Not Applicable
981,6860,13760,3087,351,69,2024-01-09,16,Replacement,Quality Issue,Mobile App,Requested,Not Applicable,0.0,77.84,Pending,,Pending,Unused,True,Completed
982,6872,13789,8744,1140,228,2024-01-08,13,Refund,Quality Issue,Mobile App,Completed,Completed,48644.01,160.04,Completed,2024-01-10,Passed,Opened,False,Not Applicable
983,6877,13798,3767,1959,382,2024-01-27,30,Refund,Changed Mind,Mobile App,Requested,Processing,12483.12,36.15,Pending,,Pending,Opened,False,Not Applicable
984,6882,13810,6569,1723,338,2024-01-05,7,Replacement,Changed Mind,Mobile App,Completed,Not Applicable,0.0,114.13,Completed,2024-01-06,Passed,Used,True,Completed
985,6885,13817,7431,1771,346,2024-01-15,15,Replacement,Missing Parts,Mobile App,Completed,Not Applicable,0.0,101.41,Completed,2024-01-17,Passed,Damaged,True,Requested
986,6892,13832,642,2094,412,2024-01-12,13,Replacement,Wrong Product,Website,Completed,Not Applicable,0.0,179.67,Completed,2024-01-15,Passed,Damaged,True,Cancelled
987,6907,13857,6041,2094,412,2024-01-12,13,Refund,Wrong Product,Mobile App,Completed,Completed,896.16,69.9,Completed,2024-01-15,Pending,Damaged,False,Not Applicable
988,6908,13858,6063,190,38,2024-01-16,18,Refund,Damaged Product,Website,Requested,Pending,2177.94,150.82,Pending,,Pending,Unused,False,Not Applicable
989,6911,13864,7557,873,174,2024-01-06,12,Refund,Quality Issue,Mobile App,Completed,Processing,279298.66,134.42,Completed,2024-01-08,Passed,Damaged,False,Not Applicable
990,6914,13870,8606,653,131,2024-01-14,20,Replacement,Damaged Product,Website,Pickup Scheduled,Not Applicable,0.0,170.17,Completed,2024-01-16,Failed,Damaged,True,Cancelled
991,6918,13876,820,170,34,2024-01-10,10,Replacement,Quality Issue,Website,Rejected,Not Applicable,0.0,107.07,Failed,,Pending,Used,True,Processing
992,6918,13878,820,1930,376,2024-01-18,18,Refund,Changed Mind,Mobile App,Picked Up,Processing,515.94,144.31,Scheduled,2024-01-20,Pending,Used,False,Not Applicable
993,6923,13889,1478,1541,305,2024-01-25,26,Refund,Damaged Product,Mobile App,Completed,Completed,26894.65,159.55,Completed,2024-01-27,Pending,Damaged,False,Not Applicable
994,6925,13893,2474,1700,335,2024-01-05,7,Refund,Quality Issue,Website,Rejected,Not Applicable,0.0,40.65,Failed,,Pending,Unused,False,Not Applicable
995,6927,13896,3332,1230,244,2024-01-06,8,Replacement,Wrong Product,Mobile App,Completed,Not Applicable,0.0,108.98,Completed,2024-01-07,Passed,Unused,True,Completed
996,6932,13905,4993,1143,228,2024-01-13,13,Exchange,Quality Issue,Mobile App,Completed,Not Applicable,0.0,77.9,Completed,2024-01-16,Passed,Damaged,True,Requested
997,6955,13947,5761,2210,433,2024-01-10,12,Refund,Damaged Product,Website,Approved,Pending,35445.35,61.55,Scheduled,2024-01-11,Pending,Opened,False,Not Applicable
998,6969,13975,3081,254,52,2024-01-03,4,Refund,Wrong Product,Mobile App,Rejected,Not Applicable,0.0,64.19,Failed,,Pending,Opened,False,Not Applicable
999,6972,13985,3463,2272,446,2024-01-24,22,Refund,Wrong Product,Mobile App,Completed,Processing,3922.18,38.64,Completed,2024-01-26,Pending,Damaged,False,Not Applicable
1000,6975,13990,4562,485,99,2024-01-21,18,Exchange,Wrong Product,Website,Approved,Not Applicable,0.0,131.02,Scheduled,2024-01-23,Pending,Opened,True,Processing
1001,6981,14003,6257,1481,293,2024-01-28,29,Replacement,Damaged Product,Customer Support,Completed,Not Applicable,0.0,34.24,Completed,2024-01-30,Failed,Damaged,True,Cancelled
1002,6983,14005,6568,101,19,2024-01-23,18,Refund,Size/Fit Issue,Mobile App,Approved,Processing,1201.2,50.29,Pending,,Pending,Used,False,Not Applicable
1003,6985,14011,7628,1937,378,2024-01-21,16,Replacement,Wrong Product,Mobile App,Approved,Not Applicable,0.0,100.99,Scheduled,2024-01-23,Pending,Unused,True,Cancelled
1004,6997,14033,2750,1834,357,2024-01-25,19,Refund,Changed Mind,Website,Pickup Scheduled,Pending,1859.73,177.14,Scheduled,2024-01-28,Pending,Opened,False,Not Applicable
1005,7001,14045,3748,2110,415,2024-01-30,24,Replacement,Wrong Product,Mobile App,Pickup Scheduled,Not Applicable,0.0,153.53,Completed,2024-02-02,Passed,Opened,True,Processing
1006,7014,14074,214,506,103,2024-01-27,23,Refund,Product Not As Expected,Website,Completed,Completed,1704.22,152.49,Completed,2024-01-28,Pending,Opened,False,Not Applicable
1007,7020,14088,2603,1244,247,2024-01-23,17,Replacement,Damaged Product,Mobile App,Picked Up,Not Applicable,0.0,88.19,Completed,2024-01-24,Passed,Used,True,Requested
1008,7020,14089,2603,1952,381,2024-01-29,23,Refund,Product Not As Expected,Website,Completed,Completed,71385.66,142.14,Completed,2024-01-31,Passed,Damaged,False,Not Applicable
1009,7023,14094,3940,1177,235,2024-01-26,22,Refund,Changed Mind,Website,Pickup Scheduled,Processing,875.53,175.66,Scheduled,2024-01-29,Pending,Opened,False,Not Applicable
1010,7028,14101,6720,1033,207,2024-01-25,18,Refund,Changed Mind,Mobile App,Completed,Completed,16527.24,83.45,Completed,2024-01-26,Pending,Used,False,Not Applicable
1011,7041,14126,3492,636,128,2024-01-16,13,Refund,Changed Mind,Website,Pickup Scheduled,Pending,1444.65,92.21,Completed,2024-01-19,Pending,Unused,False,Not Applicable
1012,7050,14146,6905,1019,204,2024-01-29,25,Refund,Product Not As Expected,Website,Pickup Scheduled,Pending,2461.39,91.23,Completed,2024-01-30,Failed,Damaged,False,Not Applicable
1013,7051,14147,7567,534,109,2024-01-26,20,Refund,Changed Mind,Customer Support,Completed,Completed,39966.72,149.6,Completed,2024-01-28,Pending,Unused,False,Not Applicable
1014,7052,14149,7586,1290,257,2024-01-23,20,Replacement,Late Delivery,Website,Approved,Not Applicable,0.0,70.37,Scheduled,2024-01-26,Pending,Unused,True,Processing
1015,7054,14153,7787,2075,409,2024-01-24,20,Refund,Late Delivery,Website,Picked Up,Pending,890.79,113.29,Completed,2024-01-26,Failed,Damaged,False,Not Applicable
1016,7060,14167,1224,2045,400,2024-01-18,11,Refund,Changed Mind,Website,Completed,Completed,36987.87,51.05,Completed,2024-01-20,Passed,Unused,False,Not Applicable
1017,7063,14171,2008,1472,291,2024-01-31,23,Replacement,Damaged Product,Website,Approved,Not Applicable,0.0,79.82,Pending,,Pending,Used,True,Processing
1018,7064,14174,2256,768,155,2024-01-12,7,Replacement,Damaged Product,Mobile App,Approved,Not Applicable,0.0,72.86,Scheduled,2024-01-15,Pending,Damaged,True,Cancelled
1019,7067,14180,2511,1144,228,2024-02-05,29,Refund,Product Not As Expected,Website,Approved,Pending,51242.92,105.13,Pending,,Pending,Unused,False,Not Applicable
1020,7074,14198,4666,1064,213,2024-01-26,21,Refund,Product Not As Expected,Website,Picked Up,Processing,1628.88,155.8,Scheduled,2024-01-28,Pending,Damaged,False,Not Applicable
1021,7077,14204,5299,937,187,2024-01-24,13,Refund,Size/Fit Issue,Mobile App,Picked Up,Pending,31929.46,146.84,Completed,2024-01-27,Passed,Used,False,Not Applicable
1022,7088,14224,8433,82,16,2024-01-15,5,Replacement,Product Not As Expected,Website,Approved,Not Applicable,0.0,77.45,Pending,,Pending,Unused,True,Cancelled
1023,7089,14229,8482,1751,343,2024-02-05,29,Refund,Changed Mind,Website,Completed,Completed,2640.05,93.11,Completed,2024-02-06,Passed,Damaged,False,Not Applicable
1024,7094,14237,38,1136,227,2024-01-21,15,Replacement,Wrong Product,Mobile App,Picked Up,Not Applicable,0.0,113.67,Scheduled,2024-01-23,Pending,Damaged,True,Requested
1025,7099,14249,2440,290,58,2024-01-16,5,Exchange,Changed Mind,Mobile App,Completed,Not Applicable,0.0,47.18,Completed,2024-01-17,Passed,Unused,True,Processing
1026,7101,14252,2750,2028,396,2024-02-07,28,Refund,Size/Fit Issue,Mobile App,Requested,Processing,19439.99,152.32,Pending,,Pending,Opened,False,Not Applicable
1027,7102,14253,4025,389,77,2024-02-08,27,Refund,Changed Mind,Website,Completed,Completed,44063.68,37.06,Completed,2024-02-11,Pending,Unused,False,Not Applicable
1028,7118,14291,9404,785,158,2024-01-27,16,Refund,Missing Parts,Website,Completed,Completed,4793.59,81.04,Completed,2024-01-28,Pending,Used,False,Not Applicable
1029,7119,14292,93,432,88,2024-02-02,28,Replacement,Damaged Product,Mobile App,Pickup Scheduled,Not Applicable,0.0,107.49,Scheduled,2024-02-05,Pending,Damaged,True,Processing
1030,7120,14295,2038,1542,305,2024-01-22,12,Exchange,Wrong Product,Customer Support,Picked Up,Not Applicable,0.0,127.71,Completed,2024-01-23,Passed,Damaged,True,Requested
1031,7136,14327,1143,2357,462,2024-02-04,25,Exchange,Changed Mind,Website,Completed,Not Applicable,0.0,39.96,Completed,2024-02-06,Failed,Damaged,True,Requested
1032,7146,14348,6494,1204,240,2024-01-29,19,Replacement,Quality Issue,Customer Support,Pickup Scheduled,Not Applicable,0.0,56.26,Completed,2024-02-01,Passed,Opened,True,Processing
1033,7148,14352,7351,888,178,2024-01-22,12,Replacement,Missing Parts,Website,Approved,Not Applicable,0.0,74.98,Scheduled,2024-01-23,Pending,Damaged,True,Processing
1034,7156,14368,6140,205,41,2024-01-17,1,Refund,Damaged Product,Mobile App,Completed,Completed,13755.12,126.83,Completed,2024-01-19,Passed,Unused,False,Not Applicable
1035,7162,14378,8322,1965,383,2024-01-30,19,Refund,Product Not As Expected,Website,Picked Up,Processing,66084.84,118.72,Scheduled,2024-02-02,Pending,Opened,False,Not Applicable
1036,7165,14386,8631,1271,254,2024-01-16,5,Refund,Quality Issue,Customer Support,Completed,Completed,42827.99,136.06,Completed,2024-01-19,Passed,Damaged,False,Not Applicable
1037,7171,14399,1215,375,73,2024-01-18,5,Exchange,Damaged Product,Mobile App,Completed,Not Applicable,0.0,132.01,Completed,2024-01-19,Pending,Opened,True,Processing
1038,7174,14403,2436,421,85,2024-02-14,29,Exchange,Product Not As Expected,Website,Completed,Not Applicable,0.0,101.15,Completed,2024-02-16,Passed,Unused,True,Requested
1039,7175,14405,2476,644,130,2024-01-21,5,Replacement,Changed Mind,Mobile App,Approved,Not Applicable,0.0,66.8,Scheduled,2024-01-22,Pending,Opened,True,Processing
1040,7177,14407,2636,481,98,2024-01-21,10,Replacement,Product Not As Expected,Website,Completed,Not Applicable,0.0,46.51,Completed,2024-01-22,Passed,Damaged,True,Requested
1041,7187,14429,6648,589,119,2024-01-20,7,Exchange,Late Delivery,Mobile App,Rejected,Not Applicable,0.0,81.49,Failed,,Pending,Opened,True,Completed
1042,7196,14448,9946,467,96,2024-02-15,30,Refund,Product Not As Expected,Website,Pickup Scheduled,Processing,260.62,52.32,Completed,2024-02-17,Passed,Opened,False,Not Applicable
1043,7202,14460,2264,1393,277,2024-02-10,28,Replacement,Late Delivery,Mobile App,Approved,Not Applicable,0.0,127.59,Pending,,Pending,Damaged,True,Cancelled
1044,7205,14463,4175,61,12,2024-02-01,17,Replacement,Damaged Product,Mobile App,Picked Up,Not Applicable,0.0,78.69,Completed,2024-02-02,Pending,Opened,True,Requested
1045,7221,14496,1911,430,88,2024-01-24,7,Refund,Product Not As Expected,Website,Rejected,Not Applicable,0.0,166.49,Failed,,Pending,Used,False,Not Applicable
1046,7222,14497,2272,1462,290,2024-01-21,11,Exchange,Quality Issue,Website,Approved,Not Applicable,0.0,34.1,Pending,,Pending,Used,True,Processing
1047,7223,14499,2393,538,109,2024-01-27,11,Refund,Changed Mind,Mobile App,Pickup Scheduled,Processing,11241.6,49.31,Completed,2024-01-28,Passed,Opened,False,Not Applicable
1048,7225,14502,2780,1264,252,2024-01-29,11,Refund,Changed Mind,Mobile App,Rejected,Not Applicable,0.0,37.08,Failed,,Pending,Opened,False,Not Applicable
1049,7230,14513,6455,264,54,2024-01-19,3,Refund,Late Delivery,Mobile App,Approved,Pending,5062.74,64.17,Pending,,Pending,Opened,False,Not Applicable
1050,7239,14533,1839,848,169,2024-01-22,9,Refund,Changed Mind,Mobile App,Pickup Scheduled,Pending,1209.96,125.5,Completed,2024-01-23,Passed,Damaged,False,Not Applicable
1051,7253,14554,10,88,17,2024-01-27,16,Replacement,Missing Parts,Mobile App,Pickup Scheduled,Not Applicable,0.0,92.47,Scheduled,2024-01-30,Pending,Unused,True,Cancelled
1052,7291,14635,2038,72,14,2024-02-11,23,Refund,Wrong Product,Customer Support,Completed,Processing,2924.11,173.84,Completed,2024-02-14,Passed,Damaged,False,Not Applicable
1053,7291,14637,2038,1346,268,2024-02-17,29,Refund,Missing Parts,Mobile App,Completed,Completed,3450.5,118.82,Completed,2024-02-19,Passed,Opened,False,Not Applicable
1054,7307,14669,2280,1792,350,2024-02-10,22,Refund,Product Not As Expected,Customer Support,Completed,Completed,45638.14,97.72,Completed,2024-02-13,Passed,Damaged,False,Not Applicable
1055,7313,14679,5073,1657,326,2024-02-06,13,Refund,Late Delivery,Mobile App,Pickup Scheduled,Processing,5513.22,139.71,Scheduled,2024-02-09,Pending,Used,False,Not Applicable
1056,7314,14680,6718,916,183,2024-02-10,25,Refund,Quality Issue,Customer Support,Approved,Pending,87730.77,154.98,Scheduled,2024-02-13,Pending,Damaged,False,Not Applicable
1057,7316,14686,8118,281,56,2024-02-10,19,Refund,Wrong Product,Website,Completed,Completed,2606.13,35.65,Completed,2024-02-12,Passed,Opened,False,Not Applicable
1058,7322,14698,154,1391,276,2024-02-18,28,Refund,Missing Parts,Website,Completed,Pending,21177.21,157.98,Completed,2024-02-21,Passed,Damaged,False,Not Applicable
1059,7325,14703,1110,393,79,2024-01-27,3,Replacement,Missing Parts,Mobile App,Completed,Not Applicable,0.0,68.67,Completed,2024-01-28,Failed,Damaged,True,Processing
1060,7328,14710,1898,1021,205,2024-02-03,11,Refund,Product Not As Expected,Mobile App,Pickup Scheduled,Pending,26885.7,38.81,Completed,2024-02-06,Pending,Damaged,False,Not Applicable
1061,7341,14739,8472,4,1,2024-02-18,30,Replacement,Product Not As Expected,Website,Rejected,Not Applicable,0.0,87.08,Failed,,Pending,Used,True,Cancelled
1062,7342,14742,8666,525,107,2024-02-07,18,Replacement,Product Not As Expected,Mobile App,Requested,Not Applicable,0.0,147.37,Pending,,Pending,Damaged,True,Requested
1063,7346,14751,486,1360,270,2024-02-17,23,Refund,Changed Mind,Mobile App,Completed,Completed,11236.32,88.28,Completed,2024-02-20,Passed,Opened,False,Not Applicable
1064,7351,14760,2160,1390,276,2024-01-28,5,Replacement,Damaged Product,Customer Support,Approved,Not Applicable,0.0,93.89,Scheduled,2024-01-31,Pending,Used,True,Completed
1065,7354,14768,3201,2034,398,2024-01-23,4,Refund,Product Not As Expected,Mobile App,Completed,Completed,2825.62,61.23,Completed,2024-01-26,Failed,Damaged,False,Not Applicable
1066,7368,14794,1697,475,97,2024-02-16,27,Refund,Changed Mind,Website,Completed,Processing,7232.36,161.54,Completed,2024-02-19,Passed,Unused,False,Not Applicable
1067,7368,14795,1697,1163,233,2024-02-10,21,Exchange,Late Delivery,Website,Pickup Scheduled,Not Applicable,0.0,100.76,Completed,2024-02-11,Passed,Opened,True,Requested
1068,7380,14816,6372,1367,271,2024-02-02,9,Refund,Wrong Product,Mobile App,Completed,Completed,4204.34,135.68,Completed,2024-02-03,Passed,Unused,False,Not Applicable
1069,7383,14821,7714,883,177,2024-02-22,28,Exchange,Quality Issue,Customer Support,Pickup Scheduled,Not Applicable,0.0,148.73,Completed,2024-02-23,Passed,Opened,True,Requested
1070,7387,14828,9083,1717,337,2024-02-12,25,Refund,Damaged Product,Customer Support,Approved,Pending,9304.18,164.24,Pending,,Pending,Unused,False,Not Applicable
1071,7390,14834,9845,2484,487,2024-02-04,11,Replacement,Late Delivery,Website,Approved,Not Applicable,0.0,100.43,Pending,,Pending,Used,True,Completed
1072,7409,14876,8750,2461,482,2024-02-22,25,Refund,Product Not As Expected,Mobile App,Picked Up,Processing,8268.55,83.89,Completed,2024-02-25,Passed,Used,False,Not Applicable
1073,7412,14880,9102,1801,352,2024-01-31,3,Replacement,Changed Mind,Mobile App,Pickup Scheduled,Not Applicable,0.0,96.61,Scheduled,2024-02-02,Pending,Used,True,Completed
1074,7412,14881,9102,2161,424,2024-02-10,13,Refund,Size/Fit Issue,Customer Support,Pickup Scheduled,Processing,13099.57,51.0,Scheduled,2024-02-12,Pending,Unused,False,Not Applicable
1075,7413,14883,9331,1607,318,2024-02-02,9,Refund,Late Delivery,Website,Completed,Completed,4781.72,98.97,Completed,2024-02-04,Passed,Used,False,Not Applicable
1076,7431,14920,6701,1995,388,2024-01-31,6,Replacement,Changed Mind,Mobile App,Picked Up,Not Applicable,0.0,179.51,Completed,2024-02-01,Passed,Unused,True,Processing
1077,7448,14957,4230,2356,462,2024-01-27,3,Refund,Damaged Product,Customer Support,Picked Up,Processing,4106.37,164.98,Scheduled,2024-01-30,Pending,Opened,False,Not Applicable
1078,7455,14971,6854,2378,466,2024-02-12,18,Replacement,Size/Fit Issue,Mobile App,Completed,Not Applicable,0.0,116.47,Completed,2024-02-13,Passed,Unused,True,Requested
1079,7459,14978,8044,1481,293,2024-02-15,21,Refund,Quality Issue,Mobile App,Completed,Completed,5440.14,137.33,Completed,2024-02-16,Passed,Damaged,False,Not Applicable
1080,7460,14981,8065,1198,238,2024-02-18,24,Refund,Quality Issue,Mobile App,Rejected,Not Applicable,0.0,116.91,Failed,,Pending,Damaged,False,Not Applicable
1081,7468,14999,3664,2218,434,2024-02-08,11,Refund,Wrong Product,Website,Pickup Scheduled,Processing,1087.71,122.24,Scheduled,2024-02-11,Pending,Unused,False,Not Applicable
1082,7478,15022,6375,1630,322,2024-01-25,1,Replacement,Wrong Product,Website,Approved,Not Applicable,0.0,129.33,Scheduled,2024-01-27,Pending,Unused,True,Cancelled
1083,7497,15060,5852,1058,212,2024-02-24,24,Refund,Changed Mind,Website,Completed,Completed,18961.03,135.46,Completed,2024-02-27,Pending,Opened,False,Not Applicable
1084,7498,15061,6035,54,11,2024-02-08,5,Refund,Product Not As Expected,Website,Pickup Scheduled,Processing,11766.87,143.24,Completed,2024-02-11,Passed,Damaged,False,Not Applicable
1085,7502,15071,8062,1703,335,2024-02-11,11,Replacement,Damaged Product,Mobile App,Completed,Not Applicable,0.0,150.57,Completed,2024-02-12,Passed,Unused,True,Cancelled
1086,7517,15105,6413,759,153,2024-02-14,14,Replacement,Product Not As Expected,Website,Pickup Scheduled,Not Applicable,0.0,51.45,Completed,2024-02-16,Passed,Used,True,Requested
1087,7525,15127,2093,2295,450,2024-02-02,5,Replacement,Changed Mind,Mobile App,Approved,Not Applicable,0.0,175.87,Pending,,Pending,Used,True,Completed
1088,7535,15149,7318,926,185,2024-02-17,19,Replacement,Damaged Product,Website,Approved,Not Applicable,0.0,31.76,Scheduled,2024-02-19,Pending,Damaged,True,Cancelled
1089,7538,15157,9413,1018,204,2024-02-04,3,Exchange,Missing Parts,Mobile App,Completed,Not Applicable,0.0,48.98,Completed,2024-02-05,Passed,Used,True,Completed
1090,7548,15177,4429,1071,214,2024-02-14,11,Replacement,Quality Issue,Website,Approved,Not Applicable,0.0,167.58,Pending,,Pending,Unused,True,Completed
1091,7549,15180,4481,1211,241,2024-03-05,28,Refund,Quality Issue,Website,Approved,Pending,5180.19,37.49,Pending,,Pending,Used,False,Not Applicable
1092,7551,15183,5147,975,195,2024-02-08,4,Replacement,Wrong Product,Mobile App,Approved,Not Applicable,0.0,172.75,Pending,,Pending,Unused,True,Processing
1093,7556,15193,7999,657,132,2024-02-03,2,Refund,Product Not As Expected,Mobile App,Requested,Processing,39921.39,155.05,Pending,,Pending,Opened,False,Not Applicable
1094,7560,15204,1265,1263,252,2024-03-02,30,Refund,Product Not As Expected,Mobile App,Completed,Processing,3851.36,43.68,Completed,2024-03-04,Passed,Unused,False,Not Applicable
1095,7561,15206,1596,1255,250,2024-03-02,29,Refund,Size/Fit Issue,Mobile App,Completed,Completed,1592.82,102.56,Completed,2024-03-05,Passed,Opened,False,Not Applicable
1096,7569,15225,6791,767,154,2024-02-15,11,Replacement,Late Delivery,Mobile App,Pickup Scheduled,Not Applicable,0.0,118.21,Scheduled,2024-02-17,Pending,Used,True,Requested
1097,7576,15245,9268,2049,402,2024-02-23,22,Refund,Product Not As Expected,Mobile App,Completed,Completed,2172.29,30.97,Completed,2024-02-24,Pending,Opened,False,Not Applicable
1098,7583,15260,2233,122,23,2024-02-19,12,Replacement,Damaged Product,Mobile App,Completed,Not Applicable,0.0,45.97,Completed,2024-02-22,Passed,Used,True,Cancelled
1099,7600,15295,6745,783,157,2024-02-22,15,Exchange,Wrong Product,Website,Approved,Not Applicable,0.0,131.27,Scheduled,2024-02-23,Pending,Opened,True,Completed
1100,7619,15334,4550,417,84,2024-02-29,20,Replacement,Wrong Product,Customer Support,Approved,Not Applicable,0.0,147.05,Scheduled,2024-03-03,Pending,Used,True,Processing
1101,7627,15348,6784,155,31,2024-02-09,1,Refund,Product Not As Expected,Mobile App,Approved,Pending,46107.32,103.93,Pending,,Pending,Used,False,Not Applicable
1102,7629,15355,7603,2196,430,2024-02-28,23,Replacement,Damaged Product,Mobile App,Approved,Not Applicable,0.0,82.3,Pending,,Pending,Opened,True,Cancelled
1103,7649,15391,1945,1393,277,2024-02-13,7,Refund,Changed Mind,Website,Rejected,Not Applicable,0.0,93.49,Failed,,Pending,Damaged,False,Not Applicable
1104,7657,15403,4408,702,142,2024-03-04,26,Refund,Product Not As Expected,Website,Completed,Pending,4998.16,75.63,Completed,2024-03-06,Passed,Unused,False,Not Applicable
1105,7670,15433,1971,2049,402,2024-03-12,30,Refund,Size/Fit Issue,Website,Completed,Completed,1930.92,108.16,Completed,2024-03-13,Pending,Damaged,False,Not Applicable
1106,7676,15444,6958,2514,493,2024-02-27,18,Replacement,Damaged Product,Website,Completed,Not Applicable,0.0,168.52,Completed,2024-02-28,Passed,Opened,True,Requested
1107,7690,15469,2648,1083,216,2024-02-23,12,Exchange,Wrong Product,Mobile App,Approved,Not Applicable,0.0,31.26,Scheduled,2024-02-26,Pending,Opened,True,Processing
1108,7707,15506,2705,695,140,2024-03-02,24,Replacement,Product Not As Expected,Mobile App,Completed,Not Applicable,0.0,93.77,Completed,2024-03-04,Passed,Opened,True,Processing
1109,7710,15510,4789,232,47,2024-03-05,23,Replacement,Changed Mind,Mobile App,Pickup Scheduled,Not Applicable,0.0,73.72,Completed,2024-03-07,Passed,Unused,True,Cancelled
1110,7735,15561,9709,608,123,2024-03-12,28,Replacement,Wrong Product,Website,Completed,Not Applicable,0.0,114.18,Completed,2024-03-13,Passed,Opened,True,Cancelled
1111,7737,15565,202,48,10,2024-02-20,8,Replacement,Late Delivery,Mobile App,Completed,Not Applicable,0.0,125.04,Completed,2024-02-21,Pending,Opened,True,Completed
1112,7738,15566,1086,221,44,2024-03-05,17,Refund,Changed Mind,Mobile App,Completed,Completed,493.09,52.39,Completed,2024-03-06,Passed,Used,False,Not Applicable
1113,7741,15573,1913,1579,312,2024-02-19,6,Replacement,Changed Mind,Website,Requested,Not Applicable,0.0,147.82,Pending,,Pending,Opened,True,Completed
1114,7747,15584,5392,896,180,2024-03-12,26,Refund,Product Not As Expected,Mobile App,Completed,Completed,4770.13,165.19,Completed,2024-03-14,Passed,Used,False,Not Applicable
1115,7769,15623,6416,184,37,2024-03-09,22,Replacement,Late Delivery,Mobile App,Picked Up,Not Applicable,0.0,128.53,Completed,2024-03-10,Passed,Damaged,True,Processing
1116,7775,15632,8057,76,15,2024-02-15,1,Replacement,Wrong Product,Website,Completed,Not Applicable,0.0,119.38,Completed,2024-02-17,Failed,Damaged,True,Requested
1117,7777,15637,8317,1910,372,2024-02-23,7,Refund,Late Delivery,Website,Completed,Completed,3134.3,167.2,Completed,2024-02-26,Passed,Opened,False,Not Applicable
1118,7781,15646,9436,2216,434,2024-03-06,18,Exchange,Changed Mind,Mobile App,Requested,Not Applicable,0.0,131.49,Scheduled,2024-03-07,Pending,Used,True,Requested
1119,7788,15657,4549,1608,318,2024-03-18,30,Refund,Product Not As Expected,Website,Approved,Pending,2990.34,123.07,Pending,,Pending,Damaged,False,Not Applicable
1120,7789,15660,4618,2345,460,2024-03-13,24,Replacement,Missing Parts,Mobile App,Approved,Not Applicable,0.0,179.06,Scheduled,2024-03-16,Pending,Unused,True,Completed
1121,7800,15682,9688,1603,318,2024-03-08,20,Replacement,Late Delivery,Mobile App,Completed,Not Applicable,0.0,154.32,Completed,2024-03-09,Pending,Used,True,Completed
1122,7820,15727,6754,1,1,2024-03-13,28,Refund,Wrong Product,Customer Support,Completed,Completed,562.94,76.61,Completed,2024-03-15,Failed,Damaged,False,Not Applicable
1123,7820,15728,6754,550,111,2024-02-25,11,Replacement,Late Delivery,Mobile App,Completed,Not Applicable,0.0,96.11,Completed,2024-02-26,Failed,Damaged,True,Cancelled
1124,7826,15738,9941,1011,202,2024-03-09,17,Refund,Product Not As Expected,Mobile App,Completed,Processing,7188.72,90.11,Completed,2024-03-10,Passed,Opened,False,Not Applicable
1125,7832,15753,1963,2121,417,2024-03-11,23,Refund,Wrong Product,Website,Picked Up,Pending,3562.88,127.03,Scheduled,2024-03-14,Pending,Opened,False,Not Applicable
1126,7836,15762,3892,2547,499,2024-03-11,21,Replacement,Late Delivery,Mobile App,Completed,Not Applicable,0.0,32.37,Completed,2024-03-12,Passed,Unused,True,Completed
1127,7845,15777,8317,1768,346,2024-03-01,15,Refund,Damaged Product,Website,Approved,Pending,11124.42,139.67,Pending,,Pending,Unused,False,Not Applicable
1128,7856,15802,2960,1281,256,2024-02-28,9,Refund,Changed Mind,Mobile App,Requested,Processing,17115.79,113.24,Pending,,Pending,Damaged,False,Not Applicable
1129,7857,15803,3739,661,133,2024-02-27,7,Replacement,Quality Issue,Website,Pickup Scheduled,Not Applicable,0.0,97.89,Scheduled,2024-03-01,Pending,Used,True,Cancelled
1130,7863,15816,5130,2261,444,2024-03-08,23,Replacement,Changed Mind,Website,Approved,Not Applicable,0.0,163.3,Pending,,Pending,Unused,True,Requested
1131,7865,15820,7117,1790,350,2024-03-18,28,Replacement,Damaged Product,Mobile App,Approved,Not Applicable,0.0,53.95,Pending,,Pending,Unused,True,Completed
1132,7865,15821,7117,2051,402,2024-02-27,8,Refund,Wrong Product,Website,Picked Up,Pending,14990.88,132.77,Scheduled,2024-03-01,Pending,Opened,False,Not Applicable
1133,7867,15824,7882,542,110,2024-03-14,25,Replacement,Product Not As Expected,Website,Picked Up,Not Applicable,0.0,110.62,Completed,2024-03-15,Passed,Unused,True,Processing
1134,7874,15838,1503,168,34,2024-03-04,12,Refund,Product Not As Expected,Mobile App,Approved,Pending,4695.6,47.12,Scheduled,2024-03-05,Pending,Damaged,False,Not Applicable
1135,7875,15842,2155,1432,284,2024-03-17,21,Replacement,Wrong Product,Mobile App,Completed,Not Applicable,0.0,144.71,Completed,2024-03-18,Passed,Used,True,Requested
1136,7886,15864,6041,1630,322,2024-03-06,15,Refund,Wrong Product,Website,Completed,Completed,23285.8,156.97,Completed,2024-03-09,Passed,Opened,False,Not Applicable
1137,7894,15882,2544,1364,271,2024-03-11,24,Refund,Wrong Product,Website,Completed,Completed,1864.79,162.86,Completed,2024-03-13,Passed,Damaged,False,Not Applicable
1138,7896,15886,3835,2102,413,2024-03-14,22,Refund,Changed Mind,Website,Completed,Completed,309.66,86.19,Completed,2024-03-15,Passed,Unused,False,Not Applicable
1139,7903,15902,7516,253,52,2024-02-29,9,Refund,Late Delivery,Mobile App,Pickup Scheduled,Processing,70260.93,112.68,Scheduled,2024-03-01,Pending,Damaged,False,Not Applicable
1140,7905,15905,9174,482,99,2024-03-12,18,Refund,Product Not As Expected,Mobile App,Completed,Completed,14937.24,116.5,Completed,2024-03-15,Passed,Used,False,Not Applicable
1141,7909,15917,681,321,64,2024-03-05,11,Refund,Size/Fit Issue,Customer Support,Approved,Pending,7109.99,116.85,Scheduled,2024-03-08,Pending,Opened,False,Not Applicable
1142,7914,15927,3913,1405,279,2024-03-13,18,Refund,Changed Mind,Website,Completed,Completed,1670.28,108.87,Completed,2024-03-15,Passed,Damaged,False,Not Applicable
1143,7927,15954,1964,1391,276,2024-02-24,3,Refund,Quality Issue,Mobile App,Completed,Processing,17833.44,55.22,Completed,2024-02-26,Passed,Unused,False,Not Applicable
1144,7934,15967,5538,456,93,2024-03-12,19,Replacement,Product Not As Expected,Website,Approved,Not Applicable,0.0,134.65,Pending,,Pending,Damaged,True,Processing
1145,7941,15983,7870,1440,286,2024-03-17,20,Replacement,Damaged Product,Website,Pickup Scheduled,Not Applicable,0.0,101.43,Scheduled,2024-03-19,Pending,Unused,True,Processing
1146,7957,16015,582,1419,282,2024-03-14,20,Replacement,Late Delivery,Website,Approved,Not Applicable,0.0,160.15,Pending,,Pending,Used,True,Cancelled
1147,7967,16038,5948,1442,287,2024-03-02,8,Refund,Product Not As Expected,Website,Completed,Completed,369292.63,127.59,Completed,2024-03-05,Passed,Unused,False,Not Applicable
1148,7977,16059,2656,1541,305,2024-03-24,29,Refund,Changed Mind,Mobile App,Rejected,Not Applicable,0.0,97.92,Failed,,Pending,Damaged,False,Not Applicable
1149,7980,16065,4838,1403,279,2024-03-24,30,Refund,Damaged Product,Website,Approved,Processing,6044.67,151.61,Pending,,Pending,Opened,False,Not Applicable
1150,7980,16066,4838,1597,316,2024-03-16,22,Exchange,Missing Parts,Mobile App,Approved,Not Applicable,0.0,127.32,Scheduled,2024-03-17,Pending,Unused,True,Requested
1151,7985,16079,7357,589,119,2024-03-19,20,Refund,Product Not As Expected,Website,Pickup Scheduled,Pending,672.89,128.61,Scheduled,2024-03-22,Pending,Damaged,False,Not Applicable
1152,7999,16107,4420,1635,323,2024-03-26,29,Replacement,Product Not As Expected,Mobile App,Requested,Not Applicable,0.0,142.4,Scheduled,2024-03-28,Pending,Used,True,Processing
1153,8014,16136,2701,1661,327,2024-03-21,20,Replacement,Wrong Product,Mobile App,Completed,Not Applicable,0.0,30.33,Completed,2024-03-24,Passed,Opened,True,Completed
1154,8024,16156,5411,24,5,2024-03-16,14,Replacement,Quality Issue,Mobile App,Pickup Scheduled,Not Applicable,0.0,171.57,Scheduled,2024-03-19,Pending,Opened,True,Cancelled
1155,8028,16163,7747,1141,228,2024-03-30,28,Refund,Late Delivery,Website,Rejected,Not Applicable,0.0,121.32,Failed,,Pending,Used,False,Not Applicable
1156,8040,16182,1811,736,148,2024-03-13,15,Refund,Damaged Product,Mobile App,Picked Up,Processing,1138.64,61.84,Completed,2024-03-14,Passed,Damaged,False,Not Applicable
1157,8047,16198,4465,636,128,2024-03-26,28,Replacement,Wrong Product,Mobile App,Pickup Scheduled,Not Applicable,0.0,33.95,Completed,2024-03-29,Passed,Unused,True,Requested
1158,8053,16212,7810,961,193,2024-03-14,11,Refund,Changed Mind,Customer Support,Completed,Completed,3084.9,69.11,Completed,2024-03-16,Passed,Used,False,Not Applicable
1159,8062,16231,3769,827,166,2024-03-11,11,Replacement,Changed Mind,Mobile App,Pickup Scheduled,Not Applicable,0.0,149.31,Completed,2024-03-12,Pending,Used,True,Processing
1160,8073,16255,156,1909,371,2024-03-13,14,Replacement,Quality Issue,Website,Approved,Not Applicable,0.0,59.38,Scheduled,2024-03-16,Pending,Unused,True,Cancelled
1161,8089,16283,8009,365,72,2024-03-10,7,Replacement,Quality Issue,Website,Approved,Not Applicable,0.0,106.3,Pending,,Pending,Used,True,Cancelled
1162,8107,16317,8749,603,122,2024-03-20,20,Exchange,Product Not As Expected,Website,Picked Up,Not Applicable,0.0,121.99,Completed,2024-03-22,Failed,Damaged,True,Completed
1163,8121,16345,7508,1967,383,2024-03-28,25,Refund,Changed Mind,Mobile App,Approved,Pending,33858.46,115.65,Pending,,Pending,Unused,False,Not Applicable
1164,8122,16347,7733,1160,232,2024-03-19,14,Refund,Changed Mind,Mobile App,Pickup Scheduled,Processing,3906.52,128.2,Completed,2024-03-21,Passed,Used,False,Not Applicable
1165,8127,16359,9327,1191,237,2024-03-03,2,Refund,Late Delivery,Website,Requested,Pending,4179.71,152.24,Pending,,Pending,Opened,False,Not Applicable
1166,8129,16364,50,654,132,2024-03-31,23,Replacement,Product Not As Expected,Website,Picked Up,Not Applicable,0.0,105.36,Scheduled,2024-04-01,Pending,Unused,True,Completed
1167,8132,16369,1452,632,127,2024-03-31,24,Refund,Wrong Product,Website,Pickup Scheduled,Processing,25405.41,139.96,Completed,2024-04-03,Pending,Damaged,False,Not Applicable
1168,8144,16394,5977,1229,244,2024-03-16,9,Replacement,Late Delivery,Website,Completed,Not Applicable,0.0,68.01,Completed,2024-03-17,Failed,Damaged,True,Requested
1169,8146,16399,6816,459,94,2024-03-22,16,Refund,Damaged Product,Website,Completed,Completed,4046.91,55.15,Completed,2024-03-24,Passed,Used,False,Not Applicable
1170,8148,16403,8593,234,47,2024-03-17,11,Replacement,Wrong Product,Customer Support,Approved,Not Applicable,0.0,126.77,Pending,,Pending,Opened,True,Cancelled
1171,8163,16427,7675,2301,451,2024-03-12,7,Exchange,Late Delivery,Mobile App,Completed,Not Applicable,0.0,81.56,Completed,2024-03-13,Passed,Damaged,True,Completed
1172,8180,16457,5838,1088,218,2024-03-07,2,Exchange,Damaged Product,Website,Rejected,Not Applicable,0.0,68.87,Failed,,Pending,Damaged,True,Processing
1173,8186,16472,9460,2254,441,2024-03-19,11,Refund,Quality Issue,Mobile App,Completed,Pending,39720.31,67.42,Completed,2024-03-22,Passed,Opened,False,Not Applicable
1174,8190,16481,2457,1289,257,2024-03-13,2,Replacement,Changed Mind,Mobile App,Approved,Not Applicable,0.0,122.5,Pending,,Pending,Unused,True,Requested
1175,8205,16512,7455,730,147,2024-03-16,10,Replacement,Product Not As Expected,Website,Completed,Not Applicable,0.0,177.33,Completed,2024-03-17,Passed,Unused,True,Cancelled
1176,8206,16515,7779,112,21,2024-04-08,29,Replacement,Missing Parts,Mobile App,Completed,Not Applicable,0.0,110.33,Completed,2024-04-10,Pending,Unused,True,Cancelled
1177,8212,16529,8710,828,166,2024-03-14,7,Replacement,Size/Fit Issue,Website,Picked Up,Not Applicable,0.0,129.31,Scheduled,2024-03-16,Pending,Opened,True,Processing
1178,8218,16541,1646,2473,485,2024-03-18,7,Refund,Product Not As Expected,Website,Requested,Processing,567.33,140.25,Scheduled,2024-03-21,Pending,Damaged,False,Not Applicable
1179,8229,16561,7756,220,44,2024-04-06,30,Refund,Late Delivery,Mobile App,Completed,Completed,3769.41,56.03,Completed,2024-04-07,Passed,Unused,False,Not Applicable
1180,8231,16564,8188,1547,306,2024-04-01,26,Refund,Product Not As Expected,Mobile App,Pickup Scheduled,Processing,58983.74,68.58,Completed,2024-04-02,Passed,Unused,False,Not Applicable
1181,8235,16575,2202,2392,468,2024-04-09,29,Refund,Wrong Product,Mobile App,Completed,Processing,32333.14,139.2,Completed,2024-04-12,Passed,Damaged,False,Not Applicable
1182,8240,16584,3983,280,56,2024-04-02,21,Refund,Late Delivery,Mobile App,Completed,Pending,662.44,113.4,Completed,2024-04-03,Passed,Opened,False,Not Applicable
1183,8240,16585,3983,1198,238,2024-03-21,9,Refund,Product Not As Expected,Customer Support,Picked Up,Pending,58844.95,61.1,Scheduled,2024-03-22,Pending,Unused,False,Not Applicable
1184,8247,16597,6577,1030,206,2024-03-31,23,Replacement,Late Delivery,Website,Approved,Not Applicable,0.0,49.22,Scheduled,2024-04-01,Pending,Used,True,Cancelled
1185,8254,16609,5222,775,156,2024-03-27,18,Refund,Late Delivery,Mobile App,Picked Up,Processing,1002.33,118.95,Completed,2024-03-29,Passed,Opened,False,Not Applicable
1186,8258,16619,6389,1108,222,2024-04-05,25,Refund,Missing Parts,Mobile App,Approved,Pending,18488.92,94.06,Scheduled,2024-04-08,Pending,Used,False,Not Applicable
1187,8264,16632,1359,922,184,2024-03-22,13,Refund,Damaged Product,Mobile App,Completed,Processing,1315.38,80.21,Completed,2024-03-24,Passed,Damaged,False,Not Applicable
1188,8264,16633,1359,1883,366,2024-03-21,12,Replacement,Changed Mind,Mobile App,Requested,Not Applicable,0.0,168.56,Scheduled,2024-03-24,Pending,Used,True,Processing
1189,8267,16640,2306,2211,433,2024-04-01,21,Refund,Product Not As Expected,Website,Picked Up,Pending,96750.43,155.85,Completed,2024-04-03,Passed,Unused,False,Not Applicable
1190,8270,16649,5029,2020,393,2024-03-24,12,Replacement,Wrong Product,Website,Pickup Scheduled,Not Applicable,0.0,167.03,Completed,2024-03-27,Passed,Opened,True,Requested
1191,8270,16650,5029,2076,409,2024-03-19,7,Refund,Damaged Product,Mobile App,Picked Up,Pending,3354.64,143.79,Completed,2024-03-20,Passed,Unused,False,Not Applicable
1192,8281,16669,7764,571,116,2024-03-15,3,Replacement,Wrong Product,Mobile App,Completed,Not Applicable,0.0,40.8,Completed,2024-03-16,Passed,Used,True,Requested
1193,8290,16682,3232,1807,353,2024-03-21,8,Refund,Wrong Product,Website,Completed,Completed,5579.25,153.7,Completed,2024-03-23,Failed,Damaged,False,Not Applicable
1194,8293,16686,6479,2020,393,2024-03-22,11,Replacement,Product Not As Expected,Website,Pickup Scheduled,Not Applicable,0.0,136.59,Completed,2024-03-25,Passed,Unused,True,Processing
1195,8296,16694,8792,2181,427,2024-03-12,3,Replacement,Quality Issue,Website,Completed,Not Applicable,0.0,159.13,Completed,2024-03-15,Passed,Opened,True,Processing
1196,8308,16722,5800,1972,384,2024-04-03,19,Replacement,Wrong Product,Website,Approved,Not Applicable,0.0,130.83,Pending,,Pending,Used,True,Processing
1197,8316,16737,7991,1007,201,2024-03-12,1,Refund,Wrong Product,Website,Pickup Scheduled,Pending,989.92,94.79,Completed,2024-03-13,Failed,Damaged,False,Not Applicable
1198,8346,16798,8746,534,109,2024-04-08,25,Replacement,Wrong Product,Mobile App,Picked Up,Not Applicable,0.0,90.37,Completed,2024-04-10,Passed,Unused,True,Cancelled
1199,8368,16842,6799,2242,438,2024-04-04,15,Refund,Changed Mind,Mobile App,Completed,Pending,4286.47,128.86,Completed,2024-04-06,Passed,Unused,False,Not Applicable
1200,8369,16843,6816,320,64,2024-03-22,4,Refund,Product Not As Expected,Mobile App,Requested,Processing,15400.7,111.45,Pending,,Pending,Damaged,False,Not Applicable
1201,8388,16880,7332,2285,448,2024-03-20,7,Refund,Quality Issue,Mobile App,Picked Up,Processing,9112.71,157.66,Scheduled,2024-03-22,Pending,Damaged,False,Not Applicable
1202,8448,16995,4980,1748,342,2024-03-24,3,Refund,Damaged Product,Mobile App,Picked Up,Processing,37041.61,57.69,Scheduled,2024-03-25,Pending,Unused,False,Not Applicable
1203,8454,17006,7259,770,155,2024-04-09,19,Refund,Product Not As Expected,Mobile App,Pickup Scheduled,Pending,1648.7,51.66,Scheduled,2024-04-11,Pending,Damaged,False,Not Applicable
1204,8455,17008,7292,2428,474,2024-03-31,14,Replacement,Wrong Product,Website,Completed,Not Applicable,0.0,52.09,Completed,2024-04-01,Failed,Damaged,True,Cancelled
1205,8461,17017,96,1395,277,2024-04-22,29,Replacement,Quality Issue,Website,Approved,Not Applicable,0.0,74.78,Scheduled,2024-04-24,Pending,Damaged,True,Cancelled
1206,8462,17020,113,1554,307,2024-04-14,23,Exchange,Size/Fit Issue,Mobile App,Completed,Not Applicable,0.0,126.78,Completed,2024-04-16,Passed,Unused,True,Cancelled
1207,8466,17029,1843,1825,356,2024-04-19,28,Refund,Damaged Product,Mobile App,Picked Up,Pending,4036.33,99.36,Completed,2024-04-21,Failed,Damaged,False,Not Applicable
1208,8468,17033,2127,1049,210,2024-04-02,8,Replacement,Damaged Product,Website,Pickup Scheduled,Not Applicable,0.0,56.13,Completed,2024-04-03,Passed,Unused,True,Processing
1209,8471,17041,2780,1374,273,2024-04-17,28,Replacement,Changed Mind,Website,Completed,Not Applicable,0.0,132.37,Completed,2024-04-19,Passed,Used,True,Processing
1210,8478,17057,6436,923,185,2024-03-31,6,Replacement,Damaged Product,Mobile App,Pickup Scheduled,Not Applicable,0.0,85.15,Scheduled,2024-04-01,Pending,Unused,True,Completed
1211,8485,17070,552,1532,303,2024-03-28,2,Refund,Wrong Product,Website,Picked Up,Processing,4366.77,166.51,Scheduled,2024-03-29,Pending,Used,False,Not Applicable
1212,8486,17072,777,2459,482,2024-03-30,3,Exchange,Damaged Product,Website,Approved,Not Applicable,0.0,87.78,Scheduled,2024-03-31,Pending,Opened,True,Cancelled
1213,8489,17080,992,1838,358,2024-04-01,13,Refund,Product Not As Expected,Website,Pickup Scheduled,Processing,3678.15,144.05,Scheduled,2024-04-02,Pending,Damaged,False,Not Applicable
1214,8489,17081,992,2326,456,2024-03-27,8,Refund,Product Not As Expected,Website,Picked Up,Processing,3433.44,179.18,Completed,2024-03-29,Passed,Used,False,Not Applicable
1215,8493,17090,3087,2364,463,2024-04-02,10,Replacement,Product Not As Expected,Website,Rejected,Not Applicable,0.0,178.62,Failed,,Pending,Unused,True,Requested
1216,8497,17095,6764,1276,254,2024-04-14,20,Replacement,Quality Issue,Website,Picked Up,Not Applicable,0.0,46.13,Completed,2024-04-16,Passed,Unused,True,Requested
1217,8517,17136,5629,859,171,2024-04-19,25,Replacement,Product Not As Expected,Mobile App,Completed,Not Applicable,0.0,51.65,Completed,2024-04-21,Passed,Opened,True,Cancelled
1218,8531,17163,566,1007,201,2024-04-01,5,Refund,Changed Mind,Mobile App,Picked Up,Processing,3126.06,155.18,Scheduled,2024-04-03,Pending,Unused,False,Not Applicable
1219,8540,17182,4445,2190,429,2024-04-22,26,Refund,Quality Issue,Website,Completed,Completed,30568.86,146.98,Completed,2024-04-24,Passed,Damaged,False,Not Applicable
1220,8545,17191,7068,883,177,2024-03-30,6,Refund,Damaged Product,Website,Rejected,Not Applicable,0.0,78.6,Failed,,Pending,Unused,False,Not Applicable
1221,8552,17206,282,142,26,2024-04-23,24,Refund,Wrong Product,Mobile App,Approved,Pending,3125.34,123.21,Scheduled,2024-04-24,Pending,Unused,False,Not Applicable
1222,8567,17236,9621,332,65,2024-04-06,7,Replacement,Late Delivery,Mobile App,Picked Up,Not Applicable,0.0,135.24,Scheduled,2024-04-07,Pending,Used,True,Requested
1223,8568,17240,183,643,130,2024-03-30,1,Refund,Product Not As Expected,Website,Approved,Pending,318.1,84.13,Pending,,Pending,Damaged,False,Not Applicable
1224,8572,17248,3203,1298,259,2024-04-25,29,Refund,Product Not As Expected,Mobile App,Pickup Scheduled,Pending,185547.52,90.86,Scheduled,2024-04-27,Pending,Opened,False,Not Applicable
1225,8577,17255,4704,169,34,2024-04-17,18,Exchange,Product Not As Expected,Website,Pickup Scheduled,Not Applicable,0.0,106.15,Scheduled,2024-04-18,Pending,Unused,True,Completed
1226,8591,17283,104,44,10,2024-04-01,4,Refund,Changed Mind,Website,Picked Up,Pending,2548.16,115.72,Scheduled,2024-04-03,Pending,Unused,False,Not Applicable
1227,8591,17284,104,399,80,2024-04-25,28,Refund,Product Not As Expected,Mobile App,Picked Up,Pending,8400.56,175.43,Scheduled,2024-04-28,Pending,Opened,False,Not Applicable
1228,8593,17286,2127,1536,304,2024-04-03,9,Refund,Changed Mind,Website,Completed,Completed,25245.16,81.55,Completed,2024-04-06,Failed,Damaged,False,Not Applicable
1229,8599,17301,6081,1029,206,2024-04-25,26,Refund,Changed Mind,Mobile App,Completed,Completed,1152.53,74.85,Completed,2024-04-27,Failed,Damaged,False,Not Applicable
1230,8626,17361,1891,1398,278,2024-04-03,3,Refund,Damaged Product,Mobile App,Pickup Scheduled,Pending,4481.34,48.88,Completed,2024-04-04,Passed,Opened,False,Not Applicable
1231,8627,17364,2310,1247,248,2024-04-11,14,Replacement,Size/Fit Issue,Website,Approved,Not Applicable,0.0,131.82,Scheduled,2024-04-14,Pending,Unused,True,Requested
1232,8649,17411,2922,1465,290,2024-04-10,6,Refund,Damaged Product,Website,Completed,Completed,46954.64,36.41,Completed,2024-04-11,Passed,Unused,False,Not Applicable
1233,8650,17414,4481,1964,383,2024-04-03,2,Replacement,Product Not As Expected,Mobile App,Completed,Not Applicable,0.0,51.85,Completed,2024-04-05,Passed,Used,True,Completed
1234,8666,17445,9434,2445,479,2024-04-11,11,Replacement,Missing Parts,Website,Completed,Not Applicable,0.0,80.16,Completed,2024-04-14,Passed,Damaged,True,Processing
1235,8671,17454,1743,239,48,2024-04-19,16,Refund,Changed Mind,Mobile App,Pickup Scheduled,Pending,677.76,52.88,Completed,2024-04-21,Pending,Opened,False,Not Applicable
1236,8672,17457,2165,920,184,2024-04-20,19,Refund,Changed Mind,Mobile App,Approved,Pending,2591.78,36.72,Pending,,Pending,Used,False,Not Applicable
1237,8679,17471,4597,1721,338,2024-04-23,19,Exchange,Product Not As Expected,Mobile App,Approved,Not Applicable,0.0,171.95,Pending,,Pending,Opened,True,Completed
1238,8680,17473,5320,2315,454,2024-04-20,19,Replacement,Wrong Product,Website,Pickup Scheduled,Not Applicable,0.0,171.21,Scheduled,2024-04-22,Pending,Opened,True,Requested
1239,8681,17475,5526,71,14,2024-04-09,3,Replacement,Product Not As Expected,Customer Support,Completed,Not Applicable,0.0,137.32,Completed,2024-04-11,Failed,Damaged,True,Completed
1240,8686,17482,8885,405,82,2024-04-23,23,Replacement,Product Not As Expected,Mobile App,Approved,Not Applicable,0.0,164.12,Scheduled,2024-04-25,Pending,Damaged,True,Requested
1241,8690,17490,1914,133,25,2024-04-26,26,Refund,Missing Parts,Website,Completed,Pending,14696.4,163.77,Completed,2024-04-29,Passed,Used,False,Not Applicable
1242,8692,17495,3070,1101,221,2024-04-15,14,Exchange,Quality Issue,Mobile App,Pickup Scheduled,Not Applicable,0.0,130.15,Completed,2024-04-18,Passed,Damaged,True,Completed
1243,8698,17508,4335,2085,411,2024-04-09,10,Replacement,Wrong Product,Website,Pickup Scheduled,Not Applicable,0.0,154.66,Scheduled,2024-04-12,Pending,Opened,True,Cancelled
1244,8708,17531,8191,1189,237,2024-04-17,12,Replacement,Changed Mind,Mobile App,Completed,Not Applicable,0.0,101.79,Completed,2024-04-19,Passed,Opened,True,Cancelled
1245,8708,17533,8191,1649,325,2024-04-10,5,Replacement,Wrong Product,Website,Approved,Not Applicable,0.0,53.15,Pending,,Pending,Used,True,Cancelled
1246,8710,17537,9810,1355,269,2024-04-21,17,Refund,Wrong Product,Customer Support,Completed,Processing,1779.36,45.49,Completed,2024-04-23,Passed,Used,False,Not Applicable
1247,8712,17543,965,685,138,2024-04-17,13,Refund,Changed Mind,Mobile App,Picked Up,Processing,1555.79,144.43,Completed,2024-04-19,Pending,Used,False,Not Applicable
1248,8726,17567,5620,79,15,2024-04-07,2,Refund,Wrong Product,Mobile App,Picked Up,Pending,3509.52,102.32,Scheduled,2024-04-09,Pending,Damaged,False,Not Applicable
1249,8737,17587,8986,1113,223,2024-04-06,2,Exchange,Wrong Product,Website,Approved,Not Applicable,0.0,90.22,Pending,,Pending,Opened,True,Cancelled
1250,8743,17600,1850,1643,324,2024-04-07,1,Refund,Quality Issue,Mobile App,Approved,Processing,5383.5,103.76,Pending,,Pending,Unused,False,Not Applicable
1251,8753,17620,7240,1104,221,2024-04-10,6,Refund,Missing Parts,Website,Requested,Processing,14689.29,87.34,Pending,,Pending,Used,False,Not Applicable
1252,8774,17656,8053,321,64,2024-04-23,18,Refund,Size/Fit Issue,Mobile App,Approved,Processing,14968.4,154.37,Scheduled,2024-04-26,Pending,Used,False,Not Applicable
1253,8777,17661,9192,1904,371,2024-04-15,6,Replacement,Missing Parts,Mobile App,Approved,Not Applicable,0.0,160.25,Scheduled,2024-04-16,Pending,Unused,True,Processing
1254,8779,17663,313,615,124,2024-04-23,12,Refund,Size/Fit Issue,Customer Support,Completed,Pending,3041.69,124.69,Completed,2024-04-24,Passed,Damaged,False,Not Applicable
1255,8782,17671,2128,2186,428,2024-04-09,3,Refund,Wrong Product,Website,Picked Up,Pending,10297.64,140.05,Scheduled,2024-04-12,Pending,Opened,False,Not Applicable
1256,8789,17684,6983,974,195,2024-04-13,3,Refund,Wrong Product,Mobile App,Requested,Pending,1935.23,168.24,Scheduled,2024-04-14,Pending,Used,False,Not Applicable
1257,8795,17697,230,1677,330,2024-05-10,29,Refund,Product Not As Expected,Website,Approved,Pending,112328.16,45.68,Pending,,Pending,Opened,False,Not Applicable
1258,8806,17719,7632,333,66,2024-04-17,8,Refund,Changed Mind,Mobile App,Approved,Processing,158.72,152.37,Pending,,Pending,Opened,False,Not Applicable
1259,8807,17722,7921,2426,474,2024-04-24,13,Refund,Changed Mind,Mobile App,Approved,Pending,6227.37,103.34,Pending,,Pending,Used,False,Not Applicable
1260,8811,17728,539,738,148,2024-04-06,1,Exchange,Product Not As Expected,Mobile App,Completed,Not Applicable,0.0,63.88,Completed,2024-04-08,Passed,Opened,True,Completed
1261,8811,17729,539,1898,370,2024-05-05,30,Refund,Changed Mind,Mobile App,Requested,Processing,42291.55,161.52,Scheduled,2024-05-08,Pending,Used,False,Not Applicable
1262,8814,17736,1493,953,190,2024-04-13,1,Replacement,Damaged Product,Mobile App,Approved,Not Applicable,0.0,30.59,Pending,,Pending,Damaged,True,Cancelled
1263,8814,17737,1493,1047,210,2024-04-28,16,Exchange,Damaged Product,Website,Completed,Not Applicable,0.0,151.34,Completed,2024-04-30,Passed,Used,True,Processing
1264,8817,17743,2443,1123,225,2024-04-11,4,Refund,Size/Fit Issue,Customer Support,Completed,Processing,23123.46,70.21,Completed,2024-04-12,Passed,Unused,False,Not Applicable
1265,8864,17839,2447,2199,430,2024-05-08,23,Replacement,Missing Parts,Customer Support,Picked Up,Not Applicable,0.0,152.94,Completed,2024-05-10,Passed,Damaged,True,Processing
1266,8866,17842,3903,2364,463,2024-04-22,10,Replacement,Quality Issue,Mobile App,Completed,Not Applicable,0.0,67.58,Completed,2024-04-23,Passed,Opened,True,Processing
1267,8876,17859,9254,1586,313,2024-05-02,22,Refund,Wrong Product,Website,Rejected,Not Applicable,0.0,42.47,Failed,,Pending,Unused,False,Not Applicable
1268,8876,17861,9254,2303,451,2024-04-13,3,Replacement,Late Delivery,Mobile App,Picked Up,Not Applicable,0.0,172.13,Completed,2024-04-16,Passed,Unused,True,Processing
1269,8877,17863,515,2320,455,2024-05-03,22,Replacement,Changed Mind,Website,Picked Up,Not Applicable,0.0,144.62,Completed,2024-05-06,Failed,Damaged,True,Requested
1270,8883,17872,4123,96,18,2024-05-04,22,Refund,Product Not As Expected,Customer Support,Approved,Pending,5496.24,138.7,Scheduled,2024-05-06,Pending,Used,False,Not Applicable
1271,8883,17873,4123,1407,280,2024-04-17,5,Refund,Late Delivery,Website,Requested,Pending,1056.29,62.0,Pending,,Pending,Damaged,False,Not Applicable
1272,8886,17879,4857,733,147,2024-05-02,21,Replacement,Wrong Product,Mobile App,Completed,Not Applicable,0.0,121.13,Completed,2024-05-04,Passed,Unused,True,Cancelled
1273,8888,17884,5158,757,152,2024-05-11,28,Refund,Missing Parts,Mobile App,Approved,Pending,49693.65,176.63,Pending,,Pending,Opened,False,Not Applicable
1274,8908,17929,6924,443,91,2024-05-09,23,Refund,Product Not As Expected,Mobile App,Pickup Scheduled,Processing,228320.73,145.64,Completed,2024-05-12,Passed,Unused,False,Not Applicable
1275,8918,17949,9589,1364,271,2024-04-21,5,Refund,Size/Fit Issue,Website,Picked Up,Pending,731.29,81.71,Scheduled,2024-04-24,Pending,Used,False,Not Applicable
1276,8928,17973,4265,2418,472,2024-05-04,22,Refund,Changed Mind,Mobile App,Pickup Scheduled,Processing,9201.54,173.68,Scheduled,2024-05-06,Pending,Damaged,False,Not Applicable
1277,8937,17987,8946,317,63,2024-05-02,17,Replacement,Damaged Product,Website,Picked Up,Not Applicable,0.0,174.23,Scheduled,2024-05-05,Pending,Damaged,True,Processing
1278,8946,18004,2705,612,123,2024-05-07,20,Refund,Quality Issue,Mobile App,Requested,Processing,2516.1,95.53,Scheduled,2024-05-10,Pending,Unused,False,Not Applicable
1279,8949,18011,5015,1690,333,2024-05-02,20,Replacement,Quality Issue,Mobile App,Pickup Scheduled,Not Applicable,0.0,34.85,Scheduled,2024-05-03,Pending,Used,True,Requested
1280,8952,18020,6038,864,172,2024-04-28,14,Refund,Changed Mind,Mobile App,Picked Up,Pending,1536.84,30.42,Scheduled,2024-05-01,Pending,Opened,False,Not Applicable
1281,8958,18034,9605,2115,415,2024-05-07,20,Refund,Product Not As Expected,Mobile App,Pickup Scheduled,Processing,8363.54,139.03,Completed,2024-05-10,Passed,Damaged,False,Not Applicable
1282,8963,18046,1588,165,33,2024-05-06,18,Refund,Quality Issue,Website,Completed,Pending,43276.11,91.08,Completed,2024-05-09,Passed,Damaged,False,Not Applicable
1283,8967,18052,3712,1740,340,2024-04-21,5,Refund,Damaged Product,Mobile App,Approved,Pending,2317.94,44.81,Scheduled,2024-04-24,Pending,Damaged,False,Not Applicable
1284,8980,18075,1117,784,158,2024-05-08,23,Replacement,Product Not As Expected,Mobile App,Pickup Scheduled,Not Applicable,0.0,37.01,Completed,2024-05-11,Passed,Opened,True,Completed
1285,8990,18093,4231,230,46,2024-05-16,30,Exchange,Damaged Product,Website,Completed,Not Applicable,0.0,149.89,Completed,2024-05-19,Passed,Damaged,True,Requested
1286,9017,18145,6210,2077,409,2024-05-10,25,Refund,Damaged Product,Mobile App,Pickup Scheduled,Pending,14328.48,39.12,Scheduled,2024-05-12,Pending,Damaged,False,Not Applicable
1287,9022,18152,8673,770,155,2024-05-08,22,Refund,Late Delivery,Website,Picked Up,Pending,1557.11,72.11,Scheduled,2024-05-11,Pending,Damaged,False,Not Applicable
1288,9031,18170,4863,1184,236,2024-05-17,26,Replacement,Late Delivery,Website,Approved,Not Applicable,0.0,106.88,Scheduled,2024-05-18,Pending,Used,True,Cancelled
1289,9035,18180,6503,2471,484,2024-04-22,1,Refund,Quality Issue,Website,Picked Up,Processing,3821.66,160.43,Completed,2024-04-24,Passed,Used,False,Not Applicable
1290,9052,18221,3351,1256,250,2024-05-16,26,Replacement,Product Not As Expected,Mobile App,Completed,Not Applicable,0.0,79.48,Completed,2024-05-18,Passed,Opened,True,Cancelled
1291,9053,18224,4337,2016,393,2024-05-09,16,Refund,Damaged Product,Customer Support,Rejected,Not Applicable,0.0,103.32,Failed,,Pending,Unused,False,Not Applicable
1292,9063,18243,967,614,124,2024-05-09,17,Refund,Changed Mind,Mobile App,Pickup Scheduled,Pending,1381.02,91.32,Completed,2024-05-11,Pending,Opened,False,Not Applicable
1293,9076,18265,8037,1989,387,2024-04-28,5,Exchange,Changed Mind,Mobile App,Approved,Not Applicable,0.0,117.77,Scheduled,2024-04-30,Pending,Used,True,Requested
1294,9083,18276,2187,2388,467,2024-04-28,4,Refund,Product Not As Expected,Customer Support,Requested,Processing,17666.03,149.9,Scheduled,2024-05-01,Pending,Used,False,Not Applicable
1295,9097,18306,1145,91,18,2024-04-27,9,Refund,Quality Issue,Website,Pickup Scheduled,Pending,12684.72,135.85,Scheduled,2024-04-29,Pending,Opened,False,Not Applicable
1296,9104,18322,5048,650,131,2024-05-10,17,Refund,Damaged Product,Mobile App,Completed,Completed,41459.44,155.27,Completed,2024-05-13,Failed,Damaged,False,Not Applicable
1297,9106,18326,6265,2503,491,2024-05-16,22,Refund,Changed Mind,Mobile App,Requested,Processing,3799.76,45.63,Pending,,Pending,Damaged,False,Not Applicable
1298,9107,18328,7004,1738,340,2024-05-13,21,Exchange,Damaged Product,Customer Support,Picked Up,Not Applicable,0.0,61.08,Scheduled,2024-05-14,Pending,Unused,True,Requested
1299,9116,18345,582,1817,355,2024-05-15,20,Refund,Missing Parts,Mobile App,Completed,Completed,14944.28,53.94,Completed,2024-05-16,Pending,Unused,False,Not Applicable
1300,9117,18347,802,530,108,2024-04-28,2,Replacement,Damaged Product,Website,Approved,Not Applicable,0.0,98.1,Scheduled,2024-04-30,Pending,Used,True,Processing
1301,9117,18348,802,1026,206,2024-05-06,10,Replacement,Product Not As Expected,Website,Pickup Scheduled,Not Applicable,0.0,90.03,Completed,2024-05-07,Passed,Opened,True,Requested
1302,9132,18377,9252,663,133,2024-05-15,19,Refund,Wrong Product,Website,Completed,Completed,21626.66,167.52,Completed,2024-05-17,Passed,Used,False,Not Applicable
1303,9140,18394,3379,1809,353,2024-05-07,14,Refund,Late Delivery,Website,Completed,Completed,2808.14,89.83,Completed,2024-05-08,Passed,Opened,False,Not Applicable
1304,9140,18395,3379,2312,453,2024-05-13,20,Refund,Changed Mind,Website,Completed,Completed,2556.15,68.57,Completed,2024-05-14,Passed,Damaged,False,Not Applicable
1305,9141,18397,3715,1392,277,2024-05-02,7,Replacement,Late Delivery,Customer Support,Requested,Not Applicable,0.0,139.3,Pending,,Pending,Used,True,Cancelled
1306,9143,18401,4386,212,42,2024-05-19,27,Exchange,Quality Issue,Customer Support,Pickup Scheduled,Not Applicable,0.0,164.64,Completed,2024-05-22,Pending,Damaged,True,Processing
1307,9147,18412,9735,2220,434,2024-05-12,19,Replacement,Wrong Product,Website,Rejected,Not Applicable,0.0,169.64,Failed,,Pending,Damaged,True,Requested
1308,9149,18414,197,461,94,2024-05-14,17,Replacement,Changed Mind,Website,Completed,Not Applicable,0.0,100.1,Completed,2024-05-15,Passed,Unused,True,Cancelled
1309,9159,18434,4926,1642,324,2024-04-27,2,Exchange,Damaged Product,Mobile App,Picked Up,Not Applicable,0.0,34.21,Completed,2024-04-28,Passed,Damaged,True,Completed
1310,9168,18449,8559,1764,345,2024-04-29,1,Exchange,Product Not As Expected,Mobile App,Approved,Not Applicable,0.0,126.0,Scheduled,2024-05-01,Pending,Damaged,True,Completed
1311,9177,18464,1405,242,49,2024-05-01,3,Refund,Product Not As Expected,Mobile App,Approved,Processing,31957.33,43.94,Pending,,Pending,Used,False,Not Applicable
1312,9183,18482,5118,2233,437,2024-05-10,17,Refund,Damaged Product,Website,Picked Up,Processing,29893.95,108.14,Completed,2024-05-13,Passed,Used,False,Not Applicable
1313,9187,18491,9000,1009,201,2024-05-02,2,Refund,Wrong Product,Website,Completed,Processing,5652.23,96.63,Completed,2024-05-05,Pending,Used,False,Not Applicable
1314,9188,18493,9138,198,40,2024-05-19,20,Refund,Damaged Product,Mobile App,Pickup Scheduled,Pending,40824.26,140.5,Completed,2024-05-20,Failed,Damaged,False,Not Applicable
1315,9198,18512,5171,1833,357,2024-05-10,12,Replacement,Late Delivery,Website,Pickup Scheduled,Not Applicable,0.0,127.63,Scheduled,2024-05-13,Pending,Damaged,True,Processing
1316,9200,18515,5483,23,5,2024-05-26,25,Refund,Product Not As Expected,Website,Approved,Processing,386.21,122.43,Pending,,Pending,Used,False,Not Applicable
1317,9218,18553,1970,1100,221,2024-05-09,6,Refund,Quality Issue,Mobile App,Picked Up,Pending,12743.96,159.64,Scheduled,2024-05-11,Pending,Damaged,False,Not Applicable
1318,9226,18569,5372,165,33,2024-05-25,30,Replacement,Product Not As Expected,Customer Support,Rejected,Not Applicable,0.0,179.21,Failed,,Pending,Opened,True,Cancelled
1319,9232,18582,7670,2166,425,2024-05-04,5,Replacement,Wrong Product,Website,Completed,Not Applicable,0.0,91.07,Completed,2024-05-06,Passed,Damaged,True,Completed
1320,9233,18584,7891,1785,348,2024-05-12,12,Refund,Damaged Product,Website,Completed,Completed,3258.34,174.91,Completed,2024-05-13,Passed,Unused,False,Not Applicable
1321,9234,18586,7982,2343,459,2024-05-15,14,Refund,Wrong Product,Website,Approved,Pending,1880.48,35.27,Pending,,Pending,Damaged,False,Not Applicable
1322,9238,18591,794,270,55,2024-05-30,27,Refund,Product Not As Expected,Website,Completed,Completed,1739.96,72.64,Completed,2024-05-31,Passed,Opened,False,Not Applicable
1323,9246,18606,6572,960,192,2024-05-15,13,Refund,Quality Issue,Mobile App,Pickup Scheduled,Processing,3653.76,78.92,Completed,2024-05-17,Passed,Damaged,False,Not Applicable
1324,9247,18608,8737,867,173,2024-05-29,30,Refund,Changed Mind,Mobile App,Completed,Pending,658.49,108.5,Completed,2024-05-30,Failed,Damaged,False,Not Applicable
1325,9249,18611,9936,458,94,2024-05-26,30,Refund,Quality Issue,Mobile App,Rejected,Not Applicable,0.0,56.34,Failed,,Pending,Used,False,Not Applicable
1326,9256,18620,4187,2118,416,2024-05-07,3,Replacement,Changed Mind,Website,Completed,Not Applicable,0.0,148.9,Completed,2024-05-10,Passed,Damaged,True,Requested
1327,9269,18646,2102,2132,418,2024-05-11,8,Refund,Product Not As Expected,Mobile App,Picked Up,Pending,3127.36,173.49,Completed,2024-05-13,Failed,Damaged,False,Not Applicable
1328,9269,18647,2102,2351,461,2024-05-09,6,Replacement,Missing Parts,Mobile App,Approved,Not Applicable,0.0,66.41,Scheduled,2024-05-12,Pending,Used,True,Cancelled
1329,9273,18656,5085,248,50,2024-05-09,9,Refund,Quality Issue,Website,Pickup Scheduled,Processing,122309.19,146.39,Scheduled,2024-05-10,Pending,Opened,False,Not Applicable
1330,9289,18686,2361,2172,426,2024-05-05,4,Refund,Damaged Product,Mobile App,Picked Up,Processing,128995.85,64.93,Completed,2024-05-07,Passed,Damaged,False,Not Applicable
1331,9292,18691,4044,120,23,2024-05-13,9,Refund,Quality Issue,Website,Completed,Completed,40690.1,136.75,Completed,2024-05-16,Passed,Opened,False,Not Applicable
1332,9293,18693,4422,217,44,2024-05-26,23,Refund,Quality Issue,Mobile App,Picked Up,Processing,192.05,163.68,Completed,2024-05-27,Pending,Damaged,False,Not Applicable
1333,9297,18702,6298,2278,447,2024-05-13,14,Refund,Wrong Product,Mobile App,Picked Up,Pending,2321.1,63.81,Scheduled,2024-05-16,Pending,Unused,False,Not Applicable
1334,9300,18708,8898,549,111,2024-05-04,4,Refund,Changed Mind,Mobile App,Completed,Completed,2389.38,83.38,Completed,2024-05-05,Passed,Opened,False,Not Applicable
1335,9301,18710,8929,1869,364,2024-06-03,29,Replacement,Wrong Product,Mobile App,Completed,Not Applicable,0.0,152.79,Completed,2024-06-06,Pending,Unused,True,Completed
1336,9313,18735,2912,832,166,2024-05-09,11,Refund,Product Not As Expected,Mobile App,Completed,Completed,1176.24,107.09,Completed,2024-05-10,Passed,Used,False,Not Applicable
1337,9314,18739,3512,530,108,2024-05-11,8,Replacement,Product Not As Expected,Mobile App,Completed,Not Applicable,0.0,151.35,Completed,2024-05-14,Passed,Used,True,Processing
1338,9315,18740,3545,1946,380,2024-05-18,15,Replacement,Product Not As Expected,Customer Support,Completed,Not Applicable,0.0,127.52,Completed,2024-05-19,Passed,Unused,True,Cancelled
1339,9317,18744,4616,1320,263,2024-05-23,21,Replacement,Quality Issue,Mobile App,Requested,Not Applicable,0.0,150.57,Scheduled,2024-05-25,Pending,Opened,True,Requested
1340,9317,18745,4616,2208,432,2024-05-28,26,Replacement,Product Not As Expected,Website,Picked Up,Not Applicable,0.0,172.66,Completed,2024-05-30,Passed,Opened,True,Completed
1341,9324,18763,8133,1436,285,2024-05-11,9,Refund,Size/Fit Issue,Website,Completed,Completed,54216.87,83.04,Completed,2024-05-13,Passed,Opened,False,Not Applicable
1342,9326,18766,8381,824,165,2024-05-08,1,Refund,Quality Issue,Mobile App,Completed,Completed,6664.5,78.74,Completed,2024-05-11,Passed,Opened,False,Not Applicable
1343,9343,18799,5105,1619,320,2024-05-18,10,Refund,Damaged Product,Mobile App,Pickup Scheduled,Pending,1107.89,131.61,Scheduled,2024-05-21,Pending,Damaged,False,Not Applicable
1344,9348,18808,7788,2501,491,2024-05-17,7,Refund,Late Delivery,Website,Pickup Scheduled,Pending,8509.25,65.03,Scheduled,2024-05-19,Pending,Opened,False,Not Applicable
1345,9351,18812,9910,214,43,2024-05-15,10,Exchange,Product Not As Expected,Customer Support,Completed,Not Applicable,0.0,122.76,Completed,2024-05-17,Pending,Opened,True,Requested
1346,9354,18820,2025,1979,385,2024-06-03,27,Replacement,Product Not As Expected,Mobile App,Approved,Not Applicable,0.0,70.86,Pending,,Pending,Unused,True,Processing
1347,9357,18825,3235,756,152,2024-06-04,29,Refund,Quality Issue,Mobile App,Completed,Completed,120859.61,83.72,Completed,2024-06-06,Passed,Opened,False,Not Applicable
1348,9366,18843,6409,1244,247,2024-05-27,21,Exchange,Wrong Product,Mobile App,Completed,Not Applicable,0.0,143.95,Completed,2024-05-30,Passed,Unused,True,Processing
1349,9367,18847,7088,2309,453,2024-05-23,13,Replacement,Wrong Product,Website,Requested,Not Applicable,0.0,132.96,Scheduled,2024-05-25,Pending,Damaged,True,Cancelled
1350,9371,18853,8930,494,100,2024-05-24,16,Refund,Late Delivery,Website,Completed,Completed,136969.53,71.15,Completed,2024-05-27,Passed,Unused,False,Not Applicable
1351,9371,18854,8930,1312,262,2024-05-22,14,Refund,Quality Issue,Mobile App,Approved,Pending,28231.44,73.97,Scheduled,2024-05-24,Pending,Damaged,False,Not Applicable
1352,9377,18863,2025,1495,295,2024-05-29,19,Refund,Quality Issue,Customer Support,Approved,Pending,10446.16,141.4,Scheduled,2024-06-01,Pending,Used,False,Not Applicable
1353,9379,18871,3552,2356,462,2024-05-14,7,Exchange,Damaged Product,Website,Picked Up,Not Applicable,0.0,112.17,Scheduled,2024-05-16,Pending,Damaged,True,Processing
1354,9384,18881,4493,682,138,2024-05-15,9,Replacement,Changed Mind,Mobile App,Pickup Scheduled,Not Applicable,0.0,140.71,Completed,2024-05-17,Passed,Used,True,Cancelled
1355,9386,18887,5249,2025,395,2024-05-16,8,Refund,Damaged Product,Website,Pickup Scheduled,Processing,4713.45,107.01,Completed,2024-05-17,Pending,Used,False,Not Applicable
1356,9387,18888,6015,737,148,2024-05-15,4,Refund,Quality Issue,Website,Completed,Completed,7886.18,136.7,Completed,2024-05-16,Passed,Used,False,Not Applicable
1357,9388,18891,6257,1409,280,2024-05-25,18,Refund,Changed Mind,Customer Support,Approved,Pending,4231.54,107.46,Scheduled,2024-05-26,Pending,Unused,False,Not Applicable
1358,9389,18894,6461,1092,219,2024-05-17,11,Refund,Quality Issue,Mobile App,Completed,Completed,3755.77,105.12,Completed,2024-05-19,Passed,Damaged,False,Not Applicable
1359,9403,18917,2298,762,153,2024-05-07,1,Replacement,Product Not As Expected,Website,Requested,Not Applicable,0.0,146.32,Pending,,Pending,Opened,True,Cancelled
1360,9421,18948,1129,407,82,2024-05-14,4,Refund,Product Not As Expected,Website,Pickup Scheduled,Pending,544.87,114.3,Scheduled,2024-05-16,Pending,Used,False,Not Applicable
1361,9423,18953,1945,2050,402,2024-05-23,14,Refund,Wrong Product,Website,Picked Up,Processing,30098.07,119.09,Scheduled,2024-05-25,Pending,Opened,False,Not Applicable
1362,9433,18974,5964,675,136,2024-05-13,1,Refund,Product Not As Expected,Website,Rejected,Not Applicable,0.0,127.25,Failed,,Pending,Unused,False,Not Applicable
1363,9444,18999,8535,1458,289,2024-05-23,15,Refund,Wrong Product,Mobile App,Picked Up,Processing,11848.0,140.65,Completed,2024-05-25,Passed,Unused,False,Not Applicable
1364,9472,19053,9283,863,172,2024-06-04,24,Exchange,Size/Fit Issue,Mobile App,Picked Up,Not Applicable,0.0,68.19,Completed,2024-06-05,Pending,Damaged,True,Completed
1365,9475,19059,1210,33,7,2024-06-02,19,Refund,Damaged Product,Website,Completed,Completed,3955.46,175.51,Completed,2024-06-04,Passed,Used,False,Not Applicable
1366,9479,19068,4397,1052,211,2024-05-29,16,Refund,Product Not As Expected,Mobile App,Completed,Processing,8792.48,53.52,Completed,2024-05-31,Failed,Damaged,False,Not Applicable
1367,9481,19072,4443,1696,334,2024-05-18,6,Replacement,Late Delivery,Customer Support,Pickup Scheduled,Not Applicable,0.0,91.79,Scheduled,2024-05-21,Pending,Damaged,True,Cancelled
1368,9481,19073,4443,1992,388,2024-05-30,18,Refund,Damaged Product,Website,Completed,Processing,582.47,98.91,Completed,2024-06-02,Passed,Used,False,Not Applicable
1369,9487,19082,9088,183,37,2024-05-16,1,Refund,Changed Mind,Mobile App,Rejected,Not Applicable,0.0,97.05,Failed,,Pending,Unused,False,Not Applicable
1370,9497,19098,1264,536,109,2024-06-11,29,Replacement,Wrong Product,Website,Approved,Not Applicable,0.0,159.78,Scheduled,2024-06-13,Pending,Used,True,Cancelled
1371,9499,19102,2584,1693,333,2024-05-25,16,Replacement,Quality Issue,Website,Completed,Not Applicable,0.0,100.63,Completed,2024-05-27,Passed,Opened,True,Cancelled
1372,9507,19114,5928,2066,407,2024-06-16,30,Replacement,Quality Issue,Website,Approved,Not Applicable,0.0,95.62,Pending,,Pending,Unused,True,Processing
1373,9509,19118,6664,1760,344,2024-05-21,5,Replacement,Quality Issue,Mobile App,Pickup Scheduled,Not Applicable,0.0,179.86,Completed,2024-05-23,Passed,Unused,True,Requested
1374,9521,19140,7399,1830,357,2024-06-08,26,Refund,Damaged Product,Mobile App,Completed,Completed,969.84,59.12,Completed,2024-06-10,Passed,Opened,False,Not Applicable
1375,9534,19159,32,81,16,2024-06-08,26,Refund,Product Not As Expected,Website,Picked Up,Pending,79286.74,51.39,Scheduled,2024-06-11,Pending,Used,False,Not Applicable
1376,9535,19162,421,2064,406,2024-06-07,24,Refund,Changed Mind,Mobile App,Approved,Pending,2974.37,110.01,Pending,,Pending,Opened,False,Not Applicable
1377,9539,19170,1995,535,109,2024-05-31,15,Refund,Wrong Product,Website,Approved,Pending,3585.94,111.05,Scheduled,2024-06-02,Pending,Damaged,False,Not Applicable
1378,9547,19189,7090,2197,430,2024-05-22,7,Replacement,Product Not As Expected,Mobile App,Completed,Not Applicable,0.0,69.46,Completed,2024-05-25,Passed,Used,True,Processing
1379,9562,19221,4648,710,143,2024-06-01,11,Refund,Product Not As Expected,Website,Pickup Scheduled,Processing,2422.4,63.47,Scheduled,2024-06-03,Pending,Damaged,False,Not Applicable
1380,9581,19255,2799,519,106,2024-06-05,18,Refund,Quality Issue,Mobile App,Pickup Scheduled,Processing,143813.91,107.03,Completed,2024-06-06,Pending,Unused,False,Not Applicable
1381,9582,19257,2948,1043,208,2024-06-10,24,Replacement,Damaged Product,Website,Requested,Not Applicable,0.0,63.22,Scheduled,2024-06-11,Pending,Damaged,True,Cancelled
1382,9592,19279,8788,1373,272,2024-05-18,1,Refund,Changed Mind,Website,Picked Up,Pending,21050.15,141.88,Completed,2024-05-19,Failed,Damaged,False,Not Applicable
1383,9600,19297,3129,1015,203,2024-06-11,27,Replacement,Damaged Product,Mobile App,Requested,Not Applicable,0.0,32.17,Scheduled,2024-06-13,Pending,Used,True,Requested
1384,9624,19344,4168,2041,399,2024-05-27,6,Replacement,Missing Parts,Mobile App,Requested,Not Applicable,0.0,69.78,Scheduled,2024-05-29,Pending,Damaged,True,Processing
1385,9630,19356,7985,1348,268,2024-05-29,8,Refund,Damaged Product,Mobile App,Requested,Processing,8836.88,87.26,Scheduled,2024-06-01,Pending,Used,False,Not Applicable
1386,9630,19357,7985,2054,403,2024-05-31,10,Refund,Product Not As Expected,Mobile App,Requested,Processing,438.14,140.2,Scheduled,2024-06-02,Pending,Damaged,False,Not Applicable
1387,9641,19380,2792,2124,417,2024-06-08,19,Exchange,Wrong Product,Mobile App,Requested,Not Applicable,0.0,85.92,Pending,,Pending,Opened,True,Processing
1388,9646,19392,5552,2077,409,2024-06-10,19,Refund,Damaged Product,Website,Completed,Pending,14328.48,151.6,Completed,2024-06-11,Pending,Used,False,Not Applicable
1389,9658,19414,1828,477,98,2024-06-01,12,Refund,Missing Parts,Website,Picked Up,Processing,7257.42,41.52,Completed,2024-06-02,Passed,Damaged,False,Not Applicable
1390,9658,19415,1828,1652,326,2024-05-21,1,Replacement,Damaged Product,Website,Completed,Not Applicable,0.0,103.56,Completed,2024-05-22,Passed,Used,True,Requested
1391,9664,19427,5625,189,38,2024-06-23,28,Exchange,Quality Issue,Mobile App,Completed,Not Applicable,0.0,101.7,Completed,2024-06-24,Failed,Damaged,True,Processing
1392,9668,19439,6448,1936,378,2024-06-04,13,Refund,Damaged Product,Customer Support,Completed,Completed,8770.95,127.45,Completed,2024-06-07,Pending,Unused,False,Not Applicable
1393,9676,19453,1006,1631,322,2024-06-12,21,Refund,Wrong Product,Website,Requested,Pending,33890.14,59.35,Pending,,Pending,Opened,False,Not Applicable
1394,9692,19487,6182,2212,433,2024-05-30,7,Replacement,Wrong Product,Mobile App,Requested,Not Applicable,0.0,68.27,Scheduled,2024-05-31,Pending,Unused,True,Completed
1395,9695,19492,9015,2237,437,2024-06-11,18,Replacement,Product Not As Expected,Customer Support,Completed,Not Applicable,0.0,93.73,Completed,2024-06-13,Pending,Opened,True,Completed
1396,9698,19498,1304,2284,448,2024-06-07,13,Refund,Product Not As Expected,Mobile App,Completed,Completed,2341.44,133.85,Completed,2024-06-10,Pending,Opened,False,Not Applicable
1397,9705,19511,5161,474,97,2024-05-29,5,Replacement,Quality Issue,Website,Completed,Not Applicable,0.0,166.16,Completed,2024-05-31,Failed,Damaged,True,Cancelled
1398,9710,19522,6863,1081,216,2024-06-06,13,Exchange,Changed Mind,Mobile App,Rejected,Not Applicable,0.0,100.41,Failed,,Pending,Damaged,True,Requested
1399,9731,19560,8197,2526,496,2024-05-26,3,Replacement,Product Not As Expected,Customer Support,Completed,Not Applicable,0.0,52.19,Completed,2024-05-27,Pending,Opened,True,Completed
1400,9734,19566,9306,552,112,2024-06-09,17,Refund,Quality Issue,Website,Completed,Completed,4841.5,173.37,Completed,2024-06-11,Passed,Used,False,Not Applicable
1401,9735,19567,899,1369,272,2024-06-17,25,Refund,Product Not As Expected,Website,Completed,Completed,11376.13,107.26,Completed,2024-06-18,Passed,Unused,False,Not Applicable
1402,9742,19581,4002,1987,386,2024-05-27,3,Replacement,Quality Issue,Customer Support,Completed,Not Applicable,0.0,166.32,Completed,2024-05-30,Passed,Unused,True,Completed
1403,9743,19583,4920,24,5,2024-06-24,28,Refund,Changed Mind,Website,Completed,Processing,2176.76,161.39,Completed,2024-06-25,Passed,Damaged,False,Not Applicable
1404,9745,19588,7399,1116,223,2024-05-29,5,Refund,Late Delivery,Mobile App,Approved,Pending,2228.14,123.41,Pending,,Pending,Damaged,False,Not Applicable
1405,9748,19594,340,585,118,2024-05-27,2,Replacement,Changed Mind,Website,Picked Up,Not Applicable,0.0,107.9,Scheduled,2024-05-29,Pending,Used,True,Cancelled
1406,9768,19637,721,389,77,2024-06-08,9,Refund,Changed Mind,Customer Support,Picked Up,Pending,69574.23,74.88,Scheduled,2024-06-11,Pending,Damaged,False,Not Applicable
1407,9773,19647,3771,560,113,2024-06-22,27,Replacement,Product Not As Expected,Website,Completed,Not Applicable,0.0,89.42,Completed,2024-06-25,Passed,Used,True,Processing
1408,9777,19656,5649,1702,335,2024-06-20,27,Refund,Wrong Product,Mobile App,Completed,Processing,60317.35,169.71,Completed,2024-06-21,Passed,Damaged,False,Not Applicable
1409,9782,19661,7876,1054,211,2024-06-25,26,Replacement,Wrong Product,Website,Picked Up,Not Applicable,0.0,147.82,Completed,2024-06-26,Passed,Opened,True,Completed
1410,9784,19666,8320,1955,381,2024-05-27,1,Replacement,Product Not As Expected,Mobile App,Completed,Not Applicable,0.0,140.83,Completed,2024-05-29,Passed,Damaged,True,Completed
1411,9787,19673,8857,868,173,2024-06-16,17,Refund,Product Not As Expected,Website,Requested,Pending,467.94,84.95,Pending,,Pending,Unused,False,Not Applicable
1412,9792,19685,407,897,180,2024-06-23,30,Refund,Damaged Product,Mobile App,Approved,Processing,580.06,169.41,Scheduled,2024-06-26,Pending,Unused,False,Not Applicable
1413,9800,19700,2892,2549,500,2024-05-28,1,Refund,Quality Issue,Mobile App,Pickup Scheduled,Pending,1677.69,50.89,Completed,2024-05-30,Failed,Damaged,False,Not Applicable
1414,9814,19733,8945,2200,430,2024-06-15,13,Refund,Damaged Product,Website,Rejected,Not Applicable,0.0,178.28,Failed,,Pending,Used,False,Not Applicable
1415,9838,19776,2910,2513,493,2024-06-06,8,Refund,Wrong Product,Mobile App,Completed,Completed,40213.87,89.08,Completed,2024-06-07,Failed,Damaged,False,Not Applicable
1416,9844,19786,7262,2366,464,2024-06-28,27,Replacement,Quality Issue,Customer Support,Requested,Not Applicable,0.0,146.16,Pending,,Pending,Used,True,Processing
1417,9845,19788,7683,466,95,2024-06-22,18,Replacement,Damaged Product,Mobile App,Completed,Not Applicable,0.0,121.17,Completed,2024-06-24,Passed,Opened,True,Processing
1418,9845,19789,7683,2242,438,2024-06-30,26,Refund,Quality Issue,Website,Pickup Scheduled,Pending,12859.41,63.59,Scheduled,2024-07-01,Pending,Unused,False,Not Applicable
1419,9852,19801,2505,870,173,2024-06-20,19,Replacement,Product Not As Expected,Mobile App,Requested,Not Applicable,0.0,76.78,Scheduled,2024-06-22,Pending,Damaged,True,Requested
1420,9858,19812,4613,1493,294,2024-06-15,15,Replacement,Changed Mind,Website,Picked Up,Not Applicable,0.0,47.73,Completed,2024-06-17,Passed,Unused,True,Cancelled
1421,9888,19869,7135,2121,417,2024-06-25,25,Refund,Product Not As Expected,Mobile App,Completed,Completed,5063.04,101.83,Completed,2024-06-27,Failed,Damaged,False,Not Applicable
1422,9906,19901,9229,300,59,2024-06-17,12,Replacement,Damaged Product,Mobile App,Completed,Not Applicable,0.0,127.17,Completed,2024-06-19,Failed,Damaged,True,Completed
1423,9908,19904,9842,391,78,2024-06-18,12,Refund,Late Delivery,Website,Picked Up,Processing,7644.9,79.91,Completed,2024-06-20,Passed,Used,False,Not Applicable
1424,9908,19905,9842,1244,247,2024-06-21,15,Replacement,Late Delivery,Website,Pickup Scheduled,Not Applicable,0.0,64.44,Scheduled,2024-06-23,Pending,Unused,True,Completed
1425,9917,19922,3108,1665,328,2024-07-03,26,Replacement,Wrong Product,Website,Requested,Not Applicable,0.0,155.76,Scheduled,2024-07-04,Pending,Opened,True,Completed
1426,9918,19924,4614,137,26,2024-06-26,24,Replacement,Late Delivery,Mobile App,Pickup Scheduled,Not Applicable,0.0,163.63,Completed,2024-06-29,Passed,Opened,True,Processing
1427,9932,19949,193,2140,420,2024-07-03,25,Refund,Wrong Product,Mobile App,Completed,Pending,2627.24,36.74,Completed,2024-07-04,Passed,Damaged,False,Not Applicable
1428,9946,19974,8220,2389,468,2024-07-03,26,Exchange,Changed Mind,Mobile App,Completed,Not Applicable,0.0,159.11,Completed,2024-07-04,Passed,Unused,True,Cancelled
1429,9965,20016,6816,2095,413,2024-06-29,19,Refund,Changed Mind,Website,Requested,Processing,335.75,152.8,Pending,,Pending,Unused,False,Not Applicable
1430,9976,20037,109,236,47,2024-06-17,10,Replacement,Changed Mind,Mobile App,Completed,Not Applicable,0.0,160.03,Completed,2024-06-18,Passed,Opened,True,Requested
1431,9986,20062,5506,2169,426,2024-06-09,6,Exchange,Quality Issue,Mobile App,Requested,Not Applicable,0.0,48.63,Scheduled,2024-06-10,Pending,Damaged,True,Requested
1432,9988,20066,6158,1164,233,2024-06-18,5,Replacement,Late Delivery,Mobile App,Picked Up,Not Applicable,0.0,166.54,Scheduled,2024-06-19,Pending,Unused,True,Processing
1433,9991,20075,7324,2353,462,2024-06-28,20,Replacement,Quality Issue,Mobile App,Approved,Not Applicable,0.0,61.27,Pending,,Pending,Opened,True,Cancelled
1434,9996,20084,830,979,196,2024-06-14,5,Refund,Late Delivery,Mobile App,Completed,Pending,1114.37,151.16,Completed,2024-06-17,Passed,Opened,False,Not Applicable
1435,9997,20085,1767,715,144,2024-06-23,17,Replacement,Wrong Product,Website,Completed,Not Applicable,0.0,74.6,Completed,2024-06-24,Failed,Damaged,True,Completed
1436,10017,20122,720,417,84,2024-07-02,29,Refund,Size/Fit Issue,Customer Support,Requested,Pending,31806.09,156.74,Scheduled,2024-07-05,Pending,Used,False,Not Applicable
1437,10046,20179,8077,467,96,2024-06-16,2,Replacement,Quality Issue,Website,Completed,Not Applicable,0.0,99.28,Completed,2024-06-18,Passed,Used,True,Cancelled
1438,10052,20195,9373,1766,345,2024-06-22,6,Replacement,Wrong Product,Website,Pickup Scheduled,Not Applicable,0.0,147.34,Scheduled,2024-06-24,Pending,Used,True,Requested
1439,10056,20202,430,2252,441,2024-06-19,10,Replacement,Product Not As Expected,Website,Completed,Not Applicable,0.0,80.85,Completed,2024-06-21,Pending,Unused,True,Requested
1440,10069,20225,7585,2386,467,2024-07-10,27,Replacement,Size/Fit Issue,Mobile App,Pickup Scheduled,Not Applicable,0.0,74.06,Scheduled,2024-07-11,Pending,Damaged,True,Requested
1441,10070,20226,8334,914,183,2024-06-19,3,Refund,Product Not As Expected,Website,Pickup Scheduled,Pending,6635.84,117.46,Scheduled,2024-06-22,Pending,Damaged,False,Not Applicable
1442,10081,20247,3753,301,60,2024-06-15,3,Refund,Changed Mind,Website,Pickup Scheduled,Pending,7339.0,55.98,Scheduled,2024-06-17,Pending,Opened,False,Not Applicable
1443,10082,20250,4613,1110,223,2024-07-08,23,Refund,Damaged Product,Website,Completed,Completed,4621.28,57.74,Completed,2024-07-10,Passed,Unused,False,Not Applicable
1444,10082,20251,4613,1140,228,2024-07-07,22,Replacement,Product Not As Expected,Mobile App,Picked Up,Not Applicable,0.0,109.23,Scheduled,2024-07-10,Pending,Unused,True,Processing
1445,10088,20263,7319,835,167,2024-06-24,8,Refund,Damaged Product,Mobile App,Completed,Completed,3217.56,71.71,Completed,2024-06-26,Passed,Damaged,False,Not Applicable
1446,10089,20267,7603,966,194,2024-06-30,15,Replacement,Missing Parts,Website,Approved,Not Applicable,0.0,119.08,Scheduled,2024-07-02,Pending,Opened,True,Cancelled
1447,10102,20296,3175,1833,357,2024-06-18,5,Replacement,Late Delivery,Website,Completed,Not Applicable,0.0,70.24,Completed,2024-06-21,Failed,Damaged,True,Cancelled
1448,10118,20327,9457,2501,491,2024-06-28,17,Refund,Product Not As Expected,Website,Completed,Completed,9454.72,37.72,Completed,2024-06-30,Passed,Opened,False,Not Applicable
1449,10130,20349,2559,1231,244,2024-07-16,29,Refund,Product Not As Expected,Mobile App,Requested,Processing,9300.34,69.17,Scheduled,2024-07-19,Pending,Damaged,False,Not Applicable
1450,10137,20363,7141,1913,372,2024-06-18,5,Refund,Changed Mind,Mobile App,Completed,Completed,892.08,37.61,Completed,2024-06-19,Passed,Opened,False,Not Applicable
1451,10143,20370,9173,2426,474,2024-06-27,11,Refund,Damaged Product,Mobile App,Completed,Completed,4151.58,123.89,Completed,2024-06-30,Passed,Unused,False,Not Applicable
1452,10160,20404,535,1042,208,2024-06-26,5,Refund,Quality Issue,Mobile App,Requested,Processing,70821.71,80.06,Scheduled,2024-06-28,Pending,Unused,False,Not Applicable
1453,10161,20406,725,1624,321,2024-06-26,6,Refund,Wrong Product,Customer Support,Completed,Completed,18275.81,36.71,Completed,2024-06-27,Passed,Opened,False,Not Applicable
1454,10162,20408,851,1133,227,2024-07-01,16,Refund,Product Not As Expected,Mobile App,Completed,Processing,372.86,164.57,Completed,2024-07-03,Pending,Opened,False,Not Applicable
1455,10169,20420,3537,2375,465,2024-06-28,8,Refund,Quality Issue,Mobile App,Approved,Pending,2877.36,93.75,Pending,,Pending,Damaged,False,Not Applicable
1456,10180,20440,1757,134,25,2024-06-26,8,Refund,Damaged Product,Mobile App,Completed,Completed,6600.96,165.51,Completed,2024-06-27,Pending,Used,False,Not Applicable
1457,10184,20447,2963,1005,200,2024-07-08,19,Refund,Wrong Product,Website,Picked Up,Pending,1582.92,157.41,Scheduled,2024-07-11,Pending,Unused,False,Not Applicable
1458,10191,20459,6377,1416,282,2024-07-14,28,Refund,Product Not As Expected,Website,Picked Up,Processing,169.74,100.96,Scheduled,2024-07-16,Pending,Used,False,Not Applicable
1459,10192,20460,6566,1911,372,2024-07-05,15,Refund,Wrong Product,Website,Approved,Pending,4382.35,70.71,Pending,,Pending,Opened,False,Not Applicable
1460,10197,20470,8981,2155,423,2024-06-26,3,Replacement,Damaged Product,Mobile App,Completed,Not Applicable,0.0,44.78,Completed,2024-06-28,Passed,Unused,True,Completed
1461,10207,20486,2468,383,76,2024-07-18,27,Refund,Product Not As Expected,Website,Approved,Processing,2793.8,169.36,Pending,,Pending,Damaged,False,Not Applicable
1462,10207,20487,2468,716,144,2024-07-12,21,Refund,Wrong Product,Website,Completed,Completed,2730.36,81.15,Completed,2024-07-14,Pending,Opened,False,Not Applicable
1463,10214,20507,4725,2240,438,2024-07-08,20,Refund,Damaged Product,Customer Support,Rejected,Not Applicable,0.0,34.58,Failed,,Pending,Opened,False,Not Applicable
1464,10236,20545,5873,821,165,2024-07-09,16,Replacement,Quality Issue,Mobile App,Rejected,Not Applicable,0.0,56.99,Failed,,Pending,Used,True,Cancelled
1465,10237,20546,6439,404,82,2024-07-10,18,Replacement,Damaged Product,Website,Pickup Scheduled,Not Applicable,0.0,91.6,Scheduled,2024-07-12,Pending,Unused,True,Processing
1466,10243,20554,9314,2421,473,2024-07-08,18,Refund,Wrong Product,Website,Completed,Pending,5519.6,95.4,Completed,2024-07-11,Passed,Opened,False,Not Applicable
1467,10243,20555,9314,2522,495,2024-07-11,21,Refund,Size/Fit Issue,Website,Approved,Pending,3014.95,160.85,Scheduled,2024-07-12,Pending,Unused,False,Not Applicable
1468,10246,20560,383,2395,468,2024-07-20,30,Replacement,Product Not As Expected,Mobile App,Completed,Not Applicable,0.0,71.63,Completed,2024-07-22,Passed,Unused,True,Requested
1469,10262,20588,6918,906,182,2024-07-18,28,Replacement,Damaged Product,Mobile App,Completed,Not Applicable,0.0,139.59,Completed,2024-07-19,Passed,Damaged,True,Completed
1470,10264,20592,8601,1127,225,2024-07-08,12,Refund,Wrong Product,Website,Picked Up,Processing,11992.24,112.65,Completed,2024-07-09,Passed,Unused,False,Not Applicable
1471,10278,20620,4046,2369,464,2024-07-05,13,Replacement,Late Delivery,Mobile App,Pickup Scheduled,Not Applicable,0.0,174.32,Completed,2024-07-07,Pending,Unused,True,Cancelled
1472,10280,20624,5672,1096,220,2024-07-17,21,Refund,Changed Mind,Website,Completed,Pending,1116.36,107.34,Completed,2024-07-20,Passed,Opened,False,Not Applicable
1473,10289,20637,8791,2251,441,2024-07-11,20,Replacement,Changed Mind,Mobile App,Completed,Not Applicable,0.0,90.48,Completed,2024-07-14,Pending,Opened,True,Processing
1474,10306,20669,9782,2011,392,2024-07-05,10,Refund,Product Not As Expected,Mobile App,Completed,Completed,9437.08,105.44,Completed,2024-07-07,Passed,Opened,False,Not Applicable
1475,10306,20671,9782,2333,457,2024-07-06,11,Refund,Changed Mind,Website,Requested,Processing,7528.43,122.84,Pending,,Pending,Unused,False,Not Applicable
1476,10321,20698,5224,2024,394,2024-07-15,23,Refund,Product Not As Expected,Website,Approved,Processing,16941.94,82.32,Scheduled,2024-07-18,Pending,Opened,False,Not Applicable
1477,10326,20707,8697,662,133,2024-07-22,28,Refund,Late Delivery,Website,Requested,Processing,13374.68,173.91,Pending,,Pending,Opened,False,Not Applicable
1478,10333,20720,37,2200,430,2024-06-25,3,Refund,Missing Parts,Mobile App,Picked Up,Processing,4627.75,72.94,Completed,2024-06-26,Passed,Damaged,False,Not Applicable
1479,10339,20729,3058,718,144,2024-07-04,6,Exchange,Quality Issue,Website,Completed,Not Applicable,0.0,129.54,Completed,2024-07-06,Passed,Opened,True,Processing
1480,10340,20731,3363,2400,469,2024-07-24,27,Replacement,Missing Parts,Website,Completed,Not Applicable,0.0,167.75,Completed,2024-07-25,Passed,Damaged,True,Requested
1481,10344,20738,6702,484,99,2024-06-24,2,Replacement,Late Delivery,Website,Approved,Not Applicable,0.0,116.71,Pending,,Pending,Unused,True,Cancelled
1482,10353,20754,1346,917,183,2024-07-14,20,Refund,Damaged Product,Website,Approved,Processing,81254.93,62.75,Scheduled,2024-07-15,Pending,Opened,False,Not Applicable
1483,10356,20758,3231,1555,308,2024-07-19,17,Refund,Wrong Product,Mobile App,Completed,Completed,18987.54,127.02,Completed,2024-07-21,Passed,Damaged,False,Not Applicable
1484,10358,20763,4739,1057,212,2024-07-09,11,Refund,Changed Mind,Mobile App,Completed,Completed,11565.14,127.56,Completed,2024-07-10,Passed,Unused,False,Not Applicable
1485,10368,20781,8269,2135,419,2024-07-01,4,Replacement,Wrong Product,Mobile App,Completed,Not Applicable,0.0,122.89,Completed,2024-07-03,Passed,Opened,True,Requested
1486,10376,20794,3493,698,141,2024-07-13,18,Refund,Late Delivery,Mobile App,Approved,Processing,70910.77,172.41,Scheduled,2024-07-16,Pending,Used,False,Not Applicable
1487,10387,20813,5150,61,12,2024-06-28,4,Refund,Quality Issue,Website,Requested,Pending,185554.11,90.4,Pending,,Pending,Used,False,Not Applicable
1488,10390,20821,5626,1887,368,2024-07-05,5,Refund,Product Not As Expected,Customer Support,Completed,Completed,3958.84,124.46,Completed,2024-07-07,Passed,Unused,False,Not Applicable
1489,10398,20836,9943,699,141,2024-07-17,15,Refund,Damaged Product,Website,Requested,Pending,33605.06,136.25,Scheduled,2024-07-20,Pending,Damaged,False,Not Applicable
1490,10402,20847,3626,1923,375,2024-07-14,15,Replacement,Quality Issue,Website,Approved,Not Applicable,0.0,154.88,Pending,,Pending,Unused,True,Processing
1491,10404,20851,3912,1508,297,2024-07-20,23,Replacement,Late Delivery,Website,Completed,Not Applicable,0.0,72.55,Completed,2024-07-22,Failed,Damaged,True,Processing
1492,10422,20886,3056,1864,363,2024-07-28,29,Exchange,Quality Issue,Mobile App,Completed,Not Applicable,0.0,41.86,Completed,2024-07-29,Passed,Damaged,True,Processing
1493,10429,20899,5741,2410,471,2024-07-06,1,Replacement,Size/Fit Issue,Mobile App,Rejected,Not Applicable,0.0,138.48,Failed,,Pending,Used,True,Requested
1494,10439,20916,1452,308,61,2024-07-24,18,Exchange,Late Delivery,Mobile App,Completed,Not Applicable,0.0,140.98,Completed,2024-07-27,Passed,Used,True,Completed
1495,10442,20925,3649,399,80,2024-07-15,11,Replacement,Wrong Product,Website,Pickup Scheduled,Not Applicable,0.0,168.11,Scheduled,2024-07-18,Pending,Used,True,Requested
1496,10444,20928,5187,1316,262,2024-07-17,14,Refund,Product Not As Expected,Mobile App,Pickup Scheduled,Processing,1220.18,140.12,Scheduled,2024-07-19,Pending,Used,False,Not Applicable
1497,10445,20929,6225,600,121,2024-08-01,28,Refund,Wrong Product,Mobile App,Requested,Processing,1270.66,65.59,Pending,,Pending,Opened,False,Not Applicable
1498,10477,20995,210,551,111,2024-07-09,8,Replacement,Late Delivery,Website,Picked Up,Not Applicable,0.0,112.07,Scheduled,2024-07-12,Pending,Damaged,True,Completed
1499,10478,20998,231,427,87,2024-07-07,2,Refund,Quality Issue,Mobile App,Picked Up,Processing,330601.69,97.16,Scheduled,2024-07-10,Pending,Unused,False,Not Applicable
1500,10483,21009,1590,1608,318,2024-07-25,19,Replacement,Wrong Product,Mobile App,Picked Up,Not Applicable,0.0,126.63,Scheduled,2024-07-26,Pending,Used,True,Processing
1501,10486,21015,1968,2470,484,2024-07-15,12,Refund,Wrong Product,Mobile App,Requested,Processing,6353.37,31.8,Pending,,Pending,Unused,False,Not Applicable
1502,10491,21023,3690,597,120,2024-07-23,16,Replacement,Changed Mind,Website,Rejected,Not Applicable,0.0,143.25,Failed,,Pending,Used,True,Cancelled
1503,10494,21029,4173,1279,255,2024-07-25,17,Replacement,Product Not As Expected,Website,Picked Up,Not Applicable,0.0,159.72,Completed,2024-07-27,Passed,Damaged,True,Completed
1504,10498,21041,5093,1617,320,2024-07-21,17,Refund,Quality Issue,Mobile App,Requested,Processing,6431.94,169.41,Scheduled,2024-07-23,Pending,Damaged,False,Not Applicable
1505,10504,21052,6668,255,52,2024-07-20,19,Replacement,Product Not As Expected,Website,Completed,Not Applicable,0.0,161.46,Completed,2024-07-21,Passed,Unused,True,Completed
1506,10518,21078,6817,379,75,2024-07-21,15,Exchange,Quality Issue,Mobile App,Requested,Not Applicable,0.0,83.86,Scheduled,2024-07-22,Pending,Unused,True,Completed
1507,10533,21112,3177,1309,261,2024-07-10,2,Refund,Product Not As Expected,Mobile App,Approved,Processing,2907.88,104.17,Pending,,Pending,Used,False,Not Applicable
1508,10537,21121,5516,931,186,2024-07-14,9,Refund,Wrong Product,Website,Completed,Completed,444.25,172.66,Completed,2024-07-15,Passed,Used,False,Not Applicable
1509,10545,21139,228,2075,409,2024-07-16,8,Refund,Wrong Product,Website,Picked Up,Processing,937.67,66.64,Scheduled,2024-07-17,Pending,Damaged,False,Not Applicable
1510,10551,21155,2453,594,119,2024-07-31,26,Exchange,Wrong Product,Website,Picked Up,Not Applicable,0.0,90.59,Completed,2024-08-03,Passed,Opened,True,Completed
1511,10553,21158,2961,849,170,2024-08-04,28,Refund,Product Not As Expected,Mobile App,Approved,Pending,35019.84,50.38,Scheduled,2024-08-06,Pending,Opened,False,Not Applicable
1512,10560,21172,5130,1253,250,2024-07-18,9,Refund,Wrong Product,Mobile App,Completed,Completed,832.74,74.4,Completed,2024-07-20,Passed,Damaged,False,Not Applicable
1513,10565,21182,6385,94,18,2024-07-17,11,Refund,Damaged Product,Website,Completed,Completed,18145.53,86.88,Completed,2024-07-18,Passed,Unused,False,Not Applicable
1514,10567,21187,7056,2184,428,2024-07-14,2,Refund,Wrong Product,Customer Support,Approved,Processing,7515.3,147.63,Scheduled,2024-07-15,Pending,Damaged,False,Not Applicable
1515,10585,21219,4072,1796,351,2024-07-09,4,Refund,Product Not As Expected,Mobile App,Completed,Pending,565.46,113.27,Completed,2024-07-10,Pending,Used,False,Not Applicable
1516,10592,21235,8063,1837,358,2024-07-22,16,Replacement,Late Delivery,Website,Picked Up,Not Applicable,0.0,83.72,Completed,2024-07-23,Passed,Used,True,Processing
1517,10596,21245,632,1378,274,2024-07-27,14,Refund,Changed Mind,Mobile App,Requested,Pending,458.86,48.89,Scheduled,2024-07-29,Pending,Damaged,False,Not Applicable
1518,10603,21264,5145,2186,428,2024-08-02,28,Refund,Quality Issue,Mobile App,Picked Up,Processing,9782.76,36.53,Scheduled,2024-08-05,Pending,Damaged,False,Not Applicable
1519,10604,21266,7089,997,199,2024-08-06,27,Exchange,Missing Parts,Mobile App,Completed,Not Applicable,0.0,96.05,Completed,2024-08-09,Passed,Damaged,True,Requested
1520,10610,21276,421,1497,295,2024-07-13,5,Refund,Damaged Product,Website,Completed,Completed,63496.39,172.16,Completed,2024-07-16,Passed,Used,False,Not Applicable
1521,10633,21323,4572,2213,433,2024-07-21,7,Refund,Product Not As Expected,Customer Support,Approved,Processing,53222.9,91.3,Scheduled,2024-07-22,Pending,Damaged,False,Not Applicable
1522,10637,21329,6123,377,74,2024-08-06,24,Exchange,Quality Issue,Mobile App,Pickup Scheduled,Not Applicable,0.0,105.7,Scheduled,2024-08-09,Pending,Damaged,True,Processing
1523,10641,21339,8332,443,91,2024-08-07,25,Replacement,Quality Issue,Website,Completed,Not Applicable,0.0,146.98,Completed,2024-08-08,Passed,Opened,True,Cancelled
1524,10653,21363,2136,475,97,2024-07-17,5,Refund,Damaged Product,Mobile App,Picked Up,Pending,7232.36,175.69,Completed,2024-07-20,Passed,Damaged,False,Not Applicable
1525,10655,21367,2775,1099,220,2024-08-13,29,Refund,Wrong Product,Mobile App,Approved,Pending,105.68,113.42,Pending,,Pending,Unused,False,Not Applicable
1526,10669,21399,2097,574,116,2024-07-23,5,Refund,Wrong Product,Website,Completed,Completed,9484.02,42.81,Completed,2024-07-24,Pending,Damaged,False,Not Applicable
1527,10685,21432,2247,1815,354,2024-07-27,11,Refund,Product Not As Expected,Mobile App,Rejected,Not Applicable,0.0,169.91,Failed,,Pending,Opened,False,Not Applicable
1528,10686,21433,2720,609,123,2024-07-27,17,Replacement,Product Not As Expected,Mobile App,Pickup Scheduled,Not Applicable,0.0,118.16,Completed,2024-07-29,Passed,Used,True,Requested
1529,10699,21463,933,447,92,2024-08-06,23,Refund,Wrong Product,Mobile App,Pickup Scheduled,Processing,4139.34,120.72,Completed,2024-08-09,Passed,Used,False,Not Applicable
1530,10705,21473,2042,1379,275,2024-08-01,18,Replacement,Product Not As Expected,Mobile App,Picked Up,Not Applicable,0.0,173.66,Completed,2024-08-04,Passed,Used,True,Requested
1531,10714,21492,6033,2302,451,2024-07-25,6,Refund,Wrong Product,Mobile App,Approved,Processing,1517.62,168.95,Scheduled,2024-07-28,Pending,Opened,False,Not Applicable
1532,10717,21498,6344,165,33,2024-07-19,2,Refund,Changed Mind,Mobile App,Picked Up,Processing,41112.3,177.86,Completed,2024-07-21,Passed,Opened,False,Not Applicable
1533,10718,21502,7716,1260,252,2024-08-11,25,Replacement,Changed Mind,Mobile App,Rejected,Not Applicable,0.0,146.45,Failed,,Pending,Opened,True,Completed
1534,10722,21510,8424,1623,321,2024-08-11,25,Refund,Late Delivery,Mobile App,Completed,Completed,114367.32,57.24,Completed,2024-08-13,Passed,Used,False,Not Applicable
1535,10724,21513,8889,1432,284,2024-08-02,18,Replacement,Wrong Product,Customer Support,Completed,Not Applicable,0.0,34.62,Completed,2024-08-05,Passed,Unused,True,Processing
1536,10732,21535,2280,567,115,2024-07-31,16,Replacement,Wrong Product,Mobile App,Pickup Scheduled,Not Applicable,0.0,160.78,Completed,2024-08-01,Passed,Opened,True,Processing
1537,10733,21536,2298,801,161,2024-07-20,2,Replacement,Wrong Product,Website,Completed,Not Applicable,0.0,59.55,Completed,2024-07-23,Passed,Used,True,Completed
1538,10739,21546,4998,978,196,2024-07-26,12,Replacement,Quality Issue,Website,Completed,Not Applicable,0.0,94.36,Completed,2024-07-29,Passed,Used,True,Cancelled
1539,10742,21551,5778,898,180,2024-07-20,6,Refund,Damaged Product,Website,Pickup Scheduled,Processing,1168.41,55.97,Scheduled,2024-07-23,Pending,Damaged,False,Not Applicable
1540,10753,21571,228,2223,435,2024-08-05,15,Replacement,Missing Parts,Website,Approved,Not Applicable,0.0,172.21,Pending,,Pending,Used,True,Completed
1541,10776,21619,8730,1270,254,2024-07-30,12,Refund,Late Delivery,Website,Picked Up,Pending,19960.45,141.06,Completed,2024-07-31,Passed,Used,False,Not Applicable
1542,10777,21621,8812,28,6,2024-07-21,3,Replacement,Size/Fit Issue,Mobile App,Picked Up,Not Applicable,0.0,126.8,Scheduled,2024-07-24,Pending,Damaged,True,Processing
1543,10779,21624,8920,163,33,2024-08-01,13,Replacement,Changed Mind,Website,Approved,Not Applicable,0.0,54.33,Scheduled,2024-08-02,Pending,Unused,True,Processing
1544,10780,21627,9931,269,54,2024-07-23,3,Refund,Late Delivery,Website,Approved,Pending,3134.79,164.53,Pending,,Pending,Unused,False,Not Applicable
1545,10782,21632,1167,485,99,2024-08-01,12,Refund,Quality Issue,Website,Picked Up,Processing,2552.18,53.02,Completed,2024-08-02,Passed,Used,False,Not Applicable
1546,10788,21645,2773,1088,218,2024-08-06,15,Exchange,Missing Parts,Website,Completed,Not Applicable,0.0,79.23,Completed,2024-08-08,Passed,Unused,True,Processing
1547,10799,21665,7387,1616,319,2024-07-22,4,Replacement,Size/Fit Issue,Website,Completed,Not Applicable,0.0,170.14,Completed,2024-07-25,Passed,Used,True,Cancelled
1548,10808,21684,1023,831,166,2024-08-15,27,Replacement,Product Not As Expected,Website,Approved,Not Applicable,0.0,155.5,Pending,,Pending,Used,True,Processing
1549,10819,21703,4430,1661,327,2024-08-04,13,Refund,Changed Mind,Website,Pickup Scheduled,Processing,14437.8,73.19,Scheduled,2024-08-07,Pending,Opened,False,Not Applicable
1550,10829,21719,7119,2531,497,2024-08-20,29,Refund,Quality Issue,Mobile App,Approved,Processing,22967.27,140.63,Scheduled,2024-08-21,Pending,Opened,False,Not Applicable
1551,10830,21722,7184,2069,408,2024-08-06,19,Replacement,Late Delivery,Website,Completed,Not Applicable,0.0,75.34,Completed,2024-08-07,Pending,Used,True,Requested
1552,10834,21729,7747,287,57,2024-08-06,16,Refund,Damaged Product,Website,Picked Up,Pending,88395.08,124.44,Scheduled,2024-08-08,Pending,Damaged,False,Not Applicable
1553,10836,21734,9934,2220,434,2024-07-28,5,Refund,Changed Mind,Mobile App,Picked Up,Processing,528.72,170.64,Scheduled,2024-07-30,Pending,Damaged,False,Not Applicable
1554,10852,21762,8383,609,123,2024-07-24,6,Refund,Late Delivery,Customer Support,Completed,Completed,834.45,151.85,Completed,2024-07-26,Passed,Used,False,Not Applicable
1555,10856,21770,8579,1442,287,2024-08-02,15,Exchange,Damaged Product,Mobile App,Completed,Not Applicable,0.0,77.26,Completed,2024-08-04,Passed,Opened,True,Completed
1556,10866,21787,4745,1189,237,2024-07-31,9,Replacement,Quality Issue,Website,Approved,Not Applicable,0.0,61.54,Scheduled,2024-08-02,Pending,Used,True,Completed
1557,10877,21806,174,424,86,2024-08-11,21,Refund,Product Not As Expected,Customer Support,Completed,Completed,3527.02,58.25,Completed,2024-08-13,Pending,Opened,False,Not Applicable
1558,10878,21809,1017,661,133,2024-08-16,19,Refund,Changed Mind,Mobile App,Requested,Pending,51328.98,126.81,Scheduled,2024-08-19,Pending,Damaged,False,Not Applicable
1559,10898,21846,9627,1785,348,2024-08-08,17,Refund,Changed Mind,Mobile App,Completed,Completed,4887.51,166.97,Completed,2024-08-10,Passed,Used,False,Not Applicable
1560,10901,21850,1428,1810,353,2024-08-23,26,Exchange,Damaged Product,Website,Completed,Not Applicable,0.0,115.41,Completed,2024-08-25,Passed,Opened,True,Processing
1561,10903,21855,2125,912,183,2024-07-31,6,Refund,Quality Issue,Mobile App,Completed,Processing,29403.48,155.88,Completed,2024-08-02,Passed,Used,False,Not Applicable
1562,10906,21860,4614,581,117,2024-07-29,3,Refund,Quality Issue,Mobile App,Completed,Processing,3297.84,63.1,Completed,2024-07-31,Pending,Unused,False,Not Applicable
1563,10916,21874,8989,246,50,2024-08-18,23,Exchange,Quality Issue,Website,Completed,Not Applicable,0.0,150.79,Completed,2024-08-19,Passed,Unused,True,Cancelled
1564,10919,21879,1112,2479,486,2024-08-16,18,Refund,Product Not As Expected,Customer Support,Completed,Processing,3376.12,37.54,Completed,2024-08-18,Passed,Unused,False,Not Applicable
1565,10925,21890,5086,2530,497,2024-08-17,19,Replacement,Changed Mind,Website,Approved,Not Applicable,0.0,80.31,Scheduled,2024-08-20,Pending,Unused,True,Completed
1566,10936,21913,8204,1911,372,2024-08-22,22,Refund,Product Not As Expected,Website,Approved,Processing,3437.14,89.66,Scheduled,2024-08-24,Pending,Damaged,False,Not Applicable
1567,10937,21914,8383,408,83,2024-08-03,4,Exchange,Product Not As Expected,Website,Approved,Not Applicable,0.0,160.51,Pending,,Pending,Unused,True,Cancelled
1568,10969,21979,4020,2415,472,2024-08-12,13,Refund,Quality Issue,Mobile App,Picked Up,Pending,11523.3,84.57,Scheduled,2024-08-13,Pending,Unused,False,Not Applicable
1569,10975,21988,7097,1548,306,2024-08-12,18,Refund,Size/Fit Issue,Mobile App,Approved,Pending,6282.44,35.24,Scheduled,2024-08-14,Pending,Opened,False,Not Applicable
1570,10983,22006,9637,1609,319,2024-08-22,23,Refund,Size/Fit Issue,Customer Support,Approved,Processing,1466.25,170.85,Scheduled,2024-08-23,Pending,Opened,False,Not Applicable
1571,10987,22015,1181,1563,309,2024-08-09,10,Replacement,Late Delivery,Mobile App,Pickup Scheduled,Not Applicable,0.0,50.01,Completed,2024-08-12,Pending,Damaged,True,Requested
1572,10991,22022,2678,1710,336,2024-08-21,20,Refund,Product Not As Expected,Website,Rejected,Not Applicable,0.0,72.45,Failed,,Pending,Opened,False,Not Applicable
1573,10994,22029,3636,1227,243,2024-08-11,12,Replacement,Missing Parts,Mobile App,Completed,Not Applicable,0.0,132.49,Completed,2024-08-14,Pending,Opened,True,Processing
1574,11016,22070,3161,2392,468,2024-08-22,19,Refund,Wrong Product,Mobile App,Picked Up,Pending,43649.74,41.64,Completed,2024-08-25,Pending,Opened,False,Not Applicable
1575,11019,22074,3880,1105,222,2024-08-15,11,Refund,Quality Issue,Mobile App,Pickup Scheduled,Processing,5542.01,169.36,Completed,2024-08-16,Passed,Damaged,False,Not Applicable
1576,11031,22093,6880,2208,432,2024-08-19,16,Exchange,Product Not As Expected,Website,Pickup Scheduled,Not Applicable,0.0,112.27,Completed,2024-08-20,Failed,Damaged,True,Processing
1577,11041,22108,2729,2055,403,2024-09-02,29,Replacement,Size/Fit Issue,Mobile App,Requested,Not Applicable,0.0,39.63,Pending,,Pending,Damaged,True,Completed
1578,11044,22114,5584,2162,425,2024-08-07,3,Refund,Wrong Product,Website,Completed,Completed,35795.54,172.82,Completed,2024-08-09,Passed,Damaged,False,Not Applicable
1579,11051,22126,8487,109,21,2024-08-28,24,Replacement,Quality Issue,Website,Requested,Not Applicable,0.0,116.63,Pending,,Pending,Opened,True,Requested
1580,11063,22150,2509,502,102,2024-08-18,16,Refund,Wrong Product,Mobile App,Approved,Processing,12808.29,160.5,Scheduled,2024-08-19,Pending,Damaged,False,Not Applicable
1581,11067,22156,3326,1762,345,2024-08-28,23,Exchange,Wrong Product,Mobile App,Rejected,Not Applicable,0.0,99.07,Failed,,Pending,Opened,True,Cancelled
1582,11069,22160,3808,1696,334,2024-09-05,30,Refund,Product Not As Expected,Mobile App,Picked Up,Processing,1429.05,56.2,Completed,2024-09-06,Passed,Damaged,False,Not Applicable
1583,11074,22172,4912,1003,200,2024-08-30,27,Replacement,Changed Mind,Website,Picked Up,Not Applicable,0.0,72.93,Scheduled,2024-09-02,Pending,Used,True,Cancelled
1584,11081,22186,7319,1935,377,2024-08-30,24,Refund,Changed Mind,Mobile App,Completed,Completed,81845.13,154.57,Completed,2024-09-01,Passed,Opened,False,Not Applicable
1585,11083,22191,8479,1254,250,2024-08-06,4,Refund,Wrong Product,Website,Approved,Pending,2229.86,43.78,Scheduled,2024-08-09,Pending,Opened,False,Not Applicable
1586,11089,22205,628,161,32,2024-08-16,9,Refund,Product Not As Expected,Mobile App,Pickup Scheduled,Processing,256.57,170.1,Scheduled,2024-08-18,Pending,Used,False,Not Applicable
1587,11097,22224,3232,162,33,2024-08-26,20,Refund,Changed Mind,Mobile App,Rejected,Not Applicable,0.0,126.25,Failed,,Pending,Damaged,False,Not Applicable
1588,11111,22248,9411,1794,350,2024-08-23,15,Refund,Quality Issue,Customer Support,Approved,Pending,116039.55,102.02,Pending,,Pending,Used,False,Not Applicable
1589,11114,22252,575,2528,496,2024-08-24,15,Replacement,Wrong Product,Mobile App,Picked Up,Not Applicable,0.0,51.05,Scheduled,2024-08-25,Pending,Unused,True,Requested
1590,11121,22267,2735,1938,378,2024-08-24,14,Replacement,Wrong Product,Website,Picked Up,Not Applicable,0.0,166.97,Completed,2024-08-27,Passed,Opened,True,Cancelled
1591,11125,22273,4305,1583,313,2024-09-08,30,Refund,Product Not As Expected,Mobile App,Rejected,Not Applicable,0.0,31.34,Failed,,Pending,Used,False,Not Applicable
1592,11125,22274,4305,2096,413,2024-09-03,25,Refund,Late Delivery,Mobile App,Requested,Pending,1274.15,30.33,Pending,,Pending,Used,False,Not Applicable
1593,11127,22278,5138,932,186,2024-08-17,9,Replacement,Product Not As Expected,Mobile App,Approved,Not Applicable,0.0,46.92,Scheduled,2024-08-20,Pending,Opened,True,Processing
1594,11133,22286,7369,115,22,2024-08-24,15,Replacement,Late Delivery,Website,Completed,Not Applicable,0.0,54.59,Completed,2024-08-27,Passed,Damaged,True,Completed
1595,11137,22293,9669,1130,226,2024-08-22,16,Refund,Missing Parts,Website,Picked Up,Processing,16087.47,116.82,Scheduled,2024-08-25,Pending,Used,False,Not Applicable
1596,11154,22328,6371,2292,449,2024-08-13,9,Replacement,Wrong Product,Customer Support,Approved,Not Applicable,0.0,109.61,Scheduled,2024-08-15,Pending,Unused,True,Processing
1597,11157,22334,7428,2509,493,2024-08-30,20,Refund,Product Not As Expected,Mobile App,Pickup Scheduled,Processing,2267.94,156.79,Scheduled,2024-09-01,Pending,Used,False,Not Applicable
1598,11164,22347,9090,2260,444,2024-08-29,26,Refund,Late Delivery,Mobile App,Approved,Processing,1534.76,90.79,Pending,,Pending,Used,False,Not Applicable
1599,11176,22371,5576,1565,309,2024-08-16,6,Exchange,Product Not As Expected,Website,Completed,Not Applicable,0.0,128.95,Completed,2024-08-18,Passed,Unused,True,Requested
1600,11190,22396,4309,921,184,2024-08-07,1,Refund,Wrong Product,Mobile App,Approved,Pending,1944.9,51.53,Pending,,Pending,Used,False,Not Applicable
1601,11200,22413,12,1699,334,2024-08-12,5,Replacement,Wrong Product,Mobile App,Completed,Not Applicable,0.0,148.59,Completed,2024-08-15,Passed,Unused,True,Cancelled
1602,11202,22416,1817,1714,337,2024-08-28,17,Refund,Damaged Product,Mobile App,Picked Up,Pending,2921.67,163.97,Completed,2024-08-30,Failed,Damaged,False,Not Applicable
1603,11206,22426,4480,2011,392,2024-08-21,8,Refund,Product Not As Expected,Mobile App,Completed,Completed,4718.54,109.37,Completed,2024-08-23,Passed,Unused,False,Not Applicable
1604,11214,22439,6746,2077,409,2024-08-20,6,Replacement,Late Delivery,Mobile App,Requested,Not Applicable,0.0,170.93,Scheduled,2024-08-22,Pending,Damaged,True,Cancelled
1605,11220,22451,8699,176,35,2024-08-21,9,Replacement,Late Delivery,Mobile App,Picked Up,Not Applicable,0.0,165.26,Completed,2024-08-22,Passed,Unused,True,Requested
1606,11222,22457,9345,784,158,2024-08-31,20,Replacement,Missing Parts,Mobile App,Approved,Not Applicable,0.0,131.81,Pending,,Pending,Opened,True,Completed
1607,11225,22463,482,385,76,2024-08-10,1,Refund,Product Not As Expected,Mobile App,Approved,Processing,15210.81,96.0,Pending,,Pending,Damaged,False,Not Applicable
1608,11237,22491,4797,721,145,2024-08-14,8,Replacement,Quality Issue,Website,Completed,Not Applicable,0.0,86.14,Completed,2024-08-15,Passed,Unused,True,Processing
1609,11247,22507,7195,1012,203,2024-09-05,23,Replacement,Changed Mind,Website,Approved,Not Applicable,0.0,145.12,Scheduled,2024-09-07,Pending,Damaged,True,Completed
1610,11249,22510,9703,1810,353,2024-08-23,9,Refund,Quality Issue,Website,Pickup Scheduled,Processing,15282.31,104.06,Completed,2024-08-26,Passed,Used,False,Not Applicable
1611,11250,22511,10,400,81,2024-08-17,3,Refund,Changed Mind,Website,Picked Up,Processing,3101.24,86.36,Scheduled,2024-08-18,Pending,Used,False,Not Applicable
1612,11254,22522,1887,1595,316,2024-08-13,5,Exchange,Damaged Product,Website,Completed,Not Applicable,0.0,165.05,Completed,2024-08-15,Passed,Damaged,True,Cancelled
1613,11255,22523,3302,484,99,2024-09-05,21,Refund,Changed Mind,Mobile App,Approved,Pending,2660.97,44.66,Pending,,Pending,Damaged,False,Not Applicable
1614,11256,22525,3347,559,113,2024-08-31,16,Refund,Size/Fit Issue,Mobile App,Approved,Processing,1257.61,156.45,Scheduled,2024-09-02,Pending,Used,False,Not Applicable
1615,11263,22543,5107,2551,500,2024-09-14,30,Replacement,Late Delivery,Mobile App,Picked Up,Not Applicable,0.0,155.38,Completed,2024-09-17,Passed,Used,True,Completed
1616,11267,22550,6696,655,132,2024-08-21,8,Refund,Product Not As Expected,Mobile App,Completed,Completed,208150.3,77.04,Completed,2024-08-23,Passed,Used,False,Not Applicable
1617,11275,22567,1287,2148,422,2024-08-19,5,Refund,Product Not As Expected,Mobile App,Approved,Processing,6615.8,116.96,Scheduled,2024-08-22,Pending,Damaged,False,Not Applicable
1618,11281,22580,4992,2129,418,2024-09-04,23,Refund,Changed Mind,Mobile App,Picked Up,Processing,2466.33,49.97,Scheduled,2024-09-06,Pending,Used,False,Not Applicable
1619,11283,22583,5649,1671,329,2024-08-20,4,Refund,Late Delivery,Customer Support,Approved,Pending,1432.47,88.57,Pending,,Pending,Damaged,False,Not Applicable
1620,11291,22601,8103,872,174,2024-09-09,26,Refund,Product Not As Expected,Mobile App,Approved,Processing,22188.45,103.55,Scheduled,2024-09-10,Pending,Used,False,Not Applicable
1621,11295,22608,8504,981,196,2024-08-24,10,Replacement,Product Not As Expected,Mobile App,Completed,Not Applicable,0.0,62.7,Completed,2024-08-27,Passed,Opened,True,Requested
1622,11312,22643,3346,2029,396,2024-08-19,4,Refund,Size/Fit Issue,Mobile App,Completed,Completed,7565.49,125.63,Completed,2024-08-20,Passed,Opened,False,Not Applicable
1623,11318,22660,7567,2443,478,2024-08-17,6,Replacement,Wrong Product,Website,Completed,Not Applicable,0.0,129.94,Completed,2024-08-19,Passed,Used,True,Processing
1624,11326,22672,9370,1990,387,2024-09-08,26,Replacement,Wrong Product,Mobile App,Completed,Not Applicable,0.0,148.45,Completed,2024-09-11,Passed,Unused,True,Cancelled
1625,11334,22688,2050,1338,266,2024-09-10,23,Refund,Product Not As Expected,Mobile App,Approved,Processing,6244.2,66.91,Scheduled,2024-09-13,Pending,Unused,False,Not Applicable
1626,11366,22752,1683,1204,240,2024-08-22,4,Refund,Missing Parts,Website,Approved,Pending,592.97,114.29,Scheduled,2024-08-24,Pending,Unused,False,Not Applicable
1627,11368,22755,2129,2030,396,2024-08-30,17,Refund,Product Not As Expected,Mobile App,Requested,Pending,20311.96,168.96,Pending,,Pending,Opened,False,Not Applicable
1628,11373,22768,3858,2310,453,2024-09-10,21,Refund,Wrong Product,Website,Approved,Processing,3148.69,30.14,Scheduled,2024-09-12,Pending,Damaged,False,Not Applicable
1629,11379,22780,5665,723,145,2024-08-25,9,Refund,Late Delivery,Mobile App,Picked Up,Processing,61434.08,70.58,Completed,2024-08-28,Passed,Used,False,Not Applicable
1630,11384,22791,7247,1926,375,2024-08-26,6,Refund,Damaged Product,Customer Support,Rejected,Not Applicable,0.0,93.36,Failed,,Pending,Opened,False,Not Applicable
1631,11390,22805,9793,333,66,2024-08-20,2,Refund,Wrong Product,Mobile App,Picked Up,Pending,142.85,121.26,Completed,2024-08-22,Pending,Used,False,Not Applicable
1632,11391,22808,302,233,47,2024-08-19,3,Exchange,Wrong Product,Mobile App,Completed,Not Applicable,0.0,88.87,Completed,2024-08-22,Passed,Used,True,Completed
1633,11404,22830,6739,1710,336,2024-08-31,10,Refund,Product Not As Expected,Mobile App,Completed,Completed,32965.36,45.53,Completed,2024-09-01,Passed,Unused,False,Not Applicable
1634,11408,22835,8468,2395,468,2024-09-11,25,Refund,Size/Fit Issue,Website,Pickup Scheduled,Pending,4619.63,114.71,Completed,2024-09-12,Passed,Used,False,Not Applicable
1635,11415,22848,2401,2169,426,2024-09-10,21,Refund,Quality Issue,Website,Approved,Pending,67853.14,32.5,Pending,,Pending,Used,False,Not Applicable
1636,11420,22857,4703,1854,361,2024-08-24,4,Refund,Changed Mind,Website,Pickup Scheduled,Pending,1407.84,142.82,Completed,2024-08-27,Pending,Damaged,False,Not Applicable
1637,11421,22860,5383,1867,364,2024-08-21,4,Refund,Wrong Product,Website,Pickup Scheduled,Pending,10179.81,41.65,Scheduled,2024-08-22,Pending,Unused,False,Not Applicable
1638,11427,22869,873,235,47,2024-08-28,5,Exchange,Product Not As Expected,Website,Completed,Not Applicable,0.0,38.86,Completed,2024-08-31,Pending,Unused,True,Processing
1639,11430,22875,1887,1759,344,2024-09-09,17,Replacement,Damaged Product,Website,Completed,Not Applicable,0.0,95.69,Completed,2024-09-10,Passed,Unused,True,Cancelled
1640,11435,22886,4494,1712,337,2024-09-19,30,Refund,Changed Mind,Mobile App,Picked Up,Processing,6939.3,77.45,Completed,2024-09-20,Passed,Used,False,Not Applicable
1641,11447,22909,1697,2221,434,2024-08-27,4,Replacement,Size/Fit Issue,Website,Pickup Scheduled,Not Applicable,0.0,101.45,Scheduled,2024-08-28,Pending,Used,True,Cancelled
1642,11449,22913,2274,1202,239,2024-09-08,15,Refund,Product Not As Expected,Customer Support,Completed,Completed,5197.69,175.58,Completed,2024-09-09,Passed,Unused,False,Not Applicable
1643,11450,22917,2329,2219,434,2024-09-07,19,Refund,Size/Fit Issue,Mobile App,Pickup Scheduled,Processing,2985.67,37.74,Completed,2024-09-10,Failed,Damaged,False,Not Applicable
1644,11458,22934,8006,1656,326,2024-08-25,3,Refund,Quality Issue,Website,Completed,Completed,4333.65,110.31,Completed,2024-08-28,Pending,Opened,False,Not Applicable
1645,11459,22935,8218,1112,223,2024-09-10,21,Refund,Quality Issue,Customer Support,Approved,Pending,8936.0,46.52,Scheduled,2024-09-11,Pending,Damaged,False,Not Applicable
1646,11468,22957,1107,1677,330,2024-09-15,22,Refund,Quality Issue,Mobile App,Completed,Completed,140410.2,115.62,Completed,2024-09-18,Passed,Unused,False,Not Applicable
1647,11475,22974,4040,805,162,2024-09-19,25,Exchange,Wrong Product,Mobile App,Pickup Scheduled,Not Applicable,0.0,81.26,Completed,2024-09-22,Pending,Used,True,Completed
1648,11481,22984,8200,2210,433,2024-09-02,8,Refund,Damaged Product,Customer Support,Approved,Pending,106336.06,101.23,Pending,,Pending,Damaged,False,Not Applicable
1649,11490,23003,2015,1674,330,2024-09-08,14,Refund,Quality Issue,Mobile App,Picked Up,Pending,31147.25,61.64,Completed,2024-09-10,Passed,Opened,False,Not Applicable
1650,11501,23020,6388,1222,243,2024-09-12,16,Refund,Missing Parts,Website,Pickup Scheduled,Pending,1986.21,76.74,Scheduled,2024-09-13,Pending,Damaged,False,Not Applicable
1651,11502,23021,6540,788,158,2024-09-23,27,Replacement,Product Not As Expected,Mobile App,Completed,Not Applicable,0.0,68.12,Completed,2024-09-24,Passed,Damaged,True,Processing
1652,11504,23025,7182,6,2,2024-08-29,4,Refund,Damaged Product,Mobile App,Rejected,Not Applicable,0.0,145.29,Failed,,Pending,Opened,False,Not Applicable
1653,11506,23032,7588,503,102,2024-09-13,25,Refund,Changed Mind,Website,Completed,Completed,12658.53,41.39,Completed,2024-09-15,Passed,Used,False,Not Applicable
1654,11508,23037,8499,1924,375,2024-09-09,13,Replacement,Product Not As Expected,Mobile App,Completed,Not Applicable,0.0,163.65,Completed,2024-09-12,Passed,Opened,True,Cancelled
1655,11523,23066,8710,2331,457,2024-08-31,6,Exchange,Changed Mind,Website,Approved,Not Applicable,0.0,141.38,Pending,,Pending,Used,True,Completed
1656,11524,23068,137,1515,299,2024-08-30,3,Replacement,Wrong Product,Website,Completed,Not Applicable,0.0,55.34,Completed,2024-08-31,Passed,Used,True,Requested
1657,11525,23070,146,1453,288,2024-09-10,12,Replacement,Changed Mind,Mobile App,Completed,Not Applicable,0.0,169.51,Completed,2024-09-11,Passed,Used,True,Processing
1658,11531,23084,2393,1284,256,2024-09-13,19,Exchange,Changed Mind,Mobile App,Completed,Not Applicable,0.0,106.15,Completed,2024-09-16,Passed,Unused,True,Processing
1659,11535,23092,5954,231,47,2024-09-17,19,Replacement,Damaged Product,Mobile App,Completed,Not Applicable,0.0,175.83,Completed,2024-09-19,Passed,Unused,True,Requested
1660,11542,23105,383,149,29,2024-09-23,29,Replacement,Damaged Product,Website,Approved,Not Applicable,0.0,141.28,Pending,,Pending,Used,True,Requested
1661,11547,23114,3066,799,161,2024-09-23,30,Exchange,Product Not As Expected,Website,Rejected,Not Applicable,0.0,83.22,Failed,,Pending,Damaged,True,Cancelled
1662,11557,23135,8697,1120,224,2024-09-26,27,Refund,Product Not As Expected,Website,Completed,Completed,133797.09,113.56,Completed,2024-09-27,Passed,Unused,False,Not Applicable
1663,11559,23139,9434,942,188,2024-08-26,2,Refund,Changed Mind,Website,Approved,Pending,4017.91,100.75,Pending,,Pending,Unused,False,Not Applicable
1664,11561,23143,548,2467,484,2024-09-19,23,Refund,Product Not As Expected,Website,Pickup Scheduled,Processing,3773.47,143.15,Completed,2024-09-21,Passed,Damaged,False,Not Applicable
1665,11566,23152,2827,1111,223,2024-09-10,10,Replacement,Quality Issue,Mobile App,Completed,Not Applicable,0.0,95.45,Completed,2024-09-11,Passed,Unused,True,Processing
1666,11573,23166,6751,1730,339,2024-09-08,7,Refund,Size/Fit Issue,Mobile App,Completed,Processing,352.42,102.47,Completed,2024-09-11,Passed,Used,False,Not Applicable
1667,11578,23173,7651,2523,495,2024-09-23,22,Replacement,Product Not As Expected,Mobile App,Pickup Scheduled,Not Applicable,0.0,69.24,Scheduled,2024-09-25,Pending,Used,True,Processing
1668,11579,23175,8068,1319,263,2024-09-09,11,Refund,Quality Issue,Mobile App,Pickup Scheduled,Pending,3935.7,173.45,Scheduled,2024-09-10,Pending,Opened,False,Not Applicable
1669,11582,23182,8910,749,150,2024-09-19,21,Refund,Damaged Product,Website,Pickup Scheduled,Processing,28264.27,43.95,Scheduled,2024-09-21,Pending,Unused,False,Not Applicable
1670,11616,23256,6572,1887,368,2024-09-04,2,Refund,Changed Mind,Customer Support,Completed,Completed,3167.07,171.13,Completed,2024-09-06,Passed,Unused,False,Not Applicable
1671,11619,23262,9525,840,167,2024-09-08,5,Replacement,Wrong Product,Mobile App,Picked Up,Not Applicable,0.0,68.74,Completed,2024-09-11,Passed,Used,True,Processing
1672,11626,23276,2801,1785,348,2024-10-01,26,Refund,Changed Mind,Mobile App,Picked Up,Processing,3095.42,33.27,Completed,2024-10-04,Passed,Damaged,False,Not Applicable
1673,11632,23285,4708,2055,403,2024-09-05,2,Replacement,Product Not As Expected,Mobile App,Approved,Not Applicable,0.0,146.13,Pending,,Pending,Opened,True,Processing
1674,11632,23287,4708,2489,488,2024-09-17,14,Refund,Product Not As Expected,Website,Completed,Completed,9591.24,56.47,Completed,2024-09-18,Passed,Opened,False,Not Applicable
1675,11650,23325,4503,1536,304,2024-09-07,2,Replacement,Late Delivery,Website,Pickup Scheduled,Not Applicable,0.0,133.98,Scheduled,2024-09-09,Pending,Unused,True,Cancelled
1676,11656,23333,5963,619,125,2024-09-22,21,Refund,Changed Mind,Website,Approved,Processing,3129.82,82.53,Pending,,Pending,Opened,False,Not Applicable
1677,11658,23337,7286,415,84,2024-09-11,10,Refund,Product Not As Expected,Website,Completed,Completed,29763.09,146.46,Completed,2024-09-13,Passed,Damaged,False,Not Applicable
1678,11658,23338,7286,710,143,2024-09-05,4,Exchange,Late Delivery,Customer Support,Completed,Not Applicable,0.0,94.5,Completed,2024-09-08,Passed,Unused,True,Cancelled
1679,11664,23351,1404,2503,491,2024-09-14,10,Refund,Wrong Product,Mobile App,Picked Up,Processing,1804.89,157.23,Completed,2024-09-16,Pending,Opened,False,Not Applicable
1680,11669,23359,3225,547,110,2024-09-23,21,Exchange,Wrong Product,Mobile App,Approved,Not Applicable,0.0,48.92,Scheduled,2024-09-25,Pending,Used,True,Cancelled
1681,11674,23371,5251,2252,441,2024-09-29,23,Exchange,Product Not As Expected,Mobile App,Pickup Scheduled,Not Applicable,0.0,68.6,Scheduled,2024-10-01,Pending,Unused,True,Processing
1682,11681,23387,9487,619,125,2024-09-15,8,Replacement,Changed Mind,Website,Approved,Not Applicable,0.0,63.19,Pending,,Pending,Damaged,True,Completed
1683,11685,23399,1536,1902,371,2024-09-19,11,Refund,Missing Parts,Mobile App,Approved,Processing,1923.6,79.84,Scheduled,2024-09-21,Pending,Used,False,Not Applicable
1684,11687,23403,2258,1461,290,2024-09-04,1,Exchange,Quality Issue,Customer Support,Pickup Scheduled,Not Applicable,0.0,35.42,Scheduled,2024-09-06,Pending,Opened,True,Completed
1685,11699,23425,8316,1945,379,2024-09-26,21,Refund,Wrong Product,Mobile App,Completed,Completed,368.31,134.22,Completed,2024-09-29,Passed,Damaged,False,Not Applicable
1686,11704,23432,9969,566,115,2024-09-10,6,Refund,Quality Issue,Website,Approved,Processing,2065.54,123.66,Pending,,Pending,Unused,False,Not Applicable
1687,11714,23452,5810,2100,413,2024-09-27,22,Refund,Wrong Product,Mobile App,Rejected,Not Applicable,0.0,55.17,Failed,,Pending,Unused,False,Not Applicable
1688,11716,23454,6925,1485,293,2024-09-27,18,Refund,Quality Issue,Mobile App,Requested,Processing,17003.6,164.14,Pending,,Pending,Opened,False,Not Applicable
1689,11718,23461,8207,1950,380,2024-09-23,17,Refund,Wrong Product,Mobile App,Picked Up,Pending,10771.29,58.89,Scheduled,2024-09-25,Pending,Unused,False,Not Applicable
1690,11720,23465,8902,1166,233,2024-10-04,27,Replacement,Wrong Product,Mobile App,Completed,Not Applicable,0.0,125.21,Completed,2024-10-07,Passed,Damaged,True,Requested
1691,11725,23475,4818,1868,364,2024-10-05,30,Exchange,Changed Mind,Customer Support,Approved,Not Applicable,0.0,52.35,Scheduled,2024-10-07,Pending,Opened,True,Requested
1692,11739,23501,1988,864,172,2024-10-02,27,Refund,Product Not As Expected,Customer Support,Pickup Scheduled,Processing,1959.47,48.0,Completed,2024-10-05,Failed,Damaged,False,Not Applicable
1693,11744,23512,5907,2421,473,2024-09-16,8,Exchange,Changed Mind,Mobile App,Picked Up,Not Applicable,0.0,35.92,Scheduled,2024-09-18,Pending,Used,True,Completed
1694,11759,23543,4284,2033,397,2024-09-16,11,Replacement,Changed Mind,Mobile App,Approved,Not Applicable,0.0,70.69,Pending,,Pending,Opened,True,Completed
1695,11766,23555,7319,919,184,2024-09-28,20,Refund,Damaged Product,Mobile App,Pickup Scheduled,Processing,1735.39,133.25,Scheduled,2024-09-30,Pending,Damaged,False,Not Applicable
1696,11778,23582,3460,2095,413,2024-10-08,29,Exchange,Damaged Product,Website,Completed,Not Applicable,0.0,42.1,Completed,2024-10-09,Pending,Damaged,True,Cancelled
1697,11786,23600,6749,1021,205,2024-09-30,24,Refund,Product Not As Expected,Website,Completed,Completed,13442.85,174.95,Completed,2024-10-02,Passed,Damaged,False,Not Applicable
1698,11793,23615,8492,295,59,2024-10-09,30,Refund,Wrong Product,Mobile App,Completed,Completed,1801.04,156.93,Completed,2024-10-12,Passed,Damaged,False,Not Applicable
1699,11794,23617,9041,304,60,2024-09-13,3,Replacement,Product Not As Expected,Website,Pickup Scheduled,Not Applicable,0.0,49.99,Completed,2024-09-16,Passed,Used,True,Processing
1700,11802,23635,4364,1106,222,2024-09-12,4,Replacement,Quality Issue,Mobile App,Picked Up,Not Applicable,0.0,179.29,Scheduled,2024-09-14,Pending,Used,True,Cancelled
1701,11834,23695,7610,349,69,2024-09-20,8,Replacement,Product Not As Expected,Mobile App,Pickup Scheduled,Not Applicable,0.0,136.85,Completed,2024-09-23,Pending,Unused,True,Requested
1702,11837,23701,9402,2171,426,2024-09-30,20,Refund,Product Not As Expected,Website,Approved,Pending,90759.74,105.78,Scheduled,2024-10-03,Pending,Opened,False,Not Applicable
1703,11844,23716,2430,2342,459,2024-10-02,18,Replacement,Wrong Product,Mobile App,Approved,Not Applicable,0.0,119.42,Scheduled,2024-10-03,Pending,Damaged,True,Cancelled
1704,11848,23725,3821,357,70,2024-10-08,23,Refund,Product Not As Expected,Website,Requested,Pending,17383.77,136.98,Pending,,Pending,Unused,False,Not Applicable
1705,11856,23744,8541,1635,323,2024-09-22,12,Refund,Changed Mind,Mobile App,Approved,Processing,1671.78,127.88,Pending,,Pending,Opened,False,Not Applicable
1706,11865,23764,4035,2178,427,2024-09-26,10,Replacement,Late Delivery,Mobile App,Picked Up,Not Applicable,0.0,124.43,Scheduled,2024-09-28,Pending,Damaged,True,Requested
1707,11882,23800,169,1470,291,2024-09-15,5,Refund,Quality Issue,Website,Approved,Processing,4601.37,139.15,Scheduled,2024-09-18,Pending,Damaged,False,Not Applicable
1708,11885,23804,1575,1192,238,2024-10-02,18,Replacement,Product Not As Expected,Mobile App,Completed,Not Applicable,0.0,156.17,Completed,2024-10-05,Passed,Used,True,Cancelled
1709,11888,23810,2611,1860,362,2024-10-06,22,Refund,Product Not As Expected,Website,Approved,Pending,3691.07,46.1,Scheduled,2024-10-09,Pending,Opened,False,Not Applicable
1710,11892,23819,4405,2241,438,2024-09-25,11,Refund,Quality Issue,Mobile App,Completed,Completed,2896.99,39.25,Completed,2024-09-26,Failed,Damaged,False,Not Applicable
1711,11895,23826,7293,647,131,2024-09-23,9,Refund,Product Not As Expected,Customer Support,Picked Up,Pending,15451.34,141.13,Completed,2024-09-26,Pending,Opened,False,Not Applicable
1712,11908,23851,3561,871,174,2024-09-14,3,Exchange,Product Not As Expected,Website,Completed,Not Applicable,0.0,73.87,Completed,2024-09-17,Failed,Damaged,True,Completed
1713,11910,23855,4652,215,43,2024-10-08,22,Refund,Product Not As Expected,Website,Approved,Pending,7081.74,106.4,Pending,,Pending,Damaged,False,Not Applicable
1714,11929,23889,4698,1562,309,2024-10-14,29,Refund,Product Not As Expected,Mobile App,Requested,Pending,13252.77,149.61,Pending,,Pending,Opened,False,Not Applicable
1715,11946,23920,162,1495,295,2024-09-22,4,Exchange,Product Not As Expected,Website,Completed,Not Applicable,0.0,90.47,Completed,2024-09-25,Passed,Damaged,True,Completed
1716,11949,23924,1146,922,184,2024-10-07,22,Refund,Wrong Product,Mobile App,Approved,Pending,1315.38,114.3,Pending,,Pending,Unused,False,Not Applicable
1717,11968,23962,1293,58,12,2024-09-19,1,Refund,Missing Parts,Website,Picked Up,Processing,356102.34,37.54,Scheduled,2024-09-21,Pending,Used,False,Not Applicable
1718,11995,24016,4188,1094,219,2024-10-04,14,Refund,Damaged Product,Mobile App,Picked Up,Processing,1191.99,95.79,Completed,2024-10-06,Passed,Opened,False,Not Applicable
1719,12008,24040,8404,1548,306,2024-09-16,2,Refund,Wrong Product,Mobile App,Requested,Pending,12564.88,78.31,Scheduled,2024-09-17,Pending,Damaged,False,Not Applicable
1720,12009,24042,8479,2050,402,2024-10-15,24,Refund,Wrong Product,Mobile App,Picked Up,Pending,19062.11,45.47,Completed,2024-10-17,Pending,Damaged,False,Not Applicable
1721,12011,24047,9186,224,46,2024-10-09,25,Refund,Quality Issue,Website,Approved,Pending,2890.42,77.07,Scheduled,2024-10-12,Pending,Damaged,False,Not Applicable
1722,12025,24079,265,626,126,2024-10-07,16,Replacement,Late Delivery,Website,Rejected,Not Applicable,0.0,148.64,Failed,,Pending,Used,True,Requested
1723,12033,24094,3946,694,140,2024-10-10,15,Replacement,Product Not As Expected,Customer Support,Completed,Not Applicable,0.0,81.84,Completed,2024-10-12,Passed,Damaged,True,Processing
1724,12034,24096,4325,1401,279,2024-10-11,20,Refund,Quality Issue,Mobile App,Requested,Pending,1255.22,96.31,Pending,,Pending,Damaged,False,Not Applicable
1725,12044,24111,8719,285,57,2024-10-08,17,Replacement,Changed Mind,Mobile App,Pickup Scheduled,Not Applicable,0.0,59.37,Completed,2024-10-09,Passed,Unused,True,Completed
1726,12066,24153,7262,1971,384,2024-10-12,17,Refund,Changed Mind,Website,Approved,Pending,3605.85,93.51,Scheduled,2024-10-15,Pending,Unused,False,Not Applicable
1727,12069,24158,9364,2001,390,2024-10-08,13,Refund,Quality Issue,Website,Pickup Scheduled,Processing,8307.05,73.59,Scheduled,2024-10-11,Pending,Used,False,Not Applicable
1728,12076,24168,2081,856,171,2024-09-25,2,Refund,Size/Fit Issue,Mobile App,Completed,Completed,32450.52,52.69,Completed,2024-09-27,Passed,Damaged,False,Not Applicable
1729,12079,24174,3432,463,95,2024-09-25,1,Refund,Wrong Product,Website,Completed,Pending,3404.49,116.98,Completed,2024-09-26,Passed,Used,False,Not Applicable
1730,12088,24190,9584,749,150,2024-10-02,9,Refund,Wrong Product,Mobile App,Completed,Completed,56528.54,35.09,Completed,2024-10-04,Passed,Used,False,Not Applicable
1731,12091,24198,2337,2033,397,2024-10-14,21,Refund,Wrong Product,Website,Completed,Completed,11717.66,168.05,Completed,2024-10-17,Passed,Unused,False,Not Applicable
1732,12096,24210,3537,34,7,2024-10-18,24,Refund,Quality Issue,Website,Pickup Scheduled,Pending,1042.15,90.21,Completed,2024-10-20,Passed,Damaged,False,Not Applicable
1733,12100,24219,6746,2273,446,2024-10-15,23,Exchange,Late Delivery,Website,Completed,Not Applicable,0.0,124.79,Completed,2024-10-18,Passed,Damaged,True,Cancelled
1734,12102,24222,7165,1598,317,2024-10-17,19,Refund,Wrong Product,Website,Completed,Completed,1740.04,153.7,Completed,2024-10-19,Passed,Damaged,False,Not Applicable
1735,12106,24231,7891,88,17,2024-10-27,28,Replacement,Damaged Product,Website,Approved,Not Applicable,0.0,45.17,Pending,,Pending,Used,True,Requested
1736,12117,24255,2290,2139,420,2024-09-26,2,Replacement,Late Delivery,Website,Completed,Not Applicable,0.0,43.43,Completed,2024-09-27,Passed,Opened,True,Processing
1737,12119,24259,2828,645,130,2024-09-30,9,Refund,Wrong Product,Mobile App,Completed,Completed,2332.71,79.95,Completed,2024-10-02,Passed,Damaged,False,Not Applicable
1738,12131,24283,8853,954,191,2024-10-17,20,Refund,Damaged Product,Mobile App,Completed,Processing,9616.9,66.98,Completed,2024-10-20,Passed,Damaged,False,Not Applicable
1739,12134,24290,1590,2046,401,2024-10-27,26,Refund,Wrong Product,Mobile App,Completed,Processing,9331.28,95.3,Completed,2024-10-29,Pending,Opened,False,Not Applicable
1740,12145,24306,5528,1263,252,2024-09-29,1,Refund,Changed Mind,Website,Pickup Scheduled,Processing,4279.29,30.99,Scheduled,2024-10-01,Pending,Used,False,Not Applicable
1741,12173,24360,9162,1322,263,2024-10-12,14,Refund,Changed Mind,Mobile App,Completed,Completed,628.2,91.33,Completed,2024-10-15,Passed,Damaged,False,Not Applicable
1742,12175,24364,9471,1752,343,2024-10-20,22,Refund,Changed Mind,Website,Pickup Scheduled,Pending,5560.84,41.35,Scheduled,2024-10-21,Pending,Opened,False,Not Applicable
1743,12188,24388,6585,548,111,2024-10-08,8,Refund,Wrong Product,Website,Picked Up,Pending,2461.68,71.4,Completed,2024-10-09,Pending,Used,False,Not Applicable
1744,12196,24403,1020,1471,291,2024-10-15,13,Replacement,Product Not As Expected,Website,Requested,Not Applicable,0.0,38.94,Pending,,Pending,Damaged,True,Completed
1745,12208,24430,6126,2207,432,2024-10-09,10,Refund,Product Not As Expected,Website,Pickup Scheduled,Processing,11610.72,136.36,Scheduled,2024-10-11,Pending,Opened,False,Not Applicable
1746,12210,24432,6615,1441,286,2024-10-22,19,Exchange,Quality Issue,Mobile App,Picked Up,Not Applicable,0.0,177.09,Completed,2024-10-25,Passed,Used,True,Requested
1747,12214,24440,8252,2042,400,2024-10-04,8,Refund,Product Not As Expected,Mobile App,Approved,Processing,28916.84,59.25,Pending,,Pending,Unused,False,Not Applicable
1748,12215,24441,8834,276,56,2024-10-30,29,Exchange,Wrong Product,Mobile App,Requested,Not Applicable,0.0,102.36,Scheduled,2024-10-31,Pending,Damaged,True,Requested
1749,12222,24454,3560,743,149,2024-10-06,6,Refund,Wrong Product,Customer Support,Picked Up,Pending,15417.63,116.23,Scheduled,2024-10-07,Pending,Opened,False,Not Applicable
1750,12237,24484,2060,511,104,2024-10-31,27,Replacement,Damaged Product,Website,Completed,Not Applicable,0.0,91.66,Completed,2024-11-02,Passed,Opened,True,Cancelled
1751,12243,24497,4737,2290,449,2024-10-29,24,Refund,Wrong Product,Website,Picked Up,Pending,3701.78,148.43,Scheduled,2024-10-30,Pending,Damaged,False,Not Applicable
1752,12248,24505,5343,2265,444,2024-10-07,7,Refund,Quality Issue,Website,Approved,Processing,1957.32,37.31,Scheduled,2024-10-08,Pending,Unused,False,Not Applicable
1753,12249,24507,5628,1707,335,2024-10-28,29,Replacement,Damaged Product,Mobile App,Approved,Not Applicable,0.0,177.93,Pending,,Pending,Damaged,True,Processing
1754,12256,24520,8724,2055,403,2024-10-21,18,Exchange,Size/Fit Issue,Mobile App,Approved,Not Applicable,0.0,120.31,Pending,,Pending,Damaged,True,Requested
1755,12261,24531,1092,2211,433,2024-10-09,3,Refund,Wrong Product,Website,Completed,Completed,34265.78,149.69,Completed,2024-10-11,Passed,Damaged,False,Not Applicable
1756,12276,24566,8579,455,93,2024-10-18,16,Refund,Damaged Product,Mobile App,Pickup Scheduled,Processing,16612.26,54.48,Completed,2024-10-21,Passed,Used,False,Not Applicable
1757,12296,24610,7541,2236,437,2024-10-16,14,Refund,Quality Issue,Website,Pickup Scheduled,Processing,198311.58,68.12,Completed,2024-10-19,Passed,Opened,False,Not Applicable
1758,12312,24638,6871,2422,473,2024-10-06,3,Refund,Product Not As Expected,Customer Support,Completed,Completed,2715.84,138.42,Completed,2024-10-08,Passed,Damaged,False,Not Applicable
1759,12316,24644,8738,1320,263,2024-10-22,14,Replacement,Product Not As Expected,Mobile App,Approved,Not Applicable,0.0,161.78,Pending,,Pending,Unused,True,Completed
1760,12322,24654,1637,2316,454,2024-10-22,14,Replacement,Changed Mind,Website,Completed,Not Applicable,0.0,38.22,Completed,2024-10-23,Passed,Used,True,Cancelled
1761,12334,24678,1868,2402,469,2024-10-08,2,Replacement,Quality Issue,Mobile App,Completed,Not Applicable,0.0,169.7,Completed,2024-10-11,Passed,Damaged,True,Requested
1762,12342,24690,5336,2277,447,2024-10-23,16,Refund,Wrong Product,Mobile App,Picked Up,Processing,3333.87,177.59,Scheduled,2024-10-24,Pending,Opened,False,Not Applicable
1763,12357,24715,1518,682,138,2024-11-03,26,Replacement,Quality Issue,Mobile App,Picked Up,Not Applicable,0.0,32.78,Scheduled,2024-11-06,Pending,Opened,True,Cancelled
1764,12365,24730,5627,1284,256,2024-10-18,12,Refund,Size/Fit Issue,Website,Picked Up,Processing,28379.7,105.8,Scheduled,2024-10-20,Pending,Damaged,False,Not Applicable
1765,12388,24782,8492,212,42,2024-10-30,23,Replacement,Quality Issue,Customer Support,Approved,Not Applicable,0.0,133.36,Scheduled,2024-10-31,Pending,Damaged,True,Processing
1766,12399,24802,5781,1194,238,2024-10-18,9,Refund,Missing Parts,Website,Pickup Scheduled,Processing,43206.36,39.83,Scheduled,2024-10-20,Pending,Damaged,False,Not Applicable
1767,12423,24845,5690,1568,310,2024-10-30,19,Refund,Wrong Product,Mobile App,Approved,Pending,1270.7,37.61,Pending,,Pending,Opened,False,Not Applicable
1768,12424,24846,5810,893,179,2024-10-24,11,Refund,Product Not As Expected,Mobile App,Completed,Completed,3827.87,71.84,Completed,2024-10-26,Failed,Damaged,False,Not Applicable
1769,12430,24859,8597,974,195,2024-10-28,16,Replacement,Quality Issue,Website,Picked Up,Not Applicable,0.0,61.08,Completed,2024-10-29,Failed,Damaged,True,Completed
1770,12442,24884,5810,2282,448,2024-10-17,4,Replacement,Changed Mind,Website,Requested,Not Applicable,0.0,59.6,Scheduled,2024-10-19,Pending,Opened,True,Requested
1771,12448,24894,9452,2129,418,2024-10-23,9,Refund,Wrong Product,Website,Pickup Scheduled,Processing,1479.8,162.35,Completed,2024-10-24,Passed,Damaged,False,Not Applicable
1772,12449,24895,9468,178,36,2024-10-26,11,Exchange,Quality Issue,Website,Completed,Not Applicable,0.0,112.77,Completed,2024-10-29,Passed,Opened,True,Completed
1773,12465,24920,5879,1359,270,2024-10-27,12,Refund,Wrong Product,Website,Approved,Pending,16430.88,96.94,Pending,,Pending,Unused,False,Not Applicable
1774,12465,24921,5879,1521,300,2024-10-29,14,Refund,Size/Fit Issue,Website,Completed,Completed,1709.14,43.59,Completed,2024-10-31,Passed,Opened,False,Not Applicable
1775,12473,24936,8659,1342,267,2024-10-28,16,Refund,Product Not As Expected,Mobile App,Requested,Pending,24457.98,34.12,Scheduled,2024-10-31,Pending,Opened,False,Not Applicable
1776,12475,24940,14,1939,378,2024-10-18,1,Refund,Late Delivery,Mobile App,Completed,Completed,4441.38,97.31,Completed,2024-10-19,Passed,Used,False,Not Applicable
1777,12480,24949,965,2035,398,2024-10-29,14,Exchange,Late Delivery,Website,Completed,Not Applicable,0.0,151.06,Completed,2024-10-30,Passed,Opened,True,Cancelled
1778,12482,24953,1476,721,145,2024-10-31,15,Exchange,Product Not As Expected,Website,Completed,Not Applicable,0.0,77.07,Completed,2024-11-03,Passed,Unused,True,Processing
1779,12506,25002,326,1416,282,2024-10-18,1,Refund,Product Not As Expected,Mobile App,Completed,Completed,178.67,88.14,Completed,2024-10-20,Passed,Unused,False,Not Applicable
1780,12511,25012,4725,1677,330,2024-11-11,29,Refund,Product Not As Expected,Mobile App,Requested,Processing,88926.46,87.76,Scheduled,2024-11-14,Pending,Damaged,False,Not Applicable
1781,12515,25021,7469,2540,498,2024-11-12,29,Refund,Quality Issue,Mobile App,Completed,Processing,14891.33,174.93,Completed,2024-11-14,Passed,Unused,False,Not Applicable
1782,12522,25036,2234,1966,383,2024-11-09,22,Refund,Size/Fit Issue,Mobile App,Picked Up,Pending,4057.97,146.38,Completed,2024-11-10,Passed,Unused,False,Not Applicable
1783,12529,25049,6113,2334,458,2024-11-15,29,Refund,Product Not As Expected,Mobile App,Completed,Completed,1214.71,84.33,Completed,2024-11-17,Passed,Opened,False,Not Applicable
1784,12539,25070,2083,730,147,2024-10-27,3,Replacement,Changed Mind,Website,Completed,Not Applicable,0.0,145.11,Completed,2024-10-29,Failed,Damaged,True,Completed
1785,12547,25085,5183,419,85,2024-10-23,1,Refund,Wrong Product,Website,Pickup Scheduled,Processing,1463.78,126.65,Completed,2024-10-24,Passed,Opened,False,Not Applicable
1786,12552,25096,7674,2513,493,2024-11-07,16,Replacement,Product Not As Expected,Website,Picked Up,Not Applicable,0.0,97.91,Completed,2024-11-09,Passed,Damaged,True,Processing
1787,12553,25097,8614,740,148,2024-10-29,8,Refund,Wrong Product,Website,Approved,Processing,4109.57,49.02,Pending,,Pending,Damaged,False,Not Applicable
1788,12558,25105,2817,560,113,2024-11-07,20,Refund,Changed Mind,Website,Approved,Pending,3302.62,81.38,Scheduled,2024-11-09,Pending,Opened,False,Not Applicable
1789,12563,25120,5087,436,90,2024-11-03,12,Replacement,Damaged Product,Website,Pickup Scheduled,Not Applicable,0.0,147.76,Completed,2024-11-05,Pending,Used,True,Completed
1790,12565,25125,5241,1650,325,2024-11-18,26,Refund,Wrong Product,Mobile App,Completed,Completed,1367.85,84.0,Completed,2024-11-21,Pending,Unused,False,Not Applicable
1791,12580,25156,1580,1537,304,2024-11-19,29,Exchange,Late Delivery,Website,Requested,Not Applicable,0.0,54.08,Pending,,Pending,Unused,True,Cancelled
1792,12602,25200,6348,180,36,2024-11-06,16,Replacement,Wrong Product,Mobile App,Pickup Scheduled,Not Applicable,0.0,132.11,Scheduled,2024-11-08,Pending,Damaged,True,Cancelled
1793,12606,25207,8327,101,19,2024-10-30,4,Refund,Product Not As Expected,Website,Completed,Pending,1711.71,81.47,Completed,2024-11-02,Passed,Opened,False,Not Applicable
1794,12606,25209,8327,1354,269,2024-11-08,13,Replacement,Late Delivery,Mobile App,Pickup Scheduled,Not Applicable,0.0,38.02,Scheduled,2024-11-10,Pending,Opened,True,Processing
1795,12610,25216,618,1300,259,2024-10-21,3,Refund,Quality Issue,Website,Completed,Completed,63070.98,74.95,Completed,2024-10-22,Passed,Damaged,False,Not Applicable
1796,12645,25283,529,793,159,2024-11-05,8,Refund,Damaged Product,Website,Rejected,Not Applicable,0.0,148.55,Failed,,Pending,Damaged,False,Not Applicable
1797,12646,25285,1014,1524,301,2024-11-10,15,Refund,Changed Mind,Mobile App,Completed,Pending,2462.72,93.68,Completed,2024-11-12,Passed,Opened,False,Not Applicable
1798,12656,25305,3505,1794,350,2024-11-01,6,Replacement,Changed Mind,Mobile App,Rejected,Not Applicable,0.0,68.57,Failed,,Pending,Damaged,True,Cancelled
1799,12657,25309,4244,2278,447,2024-10-29,1,Refund,Changed Mind,Website,Completed,Completed,696.33,45.05,Completed,2024-10-31,Passed,Used,False,Not Applicable
1800,12659,25313,5538,2163,425,2024-10-23,1,Refund,Size/Fit Issue,Mobile App,Approved,Pending,1342.35,119.27,Pending,,Pending,Opened,False,Not Applicable
1801,12666,25328,8087,1361,270,2024-11-10,19,Refund,Size/Fit Issue,Website,Approved,Pending,43183.86,106.67,Pending,,Pending,Used,False,Not Applicable
1802,12678,25346,5123,1437,285,2024-11-07,16,Exchange,Size/Fit Issue,Website,Requested,Not Applicable,0.0,65.41,Scheduled,2024-11-08,Pending,Damaged,True,Processing
1803,12680,25352,5416,1253,250,2024-11-16,22,Replacement,Changed Mind,Mobile App,Approved,Not Applicable,0.0,172.39,Pending,,Pending,Opened,True,Processing
1804,12695,25377,4063,33,7,2024-11-18,26,Refund,Wrong Product,Mobile App,Pickup Scheduled,Processing,11273.06,115.83,Scheduled,2024-11-19,Pending,Unused,False,Not Applicable
1805,12699,25384,5606,604,122,2024-11-02,5,Refund,Changed Mind,Website,Completed,Completed,1567.92,179.5,Completed,2024-11-04,Passed,Damaged,False,Not Applicable
1806,12719,25424,5465,2293,449,2024-11-13,18,Refund,Changed Mind,Website,Requested,Processing,4829.22,113.5,Scheduled,2024-11-15,Pending,Unused,False,Not Applicable
1807,12729,25449,9392,281,56,2024-11-14,12,Replacement,Wrong Product,Mobile App,Requested,Not Applicable,0.0,161.66,Scheduled,2024-11-15,Pending,Damaged,True,Completed
1808,12739,25467,4456,548,111,2024-11-11,14,Refund,Damaged Product,Mobile App,Completed,Completed,1230.84,119.4,Completed,2024-11-12,Passed,Opened,False,Not Applicable
1809,12740,25472,4653,2256,442,2024-11-09,9,Refund,Damaged Product,Mobile App,Picked Up,Pending,129345.73,82.18,Completed,2024-11-11,Pending,Damaged,False,Not Applicable
1810,12744,25479,9592,513,104,2024-11-23,29,Refund,Quality Issue,Mobile App,Picked Up,Processing,3597.02,109.42,Completed,2024-11-25,Passed,Unused,False,Not Applicable
1811,12758,25512,5312,1820,355,2024-11-16,19,Refund,Quality Issue,Website,Approved,Processing,4446.5,56.45,Pending,,Pending,Unused,False,Not Applicable
1812,12768,25533,3490,37,8,2024-11-22,21,Refund,Size/Fit Issue,Mobile App,Approved,Processing,1814.08,162.75,Scheduled,2024-11-25,Pending,Used,False,Not Applicable
1813,12792,25584,8562,30,6,2024-10-31,2,Replacement,Wrong Product,Website,Pickup Scheduled,Not Applicable,0.0,143.47,Completed,2024-11-01,Passed,Opened,True,Requested
1814,12793,25586,9173,430,88,2024-11-20,23,Replacement,Product Not As Expected,Mobile App,Completed,Not Applicable,0.0,87.57,Completed,2024-11-23,Passed,Damaged,True,Requested
1815,12797,25595,1792,1938,378,2024-11-24,27,Exchange,Damaged Product,Mobile App,Completed,Not Applicable,0.0,53.97,Completed,2024-11-26,Pending,Damaged,True,Requested
1816,12802,25604,3537,1631,322,2024-12-01,28,Refund,Quality Issue,Customer Support,Completed,Completed,14120.89,111.29,Completed,2024-12-03,Passed,Unused,False,Not Applicable
1817,12806,25614,4315,2544,499,2024-11-28,23,Refund,Wrong Product,Mobile App,Picked Up,Processing,2892.26,79.42,Scheduled,2024-11-29,Pending,Opened,False,Not Applicable
1818,12814,25627,8611,96,18,2024-11-13,12,Refund,Damaged Product,Website,Rejected,Not Applicable,0.0,43.17,Failed,,Pending,Used,False,Not Applicable
1819,12815,25628,9184,821,165,2024-11-27,24,Refund,Missing Parts,Mobile App,Approved,Pending,11386.28,176.63,Scheduled,2024-11-29,Pending,Unused,False,Not Applicable
1820,12827,25649,6493,680,137,2024-12-03,30,Refund,Changed Mind,Website,Pickup Scheduled,Processing,3513.11,59.8,Scheduled,2024-12-05,Pending,Damaged,False,Not Applicable
1821,12833,25663,9296,2534,497,2024-11-12,8,Replacement,Quality Issue,Website,Pickup Scheduled,Not Applicable,0.0,131.7,Completed,2024-11-14,Passed,Damaged,True,Completed
1822,12848,25693,1136,535,109,2024-11-13,7,Refund,Changed Mind,Mobile App,Approved,Pending,5378.91,129.21,Pending,,Pending,Unused,False,Not Applicable
1823,12852,25700,2275,259,53,2024-11-04,1,Refund,Late Delivery,Customer Support,Pickup Scheduled,Processing,908.19,151.77,Completed,2024-11-07,Passed,Unused,False,Not Applicable
1824,12858,25710,6818,978,196,2024-11-14,7,Exchange,Late Delivery,Mobile App,Picked Up,Not Applicable,0.0,114.64,Scheduled,2024-11-15,Pending,Opened,True,Requested
1825,12858,25711,6818,1126,225,2024-11-27,20,Replacement,Changed Mind,Mobile App,Picked Up,Not Applicable,0.0,44.89,Completed,2024-11-28,Passed,Damaged,True,Completed
1826,12868,25728,1788,1406,280,2024-11-17,14,Refund,Wrong Product,Mobile App,Picked Up,Processing,1959.0,118.2,Scheduled,2024-11-18,Pending,Damaged,False,Not Applicable
1827,12876,25749,6570,1814,354,2024-11-09,4,Refund,Damaged Product,Mobile App,Requested,Pending,3786.1,68.61,Scheduled,2024-11-12,Pending,Used,False,Not Applicable
1828,12893,25777,7283,89,17,2024-12-02,23,Refund,Quality Issue,Mobile App,Completed,Completed,16003.92,125.31,Completed,2024-12-05,Passed,Damaged,False,Not Applicable
1829,12895,25782,8951,717,144,2024-11-29,23,Refund,Product Not As Expected,Website,Picked Up,Pending,40615.8,33.47,Completed,2024-11-30,Pending,Damaged,False,Not Applicable
1830,12899,25792,9949,308,61,2024-11-30,27,Refund,Changed Mind,Website,Rejected,Not Applicable,0.0,177.33,Failed,,Pending,Damaged,False,Not Applicable
1831,12906,25808,5654,2447,479,2024-11-27,21,Replacement,Product Not As Expected,Mobile App,Picked Up,Not Applicable,0.0,108.13,Completed,2024-11-28,Failed,Damaged,True,Cancelled
1832,12919,25836,999,2096,413,2024-11-26,15,Refund,Changed Mind,Mobile App,Rejected,Not Applicable,0.0,36.55,Failed,,Pending,Used,False,Not Applicable
1833,12939,25871,639,1335,266,2024-12-12,30,Refund,Size/Fit Issue,Website,Picked Up,Pending,4252.31,30.61,Completed,2024-12-13,Passed,Used,False,Not Applicable
1834,12940,25873,1103,1416,282,2024-11-14,3,Refund,Quality Issue,Website,Pickup Scheduled,Pending,169.74,114.98,Completed,2024-11-15,Passed,Unused,False,Not Applicable
1835,12941,25875,1189,2138,420,2024-11-29,20,Refund,Product Not As Expected,Website,Pickup Scheduled,Processing,23928.96,170.32,Completed,2024-12-01,Failed,Damaged,False,Not Applicable
1836,12942,25877,1213,1589,314,2024-11-21,16,Replacement,Product Not As Expected,Mobile App,Completed,Not Applicable,0.0,150.66,Completed,2024-11-24,Passed,Used,True,Processing
1837,12942,25878,1213,2275,446,2024-11-26,21,Refund,Damaged Product,Mobile App,Completed,Completed,8270.68,132.98,Completed,2024-11-29,Passed,Damaged,False,Not Applicable
1838,12943,25880,1235,1196,238,2024-12-02,25,Exchange,Product Not As Expected,Customer Support,Approved,Not Applicable,0.0,142.42,Scheduled,2024-12-04,Pending,Unused,True,Requested
1839,12943,25881,1235,2357,462,2024-11-25,18,Replacement,Wrong Product,Website,Pickup Scheduled,Not Applicable,0.0,125.9,Completed,2024-11-26,Passed,Used,True,Requested
1840,12952,25900,5417,663,133,2024-11-20,11,Exchange,Changed Mind,Website,Approved,Not Applicable,0.0,32.23,Scheduled,2024-11-21,Pending,Unused,True,Cancelled
1841,12960,25920,7349,1380,275,2024-11-20,12,Replacement,Late Delivery,Website,Approved,Not Applicable,0.0,150.87,Pending,,Pending,Opened,True,Requested
1842,12984,25970,4537,352,69,2024-11-30,15,Replacement,Wrong Product,Mobile App,Completed,Not Applicable,0.0,177.64,Completed,2024-12-03,Passed,Used,True,Completed
1843,12987,25975,5571,424,86,2024-12-05,21,Refund,Missing Parts,Mobile App,Approved,Processing,8464.85,72.63,Scheduled,2024-12-06,Pending,Opened,False,Not Applicable
1844,12987,25977,5571,1850,361,2024-12-05,21,Refund,Size/Fit Issue,Mobile App,Picked Up,Processing,1728.47,163.84,Scheduled,2024-12-07,Pending,Used,False,Not Applicable
1845,12993,25988,8729,960,192,2024-12-07,25,Refund,Damaged Product,Mobile App,Completed,Completed,2435.84,65.8,Completed,2024-12-10,Passed,Used,False,Not Applicable
1846,13012,26025,1212,805,162,2024-11-16,1,Replacement,Size/Fit Issue,Website,Completed,Not Applicable,0.0,96.57,Completed,2024-11-17,Passed,Opened,True,Processing
1847,13032,26072,27,1888,368,2024-11-24,14,Replacement,Quality Issue,Website,Pickup Scheduled,Not Applicable,0.0,157.84,Completed,2024-11-25,Passed,Used,True,Cancelled
1848,13043,26096,5465,2082,410,2024-11-21,4,Replacement,Wrong Product,Mobile App,Completed,Not Applicable,0.0,38.46,Completed,2024-11-24,Passed,Used,True,Cancelled
1849,13043,26097,5465,2517,494,2024-11-21,4,Replacement,Changed Mind,Website,Completed,Not Applicable,0.0,44.33,Completed,2024-11-24,Pending,Damaged,True,Processing
1850,13058,26130,997,2016,393,2024-11-22,11,Refund,Wrong Product,Mobile App,Approved,Processing,40118.16,151.38,Scheduled,2024-11-25,Pending,Used,False,Not Applicable
1851,13068,26150,5861,2526,496,2024-11-28,12,Refund,Product Not As Expected,Website,Completed,Pending,37039.78,164.35,Completed,2024-11-30,Pending,Unused,False,Not Applicable
1852,13082,26179,1725,834,167,2024-11-25,9,Refund,Wrong Product,Mobile App,Rejected,Not Applicable,0.0,88.83,Failed,,Pending,Opened,False,Not Applicable
1853,13095,26199,6335,305,61,2024-12-10,25,Replacement,Damaged Product,Mobile App,Approved,Not Applicable,0.0,76.59,Scheduled,2024-12-12,Pending,Opened,True,Requested
1854,13095,26201,6335,2022,394,2024-11-29,14,Replacement,Quality Issue,Mobile App,Completed,Not Applicable,0.0,60.58,Completed,2024-12-01,Passed,Unused,True,Completed
1855,13098,26206,7298,1904,371,2024-12-05,16,Replacement,Product Not As Expected,Mobile App,Requested,Not Applicable,0.0,46.71,Pending,,Pending,Unused,True,Cancelled
1856,13102,26213,8762,1268,253,2024-11-28,13,Refund,Missing Parts,Mobile App,Completed,Completed,122454.77,70.38,Completed,2024-11-29,Passed,Unused,False,Not Applicable
1857,13113,26235,3560,1162,233,2024-11-24,5,Refund,Late Delivery,Mobile App,Completed,Completed,36345.06,136.82,Completed,2024-11-26,Passed,Used,False,Not Applicable
1858,13133,26272,525,43,9,2024-11-29,11,Refund,Damaged Product,Mobile App,Completed,Completed,3901.36,142.85,Completed,2024-12-02,Passed,Used,False,Not Applicable
1859,13136,26280,4609,1535,304,2024-12-17,26,Refund,Product Not As Expected,Website,Picked Up,Pending,11029.67,125.8,Scheduled,2024-12-19,Pending,Damaged,False,Not Applicable
1860,13139,26289,5465,524,106,2024-11-28,8,Refund,Damaged Product,Mobile App,Picked Up,Processing,46890.42,140.05,Scheduled,2024-11-30,Pending,Damaged,False,Not Applicable
1861,13152,26313,9310,1135,227,2024-12-07,17,Replacement,Product Not As Expected,Mobile App,Pickup Scheduled,Not Applicable,0.0,159.02,Completed,2024-12-10,Pending,Used,True,Completed
1862,13159,26329,4407,1335,266,2024-11-18,1,Refund,Wrong Product,Website,Picked Up,Processing,3779.83,102.68,Scheduled,2024-11-20,Pending,Damaged,False,Not Applicable
1863,13163,26336,6404,368,72,2024-11-29,8,Refund,Wrong Product,Website,Requested,Processing,7624.54,82.13,Pending,,Pending,Damaged,False,Not Applicable
1864,13172,26354,584,302,60,2024-11-19,1,Refund,Product Not As Expected,Mobile App,Completed,Processing,30107.5,96.46,Completed,2024-11-22,Passed,Opened,False,Not Applicable
1865,13205,26420,3217,1125,225,2024-12-13,23,Refund,Wrong Product,Website,Completed,Pending,19352.08,121.97,Completed,2024-12-15,Passed,Opened,False,Not Applicable
1866,13222,26453,2325,918,184,2024-12-04,12,Refund,Changed Mind,Website,Approved,Pending,2918.62,170.58,Scheduled,2024-12-05,Pending,Used,False,Not Applicable
1867,13246,26502,1998,1261,252,2024-12-20,29,Replacement,Product Not As Expected,Website,Completed,Not Applicable,0.0,48.3,Completed,2024-12-23,Passed,Opened,True,Cancelled
1868,13253,26514,7036,1300,259,2024-12-09,13,Replacement,Missing Parts,Website,Picked Up,Not Applicable,0.0,32.21,Scheduled,2024-12-11,Pending,Opened,True,Cancelled
1869,13271,26547,7984,2340,459,2024-12-12,18,Replacement,Late Delivery,Customer Support,Completed,Not Applicable,0.0,99.06,Completed,2024-12-13,Passed,Unused,True,Requested
1870,13287,26582,9390,350,69,2024-12-16,19,Refund,Wrong Product,Website,Completed,Processing,5374.1,145.67,Completed,2024-12-18,Passed,Unused,False,Not Applicable
1871,13294,26599,883,761,153,2024-12-21,26,Refund,Quality Issue,Mobile App,Completed,Completed,200774.28,163.61,Completed,2024-12-24,Failed,Damaged,False,Not Applicable
1872,13300,26613,4054,1926,375,2024-12-03,6,Replacement,Changed Mind,Website,Completed,Not Applicable,0.0,109.96,Completed,2024-12-06,Passed,Unused,True,Requested
1873,13303,26620,5921,707,143,2024-12-02,9,Refund,Changed Mind,Mobile App,Pickup Scheduled,Processing,94.1,31.45,Scheduled,2024-12-05,Pending,Unused,False,Not Applicable
1874,13305,26623,6052,207,41,2024-12-28,29,Replacement,Product Not As Expected,Website,Picked Up,Not Applicable,0.0,59.25,Completed,2024-12-29,Passed,Opened,True,Processing
1875,13305,26625,6052,1819,355,2024-12-21,22,Refund,Damaged Product,Website,Requested,Pending,1421.34,159.84,Scheduled,2024-12-22,Pending,Unused,False,Not Applicable
1876,13313,26641,9890,13,3,2024-12-23,23,Refund,Changed Mind,Website,Picked Up,Pending,21137.84,84.36,Completed,2024-12-24,Passed,Opened,False,Not Applicable
1877,13315,26647,701,2547,499,2024-12-26,27,Replacement,Wrong Product,Mobile App,Approved,Not Applicable,0.0,151.52,Pending,,Pending,Used,True,Requested
1878,13320,26655,4871,2378,466,2024-12-21,28,Exchange,Changed Mind,Mobile App,Completed,Not Applicable,0.0,80.7,Completed,2024-12-22,Passed,Unused,True,Processing
1879,13323,26660,5823,2389,468,2024-12-24,26,Refund,Wrong Product,Mobile App,Completed,Processing,19443.56,161.04,Completed,2024-12-27,Pending,Used,False,Not Applicable
1880,13324,26661,6302,866,173,2024-11-24,1,Refund,Size/Fit Issue,Mobile App,Picked Up,Processing,963.15,94.58,Completed,2024-11-26,Pending,Used,False,Not Applicable
1881,13326,26665,6779,1296,259,2024-12-24,27,Replacement,Quality Issue,Website,Approved,Not Applicable,0.0,159.05,Scheduled,2024-12-26,Pending,Used,True,Cancelled
1882,13331,26679,2744,1614,319,2024-12-23,24,Refund,Product Not As Expected,Website,Picked Up,Pending,730.35,88.48,Completed,2024-12-25,Pending,Opened,False,Not Applicable
1883,13333,26683,3425,1692,333,2024-12-10,13,Refund,Damaged Product,Website,Pickup Scheduled,Processing,1170.49,81.87,Scheduled,2024-12-13,Pending,Damaged,False,Not Applicable
1884,13339,26692,5496,121,23,2024-12-25,28,Exchange,Changed Mind,Mobile App,Picked Up,Not Applicable,0.0,64.12,Scheduled,2024-12-26,Pending,Damaged,True,Completed
1885,13351,26718,1051,1437,285,2024-12-20,18,Exchange,Size/Fit Issue,Customer Support,Requested,Not Applicable,0.0,176.08,Scheduled,2024-12-22,Pending,Damaged,True,Processing
1886,13359,26736,8351,456,93,2024-12-19,17,Refund,Product Not As Expected,Mobile App,Completed,Pending,2658.12,74.34,Completed,2024-12-20,Passed,Damaged,False,Not Applicable
1887,13361,26739,965,1095,219,2024-12-08,6,Refund,Damaged Product,Website,Pickup Scheduled,Pending,5191.7,97.52,Scheduled,2024-12-10,Pending,Unused,False,Not Applicable
1888,13362,26742,1212,1895,370,2024-12-20,19,Refund,Changed Mind,Mobile App,Completed,Completed,57078.36,122.11,Completed,2024-12-21,Passed,Damaged,False,Not Applicable
1889,13370,26754,3171,1529,302,2025-01-01,30,Exchange,Changed Mind,Website,Completed,Not Applicable,0.0,172.83,Completed,2025-01-03,Passed,Used,True,Cancelled
1890,13371,26756,3477,1726,339,2024-12-30,27,Exchange,Wrong Product,Website,Approved,Not Applicable,0.0,113.25,Scheduled,2025-01-01,Pending,Used,True,Cancelled
1891,13376,26763,6702,144,27,2024-12-22,22,Refund,Wrong Product,Mobile App,Completed,Completed,44296.94,83.43,Completed,2024-12-25,Passed,Opened,False,Not Applicable
1892,13378,26769,8697,34,7,2024-12-16,17,Refund,Wrong Product,Mobile App,Pickup Scheduled,Pending,1157.95,66.92,Completed,2024-12-19,Passed,Unused,False,Not Applicable
1893,13382,26781,404,2473,485,2024-12-13,12,Refund,Late Delivery,Website,Completed,Completed,567.33,103.35,Completed,2024-12-15,Passed,Damaged,False,Not Applicable
1894,13394,26805,5920,1749,342,2024-12-14,12,Exchange,Quality Issue,Mobile App,Approved,Not Applicable,0.0,163.44,Scheduled,2024-12-15,Pending,Damaged,True,Requested
1895,13417,26846,5475,2410,471,2024-12-08,8,Refund,Product Not As Expected,Mobile App,Requested,Pending,1250.83,87.7,Pending,,Pending,Damaged,False,Not Applicable
1896,13426,26859,9970,598,120,2024-12-24,22,Refund,Product Not As Expected,Website,Completed,Completed,595.94,67.41,Completed,2024-12-27,Passed,Damaged,False,Not Applicable
1897,13427,26860,164,1883,366,2024-12-06,7,Exchange,Quality Issue,Mobile App,Picked Up,Not Applicable,0.0,137.36,Scheduled,2024-12-07,Pending,Used,True,Cancelled
1898,13439,26886,4337,978,196,2024-12-04,4,Replacement,Quality Issue,Website,Picked Up,Not Applicable,0.0,111.82,Completed,2024-12-06,Passed,Unused,True,Requested
1899,13442,26891,5249,1073,215,2024-12-16,10,Refund,Damaged Product,Mobile App,Pickup Scheduled,Processing,71366.73,163.51,Scheduled,2024-12-19,Pending,Unused,False,Not Applicable
1900,13443,26894,5416,1767,345,2024-12-23,22,Replacement,Changed Mind,Mobile App,Completed,Not Applicable,0.0,94.83,Completed,2024-12-25,Passed,Opened,True,Processing
1901,13454,26915,9486,262,53,2024-12-11,8,Refund,Late Delivery,Website,Completed,Processing,1127.36,90.28,Completed,2024-12-14,Pending,Unused,False,Not Applicable
1902,13465,26933,3401,1919,374,2024-12-18,12,Replacement,Changed Mind,Mobile App,Completed,Not Applicable,0.0,43.26,Completed,2024-12-21,Passed,Unused,True,Processing
1903,13467,26935,3919,2015,393,2024-12-07,2,Replacement,Quality Issue,Mobile App,Approved,Not Applicable,0.0,32.0,Scheduled,2024-12-10,Pending,Damaged,True,Cancelled
1904,13473,26949,5604,323,64,2024-12-29,23,Refund,Product Not As Expected,Mobile App,Picked Up,Pending,14634.21,96.63,Scheduled,2025-01-01,Pending,Opened,False,Not Applicable
1905,13487,26977,8833,1549,306,2024-12-16,6,Replacement,Product Not As Expected,Mobile App,Completed,Not Applicable,0.0,64.68,Completed,2024-12-19,Pending,Damaged,True,Processing
1906,13488,26978,8970,2182,427,2024-12-26,23,Refund,Wrong Product,Website,Picked Up,Processing,14854.98,71.54,Completed,2024-12-28,Pending,Unused,False,Not Applicable
1907,13555,27100,7343,2017,393,2025-01-08,27,Replacement,Product Not As Expected,Customer Support,Rejected,Not Applicable,0.0,103.63,Failed,,Pending,Used,True,Processing
1908,13570,27128,4243,690,139,2025-01-05,22,Refund,Quality Issue,Mobile App,Pickup Scheduled,Pending,9906.06,97.25,Scheduled,2025-01-07,Pending,Used,False,Not Applicable
1909,13573,27134,5708,2437,477,2024-12-13,1,Replacement,Size/Fit Issue,Website,Completed,Not Applicable,0.0,101.83,Completed,2024-12-15,Pending,Used,True,Completed
1910,13575,27139,6209,2206,432,2024-12-22,13,Refund,Product Not As Expected,Customer Support,Requested,Pending,5907.36,129.0,Scheduled,2024-12-25,Pending,Unused,False,Not Applicable
1911,13576,27141,6475,29,6,2024-12-23,13,Refund,Changed Mind,Mobile App,Completed,Completed,13304.94,106.54,Completed,2024-12-25,Passed,Unused,False,Not Applicable
1912,13584,27157,228,99,19,2024-12-29,18,Refund,Changed Mind,Mobile App,Completed,Completed,524.35,151.93,Completed,2024-12-30,Passed,Opened,False,Not Applicable
1913,13588,27165,2892,197,40,2025-01-02,23,Replacement,Product Not As Expected,Mobile App,Completed,Not Applicable,0.0,46.2,Completed,2025-01-04,Passed,Unused,True,Completed
1914,13603,27195,9136,2435,476,2024-12-21,6,Refund,Wrong Product,Mobile App,Approved,Processing,13930.28,101.32,Pending,,Pending,Unused,False,Not Applicable
1915,13606,27202,526,1576,312,2025-01-02,21,Refund,Changed Mind,Website,Pickup Scheduled,Pending,1260.3,46.37,Completed,2025-01-05,Pending,Used,False,Not Applicable
1916,13620,27232,9467,2039,399,2025-01-05,20,Refund,Damaged Product,Customer Support,Approved,Processing,263622.55,86.56,Scheduled,2025-01-06,Pending,Opened,False,Not Applicable
1917,13632,27256,4812,1039,208,2024-12-28,10,Refund,Quality Issue,Website,Completed,Completed,19849.78,133.05,Completed,2024-12-31,Passed,Unused,False,Not Applicable
1918,13639,27267,6962,2363,463,2024-12-25,11,Refund,Damaged Product,Website,Completed,Processing,3747.72,160.81,Completed,2024-12-26,Passed,Unused,False,Not Applicable
1919,13645,27279,9724,1850,361,2024-12-29,11,Refund,Size/Fit Issue,Website,Completed,Pending,1469.2,102.05,Completed,2025-01-01,Passed,Damaged,False,Not Applicable
1920,13646,27280,584,1184,236,2025-01-10,24,Refund,Damaged Product,Website,Requested,Pending,7534.58,89.05,Pending,,Pending,Used,False,Not Applicable
1921,13655,27296,4720,604,122,2024-12-31,13,Refund,Product Not As Expected,Website,Pickup Scheduled,Processing,2665.46,149.33,Scheduled,2025-01-02,Pending,Opened,False,Not Applicable
1922,13657,27301,5476,2229,436,2024-12-21,7,Refund,Damaged Product,Mobile App,Completed,Completed,68845.6,121.51,Completed,2024-12-24,Passed,Unused,False,Not Applicable
1923,13668,27324,424,1512,298,2025-01-06,18,Replacement,Product Not As Expected,Mobile App,Completed,Not Applicable,0.0,109.9,Completed,2025-01-09,Passed,Used,True,Processing
1924,13676,27337,3379,525,107,2024-12-23,3,Replacement,Changed Mind,Mobile App,Completed,Not Applicable,0.0,172.44,Completed,2024-12-25,Pending,Used,True,Requested
1925,13694,27371,3802,2100,413,2025-01-09,18,Refund,Changed Mind,Mobile App,Completed,Completed,4387.59,162.64,Completed,2025-01-11,Passed,Opened,False,Not Applicable
1926,13696,27375,4087,943,188,2025-01-01,14,Refund,Wrong Product,Website,Requested,Pending,4248.05,125.77,Scheduled,2025-01-02,Pending,Opened,False,Not Applicable
1927,13701,27384,9337,1756,343,2025-01-13,27,Replacement,Late Delivery,Mobile App,Requested,Not Applicable,0.0,69.05,Scheduled,2025-01-15,Pending,Opened,True,Cancelled
1928,13702,27386,9505,687,139,2025-01-07,20,Exchange,Late Delivery,Mobile App,Completed,Not Applicable,0.0,131.95,Completed,2025-01-10,Passed,Unused,True,Completed
1929,13727,27433,9219,2513,493,2024-12-25,2,Refund,Product Not As Expected,Website,Requested,Pending,42447.98,145.69,Pending,,Pending,Used,False,Not Applicable
1930,13731,27441,236,1498,295,2024-12-22,4,Refund,Quality Issue,Mobile App,Approved,Processing,55884.0,133.19,Scheduled,2024-12-23,Pending,Unused,False,Not Applicable
1931,13732,27443,451,2239,438,2025-01-09,19,Exchange,Product Not As Expected,Website,Completed,Not Applicable,0.0,114.03,Completed,2025-01-10,Passed,Unused,True,Cancelled
1932,13740,27456,5728,413,83,2024-12-20,2,Refund,Product Not As Expected,Website,Approved,Pending,29164.88,161.99,Pending,,Pending,Opened,False,Not Applicable
1933,13750,27479,2780,1631,322,2025-01-07,19,Replacement,Late Delivery,Website,Requested,Not Applicable,0.0,147.78,Scheduled,2025-01-09,Pending,Damaged,True,Processing
1934,13757,27493,5217,1263,252,2025-01-08,20,Refund,Wrong Product,Mobile App,Completed,Completed,1355.11,143.05,Completed,2025-01-11,Passed,Damaged,False,Not Applicable
1935,13768,27512,191,1157,232,2024-12-27,5,Refund,Changed Mind,Mobile App,Pickup Scheduled,Processing,2931.75,61.22,Scheduled,2024-12-29,Pending,Used,False,Not Applicable
1936,13768,27513,191,2118,416,2025-01-04,13,Replacement,Wrong Product,Mobile App,Completed,Not Applicable,0.0,52.36,Completed,2025-01-06,Passed,Opened,True,Requested
1937,13776,27527,3656,254,52,2024-12-28,3,Refund,Changed Mind,Mobile App,Completed,Processing,10315.01,40.8,Completed,2024-12-31,Failed,Damaged,False,Not Applicable
1938,13782,27542,8533,1164,233,2024-12-22,1,Refund,Quality Issue,Mobile App,Picked Up,Processing,75017.38,111.56,Completed,2024-12-24,Pending,Unused,False,Not Applicable
1939,13786,27549,189,99,19,2024-12-24,1,Refund,Changed Mind,Mobile App,Pickup Scheduled,Processing,1490.26,38.91,Scheduled,2024-12-27,Pending,Unused,False,Not Applicable
1940,13789,27557,968,1369,272,2025-01-06,13,Refund,Late Delivery,Website,Approved,Pending,23949.74,103.61,Pending,,Pending,Damaged,False,Not Applicable
1941,13795,27573,4011,2080,410,2025-01-09,15,Exchange,Changed Mind,Website,Approved,Not Applicable,0.0,48.34,Pending,,Pending,Unused,True,Completed
1942,13796,27575,4677,632,127,2024-12-28,6,Replacement,Product Not As Expected,Mobile App,Requested,Not Applicable,0.0,98.42,Pending,,Pending,Unused,True,Requested
1943,13802,27589,6678,193,39,2025-01-01,8,Replacement,Product Not As Expected,Website,Approved,Not Applicable,0.0,169.75,Scheduled,2025-01-04,Pending,Used,True,Cancelled
1944,13803,27592,6842,949,189,2025-01-08,19,Replacement,Late Delivery,Website,Completed,Not Applicable,0.0,110.99,Completed,2025-01-09,Passed,Damaged,True,Completed
1945,13805,27596,7299,60,12,2024-12-23,1,Refund,Missing Parts,Mobile App,Completed,Processing,217142.1,33.91,Completed,2024-12-25,Passed,Opened,False,Not Applicable
1946,13806,27598,7437,660,132,2024-12-26,1,Refund,Product Not As Expected,Mobile App,Rejected,Not Applicable,0.0,97.0,Failed,,Pending,Used,False,Not Applicable
1947,13820,27624,4622,2421,473,2025-01-19,25,Exchange,Product Not As Expected,Customer Support,Completed,Not Applicable,0.0,110.29,Completed,2025-01-22,Failed,Damaged,True,Requested
1948,13824,27631,6964,192,38,2025-01-04,6,Replacement,Quality Issue,Mobile App,Picked Up,Not Applicable,0.0,132.21,Scheduled,2025-01-05,Pending,Damaged,True,Completed
1949,13831,27646,9688,538,109,2025-01-11,17,Replacement,Product Not As Expected,Customer Support,Rejected,Not Applicable,0.0,166.93,Failed,,Pending,Damaged,True,Processing
1950,13835,27653,848,2116,415,2025-01-09,15,Replacement,Product Not As Expected,Website,Completed,Not Applicable,0.0,73.62,Completed,2025-01-11,Passed,Used,True,Requested
1951,13849,27685,7837,697,141,2025-01-17,20,Refund,Wrong Product,Website,Completed,Completed,70049.62,123.15,Completed,2025-01-18,Passed,Unused,False,Not Applicable
1952,13857,27701,523,346,68,2024-12-30,3,Refund,Quality Issue,Website,Rejected,Not Applicable,0.0,64.52,Failed,,Pending,Opened,False,Not Applicable
1953,13864,27711,3376,580,117,2025-01-04,6,Refund,Wrong Product,Mobile App,Completed,Completed,1634.57,34.01,Completed,2025-01-06,Passed,Opened,False,Not Applicable
1954,13868,27723,5150,715,144,2025-01-24,30,Refund,Product Not As Expected,Customer Support,Pickup Scheduled,Pending,7636.92,44.11,Completed,2025-01-26,Pending,Used,False,Not Applicable
1955,13889,27765,6281,643,130,2025-01-27,26,Refund,Product Not As Expected,Mobile App,Pickup Scheduled,Processing,429.43,75.5,Completed,2025-01-29,Passed,Opened,False,Not Applicable
1956,13892,27772,8295,1009,201,2025-01-10,12,Refund,Wrong Product,Website,Approved,Pending,3966.48,126.36,Scheduled,2025-01-12,Pending,Used,False,Not Applicable
1957,13893,27773,8812,847,169,2025-01-20,21,Replacement,Size/Fit Issue,Mobile App,Requested,Not Applicable,0.0,102.7,Scheduled,2025-01-22,Pending,Used,True,Requested
1958,13924,27829,2260,2148,422,2025-01-01,4,Refund,Damaged Product,Website,Picked Up,Processing,6615.8,127.08,Scheduled,2025-01-03,Pending,Damaged,False,Not Applicable
1959,13926,27833,3816,395,79,2025-01-20,19,Refund,Quality Issue,Mobile App,Picked Up,Processing,359913.91,128.55,Scheduled,2025-01-23,Pending,Unused,False,Not Applicable
1960,13926,27834,3816,702,142,2025-01-27,26,Exchange,Late Delivery,Website,Completed,Not Applicable,0.0,69.21,Completed,2025-01-28,Passed,Unused,True,Cancelled
1961,13934,27849,8593,1950,380,2025-01-03,6,Refund,Quality Issue,Mobile App,Completed,Completed,6821.82,113.16,Completed,2025-01-04,Failed,Damaged,False,Not Applicable
1962,13937,27856,985,1917,373,2025-01-21,23,Refund,Damaged Product,Mobile App,Requested,Pending,2155.63,124.44,Scheduled,2025-01-24,Pending,Damaged,False,Not Applicable
1963,13941,27861,1380,1107,222,2025-01-27,25,Exchange,Damaged Product,Mobile App,Requested,Not Applicable,0.0,170.93,Pending,,Pending,Damaged,True,Processing
1964,13945,27871,2514,875,175,2025-01-23,19,Exchange,Wrong Product,Website,Requested,Not Applicable,0.0,122.95,Pending,,Pending,Damaged,True,Processing
1965,13960,27897,7511,1779,347,2025-01-06,5,Replacement,Changed Mind,Mobile App,Completed,Not Applicable,0.0,163.83,Completed,2025-01-09,Passed,Damaged,True,Processing
1966,13964,27906,9487,184,37,2025-01-11,11,Exchange,Quality Issue,Mobile App,Picked Up,Not Applicable,0.0,70.78,Scheduled,2025-01-14,Pending,Damaged,True,Requested
1967,13967,27911,1401,1994,388,2025-01-28,26,Replacement,Late Delivery,Mobile App,Completed,Not Applicable,0.0,127.81,Completed,2025-01-30,Passed,Used,True,Processing
1968,13978,27933,4745,1680,331,2025-01-05,2,Refund,Damaged Product,Website,Approved,Processing,22069.25,177.01,Scheduled,2025-01-08,Pending,Unused,False,Not Applicable
1969,13980,27936,5531,1276,254,2025-01-05,2,Refund,Quality Issue,Mobile App,Completed,Pending,21335.08,72.78,Completed,2025-01-08,Failed,Damaged,False,Not Applicable
1970,13991,27962,4811,1703,335,2025-01-07,4,Refund,Wrong Product,Mobile App,Completed,Processing,30999.68,74.01,Completed,2025-01-08,Passed,Opened,False,Not Applicable
1971,13995,27970,5952,495,101,2025-02-06,30,Refund,Size/Fit Issue,Mobile App,Picked Up,Processing,22725.36,147.17,Scheduled,2025-02-08,Pending,Used,False,Not Applicable
1972,13995,27971,5952,1093,219,2025-01-19,12,Replacement,Changed Mind,Website,Picked Up,Not Applicable,0.0,87.95,Completed,2025-01-22,Passed,Used,True,Cancelled
1973,14000,27979,7504,757,152,2025-01-22,20,Refund,Damaged Product,Mobile App,Completed,Completed,47208.97,76.11,Completed,2025-01-24,Passed,Damaged,False,Not Applicable
1974,14003,27982,9782,108,20,2025-01-17,9,Replacement,Product Not As Expected,Mobile App,Approved,Not Applicable,0.0,147.15,Pending,,Pending,Unused,True,Completed
1975,14018,28007,4627,1231,244,2025-01-20,14,Replacement,Late Delivery,Mobile App,Approved,Not Applicable,0.0,161.22,Pending,,Pending,Damaged,True,Completed
1976,14020,28010,4799,679,137,2025-01-11,2,Refund,Product Not As Expected,Website,Pickup Scheduled,Processing,636.03,96.71,Scheduled,2025-01-12,Pending,Used,False,Not Applicable
1977,14025,28017,6295,602,121,2025-01-28,27,Refund,Quality Issue,Mobile App,Completed,Completed,1949.8,102.36,Completed,2025-01-30,Passed,Opened,False,Not Applicable
1978,14040,28046,6589,2040,399,2025-01-10,4,Replacement,Product Not As Expected,Mobile App,Pickup Scheduled,Not Applicable,0.0,111.83,Scheduled,2025-01-12,Pending,Unused,True,Completed
1979,14064,28093,9159,437,90,2025-02-02,26,Refund,Product Not As Expected,Mobile App,Pickup Scheduled,Processing,25529.58,134.54,Scheduled,2025-02-04,Pending,Used,False,Not Applicable
1980,14066,28097,383,2399,469,2025-02-08,30,Replacement,Quality Issue,Customer Support,Completed,Not Applicable,0.0,115.98,Completed,2025-02-11,Passed,Damaged,True,Cancelled
1981,14079,28126,7731,425,86,2025-02-02,24,Refund,Product Not As Expected,Mobile App,Pickup Scheduled,Pending,11700.56,70.5,Completed,2025-02-03,Passed,Damaged,False,Not Applicable
1982,14084,28139,8843,1613,319,2025-01-26,17,Replacement,Product Not As Expected,Mobile App,Requested,Not Applicable,0.0,71.07,Scheduled,2025-01-28,Pending,Opened,True,Completed
1983,14085,28142,9499,1483,293,2025-01-31,21,Exchange,Product Not As Expected,Customer Support,Completed,Not Applicable,0.0,71.66,Completed,2025-02-01,Passed,Used,True,Cancelled
1984,14088,28148,3946,1668,329,2025-01-13,6,Refund,Product Not As Expected,Website,Requested,Pending,731.39,172.07,Scheduled,2025-01-16,Pending,Opened,False,Not Applicable
1985,14090,28155,5303,2076,409,2025-02-05,24,Replacement,Late Delivery,Mobile App,Completed,Not Applicable,0.0,80.07,Completed,2025-02-07,Pending,Opened,True,Processing
1986,14092,28159,7503,2222,434,2025-01-19,11,Exchange,Changed Mind,Mobile App,Completed,Not Applicable,0.0,121.92,Completed,2025-01-21,Passed,Unused,True,Processing
1987,14092,28160,7503,2256,442,2025-01-20,12,Replacement,Missing Parts,Mobile App,Completed,Not Applicable,0.0,105.99,Completed,2025-01-23,Passed,Used,True,Requested
1988,14093,28161,7795,744,149,2025-01-23,12,Refund,Changed Mind,Mobile App,Completed,Completed,7696.05,118.51,Completed,2025-01-25,Passed,Used,False,Not Applicable
1989,14094,28162,8108,931,186,2025-02-04,25,Refund,Changed Mind,Website,Approved,Processing,1066.2,116.98,Scheduled,2025-02-07,Pending,Damaged,False,Not Applicable
1990,14094,28163,8108,2364,463,2025-02-07,28,Refund,Product Not As Expected,Customer Support,Pickup Scheduled,Pending,1203.73,90.91,Scheduled,2025-02-09,Pending,Opened,False,Not Applicable
1991,14099,28171,2168,1089,218,2025-01-25,15,Replacement,Product Not As Expected,Website,Requested,Not Applicable,0.0,126.83,Scheduled,2025-01-27,Pending,Used,True,Requested
1992,14105,28181,3927,275,56,2025-01-12,8,Refund,Product Not As Expected,Mobile App,Pickup Scheduled,Pending,7676.68,155.72,Scheduled,2025-01-14,Pending,Damaged,False,Not Applicable
1993,14115,28203,8744,1876,365,2025-02-05,25,Refund,Quality Issue,Mobile App,Approved,Pending,2116.39,55.62,Scheduled,2025-02-08,Pending,Opened,False,Not Applicable
1994,14120,28210,1755,58,12,2025-01-14,1,Refund,Missing Parts,Website,Approved,Pending,374844.57,79.94,Scheduled,2025-01-17,Pending,Opened,False,Not Applicable
1995,14133,28241,895,350,69,2025-01-22,9,Refund,Product Not As Expected,Mobile App,Approved,Pending,4836.69,86.51,Scheduled,2025-01-23,Pending,Opened,False,Not Applicable
1996,14159,28289,4769,959,192,2025-01-16,5,Refund,Late Delivery,Website,Requested,Processing,4267.09,179.8,Pending,,Pending,Unused,False,Not Applicable
1997,14169,28306,878,1888,368,2025-01-30,14,Exchange,Late Delivery,Website,Completed,Not Applicable,0.0,46.94,Completed,2025-01-31,Passed,Damaged,True,Completed
1998,14185,28336,3344,1365,271,2025-02-03,23,Exchange,Product Not As Expected,Mobile App,Pickup Scheduled,Not Applicable,0.0,30.85,Scheduled,2025-02-06,Pending,Opened,True,Requested
1999,14186,28337,3922,1074,215,2025-02-02,14,Replacement,Product Not As Expected,Website,Requested,Not Applicable,0.0,132.19,Scheduled,2025-02-05,Pending,Used,True,Cancelled
2000,14191,28348,5285,2192,429,2025-02-07,21,Replacement,Product Not As Expected,Website,Picked Up,Not Applicable,0.0,152.81,Completed,2025-02-10,Pending,Opened,True,Completed
2001,14197,28360,7870,804,162,2025-02-12,25,Replacement,Product Not As Expected,Mobile App,Pickup Scheduled,Not Applicable,0.0,93.13,Completed,2025-02-13,Pending,Damaged,True,Cancelled
2002,14197,28362,7870,2319,455,2025-02-08,21,Exchange,Size/Fit Issue,Website,Completed,Not Applicable,0.0,67.25,Completed,2025-02-11,Passed,Damaged,True,Requested
2003,14201,28370,9004,893,179,2025-01-28,11,Refund,Damaged Product,Mobile App,Completed,Completed,3827.87,74.76,Completed,2025-01-29,Passed,Opened,False,Not Applicable
2004,14201,28371,9004,1401,279,2025-02-08,22,Exchange,Damaged Product,Mobile App,Completed,Not Applicable,0.0,149.23,Completed,2025-02-10,Pending,Used,True,Processing
2005,14202,28372,9438,801,161,2025-01-22,3,Refund,Changed Mind,Website,Completed,Completed,3403.21,66.12,Completed,2025-01-23,Passed,Used,False,Not Applicable
2006,14203,28374,9980,1171,234,2025-01-16,6,Refund,Product Not As Expected,Website,Pickup Scheduled,Processing,3068.21,112.35,Completed,2025-01-19,Passed,Damaged,False,Not Applicable
2007,14204,28375,520,1975,385,2025-01-29,15,Replacement,Quality Issue,Mobile App,Completed,Not Applicable,0.0,100.0,Completed,2025-02-01,Passed,Opened,True,Requested
2008,14205,28377,545,2333,457,2025-02-02,17,Refund,Size/Fit Issue,Website,Requested,Pending,15056.86,179.93,Pending,,Pending,Used,False,Not Applicable
2009,14207,28381,836,2436,476,2025-01-27,13,Replacement,Changed Mind,Mobile App,Approved,Not Applicable,0.0,71.92,Scheduled,2025-01-29,Pending,Unused,True,Requested
2010,14209,28386,1246,1979,385,2025-01-23,6,Replacement,Product Not As Expected,Website,Completed,Not Applicable,0.0,179.88,Completed,2025-01-25,Failed,Damaged,True,Processing
2011,14212,28389,2530,1185,236,2025-02-02,14,Refund,Wrong Product,Mobile App,Completed,Pending,6475.41,132.76,Completed,2025-02-03,Passed,Used,False,Not Applicable
2012,14213,28391,2752,921,184,2025-01-26,12,Refund,Wrong Product,Mobile App,Requested,Processing,1555.92,92.29,Scheduled,2025-01-27,Pending,Damaged,False,Not Applicable
2013,14218,28401,5213,1013,203,2025-01-25,12,Refund,Changed Mind,Mobile App,Completed,Completed,670.8,110.98,Completed,2025-01-26,Passed,Opened,False,Not Applicable
2014,14220,28405,5911,958,192,2025-02-11,23,Refund,Changed Mind,Website,Completed,Processing,1303.58,46.78,Completed,2025-02-13,Passed,Used,False,Not Applicable
2015,14226,28418,7111,115,22,2025-01-19,7,Refund,Damaged Product,Mobile App,Requested,Pending,94808.01,111.86,Scheduled,2025-01-22,Pending,Unused,False,Not Applicable
2016,14234,28435,3200,2221,434,2025-02-17,30,Refund,Changed Mind,Website,Completed,Completed,649.74,171.59,Completed,2025-02-20,Failed,Damaged,False,Not Applicable
2017,14236,28438,4004,439,90,2025-02-12,26,Refund,Wrong Product,Mobile App,Completed,Completed,22435.03,179.09,Completed,2025-02-15,Passed,Unused,False,Not Applicable
2018,14252,28469,239,2454,481,2025-01-22,3,Exchange,Product Not As Expected,Website,Approved,Not Applicable,0.0,32.88,Scheduled,2025-01-23,Pending,Used,True,Processing
2019,14256,28476,4075,1726,339,2025-02-03,16,Refund,Changed Mind,Mobile App,Completed,Pending,3186.46,42.49,Completed,2025-02-06,Passed,Used,False,Not Applicable
2020,14277,28519,4301,1050,210,2025-01-26,8,Replacement,Damaged Product,Website,Completed,Not Applicable,0.0,88.66,Completed,2025-01-29,Failed,Damaged,True,Cancelled
2021,14279,28522,5473,1230,244,2025-02-06,17,Refund,Damaged Product,Mobile App,Completed,Completed,13342.73,36.61,Completed,2025-02-09,Failed,Damaged,False,Not Applicable
2022,14284,28531,1002,1624,321,2025-02-11,21,Refund,Wrong Product,Website,Requested,Pending,40612.92,92.41,Pending,,Pending,Unused,False,Not Applicable
2023,14287,28537,1599,367,72,2025-02-04,12,Replacement,Quality Issue,Website,Completed,Not Applicable,0.0,156.63,Completed,2025-02-07,Passed,Used,True,Requested
2024,14296,28558,7319,990,198,2025-01-29,5,Replacement,Changed Mind,Mobile App,Requested,Not Applicable,0.0,95.32,Pending,,Pending,Unused,True,Cancelled
2025,14297,28560,7341,608,123,2025-02-14,23,Exchange,Quality Issue,Mobile App,Completed,Not Applicable,0.0,79.86,Completed,2025-02-16,Passed,Opened,True,Requested
2026,14303,28571,1002,1032,207,2025-01-25,7,Exchange,Changed Mind,Mobile App,Requested,Not Applicable,0.0,100.8,Scheduled,2025-01-27,Pending,Used,True,Cancelled
2027,14313,28588,4637,1737,340,2025-02-20,27,Replacement,Damaged Product,Website,Approved,Not Applicable,0.0,125.1,Pending,,Pending,Unused,True,Processing
2028,14314,28590,5162,932,186,2025-01-23,5,Replacement,Size/Fit Issue,Website,Approved,Not Applicable,0.0,82.12,Scheduled,2025-01-24,Pending,Unused,True,Cancelled
2029,14316,28597,5466,1559,308,2025-02-24,29,Refund,Late Delivery,Mobile App,Pickup Scheduled,Pending,22420.93,137.63,Completed,2025-02-27,Passed,Damaged,False,Not Applicable
2030,14320,28606,6520,1336,266,2025-01-26,9,Replacement,Size/Fit Issue,Mobile App,Completed,Not Applicable,0.0,157.71,Completed,2025-01-28,Pending,Opened,True,Completed
2031,14340,28643,5965,524,106,2025-02-21,28,Refund,Quality Issue,Mobile App,Pickup Scheduled,Processing,49358.34,45.7,Completed,2025-02-23,Passed,Opened,False,Not Applicable
2032,14342,28648,6521,1583,313,2025-02-02,10,Exchange,Changed Mind,Website,Approved,Not Applicable,0.0,89.92,Scheduled,2025-02-03,Pending,Opened,True,Completed
2033,14343,28650,7385,565,114,2025-01-28,3,Replacement,Damaged Product,Mobile App,Completed,Not Applicable,0.0,36.63,Completed,2025-01-30,Passed,Unused,True,Cancelled
2034,14343,28651,7385,1555,308,2025-02-23,29,Refund,Late Delivery,Mobile App,Pickup Scheduled,Pending,23734.43,84.08,Completed,2025-02-24,Passed,Damaged,False,Not Applicable
2035,14356,28676,8146,712,143,2025-01-28,4,Exchange,Late Delivery,Mobile App,Approved,Not Applicable,0.0,149.05,Pending,,Pending,Opened,True,Cancelled
2036,14360,28684,817,635,128,2025-01-27,1,Refund,Wrong Product,Website,Completed,Completed,930.52,107.46,Completed,2025-01-30,Passed,Damaged,False,Not Applicable
2037,14361,28686,1164,1090,218,2025-01-24,2,Refund,Missing Parts,Customer Support,Completed,Processing,5449.54,56.9,Completed,2025-01-26,Passed,Unused,False,Not Applicable
2038,14373,28708,4737,1748,342,2025-02-04,7,Refund,Wrong Product,Website,Completed,Completed,43986.91,96.97,Completed,2025-02-06,Passed,Damaged,False,Not Applicable
2039,14374,28710,4923,638,129,2025-02-21,25,Refund,Quality Issue,Mobile App,Rejected,Not Applicable,0.0,136.95,Failed,,Pending,Damaged,False,Not Applicable
2040,14384,28727,8549,1329,264,2025-02-05,9,Refund,Changed Mind,Customer Support,Completed,Processing,35330.94,41.28,Completed,2025-02-06,Passed,Used,False,Not Applicable
2041,14387,28733,75,516,105,2025-02-12,13,Refund,Product Not As Expected,Mobile App,Completed,Completed,21802.89,75.99,Completed,2025-02-14,Passed,Damaged,False,Not Applicable
2042,14387,28735,75,2526,496,2025-02-26,27,Replacement,Product Not As Expected,Website,Approved,Not Applicable,0.0,154.35,Pending,,Pending,Used,True,Cancelled
2043,14405,28773,9094,2519,494,2025-02-21,25,Refund,Changed Mind,Website,Completed,Completed,20204.01,128.51,Completed,2025-02-23,Passed,Damaged,False,Not Applicable
2044,14409,28779,2769,2538,498,2025-02-06,9,Replacement,Changed Mind,Mobile App,Picked Up,Not Applicable,0.0,171.73,Scheduled,2025-02-09,Pending,Unused,True,Requested
2045,14422,28801,7033,1150,230,2025-02-20,27,Refund,Product Not As Expected,Website,Completed,Processing,5159.69,150.47,Completed,2025-02-22,Passed,Opened,False,Not Applicable
2046,14423,28802,7291,717,144,2025-02-18,20,Replacement,Late Delivery,Website,Completed,Not Applicable,0.0,110.89,Completed,2025-02-20,Passed,Damaged,True,Requested
2047,14438,28822,5796,920,184,2025-02-13,16,Refund,Wrong Product,Mobile App,Completed,Completed,1036.71,33.01,Completed,2025-02-15,Passed,Used,False,Not Applicable
2048,14440,28825,6312,745,149,2025-02-22,23,Replacement,Product Not As Expected,Website,Pickup Scheduled,Not Applicable,0.0,142.01,Scheduled,2025-02-24,Pending,Opened,True,Completed
2049,14445,28835,8970,1454,289,2025-01-30,5,Refund,Product Not As Expected,Website,Picked Up,Pending,4788.87,95.99,Completed,2025-02-01,Passed,Damaged,False,Not Applicable
2050,14456,28852,7058,804,162,2025-02-03,1,Replacement,Size/Fit Issue,Mobile App,Approved,Not Applicable,0.0,70.41,Scheduled,2025-02-04,Pending,Used,True,Completed
2051,14463,28870,9254,1182,236,2025-02-15,15,Refund,Product Not As Expected,Website,Pickup Scheduled,Pending,12939.6,165.26,Scheduled,2025-02-16,Pending,Damaged,False,Not Applicable
2052,14472,28892,3146,1798,351,2025-02-08,6,Refund,Changed Mind,Mobile App,Approved,Pending,8670.32,157.36,Scheduled,2025-02-11,Pending,Used,False,Not Applicable
2053,14479,28906,4887,2505,492,2025-03-01,29,Refund,Quality Issue,Mobile App,Completed,Completed,4647.3,122.41,Completed,2025-03-02,Passed,Damaged,False,Not Applicable
2054,14495,28934,1187,2352,461,2025-02-25,27,Replacement,Missing Parts,Website,Requested,Not Applicable,0.0,43.44,Scheduled,2025-02-26,Pending,Opened,True,Requested
2055,14500,28944,2697,951,190,2025-02-24,20,Replacement,Missing Parts,Mobile App,Picked Up,Not Applicable,0.0,161.23,Scheduled,2025-02-27,Pending,Damaged,True,Processing
2056,14504,28955,5694,2251,441,2025-02-17,12,Replacement,Product Not As Expected,Customer Support,Completed,Not Applicable,0.0,177.64,Completed,2025-02-20,Passed,Used,True,Cancelled
2057,14505,28956,5848,1645,325,2025-02-21,18,Exchange,Product Not As Expected,Customer Support,Requested,Not Applicable,0.0,76.55,Pending,,Pending,Opened,True,Requested
2058,14508,28960,5947,342,67,2025-02-28,28,Exchange,Product Not As Expected,Mobile App,Completed,Not Applicable,0.0,47.78,Completed,2025-03-02,Passed,Unused,True,Processing
2059,14520,28986,9287,2356,462,2025-03-01,28,Refund,Wrong Product,Mobile App,Pickup Scheduled,Processing,6884.2,166.32,Completed,2025-03-04,Passed,Unused,False,Not Applicable
2060,14523,28992,1726,1807,353,2025-02-24,19,Exchange,Wrong Product,Mobile App,Completed,Not Applicable,0.0,164.08,Completed,2025-02-27,Pending,Unused,True,Completed
2061,14525,28996,2288,2276,447,2025-02-19,13,Refund,Wrong Product,Website,Completed,Completed,958.57,61.14,Completed,2025-02-22,Passed,Damaged,False,Not Applicable
2062,14525,28997,2288,2339,459,2025-03-06,28,Refund,Wrong Product,Mobile App,Requested,Processing,1123.35,83.82,Pending,,Pending,Unused,False,Not Applicable
2063,14531,29012,4789,2406,470,2025-02-28,26,Refund,Wrong Product,Mobile App,Picked Up,Processing,13660.59,132.47,Completed,2025-03-02,Passed,Unused,False,Not Applicable
2064,14534,29017,5549,2514,493,2025-02-13,11,Replacement,Changed Mind,Website,Completed,Not Applicable,0.0,44.96,Completed,2025-02-16,Failed,Damaged,True,Completed
2065,14542,29033,9260,2201,431,2025-03-07,28,Replacement,Wrong Product,Customer Support,Pickup Scheduled,Not Applicable,0.0,69.17,Completed,2025-03-10,Passed,Damaged,True,Requested
2066,14543,29037,9388,2063,406,2025-03-04,26,Refund,Changed Mind,Mobile App,Completed,Completed,539.43,102.61,Completed,2025-03-07,Passed,Used,False,Not Applicable
2067,14547,29043,2134,1724,338,2025-02-18,15,Refund,Damaged Product,Mobile App,Completed,Completed,35346.9,107.9,Completed,2025-02-21,Passed,Used,False,Not Applicable
2068,14550,29046,3877,745,149,2025-02-13,9,Refund,Size/Fit Issue,Website,Completed,Processing,15449.1,133.7,Completed,2025-02-14,Passed,Used,False,Not Applicable
2069,14554,29056,5925,2246,439,2025-02-08,2,Exchange,Quality Issue,Mobile App,Picked Up,Not Applicable,0.0,129.82,Scheduled,2025-02-11,Pending,Opened,True,Processing
2070,14565,29082,8661,394,79,2025-03-10,30,Replacement,Missing Parts,Mobile App,Completed,Not Applicable,0.0,150.95,Completed,2025-03-11,Passed,Unused,True,Cancelled
2071,14580,29109,4866,1126,225,2025-02-08,3,Refund,Changed Mind,Customer Support,Completed,Pending,13198.59,80.59,Completed,2025-02-10,Passed,Damaged,False,Not Applicable
2072,14589,29129,7548,513,104,2025-02-17,7,Refund,Product Not As Expected,Website,Rejected,Not Applicable,0.0,81.41,Failed,,Pending,Unused,False,Not Applicable
2073,14590,29131,7591,16,4,2025-03-06,25,Exchange,Quality Issue,Mobile App,Completed,Not Applicable,0.0,52.86,Completed,2025-03-09,Pending,Opened,True,Cancelled
2074,14593,29140,8281,1297,259,2025-02-22,12,Refund,Quality Issue,Website,Completed,Completed,42046.56,85.97,Completed,2025-02-25,Passed,Unused,False,Not Applicable
2075,14602,29161,5063,289,58,2025-02-09,6,Refund,Wrong Product,Website,Approved,Processing,4494.46,77.15,Pending,,Pending,Damaged,False,Not Applicable
2076,14610,29177,8727,605,122,2025-02-10,2,Replacement,Size/Fit Issue,Mobile App,Approved,Not Applicable,0.0,61.64,Pending,,Pending,Unused,True,Requested
2077,14614,29187,1259,2437,477,2025-03-08,28,Refund,Changed Mind,Website,Completed,Completed,6263.22,94.11,Completed,2025-03-10,Pending,Opened,False,Not Applicable
2078,14623,29202,6661,2500,491,2025-02-09,7,Refund,Product Not As Expected,Mobile App,Completed,Processing,12670.05,135.09,Completed,2025-02-12,Passed,Opened,False,Not Applicable
2079,14669,29285,6576,962,193,2025-03-06,22,Refund,Changed Mind,Website,Completed,Pending,631.2,71.86,Completed,2025-03-08,Passed,Used,False,Not Applicable
2080,14670,29286,6894,369,72,2025-03-09,24,Refund,Late Delivery,Website,Approved,Pending,4336.2,96.23,Scheduled,2025-03-11,Pending,Opened,False,Not Applicable
2081,14672,29292,7855,2019,393,2025-02-18,10,Refund,Product Not As Expected,Mobile App,Pickup Scheduled,Pending,59907.16,108.91,Scheduled,2025-02-20,Pending,Unused,False,Not Applicable
2082,14687,29327,783,2493,490,2025-02-28,15,Replacement,Changed Mind,Website,Completed,Not Applicable,0.0,80.61,Completed,2025-03-03,Pending,Used,True,Completed
2083,14688,29330,1834,1732,339,2025-02-19,7,Refund,Size/Fit Issue,Mobile App,Completed,Processing,1038.6,125.75,Completed,2025-02-21,Passed,Unused,False,Not Applicable
2084,14704,29359,6801,1197,238,2025-02-16,5,Refund,Product Not As Expected,Mobile App,Requested,Processing,112932.63,54.29,Pending,,Pending,Damaged,False,Not Applicable
2085,14709,29368,1225,530,108,2025-02-27,14,Refund,Damaged Product,Mobile App,Approved,Pending,979.88,176.14,Pending,,Pending,Opened,False,Not Applicable
2086,14712,29376,2863,475,97,2025-03-08,24,Refund,Late Delivery,Mobile App,Pickup Scheduled,Pending,24107.88,130.42,Completed,2025-03-11,Passed,Used,False,Not Applicable
2087,14717,29386,6370,1725,338,2025-02-24,19,Refund,Wrong Product,Mobile App,Pickup Scheduled,Processing,52441.33,44.49,Scheduled,2025-02-25,Pending,Opened,False,Not Applicable
2088,14726,29408,9843,277,56,2025-02-17,10,Refund,Wrong Product,Customer Support,Completed,Completed,1202.36,68.07,Completed,2025-02-18,Pending,Damaged,False,Not Applicable
2089,14731,29421,1359,1681,331,2025-02-28,16,Replacement,Product Not As Expected,Website,Rejected,Not Applicable,0.0,165.83,Failed,,Pending,Damaged,True,Processing
2090,14733,29425,2407,1408,280,2025-02-19,7,Refund,Product Not As Expected,Customer Support,Pickup Scheduled,Pending,993.43,84.62,Scheduled,2025-02-22,Pending,Opened,False,Not Applicable
2091,14741,29440,8219,1277,255,2025-03-11,28,Refund,Changed Mind,Mobile App,Completed,Completed,3194.33,49.47,Completed,2025-03-14,Passed,Used,False,Not Applicable
2092,14748,29453,9947,1780,348,2025-03-01,16,Replacement,Damaged Product,Customer Support,Requested,Not Applicable,0.0,74.06,Scheduled,2025-03-04,Pending,Used,True,Completed
2093,14749,29455,91,1616,319,2025-03-12,26,Refund,Size/Fit Issue,Mobile App,Picked Up,Processing,1707.92,78.21,Completed,2025-03-13,Passed,Opened,False,Not Applicable
2094,14766,29487,8669,1867,364,2025-02-18,4,Refund,Quality Issue,Mobile App,Picked Up,Processing,6447.21,56.78,Scheduled,2025-02-21,Pending,Damaged,False,Not Applicable
2095,14767,29489,8766,1151,230,2025-03-02,20,Refund,Missing Parts,Mobile App,Approved,Pending,7095.09,40.6,Scheduled,2025-03-03,Pending,Used,False,Not Applicable
2096,14779,29511,4683,285,57,2025-02-18,7,Replacement,Changed Mind,Website,Completed,Not Applicable,0.0,154.98,Completed,2025-02-20,Passed,Unused,True,Completed
2097,14781,29517,5671,770,155,2025-02-18,1,Refund,Quality Issue,Mobile App,Pickup Scheduled,Pending,5220.89,102.68,Scheduled,2025-02-19,Pending,Opened,False,Not Applicable
2098,14783,29522,6103,450,92,2025-03-04,16,Replacement,Late Delivery,Mobile App,Completed,Not Applicable,0.0,51.3,Completed,2025-03-05,Passed,Unused,True,Completed
2099,14797,29550,4196,2316,454,2025-03-02,16,Refund,Size/Fit Issue,Website,Completed,Completed,29575.4,124.59,Completed,2025-03-04,Passed,Unused,False,Not Applicable
2100,14800,29554,5746,1074,215,2025-03-13,26,Refund,Damaged Product,Mobile App,Completed,Completed,89704.83,95.64,Completed,2025-03-14,Passed,Opened,False,Not Applicable
2101,14831,29615,7023,446,92,2025-03-13,22,Refund,Damaged Product,Website,Requested,Processing,4454.47,140.52,Pending,,Pending,Opened,False,Not Applicable
2102,14834,29622,9499,788,158,2025-03-08,14,Exchange,Quality Issue,Customer Support,Pickup Scheduled,Not Applicable,0.0,127.32,Scheduled,2025-03-10,Pending,Damaged,True,Cancelled
2103,14842,29637,2691,1554,307,2025-02-22,6,Refund,Wrong Product,Website,Pickup Scheduled,Processing,2001.45,97.55,Scheduled,2025-02-24,Pending,Opened,False,Not Applicable
2104,14842,29638,2691,2525,496,2025-02-25,9,Refund,Changed Mind,Mobile App,Completed,Processing,33701.53,47.95,Completed,2025-02-27,Passed,Opened,False,Not Applicable
2105,14858,29667,1538,639,129,2025-03-14,24,Refund,Wrong Product,Mobile App,Approved,Processing,10244.81,43.14,Pending,,Pending,Used,False,Not Applicable
2106,14861,29674,3360,464,95,2025-03-06,15,Exchange,Product Not As Expected,Customer Support,Completed,Not Applicable,0.0,69.18,Completed,2025-03-08,Passed,Opened,True,Completed
2107,14869,29691,7185,439,90,2025-03-22,30,Refund,Product Not As Expected,Website,Picked Up,Processing,22435.03,169.39,Completed,2025-03-25,Passed,Opened,False,Not Applicable
2108,14885,29723,1963,454,93,2025-03-04,9,Refund,Wrong Product,Mobile App,Picked Up,Pending,22660.61,135.12,Completed,2025-03-06,Pending,Damaged,False,Not Applicable
2109,14891,29736,4597,881,177,2025-03-12,22,Refund,Damaged Product,Customer Support,Completed,Completed,2380.74,43.36,Completed,2025-03-13,Passed,Used,False,Not Applicable
2110,14895,29743,5381,868,173,2025-03-20,25,Exchange,Product Not As Expected,Website,Completed,Not Applicable,0.0,103.71,Completed,2025-03-23,Passed,Damaged,True,Completed
2111,14903,29756,9238,118,22,2025-03-09,13,Replacement,Quality Issue,Website,Pickup Scheduled,Not Applicable,0.0,156.81,Completed,2025-03-10,Passed,Damaged,True,Processing
2112,14949,29851,2674,2247,440,2025-03-04,9,Refund,Wrong Product,Website,Completed,Completed,2183.93,112.54,Completed,2025-03-06,Pending,Opened,False,Not Applicable
2113,14951,29854,4136,36,8,2025-02-27,1,Exchange,Product Not As Expected,Website,Pickup Scheduled,Not Applicable,0.0,94.65,Completed,2025-02-28,Passed,Used,True,Cancelled
2114,14956,29865,7982,1515,299,2025-03-21,21,Refund,Product Not As Expected,Website,Requested,Pending,11474.29,55.44,Scheduled,2025-03-22,Pending,Damaged,False,Not Applicable
2115,14958,29871,9159,1426,283,2025-03-01,4,Replacement,Damaged Product,Website,Requested,Not Applicable,0.0,118.13,Pending,,Pending,Opened,True,Requested
2116,14961,29876,9786,751,150,2025-03-19,19,Replacement,Product Not As Expected,Mobile App,Requested,Not Applicable,0.0,122.54,Scheduled,2025-03-21,Pending,Damaged,True,Processing
2117,14962,29877,9869,898,180,2025-03-10,12,Exchange,Damaged Product,Mobile App,Pickup Scheduled,Not Applicable,0.0,121.98,Scheduled,2025-03-13,Pending,Unused,True,Completed
2118,14974,29899,7103,1531,303,2025-03-21,23,Refund,Wrong Product,Website,Approved,Processing,3823.82,36.17,Pending,,Pending,Opened,False,Not Applicable
2119,14975,29901,7214,871,174,2025-03-19,22,Replacement,Quality Issue,Website,Approved,Not Applicable,0.0,125.82,Pending,,Pending,Opened,True,Completed
2120,14992,29936,6872,337,67,2025-03-30,30,Refund,Product Not As Expected,Website,Rejected,Not Applicable,0.0,129.21,Failed,,Pending,Unused,False,Not Applicable
2121,14994,29940,8181,712,143,2025-03-30,30,Replacement,Late Delivery,Mobile App,Completed,Not Applicable,0.0,166.48,Completed,2025-04-01,Failed,Damaged,True,Cancelled
2122,15009,29968,6410,4,1,2025-03-04,6,Refund,Changed Mind,Mobile App,Completed,Pending,4275.0,69.2,Completed,2025-03-07,Passed,Unused,False,Not Applicable
2123,15009,29969,6410,439,90,2025-02-28,2,Replacement,Damaged Product,Website,Requested,Not Applicable,0.0,122.36,Scheduled,2025-03-02,Pending,Opened,True,Cancelled
2124,15020,29987,2535,878,176,2025-03-08,6,Replacement,Changed Mind,Website,Picked Up,Not Applicable,0.0,138.68,Scheduled,2025-03-09,Pending,Used,True,Completed
2125,15021,29989,3086,1951,381,2025-03-01,1,Replacement,Product Not As Expected,Website,Approved,Not Applicable,0.0,146.07,Scheduled,2025-03-04,Pending,Used,True,Completed
2126,15023,29993,4770,2440,478,2025-03-11,9,Refund,Product Not As Expected,Website,Approved,Processing,364.64,131.78,Pending,,Pending,Opened,False,Not Applicable
2127,15031,30006,7213,210,42,2025-03-06,7,Refund,Wrong Product,Website,Completed,Processing,314.05,38.22,Completed,2025-03-08,Pending,Unused,False,Not Applicable
2128,15036,30018,8488,1335,266,2025-03-05,2,Refund,Changed Mind,Mobile App,Completed,Pending,1574.93,100.04,Completed,2025-03-06,Passed,Unused,False,Not Applicable
2129,15049,30045,2101,1093,219,2025-03-10,6,Refund,Late Delivery,Mobile App,Completed,Completed,3283.14,41.26,Completed,2025-03-13,Passed,Used,False,Not Applicable
2130,15062,30068,9805,434,89,2025-03-10,4,Refund,Damaged Product,Mobile App,Completed,Completed,1984.45,159.65,Completed,2025-03-13,Passed,Used,False,Not Applicable
2131,15062,30069,9805,894,179,2025-03-18,12,Refund,Late Delivery,Mobile App,Requested,Processing,66.9,30.42,Scheduled,2025-03-21,Pending,Damaged,False,Not Applicable
2132,15067,30075,955,1135,227,2025-03-29,24,Refund,Quality Issue,Website,Completed,Completed,6551.64,63.06,Completed,2025-03-30,Passed,Damaged,False,Not Applicable
2133,15071,30086,4059,1152,231,2025-04-02,26,Replacement,Product Not As Expected,Website,Approved,Not Applicable,0.0,46.49,Pending,,Pending,Used,True,Processing
2134,15096,30140,3477,1902,371,2025-03-24,23,Refund,Product Not As Expected,Website,Picked Up,Processing,1538.88,41.93,Scheduled,2025-03-25,Pending,Unused,False,Not Applicable
2135,15100,30150,6025,499,101,2025-03-27,22,Exchange,Product Not As Expected,Website,Pickup Scheduled,Not Applicable,0.0,39.24,Scheduled,2025-03-30,Pending,Damaged,True,Completed
2136,15105,30161,7858,117,22,2025-03-12,10,Refund,Quality Issue,Website,Completed,Completed,16742.06,78.08,Completed,2025-03-13,Passed,Damaged,False,Not Applicable
2137,15137,30221,514,2476,486,2025-04-03,29,Refund,Damaged Product,Mobile App,Picked Up,Pending,4456.68,136.75,Scheduled,2025-04-04,Pending,Opened,False,Not Applicable
2138,15137,30223,514,2517,494,2025-03-10,5,Refund,Wrong Product,Mobile App,Completed,Completed,4607.66,172.72,Completed,2025-03-12,Passed,Used,False,Not Applicable
2139,15162,30279,988,1428,283,2025-03-29,17,Replacement,Missing Parts,Mobile App,Approved,Not Applicable,0.0,161.88,Pending,,Pending,Opened,True,Processing
2140,15170,30294,3363,844,168,2025-03-19,10,Exchange,Quality Issue,Customer Support,Completed,Not Applicable,0.0,54.61,Completed,2025-03-22,Pending,Opened,True,Completed
2141,15171,30297,4454,485,99,2025-03-10,4,Refund,Damaged Product,Website,Completed,Completed,2296.96,61.44,Completed,2025-03-11,Passed,Used,False,Not Applicable
2142,15172,30298,4518,493,100,2025-04-08,29,Exchange,Product Not As Expected,Website,Completed,Not Applicable,0.0,63.48,Completed,2025-04-11,Passed,Unused,True,Cancelled
2143,15187,30327,11,1196,238,2025-03-09,2,Refund,Missing Parts,Customer Support,Requested,Pending,139038.1,155.97,Scheduled,2025-03-10,Pending,Damaged,False,Not Applicable
2144,15208,30371,8229,1893,369,2025-03-29,16,Refund,Changed Mind,Website,Completed,Completed,14480.0,118.02,Completed,2025-03-31,Passed,Used,False,Not Applicable
2145,15212,30381,1362,785,158,2025-03-20,10,Replacement,Missing Parts,Website,Approved,Not Applicable,0.0,159.69,Scheduled,2025-03-22,Pending,Damaged,True,Completed
2146,15234,30431,305,597,120,2025-04-05,22,Refund,Changed Mind,Mobile App,Pickup Scheduled,Processing,7838.82,53.89,Completed,2025-04-06,Passed,Used,False,Not Applicable
2147,15254,30474,1696,716,144,2025-03-25,9,Refund,Late Delivery,Website,Completed,Completed,9214.97,59.32,Completed,2025-03-27,Passed,Used,False,Not Applicable
2148,15278,30525,447,33,7,2025-03-22,5,Refund,Late Delivery,Website,Approved,Pending,7515.37,73.63,Scheduled,2025-03-23,Pending,Used,False,Not Applicable
2149,15279,30528,497,1551,307,2025-03-30,13,Refund,Size/Fit Issue,Mobile App,Completed,Completed,406.34,170.1,Completed,2025-04-02,Passed,Unused,False,Not Applicable
2150,15281,30535,1856,2314,454,2025-03-18,4,Replacement,Wrong Product,Mobile App,Requested,Not Applicable,0.0,95.64,Pending,,Pending,Opened,True,Cancelled
2151,15282,30536,2136,462,94,2025-04-04,22,Replacement,Changed Mind,Mobile App,Approved,Not Applicable,0.0,177.44,Scheduled,2025-04-06,Pending,Unused,True,Requested
2152,15282,30537,2136,581,117,2025-03-26,13,Replacement,Quality Issue,Mobile App,Completed,Not Applicable,0.0,112.3,Completed,2025-03-28,Passed,Damaged,True,Processing
2153,15288,30548,3427,1918,373,2025-04-02,13,Refund,Damaged Product,Mobile App,Requested,Pending,5469.24,91.06,Pending,,Pending,Opened,False,Not Applicable
2154,15293,30556,6286,1325,264,2025-04-15,28,Refund,Size/Fit Issue,Mobile App,Completed,Completed,22383.0,35.56,Completed,2025-04-16,Passed,Used,False,Not Applicable
2155,15305,30581,2159,334,66,2025-03-28,13,Refund,Wrong Product,Mobile App,Pickup Scheduled,Pending,1887.4,68.35,Completed,2025-03-29,Failed,Damaged,False,Not Applicable
2156,15323,30616,7288,1460,290,2025-04-03,21,Refund,Late Delivery,Website,Completed,Completed,25666.59,36.96,Completed,2025-04-04,Pending,Damaged,False,Not Applicable
2157,15331,30631,9706,2192,429,2025-04-10,24,Refund,Changed Mind,Website,Completed,Completed,24546.31,109.68,Completed,2025-04-13,Passed,Unused,False,Not Applicable
2158,15352,30674,8984,1127,225,2025-04-06,17,Refund,Product Not As Expected,Customer Support,Picked Up,Processing,37870.23,131.9,Completed,2025-04-07,Pending,Opened,False,Not Applicable
2159,15355,30681,9806,1078,216,2025-04-15,23,Replacement,Damaged Product,Mobile App,Completed,Not Applicable,0.0,161.55,Completed,2025-04-16,Passed,Unused,True,Requested
2160,15360,30691,2278,634,128,2025-04-10,25,Refund,Changed Mind,Mobile App,Picked Up,Pending,1668.98,86.44,Scheduled,2025-04-11,Pending,Opened,False,Not Applicable
2161,15362,30697,3308,153,30,2025-04-03,10,Replacement,Wrong Product,Website,Approved,Not Applicable,0.0,128.67,Scheduled,2025-04-04,Pending,Used,True,Requested
2162,15364,30701,3586,742,149,2025-04-09,19,Replacement,Wrong Product,Mobile App,Approved,Not Applicable,0.0,154.87,Pending,,Pending,Damaged,True,Requested
2163,15377,30730,9986,252,51,2025-04-04,13,Replacement,Changed Mind,Mobile App,Completed,Not Applicable,0.0,39.45,Completed,2025-04-05,Pending,Damaged,True,Requested
2164,15380,30739,1698,1770,346,2025-04-17,30,Refund,Product Not As Expected,Mobile App,Approved,Processing,3247.77,45.04,Pending,,Pending,Unused,False,Not Applicable
2165,15386,30751,4772,492,100,2025-04-20,30,Exchange,Late Delivery,Customer Support,Requested,Not Applicable,0.0,138.94,Scheduled,2025-04-23,Pending,Opened,True,Completed
2166,15392,30760,7340,1040,208,2025-04-19,27,Exchange,Quality Issue,Mobile App,Approved,Not Applicable,0.0,141.55,Scheduled,2025-04-20,Pending,Opened,True,Processing
2167,15401,30781,1546,955,191,2025-03-25,6,Replacement,Damaged Product,Customer Support,Completed,Not Applicable,0.0,155.07,Completed,2025-03-26,Passed,Opened,True,Completed
2168,15416,30813,2078,1856,362,2025-03-25,4,Replacement,Changed Mind,Website,Pickup Scheduled,Not Applicable,0.0,106.54,Completed,2025-03-27,Passed,Opened,True,Processing
2169,15418,30818,3225,2136,419,2025-04-18,30,Refund,Quality Issue,Website,Requested,Pending,43305.12,92.61,Pending,,Pending,Damaged,False,Not Applicable
2170,15421,30823,5960,1901,370,2025-03-29,6,Exchange,Changed Mind,Customer Support,Completed,Not Applicable,0.0,68.55,Completed,2025-03-31,Passed,Unused,True,Requested
2171,15448,30875,9070,1077,216,2025-04-21,29,Replacement,Damaged Product,Website,Completed,Not Applicable,0.0,143.52,Completed,2025-04-23,Passed,Damaged,True,Completed
2172,15469,30912,695,573,116,2025-04-05,7,Refund,Product Not As Expected,Mobile App,Completed,Completed,8662.83,130.8,Completed,2025-04-06,Failed,Damaged,False,Not Applicable
2173,15471,30917,1386,16,4,2025-04-23,30,Refund,Wrong Product,Mobile App,Requested,Pending,1061.16,40.37,Scheduled,2025-04-24,Pending,Opened,False,Not Applicable
2174,15475,30927,1962,1850,361,2025-04-03,7,Replacement,Wrong Product,Mobile App,Pickup Scheduled,Not Applicable,0.0,160.76,Completed,2025-04-06,Passed,Opened,True,Requested
2175,15475,30929,1962,2320,455,2025-04-16,20,Refund,Size/Fit Issue,Website,Requested,Processing,517.08,35.32,Scheduled,2025-04-17,Pending,Unused,False,Not Applicable
2176,15485,30953,6130,289,58,2025-03-27,2,Refund,Late Delivery,Website,Approved,Processing,13483.38,46.32,Pending,,Pending,Used,False,Not Applicable
2177,15500,30978,7128,1937,378,2025-04-11,16,Refund,Product Not As Expected,Website,Completed,Completed,14029.38,160.81,Completed,2025-04-13,Failed,Damaged,False,Not Applicable
2178,15514,31004,8196,1430,284,2025-04-17,21,Exchange,Size/Fit Issue,Mobile App,Approved,Not Applicable,0.0,46.43,Scheduled,2025-04-20,Pending,Damaged,True,Requested
2179,15517,31012,64,602,121,2025-04-08,12,Refund,Changed Mind,Mobile App,Completed,Processing,1754.82,157.44,Completed,2025-04-11,Passed,Opened,False,Not Applicable
2180,15522,31021,1744,1739,340,2025-04-21,24,Replacement,Quality Issue,Website,Completed,Not Applicable,0.0,90.05,Completed,2025-04-22,Passed,Opened,True,Completed
2181,15530,31035,4274,761,153,2025-04-06,8,Exchange,Damaged Product,Mobile App,Completed,Not Applicable,0.0,84.73,Completed,2025-04-08,Pending,Opened,True,Processing
2182,15538,31052,8250,873,174,2025-04-08,11,Exchange,Missing Parts,Mobile App,Completed,Not Applicable,0.0,167.1,Completed,2025-04-11,Passed,Unused,True,Requested
2183,15550,31073,2606,437,90,2025-04-18,20,Replacement,Changed Mind,Website,Completed,Not Applicable,0.0,52.98,Completed,2025-04-21,Passed,Damaged,True,Completed
2184,15553,31080,4585,1834,357,2025-04-20,19,Refund,Quality Issue,Mobile App,Completed,Completed,3533.49,179.52,Completed,2025-04-23,Passed,Opened,False,Not Applicable
2185,15557,31087,7820,255,52,2025-04-12,10,Replacement,Wrong Product,Website,Approved,Not Applicable,0.0,87.23,Pending,,Pending,Unused,True,Completed
2186,15558,31091,8538,1094,219,2025-04-15,13,Replacement,Late Delivery,Mobile App,Approved,Not Applicable,0.0,67.47,Pending,,Pending,Opened,True,Cancelled
2187,15567,31111,132,1560,308,2025-04-25,22,Refund,Quality Issue,Customer Support,Approved,Processing,49655.64,30.6,Pending,,Pending,Unused,False,Not Applicable
2188,15579,31136,4177,2242,438,2025-04-17,15,Replacement,Late Delivery,Website,Picked Up,Not Applicable,0.0,154.09,Completed,2025-04-18,Passed,Unused,True,Processing
2189,15580,31138,4516,1065,213,2025-04-24,24,Exchange,Wrong Product,Customer Support,Pickup Scheduled,Not Applicable,0.0,93.98,Completed,2025-04-25,Passed,Used,True,Processing
2190,15586,31151,7080,822,165,2025-04-25,22,Refund,Quality Issue,Mobile App,Completed,Completed,15862.38,77.75,Completed,2025-04-27,Passed,Opened,False,Not Applicable
2191,15587,31154,7929,1086,218,2025-05-01,29,Refund,Missing Parts,Mobile App,Completed,Completed,9992.44,109.67,Completed,2025-05-02,Passed,Opened,False,Not Applicable
2192,15600,31179,6019,512,104,2025-04-26,24,Refund,Wrong Product,Mobile App,Pickup Scheduled,Pending,4862.28,142.41,Completed,2025-04-29,Passed,Used,False,Not Applicable
2193,15615,31214,2696,1252,249,2025-05-03,28,Refund,Changed Mind,Website,Approved,Processing,8830.6,62.17,Scheduled,2025-05-04,Pending,Damaged,False,Not Applicable
2194,15623,31236,6346,2461,482,2025-04-15,16,Refund,Product Not As Expected,Customer Support,Picked Up,Processing,9187.28,94.18,Completed,2025-04-17,Passed,Used,False,Not Applicable
2195,15633,31259,2949,2138,420,2025-04-30,25,Refund,Wrong Product,Mobile App,Approved,Pending,45465.02,86.01,Scheduled,2025-05-03,Pending,Damaged,False,Not Applicable
2196,15640,31273,8228,2114,415,2025-04-15,10,Refund,Changed Mind,Website,Pickup Scheduled,Pending,1407.47,146.48,Completed,2025-04-16,Pending,Used,False,Not Applicable
2197,15659,31310,9629,227,46,2025-04-05,1,Refund,Quality Issue,Mobile App,Completed,Completed,1280.75,101.6,Completed,2025-04-07,Passed,Opened,False,Not Applicable
2198,15692,31381,2549,444,91,2025-04-09,6,Exchange,Quality Issue,Mobile App,Completed,Not Applicable,0.0,167.38,Completed,2025-04-10,Failed,Damaged,True,Completed
2199,15693,31385,2826,1322,263,2025-04-21,15,Exchange,Wrong Product,Customer Support,Pickup Scheduled,Not Applicable,0.0,155.87,Scheduled,2025-04-22,Pending,Used,True,Processing
2200,15704,31407,8630,1681,331,2025-04-27,23,Replacement,Changed Mind,Mobile App,Pickup Scheduled,Not Applicable,0.0,75.0,Scheduled,2025-04-30,Pending,Opened,True,Completed
2201,15717,31430,6909,1410,281,2025-05-05,28,Exchange,Quality Issue,Website,Requested,Not Applicable,0.0,175.86,Pending,,Pending,Used,True,Requested
2202,15717,31431,6909,1532,303,2025-04-13,6,Refund,Changed Mind,Mobile App,Rejected,Not Applicable,0.0,137.46,Failed,,Pending,Damaged,False,Not Applicable
2203,15721,31439,9195,1046,209,2025-04-15,10,Replacement,Damaged Product,Mobile App,Approved,Not Applicable,0.0,54.37,Scheduled,2025-04-16,Pending,Damaged,True,Cancelled
2204,15721,31440,9195,1864,363,2025-04-21,16,Replacement,Product Not As Expected,Website,Picked Up,Not Applicable,0.0,35.26,Completed,2025-04-24,Pending,Opened,True,Requested
2205,15729,31457,3348,271,55,2025-05-06,28,Replacement,Changed Mind,Website,Approved,Not Applicable,0.0,121.55,Scheduled,2025-05-09,Pending,Used,True,Requested
2206,15740,31481,769,1207,240,2025-04-28,19,Refund,Damaged Product,Mobile App,Approved,Processing,1803.34,125.54,Pending,,Pending,Damaged,False,Not Applicable
2207,15740,31482,769,1349,268,2025-04-15,6,Replacement,Product Not As Expected,Website,Picked Up,Not Applicable,0.0,172.35,Completed,2025-04-17,Passed,Damaged,True,Completed
2208,15740,31483,769,2403,470,2025-04-10,1,Refund,Late Delivery,Website,Picked Up,Pending,3017.75,155.02,Completed,2025-04-12,Passed,Used,False,Not Applicable
2209,15749,31497,6136,515,104,2025-04-30,24,Refund,Late Delivery,Website,Approved,Processing,4741.92,100.57,Scheduled,2025-05-01,Pending,Opened,False,Not Applicable
2210,15757,31514,8808,1663,328,2025-04-11,5,Refund,Quality Issue,Mobile App,Rejected,Not Applicable,0.0,63.37,Failed,,Pending,Unused,False,Not Applicable
2211,15759,31518,8970,706,142,2025-04-12,3,Refund,Quality Issue,Website,Pickup Scheduled,Processing,8686.34,155.75,Scheduled,2025-04-15,Pending,Used,False,Not Applicable
2212,15767,31536,2692,1889,368,2025-04-11,3,Refund,Quality Issue,Website,Approved,Processing,3369.6,128.29,Scheduled,2025-04-12,Pending,Damaged,False,Not Applicable
2213,15787,31579,4746,2105,414,2025-05-06,26,Replacement,Changed Mind,Mobile App,Completed,Not Applicable,0.0,47.1,Completed,2025-05-08,Passed,Used,True,Processing
2214,15789,31581,4949,1584,313,2025-04-29,17,Refund,Changed Mind,Mobile App,Completed,Processing,3916.75,56.48,Completed,2025-04-30,Failed,Damaged,False,Not Applicable
2215,15791,31585,7408,863,172,2025-04-25,13,Refund,Changed Mind,Mobile App,Rejected,Not Applicable,0.0,57.76,Failed,,Pending,Damaged,False,Not Applicable
2216,15792,31587,7575,1720,338,2025-04-25,13,Refund,Changed Mind,Website,Completed,Completed,70098.66,130.6,Completed,2025-04-27,Failed,Damaged,False,Not Applicable
2217,15793,31590,8683,2467,484,2025-04-14,3,Exchange,Product Not As Expected,Website,Requested,Not Applicable,0.0,34.95,Scheduled,2025-04-16,Pending,Opened,True,Processing
2218,15795,31593,9309,883,177,2025-04-24,14,Refund,Changed Mind,Mobile App,Approved,Pending,2250.25,71.95,Pending,,Pending,Opened,False,Not Applicable
2219,15810,31621,8301,1478,292,2025-04-26,15,Refund,Quality Issue,Website,Completed,Completed,9262.82,34.05,Completed,2025-04-29,Passed,Unused,False,Not Applicable
2220,15819,31637,1788,584,118,2025-04-17,9,Replacement,Product Not As Expected,Website,Pickup Scheduled,Not Applicable,0.0,63.85,Completed,2025-04-20,Passed,Used,True,Completed
2221,15823,31645,3887,1948,380,2025-04-28,16,Replacement,Product Not As Expected,Mobile App,Picked Up,Not Applicable,0.0,134.65,Scheduled,2025-04-29,Pending,Opened,True,Processing
2222,15827,31654,7377,1614,319,2025-04-17,5,Refund,Wrong Product,Website,Approved,Processing,385.46,144.6,Scheduled,2025-04-20,Pending,Damaged,False,Not Applicable
2223,15829,31659,9221,2207,432,2025-04-21,11,Refund,Product Not As Expected,Website,Pickup Scheduled,Pending,12221.81,53.24,Scheduled,2025-04-23,Pending,Unused,False,Not Applicable
2224,15831,31661,1169,1316,262,2025-04-26,11,Replacement,Changed Mind,Website,Requested,Not Applicable,0.0,109.46,Pending,,Pending,Used,True,Completed
2225,15847,31690,7532,1320,263,2025-05-01,18,Refund,Quality Issue,Website,Pickup Scheduled,Pending,1549.66,119.66,Completed,2025-05-02,Passed,Damaged,False,Not Applicable
2226,15848,31692,7682,1285,256,2025-04-23,14,Replacement,Size/Fit Issue,Website,Approved,Not Applicable,0.0,73.69,Pending,,Pending,Opened,True,Cancelled
2227,15852,31701,676,741,149,2025-04-25,13,Refund,Changed Mind,Mobile App,Completed,Completed,42179.49,50.24,Completed,2025-04-28,Passed,Damaged,False,Not Applicable
2228,15853,31704,728,225,46,2025-05-06,21,Refund,Quality Issue,Mobile App,Approved,Processing,18030.61,87.5,Pending,,Pending,Used,False,Not Applicable
2229,15853,31705,728,474,97,2025-05-15,30,Refund,Wrong Product,Mobile App,Approved,Processing,12373.07,135.25,Pending,,Pending,Used,False,Not Applicable
2230,15856,31712,2654,2402,469,2025-04-21,9,Refund,Missing Parts,Website,Requested,Processing,3940.27,40.41,Scheduled,2025-04-23,Pending,Damaged,False,Not Applicable
2231,15863,31727,6551,1390,276,2025-04-26,12,Refund,Quality Issue,Mobile App,Requested,Processing,22893.51,31.58,Pending,,Pending,Used,False,Not Applicable
2232,15866,31734,8686,1766,345,2025-04-26,13,Replacement,Product Not As Expected,Website,Completed,Not Applicable,0.0,155.16,Completed,2025-04-28,Pending,Used,True,Requested
2233,15878,31752,7348,1637,323,2025-04-22,7,Refund,Product Not As Expected,Website,Approved,Processing,1485.51,34.04,Pending,,Pending,Unused,False,Not Applicable
2234,15880,31756,8030,1774,347,2025-05-08,25,Replacement,Wrong Product,Website,Pickup Scheduled,Not Applicable,0.0,41.14,Scheduled,2025-05-09,Pending,Unused,True,Requested
2235,15881,31758,8266,586,118,2025-04-29,14,Replacement,Changed Mind,Mobile App,Completed,Not Applicable,0.0,172.26,Completed,2025-05-01,Passed,Unused,True,Processing
2236,15881,31760,8266,2099,413,2025-05-14,29,Exchange,Quality Issue,Mobile App,Approved,Not Applicable,0.0,110.1,Pending,,Pending,Opened,True,Cancelled
2237,15882,31762,9709,2013,392,2025-04-23,10,Refund,Product Not As Expected,Website,Completed,Completed,4558.03,92.53,Completed,2025-04-25,Passed,Used,False,Not Applicable
2238,15886,31771,2083,889,178,2025-04-16,2,Replacement,Quality Issue,Customer Support,Completed,Not Applicable,0.0,100.37,Completed,2025-04-19,Passed,Unused,True,Completed
2239,15907,31818,1989,900,181,2025-05-10,27,Refund,Damaged Product,Customer Support,Pickup Scheduled,Processing,406.48,158.5,Completed,2025-05-13,Passed,Used,False,Not Applicable
2240,15944,31891,2713,914,183,2025-05-09,23,Exchange,Missing Parts,Website,Pickup Scheduled,Not Applicable,0.0,48.02,Completed,2025-05-12,Passed,Used,True,Processing
2241,15966,31933,1989,1218,242,2025-05-03,14,Replacement,Product Not As Expected,Mobile App,Requested,Not Applicable,0.0,75.89,Scheduled,2025-05-05,Pending,Unused,True,Completed
2242,15976,31953,5914,1248,248,2025-05-17,29,Refund,Product Not As Expected,Website,Approved,Processing,580.07,60.24,Pending,,Pending,Unused,False,Not Applicable
2243,15976,31954,5914,1437,285,2025-05-04,16,Refund,Size/Fit Issue,Mobile App,Requested,Processing,41552.47,128.55,Scheduled,2025-05-07,Pending,Unused,False,Not Applicable
2244,15986,31971,880,96,18,2025-05-19,28,Refund,Product Not As Expected,Website,Picked Up,Pending,14015.41,87.39,Completed,2025-05-20,Passed,Unused,False,Not Applicable
2245,15989,31978,3162,897,180,2025-05-08,20,Replacement,Wrong Product,Website,Picked Up,Not Applicable,0.0,33.28,Completed,2025-05-10,Passed,Unused,True,Processing
2246,15989,31979,3162,1222,243,2025-05-10,22,Refund,Damaged Product,Website,Pickup Scheduled,Pending,6272.25,64.62,Scheduled,2025-05-13,Pending,Damaged,False,Not Applicable
2247,15990,31980,4002,897,180,2025-04-22,6,Refund,Damaged Product,Website,Completed,Processing,580.06,147.33,Completed,2025-04-24,Passed,Opened,False,Not Applicable
2248,15993,31985,7786,93,18,2025-05-16,27,Refund,Product Not As Expected,Website,Completed,Completed,19068.45,83.5,Completed,2025-05-17,Passed,Opened,False,Not Applicable
2249,16013,32023,6614,1906,371,2025-05-10,20,Replacement,Product Not As Expected,Mobile App,Completed,Not Applicable,0.0,168.63,Completed,2025-05-12,Passed,Opened,True,Completed
2250,16016,32027,7768,515,104,2025-05-07,14,Refund,Late Delivery,Website,Completed,Processing,1663.83,157.64,Completed,2025-05-10,Passed,Used,False,Not Applicable
2251,16033,32062,3433,1556,308,2025-04-28,3,Replacement,Damaged Product,Website,Requested,Not Applicable,0.0,83.47,Pending,,Pending,Opened,True,Cancelled
2252,16045,32088,8919,1491,294,2025-05-18,28,Refund,Damaged Product,Customer Support,Pickup Scheduled,Processing,229.84,39.48,Scheduled,2025-05-19,Pending,Used,False,Not Applicable
2253,16055,32110,3262,509,103,2025-05-18,26,Refund,Missing Parts,Website,Requested,Pending,7860.97,174.18,Pending,,Pending,Used,False,Not Applicable
2254,16067,32135,7141,2338,458,2025-05-07,11,Refund,Changed Mind,Website,Completed,Completed,44288.37,144.87,Completed,2025-05-10,Passed,Unused,False,Not Applicable
2255,16080,32159,5290,413,83,2025-05-23,29,Replacement,Late Delivery,Mobile App,Pickup Scheduled,Not Applicable,0.0,73.99,Scheduled,2025-05-24,Pending,Unused,True,Completed
2256,16089,32176,9206,2330,457,2025-05-15,20,Replacement,Size/Fit Issue,Website,Picked Up,Not Applicable,0.0,170.7,Completed,2025-05-16,Passed,Damaged,True,Cancelled
2257,16101,32200,5123,378,74,2025-04-30,5,Refund,Wrong Product,Mobile App,Pickup Scheduled,Processing,70502.64,61.61,Completed,2025-05-01,Passed,Damaged,False,Not Applicable
2258,16112,32219,1200,1460,290,2025-05-16,23,Replacement,Wrong Product,Mobile App,Pickup Scheduled,Not Applicable,0.0,132.66,Completed,2025-05-18,Passed,Damaged,True,Completed
2259,16113,32222,1298,2246,439,2025-05-08,12,Refund,Damaged Product,Customer Support,Requested,Pending,60770.1,79.58,Pending,,Pending,Damaged,False,Not Applicable
2260,16128,32253,6249,299,59,2025-04-30,9,Refund,Product Not As Expected,Website,Picked Up,Pending,1616.41,141.77,Completed,2025-05-01,Passed,Used,False,Not Applicable
2261,16130,32256,7253,941,188,2025-05-11,12,Refund,Damaged Product,Website,Requested,Processing,4001.38,175.54,Scheduled,2025-05-14,Pending,Opened,False,Not Applicable
2262,16144,32278,2688,1100,221,2025-04-24,3,Refund,Quality Issue,Mobile App,Completed,Completed,12743.96,109.19,Completed,2025-04-27,Passed,Damaged,False,Not Applicable
2263,16155,32300,6652,500,102,2025-05-22,26,Refund,Late Delivery,Website,Approved,Processing,8495.78,131.11,Pending,,Pending,Damaged,False,Not Applicable
2264,16158,32306,8570,2549,500,2025-05-12,11,Replacement,Changed Mind,Mobile App,Approved,Not Applicable,0.0,119.78,Scheduled,2025-05-13,Pending,Opened,True,Cancelled
2265,16160,32308,1058,419,85,2025-05-12,13,Refund,Changed Mind,Mobile App,Completed,Completed,1722.09,145.3,Completed,2025-05-14,Passed,Opened,False,Not Applicable
2266,16164,32317,4512,1290,257,2025-05-03,7,Exchange,Changed Mind,Website,Approved,Not Applicable,0.0,167.43,Scheduled,2025-05-05,Pending,Damaged,True,Completed
2267,16166,32321,5458,734,147,2025-05-25,30,Exchange,Wrong Product,Mobile App,Requested,Not Applicable,0.0,178.04,Scheduled,2025-05-28,Pending,Opened,True,Completed
2268,16170,32332,6010,2551,500,2025-05-06,7,Replacement,Quality Issue,Website,Completed,Not Applicable,0.0,126.09,Completed,2025-05-07,Passed,Used,True,Cancelled
2269,16191,32373,7538,1365,271,2025-05-22,22,Refund,Product Not As Expected,Mobile App,Requested,Pending,2811.95,78.52,Pending,,Pending,Unused,False,Not Applicable
2270,16192,32374,8252,1480,292,2025-05-11,10,Refund,Missing Parts,Mobile App,Picked Up,Processing,11657.28,51.26,Completed,2025-05-12,Pending,Opened,False,Not Applicable
2271,16210,32411,6249,1422,283,2025-05-24,26,Refund,Missing Parts,Mobile App,Approved,Pending,112960.44,30.18,Pending,,Pending,Damaged,False,Not Applicable
2272,16213,32418,7614,2522,495,2025-05-25,28,Replacement,Wrong Product,Mobile App,Completed,Not Applicable,0.0,176.2,Completed,2025-05-28,Passed,Damaged,True,Requested
2273,16222,32436,1428,431,88,2025-05-22,25,Refund,Product Not As Expected,Mobile App,Requested,Processing,165592.51,53.7,Pending,,Pending,Opened,False,Not Applicable
2274,16223,32440,2534,1499,296,2025-05-18,18,Refund,Damaged Product,Mobile App,Completed,Pending,5512.51,72.84,Completed,2025-05-19,Passed,Opened,False,Not Applicable
2275,16229,32449,5407,1839,358,2025-05-12,6,Refund,Wrong Product,Website,Picked Up,Pending,7851.21,125.76,Scheduled,2025-05-15,Pending,Used,False,Not Applicable
2276,16232,32457,7102,1912,372,2025-05-03,5,Refund,Damaged Product,Mobile App,Requested,Pending,1603.91,116.45,Pending,,Pending,Opened,False,Not Applicable
2277,16243,32484,7300,752,151,2025-05-19,18,Replacement,Late Delivery,Website,Approved,Not Applicable,0.0,68.36,Scheduled,2025-05-21,Pending,Unused,True,Completed
2278,16245,32489,7735,379,75,2025-05-17,13,Refund,Late Delivery,Mobile App,Requested,Processing,64982.39,51.18,Pending,,Pending,Damaged,False,Not Applicable
2279,16246,32492,8632,1713,337,2025-05-12,7,Refund,Quality Issue,Mobile App,Requested,Pending,8353.04,164.76,Pending,,Pending,Used,False,Not Applicable
2280,16249,32497,9805,1285,256,2025-05-24,21,Refund,Changed Mind,Mobile App,Pickup Scheduled,Processing,12846.26,115.72,Scheduled,2025-05-26,Pending,Used,False,Not Applicable
2281,16254,32511,729,757,152,2025-05-25,23,Refund,Quality Issue,Website,Rejected,Not Applicable,0.0,149.43,Failed,,Pending,Unused,False,Not Applicable
2282,16260,32523,4175,2029,396,2025-05-29,24,Refund,Size/Fit Issue,Customer Support,Pickup Scheduled,Processing,8406.1,105.89,Scheduled,2025-05-30,Pending,Opened,False,Not Applicable
2283,16263,32529,4895,587,118,2025-06-02,29,Replacement,Wrong Product,Mobile App,Picked Up,Not Applicable,0.0,56.28,Scheduled,2025-06-04,Pending,Damaged,True,Processing
2284,16270,32542,18,1114,223,2025-05-26,26,Refund,Quality Issue,Website,Approved,Processing,2767.93,153.47,Scheduled,2025-05-28,Pending,Unused,False,Not Applicable
2285,16272,32545,562,1846,360,2025-06-03,29,Refund,Damaged Product,Website,Requested,Pending,844.47,132.77,Scheduled,2025-06-06,Pending,Used,False,Not Applicable
2286,16275,32551,1615,1913,372,2025-05-16,10,Refund,Product Not As Expected,Mobile App,Approved,Processing,1338.12,106.54,Scheduled,2025-05-19,Pending,Opened,False,Not Applicable
2287,16275,32552,1615,2325,456,2025-06-01,26,Refund,Damaged Product,Website,Requested,Pending,4121.55,151.82,Scheduled,2025-06-03,Pending,Opened,False,Not Applicable
2288,16283,32568,5489,2496,490,2025-05-25,20,Refund,Damaged Product,Mobile App,Rejected,Not Applicable,0.0,142.08,Failed,,Pending,Damaged,False,Not Applicable
2289,16301,32609,5516,950,190,2025-05-05,1,Exchange,Product Not As Expected,Website,Picked Up,Not Applicable,0.0,31.08,Scheduled,2025-05-06,Pending,Used,True,Completed
2290,16317,32638,1122,2166,425,2025-05-08,4,Refund,Changed Mind,Mobile App,Picked Up,Processing,12858.39,95.99,Completed,2025-05-10,Pending,Used,False,Not Applicable
2291,16332,32664,7140,467,96,2025-05-28,20,Refund,Product Not As Expected,Website,Pickup Scheduled,Processing,260.62,44.98,Completed,2025-05-29,Passed,Opened,False,Not Applicable
2292,16340,32679,4225,1620,320,2025-06-05,28,Exchange,Damaged Product,Website,Completed,Not Applicable,0.0,174.21,Completed,2025-06-06,Passed,Used,True,Cancelled
2293,16347,32695,8000,1833,357,2025-05-23,17,Replacement,Quality Issue,Website,Requested,Not Applicable,0.0,103.58,Pending,,Pending,Used,True,Cancelled
2294,16352,32704,907,1969,384,2025-05-06,1,Replacement,Damaged Product,Mobile App,Completed,Not Applicable,0.0,156.07,Completed,2025-05-09,Passed,Used,True,Requested
2295,16356,32712,2149,311,62,2025-05-18,9,Refund,Missing Parts,Website,Rejected,Not Applicable,0.0,111.03,Failed,,Pending,Damaged,False,Not Applicable
2296,16359,32718,2610,2418,472,2025-05-13,8,Refund,Late Delivery,Website,Picked Up,Pending,4600.77,37.12,Scheduled,2025-05-15,Pending,Unused,False,Not Applicable
2297,16364,32730,3495,1403,279,2025-06-08,29,Refund,Changed Mind,Mobile App,Completed,Pending,2014.89,35.59,Completed,2025-06-10,Passed,Damaged,False,Not Applicable
2298,16366,32733,5026,2184,428,2025-05-19,11,Replacement,Changed Mind,Website,Approved,Not Applicable,0.0,58.94,Pending,,Pending,Used,True,Cancelled
2299,16368,32735,5212,2376,465,2025-05-31,20,Replacement,Late Delivery,Website,Completed,Not Applicable,0.0,87.06,Completed,2025-06-03,Passed,Used,True,Processing
2300,16373,32744,6404,817,164,2025-06-04,30,Replacement,Late Delivery,Mobile App,Pickup Scheduled,Not Applicable,0.0,83.63,Completed,2025-06-07,Passed,Damaged,True,Requested
2301,16379,32758,9459,119,22,2025-05-13,2,Replacement,Changed Mind,Mobile App,Completed,Not Applicable,0.0,69.83,Completed,2025-05-15,Pending,Damaged,True,Processing
2302,16390,32780,4815,1519,300,2025-05-17,8,Replacement,Changed Mind,Website,Approved,Not Applicable,0.0,155.69,Pending,,Pending,Damaged,True,Completed
2303,16391,32783,5626,1492,294,2025-05-15,8,Refund,Product Not As Expected,Website,Completed,Completed,4701.42,111.87,Completed,2025-05-16,Passed,Opened,False,Not Applicable
2304,16392,32785,6858,2113,415,2025-06-08,29,Refund,Changed Mind,Mobile App,Approved,Processing,5131.52,156.1,Pending,,Pending,Used,False,Not Applicable
2305,16401,32805,779,2308,452,2025-06-06,30,Refund,Late Delivery,Mobile App,Approved,Processing,74783.52,99.07,Pending,,Pending,Damaged,False,Not Applicable
2306,16406,32815,2170,19,4,2025-06-06,28,Replacement,Product Not As Expected,Website,Completed,Not Applicable,0.0,96.89,Completed,2025-06-09,Passed,Used,True,Cancelled
2307,16406,32816,2170,432,88,2025-05-10,1,Refund,Damaged Product,Website,Pickup Scheduled,Pending,128423.35,77.78,Completed,2025-05-12,Passed,Opened,False,Not Applicable
2308,16407,32819,2496,1343,267,2025-06-03,24,Replacement,Size/Fit Issue,Mobile App,Requested,Not Applicable,0.0,150.62,Scheduled,2025-06-05,Pending,Unused,True,Requested
2309,16408,32822,2751,1632,323,2025-05-20,14,Replacement,Changed Mind,Website,Completed,Not Applicable,0.0,139.06,Completed,2025-05-21,Failed,Damaged,True,Completed
2310,16439,32882,8873,431,88,2025-05-27,16,Refund,Quality Issue,Mobile App,Picked Up,Processing,248388.77,89.17,Completed,2025-05-30,Passed,Used,False,Not Applicable
2311,16459,32920,4859,453,93,2025-05-14,1,Refund,Changed Mind,Website,Picked Up,Pending,19920.96,175.29,Completed,2025-05-16,Passed,Damaged,False,Not Applicable
2312,16465,32930,746,292,58,2025-06-01,22,Replacement,Quality Issue,Mobile App,Completed,Not Applicable,0.0,90.79,Completed,2025-06-03,Passed,Opened,True,Requested
2313,16472,32944,2967,2185,428,2025-06-09,29,Refund,Product Not As Expected,Website,Completed,Completed,18409.47,123.53,Completed,2025-06-12,Passed,Damaged,False,Not Applicable
2314,16477,32954,5283,1996,388,2025-06-09,26,Refund,Product Not As Expected,Mobile App,Requested,Pending,13363.41,46.05,Scheduled,2025-06-11,Pending,Unused,False,Not Applicable
2315,16494,32986,1406,1226,243,2025-06-08,27,Refund,Product Not As Expected,Website,Completed,Pending,1960.01,38.98,Completed,2025-06-11,Pending,Unused,False,Not Applicable
2316,16496,32990,1790,469,96,2025-06-12,25,Exchange,Product Not As Expected,Mobile App,Approved,Not Applicable,0.0,66.99,Scheduled,2025-06-14,Pending,Damaged,True,Cancelled
2317,16500,33001,2311,1603,318,2025-06-08,26,Replacement,Changed Mind,Website,Approved,Not Applicable,0.0,118.14,Scheduled,2025-06-11,Pending,Opened,True,Completed
2318,16506,33017,3218,1717,337,2025-05-22,5,Refund,Late Delivery,Website,Approved,Processing,4652.09,86.94,Pending,,Pending,Unused,False,Not Applicable
2319,16507,33019,4426,1410,281,2025-05-26,10,Refund,Damaged Product,Website,Approved,Pending,99719.02,138.07,Scheduled,2025-05-28,Pending,Damaged,False,Not Applicable
2320,16515,33035,2110,1456,289,2025-05-23,6,Refund,Product Not As Expected,Website,Picked Up,Pending,68457.65,51.49,Scheduled,2025-05-26,Pending,Unused,False,Not Applicable
2321,16515,33036,2110,2053,403,2025-06-11,25,Refund,Changed Mind,Website,Completed,Completed,1075.11,34.81,Completed,2025-06-12,Passed,Used,False,Not Applicable
2322,16518,33043,4659,1223,243,2025-06-05,18,Replacement,Product Not As Expected,Mobile App,Picked Up,Not Applicable,0.0,53.76,Scheduled,2025-06-06,Pending,Opened,True,Processing
2323,16519,33045,5471,2157,423,2025-05-24,8,Refund,Quality Issue,Mobile App,Completed,Completed,2132.91,93.33,Completed,2025-05-26,Passed,Used,False,Not Applicable
2324,16527,33065,184,2277,447,2025-05-24,14,Replacement,Wrong Product,Website,Approved,Not Applicable,0.0,70.72,Scheduled,2025-05-27,Pending,Opened,True,Processing
2325,16529,33069,1135,648,131,2025-05-27,12,Exchange,Late Delivery,Website,Pickup Scheduled,Not Applicable,0.0,33.14,Scheduled,2025-05-30,Pending,Opened,True,Processing
2326,16532,33075,2337,352,69,2025-05-31,14,Refund,Changed Mind,Website,Requested,Pending,9710.4,75.07,Scheduled,2025-06-02,Pending,Used,False,Not Applicable
2327,16535,33082,2928,412,83,2025-05-24,8,Replacement,Product Not As Expected,Customer Support,Pickup Scheduled,Not Applicable,0.0,74.77,Completed,2025-05-25,Pending,Unused,True,Processing
2328,16550,33102,521,1105,222,2025-06-15,28,Refund,Product Not As Expected,Mobile App,Completed,Processing,5833.7,82.5,Completed,2025-06-16,Passed,Damaged,False,Not Applicable
2329,16551,33105,904,1090,218,2025-05-22,5,Refund,Damaged Product,Mobile App,Approved,Processing,15440.35,103.29,Pending,,Pending,Unused,False,Not Applicable
2330,16557,33119,3126,1052,211,2025-06-11,24,Replacement,Changed Mind,Website,Approved,Not Applicable,0.0,92.11,Scheduled,2025-06-12,Pending,Opened,True,Completed
2331,16558,33122,4016,1031,207,2025-05-23,3,Replacement,Late Delivery,Mobile App,Completed,Not Applicable,0.0,110.64,Completed,2025-05-26,Pending,Unused,True,Requested
2332,16559,33125,5173,1112,223,2025-05-21,8,Refund,Late Delivery,Website,Approved,Processing,3574.4,73.72,Scheduled,2025-05-22,Pending,Unused,False,Not Applicable
2333,16573,33150,1106,985,197,2025-05-26,13,Refund,Late Delivery,Mobile App,Completed,Completed,150.17,48.17,Completed,2025-05-27,Passed,Opened,False,Not Applicable
2334,16573,33151,1106,2446,479,2025-06-09,27,Exchange,Quality Issue,Website,Requested,Not Applicable,0.0,49.0,Scheduled,2025-06-10,Pending,Damaged,True,Processing
2335,16575,33154,1983,407,82,2025-06-10,23,Replacement,Quality Issue,Customer Support,Pickup Scheduled,Not Applicable,0.0,164.6,Completed,2025-06-13,Passed,Used,True,Cancelled
2336,16583,33167,5107,381,75,2025-06-17,30,Exchange,Product Not As Expected,Mobile App,Requested,Not Applicable,0.0,106.59,Scheduled,2025-06-19,Pending,Opened,True,Cancelled
2337,16595,33191,1770,636,128,2025-06-01,11,Refund,Changed Mind,Mobile App,Picked Up,Processing,722.32,35.36,Completed,2025-06-02,Pending,Unused,False,Not Applicable
2338,16602,33209,3948,584,118,2025-06-05,13,Exchange,Product Not As Expected,Customer Support,Completed,Not Applicable,0.0,125.0,Completed,2025-06-06,Pending,Used,True,Completed
2339,16603,33211,4796,1403,279,2025-05-19,1,Refund,Quality Issue,Mobile App,Pickup Scheduled,Pending,2014.89,140.31,Scheduled,2025-05-20,Pending,Opened,False,Not Applicable
2340,16614,33237,412,1645,325,2025-06-03,16,Replacement,Changed Mind,Mobile App,Rejected,Not Applicable,0.0,40.02,Failed,,Pending,Damaged,True,Requested
2341,16616,33240,1597,1745,342,2025-06-02,10,Replacement,Changed Mind,Mobile App,Completed,Not Applicable,0.0,110.1,Completed,2025-06-04,Passed,Unused,True,Requested
2342,16624,33253,5407,1264,252,2025-06-12,23,Refund,Product Not As Expected,Website,Approved,Processing,2555.49,87.63,Pending,,Pending,Used,False,Not Applicable
2343,16654,33309,264,2155,423,2025-05-30,7,Replacement,Damaged Product,Website,Pickup Scheduled,Not Applicable,0.0,141.67,Completed,2025-06-01,Passed,Opened,True,Completed
2344,16664,33330,5237,34,7,2025-06-13,19,Replacement,Damaged Product,Mobile App,Completed,Not Applicable,0.0,129.32,Completed,2025-06-16,Pending,Unused,True,Cancelled
2345,16667,33335,6841,1948,380,2025-06-01,10,Refund,Changed Mind,Website,Requested,Processing,3529.74,76.64,Pending,,Pending,Damaged,False,Not Applicable
2346,16669,33340,7733,2414,472,2025-06-04,9,Replacement,Wrong Product,Mobile App,Requested,Not Applicable,0.0,65.82,Pending,,Pending,Unused,True,Processing
2347,16674,33349,571,119,22,2025-05-28,3,Replacement,Product Not As Expected,Website,Completed,Not Applicable,0.0,99.91,Completed,2025-05-29,Passed,Unused,True,Processing
2348,16676,33357,1127,2345,460,2025-06-20,24,Exchange,Quality Issue,Mobile App,Completed,Not Applicable,0.0,60.95,Completed,2025-06-23,Passed,Used,True,Processing
2349,16710,33430,157,2247,440,2025-06-11,15,Refund,Changed Mind,Website,Completed,Processing,4367.85,65.25,Completed,2025-06-14,Passed,Damaged,False,Not Applicable
2350,16716,33445,4412,727,146,2025-06-06,8,Replacement,Wrong Product,Mobile App,Picked Up,Not Applicable,0.0,42.2,Completed,2025-06-07,Passed,Used,True,Processing
2351,16718,33449,5060,1311,261,2025-05-31,7,Refund,Changed Mind,Website,Pickup Scheduled,Pending,5773.08,118.26,Scheduled,2025-06-01,Pending,Opened,False,Not Applicable
2352,16722,33456,6468,1524,301,2025-06-14,17,Refund,Product Not As Expected,Mobile App,Picked Up,Pending,3305.23,58.26,Scheduled,2025-06-16,Pending,Opened,False,Not Applicable
2353,16739,33491,4054,2533,497,2025-06-18,20,Refund,Damaged Product,Website,Pickup Scheduled,Processing,58489.52,54.59,Completed,2025-06-19,Passed,Damaged,False,Not Applicable
2354,16742,33496,5934,245,50,2025-06-28,29,Replacement,Wrong Product,Mobile App,Approved,Not Applicable,0.0,39.45,Scheduled,2025-06-30,Pending,Damaged,True,Requested
2355,16743,33498,6840,2433,475,2025-06-14,15,Refund,Quality Issue,Website,Approved,Pending,7669.01,151.5,Pending,,Pending,Damaged,False,Not Applicable
2356,16745,33503,7921,808,163,2025-06-03,6,Refund,Late Delivery,Website,Approved,Processing,6625.91,35.24,Pending,,Pending,Used,False,Not Applicable
2357,16764,33542,5970,1551,307,2025-06-14,15,Exchange,Wrong Product,Mobile App,Approved,Not Applicable,0.0,177.39,Scheduled,2025-06-17,Pending,Unused,True,Requested
2358,16774,33562,2718,1961,382,2025-06-27,26,Refund,Quality Issue,Website,Approved,Processing,3956.79,132.76,Scheduled,2025-06-30,Pending,Unused,False,Not Applicable
2359,16776,33568,4375,2060,406,2025-06-03,1,Replacement,Wrong Product,Website,Approved,Not Applicable,0.0,172.13,Pending,,Pending,Used,True,Requested
2360,16782,33579,7714,1363,271,2025-06-11,10,Replacement,Changed Mind,Mobile App,Picked Up,Not Applicable,0.0,143.45,Completed,2025-06-12,Failed,Damaged,True,Completed
2361,16784,33585,8694,1399,278,2025-06-01,2,Exchange,Changed Mind,Website,Requested,Not Applicable,0.0,152.74,Pending,,Pending,Opened,True,Processing
2362,16794,33605,3672,1018,204,2025-05-31,1,Refund,Damaged Product,Website,Completed,Completed,6964.15,84.61,Completed,2025-06-03,Passed,Used,False,Not Applicable
2363,16798,33614,6377,1318,263,2025-06-21,20,Replacement,Damaged Product,Website,Requested,Not Applicable,0.0,171.89,Pending,,Pending,Opened,True,Processing
2364,16809,33633,1311,14,4,2025-06-05,9,Replacement,Product Not As Expected,Mobile App,Rejected,Not Applicable,0.0,69.97,Failed,,Pending,Used,True,Requested
2365,16813,33641,3199,105,20,2025-06-22,21,Refund,Late Delivery,Mobile App,Approved,Pending,480.54,49.53,Scheduled,2025-06-23,Pending,Damaged,False,Not Applicable
2366,16835,33683,6619,829,166,2025-06-16,12,Refund,Size/Fit Issue,Mobile App,Approved,Processing,525.11,62.54,Pending,,Pending,Used,False,Not Applicable
2367,16843,33698,2323,1142,228,2025-06-19,18,Replacement,Changed Mind,Mobile App,Completed,Not Applicable,0.0,130.32,Completed,2025-06-21,Passed,Unused,True,Completed
2368,16843,33699,2323,1788,349,2025-06-15,14,Refund,Product Not As Expected,Mobile App,Pickup Scheduled,Processing,1354.44,75.11,Scheduled,2025-06-16,Pending,Unused,False,Not Applicable
2369,16854,33718,6816,1467,291,2025-06-29,25,Refund,Damaged Product,Website,Approved,Pending,7748.21,138.69,Pending,,Pending,Unused,False,Not Applicable
2370,16865,33739,3436,2237,437,2025-06-06,6,Refund,Missing Parts,Website,Completed,Completed,279121.92,33.41,Completed,2025-06-07,Passed,Unused,False,Not Applicable
2371,16883,33774,2090,1290,257,2025-06-17,16,Replacement,Wrong Product,Website,Approved,Not Applicable,0.0,52.26,Pending,,Pending,Damaged,True,Completed
2372,16891,33794,5872,1115,223,2025-06-22,19,Refund,Product Not As Expected,Mobile App,Completed,Processing,5276.75,46.5,Completed,2025-06-23,Pending,Damaged,False,Not Applicable
2373,16897,33806,9688,1601,317,2025-06-08,4,Refund,Changed Mind,Website,Completed,Completed,13410.78,134.8,Completed,2025-06-09,Passed,Opened,False,Not Applicable
2374,16900,33813,1785,2520,494,2025-06-14,10,Exchange,Changed Mind,Website,Rejected,Not Applicable,0.0,150.48,Failed,,Pending,Used,True,Completed
2375,16905,33819,3908,474,97,2025-06-09,3,Replacement,Product Not As Expected,Website,Requested,Not Applicable,0.0,58.3,Pending,,Pending,Opened,True,Completed
2376,16909,33827,5989,26,5,2025-06-16,11,Replacement,Quality Issue,Website,Requested,Not Applicable,0.0,177.51,Scheduled,2025-06-18,Pending,Opened,True,Requested
2377,16912,33833,7124,2122,417,2025-06-09,4,Refund,Size/Fit Issue,Mobile App,Pickup Scheduled,Processing,2930.42,123.59,Completed,2025-06-12,Passed,Unused,False,Not Applicable
2378,16919,33849,619,2540,498,2025-07-02,25,Replacement,Late Delivery,Website,Completed,Not Applicable,0.0,67.2,Completed,2025-07-03,Passed,Unused,True,Cancelled
2379,16929,33871,6783,1048,210,2025-06-22,15,Refund,Damaged Product,Mobile App,Pickup Scheduled,Pending,1342.4,120.37,Scheduled,2025-06-24,Pending,Used,False,Not Applicable
2380,16934,33880,138,1262,252,2025-06-09,1,Refund,Size/Fit Issue,Website,Pickup Scheduled,Pending,337.77,89.64,Scheduled,2025-06-10,Pending,Unused,False,Not Applicable
2381,16938,33885,1270,567,115,2025-07-05,30,Replacement,Wrong Product,Mobile App,Approved,Not Applicable,0.0,128.32,Pending,,Pending,Used,True,Requested
2382,16939,33887,1661,2438,477,2025-06-14,4,Refund,Size/Fit Issue,Website,Pickup Scheduled,Processing,14752.29,120.8,Completed,2025-06-16,Pending,Used,False,Not Applicable
2383,16940,33889,1966,1573,311,2025-06-17,13,Refund,Quality Issue,Website,Completed,Completed,10950.21,119.09,Completed,2025-06-19,Passed,Opened,False,Not Applicable
2384,16948,33906,4928,890,178,2025-06-30,21,Exchange,Product Not As Expected,Customer Support,Completed,Not Applicable,0.0,38.84,Completed,2025-07-03,Passed,Opened,True,Processing
2385,16949,33908,5290,629,127,2025-07-02,27,Refund,Late Delivery,Mobile App,Picked Up,Processing,42290.49,79.06,Scheduled,2025-07-03,Pending,Opened,False,Not Applicable
2386,16963,33933,9951,727,146,2025-07-03,28,Replacement,Wrong Product,Website,Approved,Not Applicable,0.0,57.54,Scheduled,2025-07-05,Pending,Damaged,True,Requested
2387,16970,33949,1631,600,121,2025-07-02,27,Replacement,Product Not As Expected,Website,Approved,Not Applicable,0.0,169.63,Pending,,Pending,Used,True,Completed
2388,16977,33967,5060,308,61,2025-07-09,29,Refund,Changed Mind,Mobile App,Completed,Processing,2880.28,32.12,Completed,2025-07-11,Passed,Opened,False,Not Applicable
2389,16982,33980,9483,1525,302,2025-06-09,5,Refund,Product Not As Expected,Mobile App,Completed,Processing,33312.14,140.24,Completed,2025-06-10,Passed,Damaged,False,Not Applicable
2390,16982,33981,9483,2016,393,2025-06-08,4,Refund,Changed Mind,Mobile App,Rejected,Not Applicable,0.0,92.27,Failed,,Pending,Damaged,False,Not Applicable
2391,16985,33987,9928,313,62,2025-06-23,15,Exchange,Missing Parts,Website,Rejected,Not Applicable,0.0,105.74,Failed,,Pending,Used,True,Completed
2392,16991,34003,3607,1284,256,2025-07-03,22,Exchange,Changed Mind,Mobile App,Rejected,Not Applicable,0.0,37.73,Failed,,Pending,Opened,True,Requested
2393,17001,34019,6220,884,177,2025-06-21,13,Refund,Quality Issue,Website,Picked Up,Pending,13654.46,146.5,Completed,2025-06-23,Passed,Unused,False,Not Applicable
2394,17008,34035,480,10,2,2025-06-19,13,Refund,Damaged Product,Mobile App,Completed,Processing,258790.8,99.95,Completed,2025-06-20,Passed,Unused,False,Not Applicable
2395,17022,34063,4961,1507,297,2025-07-02,21,Refund,Wrong Product,Website,Picked Up,Processing,79534.28,162.42,Completed,2025-07-05,Passed,Used,False,Not Applicable
2396,17037,34092,474,1927,376,2025-07-09,30,Refund,Damaged Product,Mobile App,Approved,Processing,1595.08,178.7,Pending,,Pending,Damaged,False,Not Applicable
2397,17044,34105,2346,291,58,2025-06-17,3,Refund,Late Delivery,Mobile App,Rejected,Not Applicable,0.0,155.77,Failed,,Pending,Unused,False,Not Applicable
2398,17052,34123,6593,839,167,2025-06-15,2,Replacement,Product Not As Expected,Website,Approved,Not Applicable,0.0,57.89,Scheduled,2025-06-16,Pending,Unused,True,Completed
2399,17064,34153,520,7,2,2025-07-06,25,Exchange,Product Not As Expected,Mobile App,Picked Up,Not Applicable,0.0,174.39,Completed,2025-07-08,Passed,Opened,True,Completed
2400,17089,34204,1223,771,155,2025-06-14,3,Refund,Wrong Product,Mobile App,Completed,Completed,2251.95,129.47,Completed,2025-06-15,Passed,Used,False,Not Applicable
2401,17103,34230,2136,1342,267,2025-07-13,28,Replacement,Wrong Product,Mobile App,Completed,Not Applicable,0.0,175.28,Completed,2025-07-15,Passed,Damaged,True,Completed
2402,17114,34252,9151,141,26,2025-06-16,2,Refund,Wrong Product,Website,Approved,Processing,9746.76,175.38,Scheduled,2025-06-17,Pending,Damaged,False,Not Applicable
2403,17129,34278,3175,1949,380,2025-06-24,9,Refund,Late Delivery,Mobile App,Approved,Processing,4474.74,43.39,Scheduled,2025-06-26,Pending,Unused,False,Not Applicable
2404,17137,34291,7091,436,90,2025-06-25,12,Replacement,Late Delivery,Website,Approved,Not Applicable,0.0,128.06,Pending,,Pending,Unused,True,Processing
2405,17139,34297,7757,1632,323,2025-07-03,16,Refund,Late Delivery,Mobile App,Completed,Completed,9510.87,134.51,Completed,2025-07-06,Passed,Opened,False,Not Applicable
2406,17141,34302,11,844,168,2025-07-20,30,Refund,Product Not As Expected,Mobile App,Requested,Pending,2933.65,117.05,Scheduled,2025-07-23,Pending,Used,False,Not Applicable
2407,17146,34308,3380,569,115,2025-06-22,4,Refund,Quality Issue,Customer Support,Approved,Pending,21131.79,80.71,Pending,,Pending,Opened,False,Not Applicable
2408,17148,34315,4100,1733,339,2025-06-29,16,Replacement,Wrong Product,Mobile App,Completed,Not Applicable,0.0,57.52,Completed,2025-06-30,Passed,Used,True,Processing
2409,17149,34316,4416,1292,258,2025-07-11,24,Refund,Product Not As Expected,Mobile App,Completed,Completed,205571.31,54.41,Completed,2025-07-13,Passed,Opened,False,Not Applicable
2410,17155,34326,7330,444,91,2025-06-30,13,Replacement,Quality Issue,Mobile App,Picked Up,Not Applicable,0.0,99.39,Scheduled,2025-07-03,Pending,Damaged,True,Requested
2411,17173,34367,5134,553,112,2025-07-07,21,Refund,Missing Parts,Website,Completed,Pending,244963.48,37.94,Completed,2025-07-10,Passed,Used,False,Not Applicable
2412,17179,34379,8720,281,56,2025-06-26,9,Refund,Quality Issue,Website,Picked Up,Pending,2331.8,113.42,Completed,2025-06-28,Passed,Used,False,Not Applicable
2413,17180,34382,8727,832,166,2025-06-23,4,Replacement,Size/Fit Issue,Mobile App,Picked Up,Not Applicable,0.0,78.49,Completed,2025-06-25,Passed,Used,True,Requested
2414,17184,34391,460,1,1,2025-06-20,3,Refund,Size/Fit Issue,Mobile App,Picked Up,Processing,562.94,147.1,Completed,2025-06-23,Passed,Unused,False,Not Applicable
2415,17217,34455,5648,1488,294,2025-06-21,3,Replacement,Wrong Product,Website,Requested,Not Applicable,0.0,179.29,Scheduled,2025-06-23,Pending,Used,True,Requested
2416,17221,34465,6546,1266,253,2025-06-26,9,Refund,Missing Parts,Mobile App,Completed,Completed,446846.19,142.41,Completed,2025-06-29,Pending,Unused,False,Not Applicable
2417,17222,34466,7895,1256,250,2025-06-29,6,Refund,Wrong Product,Mobile App,Completed,Completed,4024.2,79.51,Completed,2025-07-01,Passed,Opened,False,Not Applicable
2418,17232,34488,1757,1584,313,2025-07-16,25,Replacement,Damaged Product,Mobile App,Picked Up,Not Applicable,0.0,176.45,Scheduled,2025-07-19,Pending,Unused,True,Cancelled
2419,17242,34512,4269,685,138,2025-06-25,5,Refund,Damaged Product,Mobile App,Approved,Pending,4434.0,128.85,Scheduled,2025-06-28,Pending,Opened,False,Not Applicable
2420,17256,34538,3492,1468,291,2025-07-15,22,Refund,Missing Parts,Website,Completed,Completed,15607.02,123.88,Completed,2025-07-17,Passed,Opened,False,Not Applicable
2421,17268,34563,1014,952,190,2025-07-21,25,Replacement,Missing Parts,Website,Completed,Not Applicable,0.0,111.29,Completed,2025-07-24,Passed,Used,True,Completed
2422,17276,34579,4394,586,118,2025-07-19,23,Refund,Changed Mind,Mobile App,Picked Up,Pending,1039.9,96.91,Scheduled,2025-07-22,Pending,Opened,False,Not Applicable
2423,17292,34610,2224,642,129,2025-07-12,16,Refund,Quality Issue,Website,Completed,Completed,56733.6,51.76,Completed,2025-07-14,Passed,Opened,False,Not Applicable
2424,17292,34611,2224,2028,396,2025-07-25,29,Replacement,Product Not As Expected,Website,Rejected,Not Applicable,0.0,125.86,Failed,,Pending,Opened,True,Requested
2425,17313,34653,1864,2101,413,2025-07-16,20,Replacement,Late Delivery,Mobile App,Approved,Not Applicable,0.0,128.55,Scheduled,2025-07-17,Pending,Opened,True,Completed
2426,17316,34661,3877,1157,232,2025-07-22,28,Replacement,Size/Fit Issue,Mobile App,Completed,Not Applicable,0.0,134.03,Completed,2025-07-24,Passed,Used,True,Completed
2427,17317,34666,4037,2274,446,2025-07-13,14,Refund,Quality Issue,Mobile App,Pickup Scheduled,Pending,4306.5,124.18,Completed,2025-07-14,Passed,Damaged,False,Not Applicable
2428,17319,34670,4151,497,101,2025-06-25,1,Replacement,Changed Mind,Mobile App,Rejected,Not Applicable,0.0,114.01,Failed,,Pending,Unused,True,Requested
2429,17323,34682,6992,2025,395,2025-07-21,27,Refund,Wrong Product,Mobile App,Completed,Completed,3142.3,96.15,Completed,2025-07-22,Pending,Opened,False,Not Applicable
2430,17345,34721,3826,1,1,2025-07-12,14,Replacement,Changed Mind,Customer Support,Picked Up,Not Applicable,0.0,116.82,Scheduled,2025-07-15,Pending,Unused,True,Cancelled
2431,17354,34737,1503,2354,462,2025-07-10,11,Refund,Damaged Product,Mobile App,Approved,Processing,1645.76,140.48,Pending,,Pending,Unused,False,Not Applicable
2432,17367,34763,7568,332,65,2025-07-06,4,Replacement,Wrong Product,Website,Approved,Not Applicable,0.0,99.3,Scheduled,2025-07-07,Pending,Opened,True,Cancelled
2433,17373,34778,1269,2372,465,2025-07-09,7,Replacement,Changed Mind,Customer Support,Pickup Scheduled,Not Applicable,0.0,164.49,Completed,2025-07-12,Failed,Damaged,True,Completed
2434,17386,34801,7550,1847,360,2025-07-08,8,Replacement,Late Delivery,Customer Support,Picked Up,Not Applicable,0.0,102.32,Scheduled,2025-07-09,Pending,Unused,True,Requested
2435,17407,34846,7168,1380,275,2025-07-08,10,Refund,Late Delivery,Mobile App,Completed,Completed,1369.32,160.1,Completed,2025-07-11,Passed,Opened,False,Not Applicable
2436,17422,34879,8254,2118,416,2025-07-30,29,Refund,Wrong Product,Website,Approved,Pending,20289.16,77.54,Pending,,Pending,Opened,False,Not Applicable
2437,17433,34898,3594,466,95,2025-07-11,8,Refund,Wrong Product,Website,Picked Up,Pending,1465.77,167.14,Scheduled,2025-07-13,Pending,Damaged,False,Not Applicable
2438,17435,34904,4609,1991,387,2025-07-08,4,Refund,Quality Issue,Mobile App,Picked Up,Pending,728.21,92.38,Completed,2025-07-10,Pending,Damaged,False,Not Applicable
2439,17447,34924,1152,816,164,2025-07-27,24,Exchange,Product Not As Expected,Mobile App,Rejected,Not Applicable,0.0,43.68,Failed,,Pending,Opened,True,Completed
2440,17448,34926,1262,992,199,2025-08-01,30,Refund,Quality Issue,Website,Approved,Pending,2559.38,37.05,Scheduled,2025-08-02,Pending,Unused,False,Not Applicable
2441,17455,34939,6530,784,158,2025-08-02,30,Refund,Damaged Product,Website,Completed,Completed,1557.72,55.31,Completed,2025-08-03,Failed,Damaged,False,Not Applicable
2442,17459,34947,7340,2028,396,2025-07-23,19,Refund,Wrong Product,Website,Approved,Processing,34305.87,122.81,Scheduled,2025-07-24,Pending,Opened,False,Not Applicable
2443,17461,34951,8960,1901,370,2025-07-17,15,Refund,Damaged Product,Website,Requested,Processing,56956.86,143.22,Scheduled,2025-07-18,Pending,Damaged,False,Not Applicable
2444,17463,34957,139,13,3,2025-07-10,7,Refund,Late Delivery,Customer Support,Approved,Pending,52844.6,109.92,Scheduled,2025-07-12,Pending,Used,False,Not Applicable
2445,17464,34959,351,1214,241,2025-07-25,21,Replacement,Quality Issue,Mobile App,Pickup Scheduled,Not Applicable,0.0,87.35,Scheduled,2025-07-28,Pending,Unused,True,Completed
2446,17465,34960,3447,479,98,2025-07-25,27,Refund,Quality Issue,Mobile App,Picked Up,Processing,8701.62,155.56,Scheduled,2025-07-26,Pending,Opened,False,Not Applicable
2447,17466,34962,4900,228,46,2025-07-03,5,Refund,Quality Issue,Customer Support,Picked Up,Pending,18604.27,58.41,Completed,2025-07-05,Passed,Damaged,False,Not Applicable
2448,17477,34981,9066,2011,392,2025-07-04,2,Refund,Quality Issue,Mobile App,Completed,Completed,14155.62,97.03,Completed,2025-07-05,Passed,Used,False,Not Applicable
2449,17480,34988,641,1189,237,2025-07-25,18,Replacement,Quality Issue,Customer Support,Completed,Not Applicable,0.0,118.57,Completed,2025-07-28,Passed,Opened,True,Cancelled
2450,17499,35022,296,1059,212,2025-07-09,2,Refund,Wrong Product,Website,Completed,Completed,55480.27,111.04,Completed,2025-07-12,Passed,Used,False,Not Applicable
2451,17507,35036,5896,1945,379,2025-08-04,27,Refund,Changed Mind,Mobile App,Pickup Scheduled,Pending,368.31,163.16,Completed,2025-08-06,Passed,Damaged,False,Not Applicable
2452,17510,35044,6499,969,194,2025-07-22,18,Refund,Damaged Product,Mobile App,Pickup Scheduled,Processing,3828.05,125.19,Completed,2025-07-23,Passed,Damaged,False,Not Applicable
2453,17523,35075,785,105,20,2025-07-09,1,Refund,Wrong Product,Mobile App,Completed,Pending,269.78,91.4,Completed,2025-07-10,Passed,Damaged,False,Not Applicable
2454,17528,35085,5409,1962,382,2025-07-09,5,Exchange,Changed Mind,Mobile App,Completed,Not Applicable,0.0,83.17,Completed,2025-07-10,Passed,Used,True,Processing
2455,17535,35099,7895,1935,377,2025-07-25,19,Refund,Changed Mind,Customer Support,Pickup Scheduled,Processing,49107.08,120.91,Scheduled,2025-07-27,Pending,Opened,False,Not Applicable
2456,17539,35104,203,407,82,2025-08-05,27,Replacement,Changed Mind,Website,Completed,Not Applicable,0.0,76.28,Completed,2025-08-06,Pending,Damaged,True,Completed
2457,17539,35105,203,1275,254,2025-07-17,8,Refund,Changed Mind,Mobile App,Picked Up,Pending,45318.78,112.14,Completed,2025-07-20,Passed,Damaged,False,Not Applicable
2458,17546,35120,3659,2220,434,2025-07-09,1,Replacement,Changed Mind,Mobile App,Rejected,Not Applicable,0.0,45.97,Failed,,Pending,Unused,True,Completed
2459,17553,35135,6987,2323,455,2025-08-02,26,Refund,Product Not As Expected,Mobile App,Completed,Completed,1891.08,40.2,Completed,2025-08-04,Passed,Unused,False,Not Applicable
2460,17554,35136,7181,690,139,2025-07-31,20,Replacement,Wrong Product,Mobile App,Picked Up,Not Applicable,0.0,65.49,Completed,2025-08-01,Passed,Used,True,Completed
2461,17554,35137,7181,2009,392,2025-08-05,25,Refund,Late Delivery,Website,Pickup Scheduled,Pending,1120.55,84.12,Completed,2025-08-08,Passed,Used,False,Not Applicable
2462,17558,35143,9255,1011,202,2025-07-12,2,Replacement,Late Delivery,Website,Approved,Not Applicable,0.0,67.03,Pending,,Pending,Damaged,True,Requested
2463,17562,35148,913,297,59,2025-08-09,30,Refund,Wrong Product,Mobile App,Completed,Completed,813.62,42.13,Completed,2025-08-12,Passed,Opened,False,Not Applicable
2464,17570,35161,5117,1577,312,2025-08-03,24,Replacement,Quality Issue,Website,Completed,Not Applicable,0.0,104.68,Completed,2025-08-05,Pending,Used,True,Cancelled
2465,17574,35170,6472,2484,487,2025-07-22,13,Refund,Changed Mind,Mobile App,Picked Up,Pending,5938.83,178.68,Completed,2025-07-25,Failed,Damaged,False,Not Applicable
2466,17581,35183,1007,858,171,2025-07-25,17,Refund,Product Not As Expected,Mobile App,Requested,Processing,37134.14,84.29,Pending,,Pending,Opened,False,Not Applicable
2467,17586,35196,3011,1986,386,2025-08-09,28,Replacement,Missing Parts,Mobile App,Pickup Scheduled,Not Applicable,0.0,69.01,Scheduled,2025-08-10,Pending,Unused,True,Requested
2468,17593,35205,5882,909,182,2025-07-27,20,Exchange,Wrong Product,Website,Completed,Not Applicable,0.0,45.77,Completed,2025-07-30,Passed,Opened,True,Cancelled
2469,17593,35206,5882,971,194,2025-08-05,29,Refund,Quality Issue,Website,Completed,Processing,13921.18,117.59,Completed,2025-08-06,Passed,Unused,False,Not Applicable
2470,17593,35207,5882,1616,319,2025-07-26,19,Refund,Wrong Product,Mobile App,Completed,Completed,3245.05,139.36,Completed,2025-07-28,Passed,Unused,False,Not Applicable
2471,17606,35232,1029,693,139,2025-07-29,20,Refund,Damaged Product,Website,Completed,Completed,3908.55,158.72,Completed,2025-07-31,Passed,Opened,False,Not Applicable
2472,17608,35236,3324,880,176,2025-08-05,29,Refund,Wrong Product,Customer Support,Approved,Processing,4470.01,57.24,Pending,,Pending,Used,False,Not Applicable
2473,17608,35237,3324,2464,483,2025-08-06,30,Replacement,Changed Mind,Website,Completed,Not Applicable,0.0,68.02,Completed,2025-08-08,Passed,Unused,True,Processing
2474,17645,35312,70,1898,370,2025-07-19,11,Refund,Wrong Product,Customer Support,Pickup Scheduled,Processing,74632.14,104.06,Completed,2025-07-21,Passed,Unused,False,Not Applicable
2475,17651,35327,1718,640,129,2025-07-15,3,Replacement,Damaged Product,Website,Pickup Scheduled,Not Applicable,0.0,106.05,Scheduled,2025-07-16,Pending,Opened,True,Cancelled
2476,17654,35334,2821,853,170,2025-07-15,2,Refund,Wrong Product,Website,Completed,Completed,24693.05,81.49,Completed,2025-07-17,Passed,Unused,False,Not Applicable
2477,17662,35351,5059,344,68,2025-08-07,27,Replacement,Missing Parts,Mobile App,Completed,Not Applicable,0.0,170.75,Completed,2025-08-09,Passed,Opened,True,Requested
2478,17664,35354,7224,150,29,2025-07-16,7,Replacement,Late Delivery,Website,Picked Up,Not Applicable,0.0,173.27,Scheduled,2025-07-18,Pending,Damaged,True,Completed
2479,17671,35371,9656,824,165,2025-07-17,3,Refund,Missing Parts,Mobile App,Picked Up,Processing,11107.5,46.39,Completed,2025-07-19,Passed,Opened,False,Not Applicable
2480,17676,35384,233,21,5,2025-07-24,11,Refund,Changed Mind,Mobile App,Requested,Processing,1578.0,133.77,Pending,,Pending,Damaged,False,Not Applicable
2481,17684,35399,4039,1753,343,2025-07-26,15,Replacement,Changed Mind,Website,Completed,Not Applicable,0.0,79.39,Completed,2025-07-28,Passed,Used,True,Completed
2482,17693,35415,14,780,157,2025-08-11,25,Refund,Quality Issue,Mobile App,Picked Up,Pending,4630.5,82.63,Completed,2025-08-13,Failed,Damaged,False,Not Applicable
2483,17697,35422,1729,1353,269,2025-08-13,27,Refund,Late Delivery,Mobile App,Completed,Completed,1406.25,155.15,Completed,2025-08-16,Passed,Opened,False,Not Applicable
2484,17697,35424,1729,1821,355,2025-08-08,22,Refund,Product Not As Expected,Website,Approved,Processing,15889.49,99.03,Scheduled,2025-08-09,Pending,Opened,False,Not Applicable
2485,17707,35444,7711,788,158,2025-07-23,6,Refund,Product Not As Expected,Website,Pickup Scheduled,Pending,6471.18,103.82,Scheduled,2025-07-24,Pending,Used,False,Not Applicable
2486,17716,35460,1206,2219,434,2025-08-05,24,Refund,Changed Mind,Website,Completed,Processing,2341.7,126.09,Completed,2025-08-06,Passed,Damaged,False,Not Applicable
2487,17750,35530,7118,1850,361,2025-08-05,22,Exchange,Size/Fit Issue,Customer Support,Approved,Not Applicable,0.0,89.51,Scheduled,2025-08-07,Pending,Used,True,Cancelled
2488,17755,35543,9503,1366,271,2025-07-30,12,Replacement,Changed Mind,Website,Pickup Scheduled,Not Applicable,0.0,75.3,Completed,2025-08-01,Passed,Opened,True,Processing
2489,17759,35552,690,598,120,2025-08-10,27,Exchange,Size/Fit Issue,Mobile App,Picked Up,Not Applicable,0.0,42.56,Completed,2025-08-12,Passed,Used,True,Cancelled
2490,17791,35618,4613,2398,469,2025-08-17,25,Refund,Quality Issue,Website,Picked Up,Processing,5846.78,73.3,Scheduled,2025-08-18,Pending,Damaged,False,Not Applicable
2491,17793,35623,6305,1938,378,2025-08-01,12,Refund,Damaged Product,Website,Approved,Processing,2909.46,34.49,Pending,,Pending,Damaged,False,Not Applicable
2492,17799,35633,9709,264,54,2025-08-10,21,Replacement,Quality Issue,Mobile App,Completed,Not Applicable,0.0,68.93,Completed,2025-08-11,Passed,Opened,True,Completed
2493,17805,35644,2253,1141,228,2025-07-30,14,Refund,Quality Issue,Customer Support,Completed,Completed,37037.88,119.82,Completed,2025-08-02,Passed,Damaged,False,Not Applicable
2494,17814,35667,8204,2092,412,2025-07-23,6,Refund,Product Not As Expected,Mobile App,Approved,Pending,3996.54,51.93,Scheduled,2025-07-24,Pending,Damaged,False,Not Applicable
2495,17821,35679,4177,2472,485,2025-07-30,11,Refund,Changed Mind,Mobile App,Completed,Completed,3119.99,167.44,Completed,2025-08-01,Passed,Used,False,Not Applicable
2496,17823,35683,4396,664,133,2025-08-04,14,Refund,Changed Mind,Website,Approved,Processing,47905.81,90.74,Pending,,Pending,Used,False,Not Applicable
2497,17824,35684,4796,667,134,2025-08-02,14,Replacement,Late Delivery,Customer Support,Picked Up,Not Applicable,0.0,109.01,Completed,2025-08-04,Failed,Damaged,True,Cancelled
2498,17832,35696,1559,1144,228,2025-08-09,20,Refund,Changed Mind,Website,Approved,Pending,32264.06,138.21,Scheduled,2025-08-10,Pending,Used,False,Not Applicable
2499,17841,35710,5369,511,104,2025-07-30,7,Refund,Late Delivery,Mobile App,Picked Up,Pending,11838.69,147.44,Completed,2025-08-01,Failed,Damaged,False,Not Applicable
2500,17843,35713,5766,79,15,2025-08-17,27,Refund,Product Not As Expected,Mobile App,Pickup Scheduled,Processing,1169.84,142.38,Scheduled,2025-08-20,Pending,Damaged,False,Not Applicable
2501,17853,35731,8933,74,14,2025-08-06,16,Refund,Late Delivery,Website,Rejected,Not Applicable,0.0,165.56,Failed,,Pending,Opened,False,Not Applicable
2502,17866,35757,3649,637,129,2025-07-25,6,Replacement,Product Not As Expected,Website,Picked Up,Not Applicable,0.0,61.37,Scheduled,2025-07-26,Pending,Unused,True,Processing
2503,17866,35758,3649,752,151,2025-07-29,10,Refund,Quality Issue,Website,Picked Up,Processing,335.35,135.89,Scheduled,2025-08-01,Pending,Damaged,False,Not Applicable
2504,17867,35760,3899,1898,370,2025-07-27,3,Exchange,Late Delivery,Mobile App,Completed,Not Applicable,0.0,111.91,Completed,2025-07-29,Passed,Used,True,Processing
2505,17869,35765,4429,1914,373,2025-07-22,1,Replacement,Damaged Product,Website,Approved,Not Applicable,0.0,142.08,Pending,,Pending,Damaged,True,Cancelled
2506,17872,35769,6737,561,113,2025-08-15,24,Exchange,Product Not As Expected,Mobile App,Approved,Not Applicable,0.0,165.93,Scheduled,2025-08-17,Pending,Damaged,True,Requested
2507,17874,35774,9104,2280,447,2025-08-18,23,Exchange,Changed Mind,Website,Completed,Not Applicable,0.0,141.37,Completed,2025-08-21,Passed,Opened,True,Requested
2508,17879,35784,1705,1137,227,2025-08-18,26,Refund,Late Delivery,Website,Completed,Completed,6861.62,52.19,Completed,2025-08-19,Passed,Opened,False,Not Applicable
2509,17908,35840,4954,942,188,2025-08-17,24,Replacement,Quality Issue,Mobile App,Rejected,Not Applicable,0.0,121.04,Failed,,Pending,Unused,True,Completed
2510,17914,35851,6220,425,86,2025-08-07,18,Refund,Product Not As Expected,Website,Completed,Completed,11115.53,168.94,Completed,2025-08-10,Passed,Damaged,False,Not Applicable
2511,17920,35867,7939,1305,260,2025-08-15,24,Refund,Damaged Product,Mobile App,Completed,Completed,1514.87,81.68,Completed,2025-08-16,Passed,Damaged,False,Not Applicable
2512,17925,35877,9021,388,77,2025-07-30,2,Refund,Wrong Product,Website,Completed,Processing,22316.63,105.9,Completed,2025-08-02,Pending,Unused,False,Not Applicable
2513,17931,35888,3321,1872,364,2025-08-04,10,Refund,Late Delivery,Website,Completed,Completed,3193.37,87.98,Completed,2025-08-06,Passed,Opened,False,Not Applicable
2514,17937,35900,5452,1661,327,2025-08-03,6,Replacement,Changed Mind,Mobile App,Requested,Not Applicable,0.0,65.81,Scheduled,2025-08-04,Pending,Unused,True,Processing
2515,17963,35953,2896,866,173,2025-08-26,29,Replacement,Wrong Product,Website,Completed,Not Applicable,0.0,65.43,Completed,2025-08-27,Passed,Used,True,Completed
2516,17963,35954,2896,1102,221,2025-08-25,28,Refund,Quality Issue,Customer Support,Completed,Completed,18391.46,121.84,Completed,2025-08-26,Passed,Used,False,Not Applicable
2517,17975,35977,711,1679,331,2025-08-16,18,Refund,Product Not As Expected,Mobile App,Approved,Processing,78621.78,119.11,Pending,,Pending,Damaged,False,Not Applicable
2518,17975,35978,711,2491,489,2025-08-26,28,Refund,Quality Issue,Mobile App,Completed,Pending,38623.65,68.25,Completed,2025-08-27,Passed,Unused,False,Not Applicable
2519,17980,35987,2509,215,43,2025-08-12,15,Replacement,Product Not As Expected,Website,Completed,Not Applicable,0.0,146.31,Completed,2025-08-15,Pending,Unused,True,Processing
2520,17992,36014,6693,1453,288,2025-08-06,5,Refund,Product Not As Expected,Mobile App,Approved,Pending,2067.64,35.75,Pending,,Pending,Used,False,Not Applicable
2521,17992,36015,6693,2075,409,2025-08-06,5,Refund,Quality Issue,Mobile App,Rejected,Not Applicable,0.0,85.8,Failed,,Pending,Damaged,False,Not Applicable
2522,18021,36067,5291,802,162,2025-08-09,8,Refund,Size/Fit Issue,Mobile App,Approved,Pending,42166.21,73.91,Scheduled,2025-08-12,Pending,Damaged,False,Not Applicable
2523,18024,36074,7851,51,11,2025-08-19,20,Refund,Wrong Product,Website,Rejected,Not Applicable,0.0,63.31,Failed,,Pending,Unused,False,Not Applicable
2524,18029,36083,665,420,85,2025-08-13,14,Exchange,Wrong Product,Website,Approved,Not Applicable,0.0,61.99,Scheduled,2025-08-14,Pending,Unused,True,Completed
2525,18039,36107,6346,1801,352,2025-08-08,8,Replacement,Changed Mind,Mobile App,Completed,Not Applicable,0.0,51.37,Completed,2025-08-10,Passed,Used,True,Completed
2526,18051,36128,1439,1506,297,2025-08-19,20,Refund,Damaged Product,Mobile App,Completed,Completed,37393.12,81.43,Completed,2025-08-20,Passed,Used,False,Not Applicable
2527,18055,36136,3327,1540,304,2025-08-06,4,Refund,Product Not As Expected,Website,Completed,Pending,1385.77,67.97,Completed,2025-08-08,Passed,Unused,False,Not Applicable
2528,18062,36146,6058,1744,341,2025-08-16,19,Refund,Wrong Product,Website,Approved,Pending,10772.25,74.43,Pending,,Pending,Opened,False,Not Applicable
2529,18063,36147,6941,2388,467,2025-08-09,5,Replacement,Product Not As Expected,Mobile App,Completed,Not Applicable,0.0,149.45,Completed,2025-08-10,Passed,Damaged,True,Processing
2530,18066,36152,7985,1183,236,2025-08-29,28,Replacement,Product Not As Expected,Mobile App,Pickup Scheduled,Not Applicable,0.0,158.21,Completed,2025-09-01,Passed,Used,True,Requested
2531,18092,36205,2193,2324,456,2025-08-17,11,Refund,Quality Issue,Mobile App,Completed,Completed,1861.96,88.88,Completed,2025-08-20,Failed,Damaged,False,Not Applicable
2532,18095,36209,2885,1720,338,2025-08-09,6,Refund,Changed Mind,Mobile App,Completed,Processing,66593.73,89.02,Completed,2025-08-11,Passed,Damaged,False,Not Applicable
2533,18098,36214,6584,1007,201,2025-08-10,8,Refund,Product Not As Expected,Website,Approved,Pending,2084.04,69.98,Pending,,Pending,Opened,False,Not Applicable
2534,18115,36249,1600,1754,343,2025-08-11,7,Refund,Changed Mind,Mobile App,Picked Up,Pending,2709.81,135.29,Scheduled,2025-08-12,Pending,Unused,False,Not Applicable
2535,18123,36264,4786,1492,294,2025-08-11,9,Refund,Changed Mind,Website,Completed,Completed,1410.43,50.65,Completed,2025-08-13,Passed,Damaged,False,Not Applicable
2536,18126,36270,7103,1659,327,2025-08-21,13,Refund,Product Not As Expected,Website,Requested,Pending,11099.89,125.93,Pending,,Pending,Opened,False,Not Applicable
2537,18142,36304,2988,895,179,2025-08-27,20,Refund,Quality Issue,Mobile App,Completed,Completed,1458.99,157.94,Completed,2025-08-30,Passed,Opened,False,Not Applicable
2538,18151,36318,8593,162,33,2025-08-22,15,Refund,Late Delivery,Mobile App,Completed,Completed,44505.35,139.85,Completed,2025-08-24,Passed,Damaged,False,Not Applicable
2539,18156,36330,145,82,16,2025-09-01,26,Refund,Quality Issue,Mobile App,Pickup Scheduled,Processing,63516.95,173.02,Scheduled,2025-09-04,Pending,Opened,False,Not Applicable
2540,18160,36337,4765,83,16,2025-08-10,3,Refund,Late Delivery,Website,Completed,Pending,50801.22,177.79,Completed,2025-08-13,Passed,Unused,False,Not Applicable
2541,18168,36352,9614,1843,360,2025-09-04,29,Exchange,Damaged Product,Customer Support,Requested,Not Applicable,0.0,156.14,Pending,,Pending,Used,True,Completed
2542,18179,36377,7422,2416,472,2025-08-26,19,Replacement,Changed Mind,Website,Approved,Not Applicable,0.0,144.93,Pending,,Pending,Damaged,True,Cancelled
2543,18183,36387,97,891,179,2025-08-29,22,Replacement,Wrong Product,Website,Completed,Not Applicable,0.0,142.91,Completed,2025-08-31,Passed,Opened,True,Requested
2544,18193,36410,4366,1931,377,2025-08-14,8,Replacement,Wrong Product,Mobile App,Approved,Not Applicable,0.0,100.48,Pending,,Pending,Damaged,True,Cancelled
2545,18194,36413,4730,2459,482,2025-08-15,6,Refund,Damaged Product,Website,Completed,Completed,2797.39,50.47,Completed,2025-08-16,Passed,Opened,False,Not Applicable
2546,18196,36416,6395,2281,448,2025-08-19,10,Refund,Quality Issue,Website,Rejected,Not Applicable,0.0,57.89,Failed,,Pending,Damaged,False,Not Applicable
2547,18198,36420,6917,1885,367,2025-08-22,12,Refund,Wrong Product,Website,Completed,Processing,31615.17,79.99,Completed,2025-08-23,Passed,Damaged,False,Not Applicable
2548,18216,36449,5376,1082,216,2025-08-10,4,Refund,Late Delivery,Website,Completed,Completed,312.61,97.92,Completed,2025-08-13,Passed,Used,False,Not Applicable
2549,18223,36460,46,1341,267,2025-08-17,9,Refund,Size/Fit Issue,Website,Requested,Pending,38468.5,111.06,Scheduled,2025-08-19,Pending,Damaged,False,Not Applicable
2550,18227,36469,2825,2197,430,2025-08-28,20,Refund,Product Not As Expected,Website,Completed,Completed,8928.12,79.93,Completed,2025-08-29,Passed,Damaged,False,Not Applicable
2551,18250,36513,3237,9,2,2025-08-15,9,Replacement,Missing Parts,Customer Support,Completed,Not Applicable,0.0,111.96,Completed,2025-08-16,Passed,Damaged,True,Completed
2552,18274,36562,5985,1194,238,2025-09-08,25,Refund,Quality Issue,Mobile App,Pickup Scheduled,Processing,43206.36,70.65,Scheduled,2025-09-10,Pending,Opened,False,Not Applicable
2553,18285,36585,878,1752,343,2025-08-19,5,Refund,Damaged Product,Website,Completed,Pending,4361.44,62.49,Completed,2025-08-22,Passed,Unused,False,Not Applicable
2554,18287,36588,1812,1263,252,2025-08-15,6,Replacement,Product Not As Expected,Mobile App,Approved,Not Applicable,0.0,48.52,Scheduled,2025-08-16,Pending,Used,True,Completed
2555,18296,36604,7608,775,156,2025-08-15,5,Refund,Product Not As Expected,Website,Pickup Scheduled,Processing,527.54,49.99,Completed,2025-08-17,Passed,Unused,False,Not Applicable
2556,18300,36614,8781,2186,428,2025-09-10,27,Refund,Wrong Product,Mobile App,Pickup Scheduled,Pending,30892.92,137.57,Completed,2025-09-12,Passed,Damaged,False,Not Applicable
2557,18303,36619,985,2255,442,2025-09-09,27,Refund,Damaged Product,Mobile App,Approved,Pending,19018.42,124.0,Pending,,Pending,Used,False,Not Applicable
2558,18316,36643,8198,876,175,2025-09-02,19,Refund,Late Delivery,Mobile App,Approved,Processing,1894.16,89.34,Scheduled,2025-09-04,Pending,Unused,False,Not Applicable
2559,18318,36647,9709,392,78,2025-09-01,21,Refund,Quality Issue,Website,Pickup Scheduled,Pending,2547.98,58.1,Scheduled,2025-09-04,Pending,Unused,False,Not Applicable
2560,18319,36648,917,109,21,2025-09-09,25,Refund,Damaged Product,Website,Picked Up,Pending,112592.02,61.02,Completed,2025-09-10,Pending,Opened,False,Not Applicable
2561,18320,36652,965,1555,308,2025-08-17,5,Refund,Quality Issue,Mobile App,Picked Up,Processing,71203.29,170.49,Scheduled,2025-08-20,Pending,Opened,False,Not Applicable
2562,18328,36669,3638,19,4,2025-09-13,25,Refund,Quality Issue,Mobile App,Approved,Pending,1038.79,43.25,Pending,,Pending,Unused,False,Not Applicable
2563,18333,36677,6687,625,126,2025-09-05,22,Refund,Wrong Product,Mobile App,Pickup Scheduled,Pending,2887.39,104.21,Completed,2025-09-08,Pending,Unused,False,Not Applicable
2564,18339,36684,393,824,165,2025-09-06,20,Replacement,Damaged Product,Website,Pickup Scheduled,Not Applicable,0.0,38.55,Completed,2025-09-07,Passed,Damaged,True,Processing
2565,18339,36685,393,1511,298,2025-09-07,21,Refund,Quality Issue,Mobile App,Completed,Completed,2199.82,96.74,Completed,2025-09-08,Pending,Unused,False,Not Applicable
2566,18346,36697,2446,1503,296,2025-08-25,11,Refund,Missing Parts,Website,Requested,Processing,6876.29,166.83,Pending,,Pending,Unused,False,Not Applicable
2567,18356,36714,8545,1077,216,2025-08-24,10,Refund,Late Delivery,Website,Requested,Pending,773.61,133.17,Pending,,Pending,Unused,False,Not Applicable
2568,18358,36717,456,2496,490,2025-09-09,25,Refund,Late Delivery,Mobile App,Approved,Pending,7816.39,134.62,Pending,,Pending,Damaged,False,Not Applicable
2569,18383,36760,6465,1287,257,2025-09-02,13,Replacement,Changed Mind,Mobile App,Completed,Not Applicable,0.0,67.84,Completed,2025-09-04,Passed,Opened,True,Cancelled
2570,18391,36776,2450,1769,346,2025-09-09,25,Refund,Missing Parts,Mobile App,Completed,Completed,10375.0,101.3,Completed,2025-09-10,Passed,Used,False,Not Applicable
2571,18391,36777,2450,2512,493,2025-09-08,24,Refund,Quality Issue,Mobile App,Approved,Pending,14119.27,53.25,Scheduled,2025-09-10,Pending,Damaged,False,Not Applicable
2572,18392,36778,2720,421,85,2025-08-31,13,Refund,Changed Mind,Mobile App,Pickup Scheduled,Pending,1336.98,163.98,Completed,2025-09-01,Passed,Damaged,False,Not Applicable
2573,18393,36780,3074,637,129,2025-09-15,30,Refund,Wrong Product,Website,Completed,Completed,8374.58,99.33,Completed,2025-09-17,Passed,Opened,False,Not Applicable
2574,18426,36832,7989,1223,243,2025-09-10,23,Refund,Product Not As Expected,Mobile App,Approved,Pending,4099.85,166.94,Pending,,Pending,Used,False,Not Applicable
2575,18432,36843,1107,1378,274,2025-08-29,13,Replacement,Wrong Product,Customer Support,Approved,Not Applicable,0.0,124.34,Scheduled,2025-08-31,Pending,Damaged,True,Processing
2576,18435,36852,1617,859,171,2025-08-29,9,Refund,Size/Fit Issue,Website,Completed,Completed,19947.33,31.16,Completed,2025-08-31,Passed,Damaged,False,Not Applicable
2577,18441,36863,3626,2385,467,2025-09-04,12,Replacement,Size/Fit Issue,Mobile App,Completed,Not Applicable,0.0,133.43,Completed,2025-09-06,Passed,Used,True,Cancelled
2578,18451,36882,9300,165,33,2025-08-25,9,Replacement,Product Not As Expected,Website,Completed,Not Applicable,0.0,31.9,Completed,2025-08-26,Passed,Damaged,True,Cancelled
2579,18451,36884,9300,1571,310,2025-08-27,11,Refund,Damaged Product,Website,Completed,Completed,2327.08,54.46,Completed,2025-08-30,Pending,Opened,False,Not Applicable
2580,18453,36887,921,1956,381,2025-08-28,4,Refund,Changed Mind,Mobile App,Picked Up,Pending,1305.23,108.7,Scheduled,2025-08-31,Pending,Opened,False,Not Applicable
2581,18474,36931,7391,748,150,2025-09-17,25,Refund,Late Delivery,Website,Pickup Scheduled,Processing,23776.27,76.11,Scheduled,2025-09-20,Pending,Damaged,False,Not Applicable
2582,18474,36932,7391,2226,435,2025-09-07,15,Refund,Product Not As Expected,Mobile App,Completed,Completed,8039.74,131.41,Completed,2025-09-08,Passed,Opened,False,Not Applicable
2583,18504,36989,9952,1445,287,2025-09-10,21,Refund,Product Not As Expected,Website,Picked Up,Pending,182044.39,48.77,Completed,2025-09-12,Pending,Unused,False,Not Applicable
2584,18533,37038,6802,886,177,2025-08-25,4,Replacement,Damaged Product,Mobile App,Completed,Not Applicable,0.0,54.38,Completed,2025-08-27,Passed,Damaged,True,Cancelled
2585,18542,37058,2474,2211,433,2025-09-13,16,Refund,Damaged Product,Mobile App,Completed,Processing,120938.04,117.73,Completed,2025-09-15,Failed,Damaged,False,Not Applicable
2586,18545,37063,2924,502,102,2025-09-13,20,Replacement,Product Not As Expected,Website,Picked Up,Not Applicable,0.0,71.35,Completed,2025-09-16,Passed,Unused,True,Cancelled
2587,18545,37064,2924,1080,216,2025-09-15,22,Refund,Changed Mind,Website,Requested,Processing,12250.9,165.7,Scheduled,2025-09-16,Pending,Used,False,Not Applicable
2588,18546,37065,3288,865,172,2025-09-01,9,Refund,Product Not As Expected,Website,Picked Up,Processing,3425.54,159.35,Scheduled,2025-09-02,Pending,Opened,False,Not Applicable
2589,18547,37068,3298,858,171,2025-09-07,13,Exchange,Product Not As Expected,Website,Pickup Scheduled,Not Applicable,0.0,125.78,Completed,2025-09-10,Pending,Used,True,Processing
2590,18549,37071,3353,357,70,2025-09-24,30,Refund,Product Not As Expected,Mobile App,Approved,Processing,14776.2,168.66,Pending,,Pending,Unused,False,Not Applicable
2591,18549,37072,3353,1210,241,2025-09-21,27,Replacement,Changed Mind,Website,Pickup Scheduled,Not Applicable,0.0,121.59,Scheduled,2025-09-24,Pending,Unused,True,Cancelled
2592,18556,37085,6056,728,146,2025-09-16,24,Replacement,Product Not As Expected,Website,Completed,Not Applicable,0.0,93.29,Completed,2025-09-18,Passed,Unused,True,Processing
2593,18562,37097,7725,960,192,2025-09-21,23,Refund,Changed Mind,Website,Completed,Completed,3653.76,163.94,Completed,2025-09-23,Passed,Opened,False,Not Applicable
2594,18563,37099,8508,466,95,2025-09-03,9,Refund,Late Delivery,Mobile App,Completed,Completed,1724.44,114.96,Completed,2025-09-05,Pending,Damaged,False,Not Applicable
2595,18574,37123,6022,1609,319,2025-08-31,7,Refund,Wrong Product,Website,Approved,Pending,1392.94,130.34,Scheduled,2025-09-01,Pending,Damaged,False,Not Applicable
2596,18576,37127,6313,1240,247,2025-09-02,4,Replacement,Late Delivery,Mobile App,Completed,Not Applicable,0.0,81.24,Completed,2025-09-05,Pending,Unused,True,Completed
2597,18579,37135,7356,1286,257,2025-09-04,5,Replacement,Late Delivery,Mobile App,Requested,Not Applicable,0.0,101.72,Pending,,Pending,Used,True,Processing
2598,18585,37150,8149,230,46,2025-09-04,8,Exchange,Damaged Product,Mobile App,Picked Up,Not Applicable,0.0,53.94,Completed,2025-09-07,Failed,Damaged,True,Processing
2599,18587,37156,9789,2017,393,2025-09-23,24,Refund,Wrong Product,Website,Completed,Completed,89375.2,37.9,Completed,2025-09-24,Passed,Opened,False,Not Applicable
2600,18592,37162,1530,586,118,2025-09-05,7,Replacement,Wrong Product,Website,Picked Up,Not Applicable,0.0,56.48,Completed,2025-09-08,Passed,Used,True,Processing
2601,18592,37163,1530,1807,353,2025-09-02,4,Replacement,Quality Issue,Mobile App,Approved,Not Applicable,0.0,106.76,Pending,,Pending,Used,True,Requested
2602,18593,37164,2321,114,21,2025-09-18,21,Refund,Product Not As Expected,Customer Support,Pickup Scheduled,Pending,170303.58,174.21,Completed,2025-09-19,Passed,Opened,False,Not Applicable
2603,18596,37170,3374,1102,221,2025-09-24,29,Replacement,Damaged Product,Website,Pickup Scheduled,Not Applicable,0.0,77.39,Completed,2025-09-26,Passed,Used,True,Processing
2604,18596,37171,3374,1186,237,2025-09-19,24,Refund,Product Not As Expected,Website,Completed,Processing,3588.62,141.88,Completed,2025-09-20,Passed,Damaged,False,Not Applicable
2605,18598,37176,3564,629,127,2025-09-25,29,Replacement,Changed Mind,Mobile App,Requested,Not Applicable,0.0,37.68,Pending,,Pending,Opened,True,Cancelled
2606,18602,37184,5375,1370,272,2025-09-02,5,Replacement,Damaged Product,Mobile App,Requested,Not Applicable,0.0,31.99,Pending,,Pending,Unused,True,Processing
2607,18609,37199,9224,893,179,2025-09-09,11,Replacement,Wrong Product,Website,Approved,Not Applicable,0.0,102.26,Pending,,Pending,Opened,True,Requested
2608,18613,37208,629,444,91,2025-10-02,30,Exchange,Quality Issue,Mobile App,Completed,Not Applicable,0.0,141.24,Completed,2025-10-03,Passed,Damaged,True,Requested
2609,18614,37209,714,2121,417,2025-09-24,24,Exchange,Product Not As Expected,Website,Completed,Not Applicable,0.0,140.57,Completed,2025-09-26,Passed,Damaged,True,Cancelled
2610,18632,37246,8875,2489,488,2025-09-15,12,Replacement,Quality Issue,Website,Completed,Not Applicable,0.0,96.56,Completed,2025-09-16,Pending,Opened,True,Requested
2611,18639,37260,2867,2074,409,2025-09-25,24,Refund,Quality Issue,Mobile App,Approved,Processing,279.9,171.9,Scheduled,2025-09-27,Pending,Opened,False,Not Applicable
2612,18643,37269,7355,243,49,2025-09-27,27,Replacement,Product Not As Expected,Customer Support,Requested,Not Applicable,0.0,68.32,Scheduled,2025-09-28,Pending,Unused,True,Cancelled
2613,18651,37284,3820,1800,351,2025-09-05,2,Replacement,Quality Issue,Mobile App,Completed,Not Applicable,0.0,142.45,Completed,2025-09-08,Passed,Opened,True,Processing
2614,18652,37287,5068,772,155,2025-09-21,26,Exchange,Changed Mind,Website,Requested,Not Applicable,0.0,70.31,Scheduled,2025-09-22,Pending,Used,True,Processing
2615,18654,37292,5713,1971,384,2025-09-23,23,Exchange,Quality Issue,Website,Completed,Not Applicable,0.0,145.56,Completed,2025-09-25,Failed,Damaged,True,Requested
2616,18687,37370,3518,1880,366,2025-09-05,4,Replacement,Changed Mind,Mobile App,Completed,Not Applicable,0.0,168.03,Completed,2025-09-08,Passed,Opened,True,Requested
2617,18688,37371,4342,835,167,2025-08-30,1,Replacement,Product Not As Expected,Website,Rejected,Not Applicable,0.0,129.84,Failed,,Pending,Damaged,True,Processing
2618,18691,37377,4727,429,87,2025-09-21,18,Replacement,Damaged Product,Website,Requested,Not Applicable,0.0,176.41,Pending,,Pending,Damaged,True,Completed
2619,18693,37381,4912,824,165,2025-09-12,12,Replacement,Quality Issue,Mobile App,Requested,Not Applicable,0.0,35.37,Scheduled,2025-09-14,Pending,Opened,True,Completed
2620,18698,37390,6184,296,59,2025-09-13,8,Refund,Quality Issue,Mobile App,Rejected,Not Applicable,0.0,153.23,Failed,,Pending,Opened,False,Not Applicable
2621,18710,37414,1501,344,68,2025-09-15,15,Refund,Damaged Product,Mobile App,Requested,Processing,7633.96,86.55,Pending,,Pending,Used,False,Not Applicable
2622,18711,37417,1555,973,195,2025-09-14,9,Refund,Product Not As Expected,Customer Support,Completed,Completed,1937.9,59.62,Completed,2025-09-17,Passed,Used,False,Not Applicable
2623,18719,37432,4950,268,54,2025-09-09,8,Replacement,Wrong Product,Mobile App,Approved,Not Applicable,0.0,179.63,Scheduled,2025-09-10,Pending,Opened,True,Completed
2624,18720,37436,5754,2150,422,2025-09-06,4,Exchange,Product Not As Expected,Website,Completed,Not Applicable,0.0,43.47,Completed,2025-09-09,Passed,Unused,True,Requested
2625,18727,37449,6966,1631,322,2025-09-06,2,Replacement,Damaged Product,Website,Completed,Not Applicable,0.0,42.16,Completed,2025-09-08,Passed,Damaged,True,Completed
2626,18734,37465,35,560,113,2025-09-28,20,Refund,Size/Fit Issue,Website,Completed,Completed,4706.23,46.18,Completed,2025-09-29,Passed,Damaged,False,Not Applicable
2627,18738,37474,2006,308,61,2025-09-10,10,Exchange,Changed Mind,Mobile App,Rejected,Not Applicable,0.0,87.99,Failed,,Pending,Unused,True,Completed
2628,18748,37491,4395,2318,455,2025-09-08,3,Replacement,Changed Mind,Website,Pickup Scheduled,Not Applicable,0.0,102.41,Completed,2025-09-09,Passed,Used,True,Requested
2629,18750,37495,4569,1719,338,2025-09-10,5,Replacement,Damaged Product,Mobile App,Picked Up,Not Applicable,0.0,107.67,Completed,2025-09-11,Passed,Opened,True,Requested
2630,18762,37517,7322,1307,260,2025-09-27,23,Refund,Wrong Product,Website,Pickup Scheduled,Processing,3752.65,99.95,Scheduled,2025-09-30,Pending,Damaged,False,Not Applicable
2631,18772,37537,9641,2215,433,2025-09-16,8,Refund,Quality Issue,Mobile App,Approved,Processing,46127.45,93.93,Scheduled,2025-09-19,Pending,Unused,False,Not Applicable
2632,18778,37546,2270,1736,340,2025-10-06,28,Replacement,Missing Parts,Website,Picked Up,Not Applicable,0.0,78.96,Completed,2025-10-09,Passed,Unused,True,Requested
2633,18779,37548,2583,272,55,2025-09-25,18,Refund,Late Delivery,Mobile App,Pickup Scheduled,Processing,3716.7,164.55,Completed,2025-09-27,Passed,Used,False,Not Applicable
2634,18784,37556,4376,982,197,2025-10-06,28,Exchange,Product Not As Expected,Website,Picked Up,Not Applicable,0.0,112.26,Scheduled,2025-10-09,Pending,Used,True,Cancelled
2635,18785,37558,5190,1142,228,2025-09-11,4,Replacement,Quality Issue,Customer Support,Approved,Not Applicable,0.0,84.42,Pending,,Pending,Damaged,True,Completed
2636,18788,37568,5568,2512,493,2025-09-27,21,Refund,Changed Mind,Website,Picked Up,Processing,13376.15,48.48,Scheduled,2025-09-28,Pending,Unused,False,Not Applicable
2637,18790,37572,5917,94,18,2025-10-01,21,Replacement,Quality Issue,Mobile App,Completed,Not Applicable,0.0,33.09,Completed,2025-10-03,Passed,Used,True,Processing
2638,18796,37585,7895,733,147,2025-09-20,12,Refund,Changed Mind,Customer Support,Approved,Pending,1806.59,120.08,Pending,,Pending,Unused,False,Not Applicable
2639,18798,37591,9222,2263,444,2025-09-17,5,Replacement,Late Delivery,Mobile App,Completed,Not Applicable,0.0,62.53,Completed,2025-09-20,Failed,Damaged,True,Requested
2640,18812,37622,4515,1174,235,2025-09-16,6,Refund,Late Delivery,Website,Completed,Processing,3755.08,59.89,Completed,2025-09-18,Pending,Used,False,Not Applicable
2641,18821,37637,7597,2456,481,2025-10-05,27,Exchange,Product Not As Expected,Customer Support,Completed,Not Applicable,0.0,159.8,Completed,2025-10-08,Passed,Damaged,True,Processing
2642,18822,37638,7717,1561,309,2025-09-15,6,Replacement,Wrong Product,Mobile App,Requested,Not Applicable,0.0,39.08,Pending,,Pending,Damaged,True,Cancelled
2643,18825,37644,8751,1994,388,2025-09-16,4,Replacement,Product Not As Expected,Customer Support,Requested,Not Applicable,0.0,75.13,Scheduled,2025-09-19,Pending,Damaged,True,Requested
2644,18831,37653,49,2286,448,2025-09-19,9,Replacement,Wrong Product,Mobile App,Completed,Not Applicable,0.0,164.03,Completed,2025-09-20,Pending,Opened,True,Cancelled
2645,18841,37671,3248,617,125,2025-10-08,25,Refund,Wrong Product,Mobile App,Approved,Processing,329.94,104.5,Pending,,Pending,Opened,False,Not Applicable
2646,18843,37676,4149,677,136,2025-09-13,2,Refund,Wrong Product,Customer Support,Completed,Processing,8489.34,150.54,Completed,2025-09-14,Pending,Unused,False,Not Applicable
2647,18845,37679,4595,1044,209,2025-09-22,13,Exchange,Quality Issue,Customer Support,Approved,Not Applicable,0.0,74.75,Scheduled,2025-09-25,Pending,Damaged,True,Completed
2648,18853,37693,6334,963,193,2025-10-04,23,Replacement,Product Not As Expected,Website,Requested,Not Applicable,0.0,94.88,Scheduled,2025-10-07,Pending,Unused,True,Processing
2649,18855,37698,6810,1090,218,2025-09-23,14,Refund,Damaged Product,Website,Approved,Processing,12110.08,97.71,Pending,,Pending,Opened,False,Not Applicable
2650,18859,37708,7388,1561,309,2025-10-09,30,Refund,Late Delivery,Mobile App,Requested,Processing,7318.53,142.42,Pending,,Pending,Used,False,Not Applicable
2651,18867,37726,9973,67,13,2025-10-07,25,Refund,Product Not As Expected,Mobile App,Completed,Completed,3927.7,170.65,Completed,2025-10-10,Pending,Used,False,Not Applicable
2652,18872,37735,1560,51,11,2025-10-04,22,Refund,Damaged Product,Mobile App,Approved,Processing,4710.58,66.96,Pending,,Pending,Unused,False,Not Applicable
2653,18877,37743,4233,1641,324,2025-09-14,3,Refund,Damaged Product,Mobile App,Picked Up,Pending,7806.0,100.47,Scheduled,2025-09-15,Pending,Used,False,Not Applicable
2654,18887,37763,6851,1052,211,2025-09-25,11,Replacement,Late Delivery,Mobile App,Approved,Not Applicable,0.0,140.5,Scheduled,2025-09-27,Pending,Unused,True,Completed
2655,18887,37764,6851,1467,291,2025-09-27,13,Exchange,Quality Issue,Mobile App,Rejected,Not Applicable,0.0,51.76,Failed,,Pending,Unused,True,Cancelled
2656,18888,37767,7202,2057,404,2025-09-18,7,Refund,Changed Mind,Website,Completed,Completed,2512.2,54.02,Completed,2025-09-20,Failed,Damaged,False,Not Applicable
2657,18896,37786,1793,702,142,2025-10-01,17,Refund,Product Not As Expected,Website,Approved,Pending,2236.02,147.18,Scheduled,2025-10-02,Pending,Unused,False,Not Applicable
2658,18903,37797,3263,2374,465,2025-10-07,21,Replacement,Late Delivery,Mobile App,Picked Up,Not Applicable,0.0,113.4,Scheduled,2025-10-08,Pending,Unused,True,Requested
2659,18906,37803,3798,74,14,2025-09-30,15,Exchange,Product Not As Expected,Mobile App,Completed,Not Applicable,0.0,100.82,Completed,2025-10-02,Pending,Used,True,Cancelled
2660,18917,37827,6335,1878,366,2025-10-09,28,Refund,Product Not As Expected,Mobile App,Completed,Completed,30603.28,43.42,Completed,2025-10-10,Passed,Used,False,Not Applicable
2661,18933,37855,2577,1917,373,2025-09-21,7,Refund,Damaged Product,Website,Completed,Processing,2269.08,121.95,Completed,2025-09-22,Passed,Opened,False,Not Applicable
2662,18938,37865,4020,1415,282,2025-09-16,4,Refund,Quality Issue,Mobile App,Rejected,Not Applicable,0.0,55.25,Failed,,Pending,Opened,False,Not Applicable
2663,18940,37868,5145,1973,384,2025-09-20,8,Refund,Late Delivery,Website,Pickup Scheduled,Pending,2722.1,165.33,Scheduled,2025-09-21,Pending,Unused,False,Not Applicable
2664,18960,37908,2866,1982,386,2025-09-30,15,Refund,Quality Issue,Mobile App,Approved,Pending,100699.56,137.7,Pending,,Pending,Unused,False,Not Applicable
2665,18969,37924,5540,560,113,2025-10-17,30,Exchange,Product Not As Expected,Website,Rejected,Not Applicable,0.0,70.41,Failed,,Pending,Unused,True,Requested
2666,18976,37939,7230,573,116,2025-10-06,18,Exchange,Wrong Product,Website,Pickup Scheduled,Not Applicable,0.0,177.68,Completed,2025-10-09,Passed,Used,True,Processing
2667,18981,37952,8136,1255,250,2025-09-22,6,Exchange,Wrong Product,Mobile App,Pickup Scheduled,Not Applicable,0.0,133.77,Scheduled,2025-09-25,Pending,Opened,True,Requested
2668,18985,37960,46,1964,383,2025-10-02,15,Refund,Changed Mind,Website,Completed,Completed,21699.92,81.79,Completed,2025-10-05,Failed,Damaged,False,Not Applicable
2669,19002,37989,5502,2540,498,2025-10-04,14,Refund,Product Not As Expected,Customer Support,Picked Up,Processing,16545.92,167.19,Completed,2025-10-05,Passed,Used,False,Not Applicable
2670,19008,37997,6886,1212,241,2025-09-16,3,Refund,Wrong Product,Mobile App,Requested,Processing,1378.51,45.18,Pending,,Pending,Unused,False,Not Applicable
2671,19017,38016,9487,326,64,2025-09-30,10,Refund,Changed Mind,Mobile App,Requested,Pending,7929.21,142.06,Pending,,Pending,Used,False,Not Applicable
2672,19018,38018,9543,855,171,2025-09-27,12,Replacement,Product Not As Expected,Mobile App,Completed,Not Applicable,0.0,55.93,Completed,2025-09-30,Passed,Unused,True,Cancelled
2673,19020,38025,1076,2234,437,2025-10-10,28,Refund,Product Not As Expected,Customer Support,Picked Up,Processing,8133.34,96.44,Completed,2025-10-12,Pending,Opened,False,Not Applicable
2674,19024,38030,2250,1574,311,2025-10-06,14,Replacement,Product Not As Expected,Mobile App,Approved,Not Applicable,0.0,172.83,Pending,,Pending,Used,True,Processing
2675,19025,38032,2305,770,155,2025-10-12,21,Refund,Damaged Product,Customer Support,Requested,Processing,1831.89,153.88,Scheduled,2025-10-15,Pending,Opened,False,Not Applicable
2676,19026,38033,2747,219,44,2025-09-23,2,Refund,Late Delivery,Mobile App,Completed,Completed,2042.89,51.45,Completed,2025-09-26,Passed,Used,False,Not Applicable
2677,19034,38046,5829,1889,368,2025-09-17,1,Refund,Product Not As Expected,Website,Picked Up,Pending,3201.12,148.01,Completed,2025-09-18,Passed,Used,False,Not Applicable
2678,19038,38055,6446,264,54,2025-09-26,3,Refund,Changed Mind,Mobile App,Completed,Completed,2978.08,122.94,Completed,2025-09-28,Passed,Damaged,False,Not Applicable
2679,19048,38076,1381,2152,422,2025-09-27,6,Refund,Wrong Product,Mobile App,Approved,Processing,7571.28,160.84,Scheduled,2025-09-28,Pending,Opened,False,Not Applicable
2680,19052,38086,3424,642,129,2025-10-06,19,Refund,Late Delivery,Mobile App,Pickup Scheduled,Pending,42272.09,93.37,Completed,2025-10-09,Pending,Opened,False,Not Applicable
2681,19052,38087,3424,1618,320,2025-09-27,10,Refund,Damaged Product,Website,Requested,Pending,10834.58,60.68,Scheduled,2025-09-29,Pending,Used,False,Not Applicable
2682,19053,38090,3584,2188,428,2025-10-02,15,Exchange,Quality Issue,Mobile App,Approved,Not Applicable,0.0,35.38,Pending,,Pending,Damaged,True,Completed
2683,19059,38103,4409,1731,339,2025-10-17,24,Replacement,Changed Mind,Customer Support,Completed,Not Applicable,0.0,117.86,Completed,2025-10-18,Passed,Unused,True,Completed
2684,19059,38104,4409,2185,428,2025-09-30,7,Exchange,Product Not As Expected,Website,Requested,Not Applicable,0.0,115.58,Scheduled,2025-10-02,Pending,Used,True,Completed
2685,19087,38159,4737,1497,295,2025-09-30,4,Refund,Quality Issue,Mobile App,Picked Up,Pending,42330.92,169.04,Completed,2025-10-02,Passed,Damaged,False,Not Applicable
2686,19092,38168,5712,1903,371,2025-10-18,24,Replacement,Missing Parts,Mobile App,Approved,Not Applicable,0.0,154.22,Scheduled,2025-10-20,Pending,Damaged,True,Processing
2687,19098,38179,8951,733,147,2025-10-17,27,Exchange,Wrong Product,Website,Pickup Scheduled,Not Applicable,0.0,68.67,Scheduled,2025-10-19,Pending,Used,True,Completed
2688,19100,38184,9413,1454,289,2025-10-01,10,Refund,Product Not As Expected,Mobile App,Completed,Processing,10081.84,166.28,Completed,2025-10-04,Passed,Damaged,False,Not Applicable
2689,19119,38219,7794,2500,491,2025-10-18,26,Refund,Late Delivery,Mobile App,Completed,Completed,4223.35,87.95,Completed,2025-10-21,Passed,Used,False,Not Applicable
2690,19127,38234,238,2014,392,2025-10-17,22,Refund,Damaged Product,Website,Requested,Processing,1840.79,115.51,Pending,,Pending,Opened,False,Not Applicable
2691,19137,38252,1823,2488,488,2025-09-25,2,Refund,Quality Issue,Mobile App,Completed,Completed,1035.73,60.85,Completed,2025-09-26,Passed,Unused,False,Not Applicable
2692,19147,38275,4885,989,198,2025-10-14,23,Refund,Late Delivery,Website,Pickup Scheduled,Pending,2496.69,117.79,Scheduled,2025-10-17,Pending,Opened,False,Not Applicable
2693,19171,38326,8107,867,173,2025-10-19,25,Refund,Size/Fit Issue,Website,Approved,Pending,231.05,46.54,Pending,,Pending,Damaged,False,Not Applicable
2694,19178,38340,1039,28,6,2025-10-06,12,Refund,Changed Mind,Customer Support,Completed,Completed,40136.33,54.18,Completed,2025-10-09,Passed,Unused,False,Not Applicable
2695,19187,38361,3984,2077,409,2025-10-03,6,Refund,Wrong Product,Website,Picked Up,Pending,4298.54,46.64,Completed,2025-10-04,Passed,Opened,False,Not Applicable
2696,19189,38364,4352,1674,330,2025-10-30,30,Refund,Quality Issue,Website,Completed,Completed,109931.46,177.98,Completed,2025-11-02,Passed,Damaged,False,Not Applicable
2697,19212,38413,1376,1943,379,2025-10-08,10,Replacement,Changed Mind,Customer Support,Picked Up,Not Applicable,0.0,65.75,Scheduled,2025-10-09,Pending,Damaged,True,Cancelled
2698,19216,38422,1768,1344,268,2025-09-30,3,Refund,Quality Issue,Customer Support,Completed,Completed,1891.2,49.89,Completed,2025-10-02,Passed,Opened,False,Not Applicable
2699,19225,38440,4126,44,10,2025-10-24,21,Refund,Damaged Product,Customer Support,Pickup Scheduled,Processing,5662.58,123.97,Scheduled,2025-10-25,Pending,Damaged,False,Not Applicable
2700,19229,38449,5572,1171,234,2025-10-23,21,Refund,Quality Issue,Mobile App,Pickup Scheduled,Processing,2897.75,99.32,Completed,2025-10-26,Pending,Opened,False,Not Applicable
2701,19230,38451,5808,838,167,2025-10-05,8,Replacement,Quality Issue,Website,Requested,Not Applicable,0.0,156.06,Pending,,Pending,Damaged,True,Requested
2702,19236,38464,7419,1983,386,2025-10-03,1,Replacement,Quality Issue,Customer Support,Requested,Not Applicable,0.0,126.02,Scheduled,2025-10-04,Pending,Damaged,True,Requested
2703,19243,38475,8471,1209,241,2025-10-05,5,Exchange,Product Not As Expected,Website,Picked Up,Not Applicable,0.0,47.18,Scheduled,2025-10-06,Pending,Used,True,Requested
2704,19246,38482,9494,858,171,2025-10-17,14,Replacement,Size/Fit Issue,Mobile App,Pickup Scheduled,Not Applicable,0.0,79.11,Scheduled,2025-10-18,Pending,Opened,True,Completed
2705,19253,38496,676,882,177,2025-10-30,28,Refund,Wrong Product,Mobile App,Requested,Processing,814.86,73.46,Pending,,Pending,Damaged,False,Not Applicable
2706,19258,38506,3097,56,11,2025-10-21,20,Refund,Late Delivery,Customer Support,Approved,Pending,5467.62,98.18,Scheduled,2025-10-22,Pending,Unused,False,Not Applicable
2707,19264,38515,4770,1877,365,2025-10-27,30,Refund,Late Delivery,Website,Approved,Pending,2214.75,139.8,Pending,,Pending,Damaged,False,Not Applicable
2708,19281,38543,9440,1516,299,2025-10-24,20,Replacement,Late Delivery,Mobile App,Completed,Not Applicable,0.0,114.78,Completed,2025-10-27,Passed,Damaged,True,Completed
2709,19293,38568,3406,609,123,2025-11-02,27,Replacement,Quality Issue,Website,Approved,Not Applicable,0.0,113.42,Scheduled,2025-11-05,Pending,Unused,True,Processing
2710,19293,38569,3406,2447,479,2025-10-09,3,Exchange,Product Not As Expected,Mobile App,Picked Up,Not Applicable,0.0,134.26,Scheduled,2025-10-10,Pending,Unused,True,Requested
2711,19295,38572,4131,202,41,2025-10-05,4,Refund,Late Delivery,Website,Picked Up,Processing,8632.71,77.39,Completed,2025-10-08,Passed,Used,False,Not Applicable
2712,19300,38581,7439,1409,280,2025-10-29,22,Replacement,Wrong Product,Mobile App,Requested,Not Applicable,0.0,83.04,Scheduled,2025-10-31,Pending,Opened,True,Cancelled
2713,19306,38592,7899,931,186,2025-10-24,17,Refund,Product Not As Expected,Website,Picked Up,Processing,888.5,98.68,Scheduled,2025-10-26,Pending,Opened,False,Not Applicable
2714,19309,38601,8261,968,194,2025-10-29,25,Refund,Quality Issue,Website,Approved,Pending,7921.41,60.12,Pending,,Pending,Damaged,False,Not Applicable
2715,19314,38613,9872,1867,364,2025-10-12,6,Replacement,Damaged Product,Website,Pickup Scheduled,Not Applicable,0.0,47.15,Completed,2025-10-15,Passed,Used,True,Completed
2716,19318,38620,614,1670,329,2025-10-06,1,Refund,Changed Mind,Website,Completed,Completed,2160.07,45.62,Completed,2025-10-07,Passed,Unused,False,Not Applicable
2717,19321,38628,1879,370,73,2025-10-18,13,Replacement,Wrong Product,Mobile App,Completed,Not Applicable,0.0,110.31,Completed,2025-10-21,Failed,Damaged,True,Completed
2718,19323,38632,2430,2400,469,2025-10-09,5,Refund,Product Not As Expected,Mobile App,Completed,Completed,12604.23,49.65,Completed,2025-10-11,Passed,Opened,False,Not Applicable
2719,19326,38638,2731,1084,217,2025-11-02,27,Exchange,Damaged Product,Website,Completed,Not Applicable,0.0,61.39,Completed,2025-11-04,Passed,Damaged,True,Processing
2720,19326,38639,2731,1671,329,2025-10-21,15,Refund,Changed Mind,Website,Approved,Processing,2291.95,130.81,Pending,,Pending,Damaged,False,Not Applicable
2721,19342,38668,1493,180,36,2025-10-10,3,Replacement,Damaged Product,Mobile App,Completed,Not Applicable,0.0,48.97,Completed,2025-10-11,Failed,Damaged,True,Completed
2722,19348,38679,2074,1227,243,2025-10-20,10,Refund,Quality Issue,Website,Approved,Processing,14936.81,169.76,Pending,,Pending,Damaged,False,Not Applicable
2723,19354,38689,3638,1402,279,2025-10-13,2,Refund,Wrong Product,Mobile App,Pickup Scheduled,Processing,700.83,93.85,Completed,2025-10-14,Pending,Unused,False,Not Applicable
2724,19361,38700,5571,757,152,2025-10-17,5,Replacement,Damaged Product,Website,Completed,Not Applicable,0.0,151.52,Completed,2025-10-18,Passed,Unused,True,Cancelled
2725,19374,38730,806,1276,254,2025-11-01,24,Refund,Late Delivery,Mobile App,Requested,Processing,21335.08,136.79,Scheduled,2025-11-04,Pending,Unused,False,Not Applicable
2726,19395,38767,9301,2010,392,2025-10-22,8,Refund,Wrong Product,Website,Pickup Scheduled,Processing,4373.73,64.22,Scheduled,2025-10-24,Pending,Unused,False,Not Applicable
2727,19412,38797,3204,505,103,2025-11-03,22,Exchange,Quality Issue,Website,Completed,Not Applicable,0.0,137.35,Completed,2025-11-04,Passed,Unused,True,Processing
2728,19415,38805,4065,2018,393,2025-10-15,3,Refund,Late Delivery,Mobile App,Picked Up,Pending,79502.42,142.84,Scheduled,2025-10-17,Pending,Used,False,Not Applicable
2729,19417,38809,4853,1281,256,2025-10-19,6,Replacement,Product Not As Expected,Website,Completed,Not Applicable,0.0,49.56,Completed,2025-10-22,Failed,Damaged,True,Requested
2730,19418,38810,4913,587,118,2025-11-12,27,Replacement,Size/Fit Issue,Website,Requested,Not Applicable,0.0,61.02,Pending,,Pending,Opened,True,Cancelled
2731,19418,38811,4913,2088,411,2025-10-29,13,Refund,Damaged Product,Website,Approved,Processing,13814.8,100.21,Scheduled,2025-10-31,Pending,Opened,False,Not Applicable
2732,19422,38819,6563,1660,327,2025-10-30,19,Replacement,Size/Fit Issue,Mobile App,Pickup Scheduled,Not Applicable,0.0,58.96,Completed,2025-11-02,Failed,Damaged,True,Requested
2733,19425,38825,7191,296,59,2025-10-29,19,Refund,Quality Issue,Website,Completed,Completed,4516.2,153.42,Completed,2025-11-01,Failed,Damaged,False,Not Applicable
2734,19436,38849,1758,467,96,2025-10-26,14,Refund,Damaged Product,Mobile App,Completed,Processing,247.59,50.95,Completed,2025-10-29,Passed,Damaged,False,Not Applicable
2735,19441,38857,2821,617,125,2025-10-18,6,Replacement,Changed Mind,Website,Approved,Not Applicable,0.0,41.46,Scheduled,2025-10-21,Pending,Opened,True,Processing
2736,19444,38864,3122,460,94,2025-10-31,16,Refund,Damaged Product,Mobile App,Approved,Pending,5049.97,124.54,Pending,,Pending,Unused,False,Not Applicable
2737,19446,38869,3510,391,78,2025-10-18,1,Replacement,Late Delivery,Mobile App,Completed,Not Applicable,0.0,69.9,Completed,2025-10-21,Passed,Unused,True,Requested
2738,19454,38888,7175,670,135,2025-10-24,14,Refund,Damaged Product,Mobile App,Picked Up,Processing,2295.92,128.41,Completed,2025-10-26,Passed,Opened,False,Not Applicable
2739,19465,38915,9847,2362,463,2025-10-26,10,Refund,Late Delivery,Website,Picked Up,Pending,1601.89,80.38,Completed,2025-10-27,Passed,Unused,False,Not Applicable
2740,19478,38941,5307,732,147,2025-11-13,30,Refund,Late Delivery,Mobile App,Rejected,Not Applicable,0.0,172.85,Failed,,Pending,Unused,False,Not Applicable
2741,19503,38983,2234,1451,288,2025-11-05,22,Refund,Wrong Product,Website,Approved,Processing,4711.97,137.99,Scheduled,2025-11-08,Pending,Damaged,False,Not Applicable
2742,19503,38984,2234,1583,313,2025-10-18,4,Refund,Product Not As Expected,Mobile App,Pickup Scheduled,Processing,7166.51,149.38,Scheduled,2025-10-20,Pending,Opened,False,Not Applicable
2743,19508,38998,3902,2235,437,2025-10-29,15,Refund,Quality Issue,Mobile App,Pickup Scheduled,Processing,40286.35,38.05,Scheduled,2025-11-01,Pending,Damaged,False,Not Applicable
2744,19521,39025,9341,1974,384,2025-10-19,5,Refund,Product Not As Expected,Mobile App,Approved,Processing,17001.17,61.14,Scheduled,2025-10-20,Pending,Damaged,False,Not Applicable
2745,19525,39031,382,418,85,2025-11-11,23,Exchange,Wrong Product,Mobile App,Picked Up,Not Applicable,0.0,155.86,Completed,2025-11-13,Pending,Unused,True,Completed
2746,19528,39041,1586,218,44,2025-11-14,25,Refund,Late Delivery,Mobile App,Requested,Processing,10300.86,153.24,Scheduled,2025-11-15,Pending,Unused,False,Not Applicable
2747,19530,39044,1906,716,144,2025-10-30,12,Exchange,Wrong Product,Website,Completed,Not Applicable,0.0,100.03,Completed,2025-10-31,Passed,Opened,True,Processing
2748,19551,39079,7654,511,104,2025-10-26,3,Refund,Changed Mind,Website,Approved,Pending,11838.69,83.19,Pending,,Pending,Used,False,Not Applicable
2749,19556,39088,9146,1572,311,2025-11-09,22,Refund,Quality Issue,Customer Support,Completed,Completed,4612.44,70.5,Completed,2025-11-11,Pending,Damaged,False,Not Applicable
2750,19560,39093,525,120,23,2025-10-26,8,Refund,Changed Mind,Mobile App,Picked Up,Processing,15956.9,72.9,Completed,2025-10-29,Failed,Damaged,False,Not Applicable
2751,19561,39096,1031,2110,415,2025-10-20,1,Exchange,Product Not As Expected,Website,Completed,Not Applicable,0.0,136.5,Completed,2025-10-23,Passed,Damaged,True,Cancelled
2752,19561,39097,1031,2535,497,2025-11-07,19,Refund,Product Not As Expected,Customer Support,Pickup Scheduled,Processing,76155.29,104.01,Scheduled,2025-11-10,Pending,Opened,False,Not Applicable
2753,19578,39127,6871,1312,262,2025-11-15,24,Refund,Product Not As Expected,Mobile App,Completed,Completed,26819.87,102.27,Completed,2025-11-17,Passed,Damaged,False,Not Applicable
2754,19584,39140,8163,1795,351,2025-10-30,10,Replacement,Late Delivery,Website,Picked Up,Not Applicable,0.0,116.72,Completed,2025-11-02,Passed,Unused,True,Completed
2755,19587,39146,8696,2288,448,2025-10-29,5,Refund,Damaged Product,Mobile App,Picked Up,Pending,180.74,159.68,Completed,2025-10-30,Failed,Damaged,False,Not Applicable
2756,19589,39151,278,1012,203,2025-10-21,4,Refund,Damaged Product,Website,Completed,Completed,9034.12,154.03,Completed,2025-10-24,Passed,Used,False,Not Applicable
2757,19600,39173,2988,2454,481,2025-11-05,13,Refund,Damaged Product,Mobile App,Completed,Completed,2282.54,65.52,Completed,2025-11-06,Passed,Unused,False,Not Applicable
2758,19604,39178,5189,1298,259,2025-11-03,13,Refund,Product Not As Expected,Mobile App,Requested,Pending,83008.1,78.99,Pending,,Pending,Used,False,Not Applicable
2759,19604,39179,5189,1323,264,2025-11-11,21,Refund,Size/Fit Issue,Mobile App,Approved,Pending,34516.52,70.1,Pending,,Pending,Used,False,Not Applicable
2760,19607,39188,5699,787,158,2025-11-03,12,Refund,Damaged Product,Mobile App,Completed,Completed,4310.72,71.12,Completed,2025-11-05,Passed,Damaged,False,Not Applicable
2761,19614,39200,8954,1367,271,2025-10-18,1,Refund,Changed Mind,Website,Approved,Pending,3132.64,168.95,Pending,,Pending,Opened,False,Not Applicable
2762,19618,39208,664,1935,377,2025-10-29,5,Refund,Late Delivery,Mobile App,Approved,Pending,24553.54,119.96,Pending,,Pending,Unused,False,Not Applicable
2763,19622,39213,1128,11,3,2025-11-13,20,Refund,Product Not As Expected,Website,Completed,Completed,565.95,169.83,Completed,2025-11-16,Passed,Used,False,Not Applicable
2764,19635,39243,7446,1244,247,2025-11-04,10,Refund,Quality Issue,Website,Completed,Completed,2951.1,90.96,Completed,2025-11-07,Passed,Unused,False,Not Applicable
2765,19657,39286,4342,1890,368,2025-11-11,19,Refund,Damaged Product,Mobile App,Pickup Scheduled,Pending,2418.19,98.73,Completed,2025-11-14,Passed,Unused,False,Not Applicable
2766,19665,39300,6976,890,178,2025-11-12,22,Exchange,Missing Parts,Website,Approved,Not Applicable,0.0,32.1,Scheduled,2025-11-14,Pending,Unused,True,Completed
2767,19672,39316,8750,393,79,2025-10-23,1,Refund,Missing Parts,Website,Completed,Completed,29371.41,176.4,Completed,2025-10-25,Failed,Damaged,False,Not Applicable
2768,19682,39336,824,63,12,2025-11-16,21,Refund,Missing Parts,Mobile App,Completed,Pending,146537.84,105.51,Completed,2025-11-19,Passed,Unused,False,Not Applicable
2769,19682,39338,824,2294,449,2025-11-07,12,Refund,Late Delivery,Mobile App,Pickup Scheduled,Pending,150.43,95.57,Completed,2025-11-09,Pending,Used,False,Not Applicable
2770,19685,39341,3583,413,83,2025-11-23,27,Refund,Damaged Product,Website,Approved,Processing,43747.32,178.27,Pending,,Pending,Used,False,Not Applicable
2771,19692,39355,6014,1543,305,2025-11-05,12,Refund,Late Delivery,Mobile App,Pickup Scheduled,Pending,30943.11,163.32,Scheduled,2025-11-06,Pending,Damaged,False,Not Applicable
2772,19703,39376,469,2131,418,2025-11-06,9,Replacement,Wrong Product,Mobile App,Pickup Scheduled,Not Applicable,0.0,40.07,Completed,2025-11-08,Passed,Damaged,True,Completed
2773,19706,39382,1208,1525,302,2025-11-18,24,Exchange,Changed Mind,Mobile App,Completed,Not Applicable,0.0,53.89,Completed,2025-11-19,Pending,Used,True,Cancelled
2774,19711,39393,2165,2056,404,2025-11-23,30,Replacement,Damaged Product,Mobile App,Completed,Not Applicable,0.0,82.26,Completed,2025-11-26,Passed,Unused,True,Requested
2775,19712,39395,2341,374,73,2025-11-19,22,Replacement,Quality Issue,Website,Pickup Scheduled,Not Applicable,0.0,179.63,Completed,2025-11-20,Passed,Damaged,True,Cancelled
2776,19724,39417,5243,1036,207,2025-11-06,7,Refund,Late Delivery,Mobile App,Pickup Scheduled,Processing,51608.42,93.36,Scheduled,2025-11-07,Pending,Unused,False,Not Applicable
2777,19740,39452,8846,1260,252,2025-11-06,7,Refund,Size/Fit Issue,Mobile App,Rejected,Not Applicable,0.0,94.23,Failed,,Pending,Unused,False,Not Applicable
2778,19743,39460,299,930,186,2025-11-19,22,Refund,Wrong Product,Mobile App,Picked Up,Processing,3645.44,130.27,Completed,2025-11-20,Failed,Damaged,False,Not Applicable
2779,19767,39503,8073,712,143,2025-11-08,9,Refund,Quality Issue,Website,Pickup Scheduled,Processing,1820.88,34.2,Scheduled,2025-11-10,Pending,Used,False,Not Applicable
2780,19781,39528,3837,462,94,2025-11-23,20,Exchange,Product Not As Expected,Mobile App,Pickup Scheduled,Not Applicable,0.0,107.91,Scheduled,2025-11-26,Pending,Opened,True,Processing
2781,19783,39532,4406,1086,218,2025-11-18,21,Refund,Product Not As Expected,Website,Approved,Processing,3155.51,58.99,Pending,,Pending,Used,False,Not Applicable
2782,19788,39541,8516,355,70,2025-11-21,19,Refund,Late Delivery,Website,Approved,Processing,48258.02,39.53,Scheduled,2025-11-24,Pending,Unused,False,Not Applicable
2783,19789,39543,8579,1241,247,2025-11-17,18,Replacement,Quality Issue,Website,Picked Up,Not Applicable,0.0,38.25,Scheduled,2025-11-20,Pending,Unused,True,Completed
2784,19791,39547,9638,610,123,2025-11-14,13,Replacement,Wrong Product,Mobile App,Rejected,Not Applicable,0.0,60.14,Failed,,Pending,Unused,True,Cancelled
2785,19795,39555,1022,520,106,2025-11-26,26,Refund,Damaged Product,Mobile App,Requested,Processing,100265.81,84.03,Scheduled,2025-11-29,Pending,Damaged,False,Not Applicable
2786,19799,39561,2127,130,25,2025-11-08,10,Replacement,Product Not As Expected,Mobile App,Approved,Not Applicable,0.0,115.21,Pending,,Pending,Opened,True,Cancelled
2787,19807,39576,5548,578,117,2025-11-03,4,Refund,Damaged Product,Mobile App,Completed,Completed,5449.92,126.01,Completed,2025-11-06,Passed,Damaged,False,Not Applicable
2788,19817,39602,7794,1477,292,2025-11-27,24,Replacement,Damaged Product,Mobile App,Requested,Not Applicable,0.0,60.64,Pending,,Pending,Opened,True,Completed
2789,19827,39621,9822,341,67,2025-11-22,21,Refund,Late Delivery,Mobile App,Requested,Processing,10634.01,34.98,Pending,,Pending,Damaged,False,Not Applicable
2790,19836,39638,3284,1765,345,2025-11-24,22,Refund,Product Not As Expected,Mobile App,Requested,Processing,2348.51,177.59,Pending,,Pending,Used,False,Not Applicable
2791,19838,39644,4220,1802,352,2025-11-26,23,Replacement,Quality Issue,Website,Completed,Not Applicable,0.0,88.4,Completed,2025-11-29,Passed,Opened,True,Processing
2792,19839,39647,4595,1948,380,2025-11-28,23,Replacement,Product Not As Expected,Mobile App,Completed,Not Applicable,0.0,163.57,Completed,2025-11-29,Passed,Unused,True,Processing
2793,19845,39657,7242,289,58,2025-11-21,24,Replacement,Wrong Product,Mobile App,Rejected,Not Applicable,0.0,71.18,Failed,,Pending,Used,True,Requested
2794,19847,39663,7607,1965,383,2025-11-17,14,Refund,Changed Mind,Website,Picked Up,Pending,44056.56,124.97,Scheduled,2025-11-19,Pending,Opened,False,Not Applicable
2795,19855,39682,9811,1673,329,2025-12-03,29,Refund,Changed Mind,Mobile App,Picked Up,Processing,2474.94,32.53,Completed,2025-12-04,Passed,Used,False,Not Applicable
2796,19857,39686,94,1343,267,2025-11-15,9,Replacement,Wrong Product,Mobile App,Completed,Not Applicable,0.0,55.79,Completed,2025-11-18,Passed,Damaged,True,Completed
2797,19857,39687,94,1348,268,2025-11-15,9,Refund,Quality Issue,Website,Picked Up,Processing,3272.92,30.99,Completed,2025-11-18,Passed,Opened,False,Not Applicable
2798,19859,39691,862,580,117,2025-11-23,18,Refund,Quality Issue,Website,Completed,Completed,3846.04,144.97,Completed,2025-11-26,Passed,Used,False,Not Applicable
2799,19861,39695,1588,2477,486,2025-11-06,1,Replacement,Damaged Product,Mobile App,Completed,Not Applicable,0.0,73.75,Completed,2025-11-09,Passed,Damaged,True,Completed
2800,19875,39721,4974,2261,444,2025-12-01,25,Replacement,Changed Mind,Website,Completed,Not Applicable,0.0,82.2,Completed,2025-12-04,Pending,Used,True,Completed
2801,19878,39728,5725,1492,294,2025-11-17,15,Refund,Wrong Product,Website,Picked Up,Pending,2507.42,81.98,Scheduled,2025-11-20,Pending,Unused,False,Not Applicable
2802,19882,39735,8012,585,118,2025-12-05,30,Refund,Wrong Product,Website,Requested,Pending,13060.5,165.05,Scheduled,2025-12-06,Pending,Damaged,False,Not Applicable
2803,19886,39742,8625,2214,433,2025-11-17,13,Refund,Changed Mind,Customer Support,Completed,Completed,9640.36,57.04,Completed,2025-11-19,Passed,Unused,False,Not Applicable
2804,19907,39782,5712,881,177,2025-11-24,20,Refund,Damaged Product,Mobile App,Approved,Processing,2506.04,106.66,Pending,,Pending,Unused,False,Not Applicable
2805,19910,39788,7232,251,51,2025-11-21,19,Refund,Damaged Product,Mobile App,Rejected,Not Applicable,0.0,71.47,Failed,,Pending,Unused,False,Not Applicable
2806,19918,39810,1578,2379,466,2025-11-13,9,Replacement,Product Not As Expected,Mobile App,Rejected,Not Applicable,0.0,60.38,Failed,,Pending,Unused,True,Cancelled
2807,19920,39814,2681,2521,495,2025-12-01,26,Refund,Product Not As Expected,Website,Completed,Completed,3170.54,114.9,Completed,2025-12-02,Pending,Unused,False,Not Applicable
2808,19926,39824,3938,2178,427,2025-11-21,17,Replacement,Product Not As Expected,Website,Approved,Not Applicable,0.0,126.84,Scheduled,2025-11-23,Pending,Opened,True,Completed
2809,19927,39825,4893,1240,247,2025-12-07,30,Exchange,Quality Issue,Website,Picked Up,Not Applicable,0.0,124.28,Completed,2025-12-08,Passed,Used,True,Completed
2810,19935,39839,7276,623,125,2025-11-17,11,Exchange,Changed Mind,Website,Approved,Not Applicable,0.0,103.26,Pending,,Pending,Opened,True,Processing
2811,19939,39844,476,1575,311,2025-11-14,4,Replacement,Quality Issue,Website,Approved,Not Applicable,0.0,108.14,Pending,,Pending,Opened,True,Requested
2812,19947,39863,3350,589,119,2025-11-13,11,Refund,Changed Mind,Mobile App,Completed,Processing,1076.62,94.0,Completed,2025-11-14,Passed,Used,False,Not Applicable
2813,19960,39889,7946,728,146,2025-11-09,2,Refund,Wrong Product,Customer Support,Requested,Processing,5818.5,166.27,Scheduled,2025-11-11,Pending,Opened,False,Not Applicable
2814,19988,39946,6652,577,117,2025-12-02,21,Refund,Quality Issue,Website,Pickup Scheduled,Pending,4798.48,168.22,Scheduled,2025-12-03,Pending,Damaged,False,Not Applicable
2815,19994,39955,8692,871,174,2025-12-03,26,Replacement,Missing Parts,Mobile App,Completed,Not Applicable,0.0,165.2,Completed,2025-12-06,Passed,Damaged,True,Processing
2816,19995,39959,8791,674,136,2025-11-17,3,Exchange,Wrong Product,Website,Pickup Scheduled,Not Applicable,0.0,90.44,Completed,2025-11-20,Passed,Opened,True,Processing
2817,19999,39965,9413,1623,321,2025-11-11,4,Exchange,Damaged Product,Website,Approved,Not Applicable,0.0,64.38,Scheduled,2025-11-14,Pending,Damaged,True,Cancelled
2818,20002,39972,1397,2155,423,2025-11-12,4,Refund,Quality Issue,Mobile App,Completed,Completed,14301.52,131.04,Completed,2025-11-13,Passed,Opened,False,Not Applicable
2819,20017,40005,5860,1141,228,2025-12-11,30,Refund,Quality Issue,Mobile App,Approved,Pending,18518.94,93.15,Scheduled,2025-12-12,Pending,Opened,False,Not Applicable
2820,20018,40007,6437,1068,214,2025-11-24,16,Refund,Quality Issue,Website,Completed,Completed,2476.99,133.51,Completed,2025-11-26,Passed,Unused,False,Not Applicable
2821,20025,40020,7630,2470,484,2025-12-06,27,Replacement,Quality Issue,Mobile App,Pickup Scheduled,Not Applicable,0.0,99.91,Completed,2025-12-07,Passed,Used,True,Processing
2822,20040,40052,273,561,113,2025-11-19,4,Replacement,Wrong Product,Mobile App,Rejected,Not Applicable,0.0,50.16,Failed,,Pending,Used,True,Requested
2823,20041,40054,414,47,10,2025-12-11,30,Refund,Product Not As Expected,Website,Approved,Pending,1244.16,35.27,Scheduled,2025-12-14,Pending,Used,False,Not Applicable
2824,20047,40067,3463,1931,377,2025-12-09,24,Exchange,Product Not As Expected,Mobile App,Completed,Not Applicable,0.0,130.08,Completed,2025-12-12,Failed,Damaged,True,Completed
2825,20053,40079,5027,1530,303,2025-12-13,30,Refund,Damaged Product,Mobile App,Completed,Pending,2143.69,35.94,Completed,2025-12-15,Pending,Used,False,Not Applicable
2826,20066,40106,7809,607,123,2025-11-24,10,Refund,Product Not As Expected,Website,Approved,Pending,3305.27,156.64,Pending,,Pending,Damaged,False,Not Applicable
2827,20067,40109,7973,1891,369,2025-11-30,15,Refund,Product Not As Expected,Website,Approved,Pending,25320.64,103.43,Scheduled,2025-12-03,Pending,Used,False,Not Applicable
2828,20079,40132,1025,395,79,2025-12-07,24,Replacement,Missing Parts,Mobile App,Approved,Not Applicable,0.0,33.23,Scheduled,2025-12-09,Pending,Damaged,True,Processing
2829,20083,40142,2199,630,127,2025-12-12,28,Refund,Damaged Product,Website,Completed,Processing,24027.74,95.34,Completed,2025-12-15,Passed,Opened,False,Not Applicable
2830,20085,40148,2942,907,182,2025-11-21,3,Refund,Damaged Product,Mobile App,Completed,Completed,971.74,135.02,Completed,2025-11-24,Passed,Unused,False,Not Applicable
2831,20090,40159,4420,2342,459,2025-12-08,23,Refund,Damaged Product,Mobile App,Completed,Pending,2884.64,163.29,Completed,2025-12-11,Pending,Unused,False,Not Applicable
2832,20091,40162,4595,1908,371,2025-11-24,7,Refund,Damaged Product,Customer Support,Completed,Pending,2668.54,69.59,Completed,2025-11-25,Passed,Opened,False,Not Applicable
2833,20098,40173,6280,1246,247,2025-11-20,2,Refund,Quality Issue,Mobile App,Completed,Completed,66.05,35.16,Completed,2025-11-23,Passed,Unused,False,Not Applicable
2834,20098,40175,6280,2223,435,2025-12-08,20,Replacement,Quality Issue,Website,Picked Up,Not Applicable,0.0,33.49,Completed,2025-12-11,Pending,Unused,True,Completed
2835,20103,40187,8138,857,171,2025-11-29,17,Refund,Size/Fit Issue,Mobile App,Picked Up,Pending,6376.9,122.47,Completed,2025-11-30,Passed,Damaged,False,Not Applicable
2836,20108,40196,318,656,132,2025-11-29,12,Refund,Product Not As Expected,Website,Approved,Pending,263342.4,39.63,Scheduled,2025-12-01,Pending,Damaged,False,Not Applicable
2837,20115,40213,1430,2245,439,2025-11-22,6,Replacement,Quality Issue,Mobile App,Completed,Not Applicable,0.0,112.6,Completed,2025-11-23,Passed,Unused,True,Cancelled
2838,20127,40239,5375,598,120,2025-12-10,28,Replacement,Size/Fit Issue,Mobile App,Pickup Scheduled,Not Applicable,0.0,61.01,Scheduled,2025-12-11,Pending,Unused,True,Cancelled
2839,20129,40245,5934,1101,221,2025-12-04,20,Replacement,Damaged Product,Mobile App,Picked Up,Not Applicable,0.0,167.87,Completed,2025-12-07,Passed,Damaged,True,Requested
2840,20130,40247,6008,506,103,2025-12-14,27,Refund,Product Not As Expected,Mobile App,Approved,Pending,3587.84,68.78,Scheduled,2025-12-16,Pending,Unused,False,Not Applicable
2841,20146,40276,3129,296,59,2025-12-20,30,Refund,Product Not As Expected,Website,Approved,Pending,4516.2,179.04,Scheduled,2025-12-22,Pending,Damaged,False,Not Applicable
2842,20151,40291,4567,383,76,2025-11-27,7,Refund,Product Not As Expected,Website,Approved,Pending,1257.21,129.89,Scheduled,2025-11-30,Pending,Damaged,False,Not Applicable
2843,20155,40298,6099,1569,310,2025-11-22,2,Exchange,Changed Mind,Mobile App,Picked Up,Not Applicable,0.0,158.43,Completed,2025-11-25,Passed,Unused,True,Requested
2844,20158,40301,6489,635,128,2025-12-13,25,Refund,Product Not As Expected,Mobile App,Completed,Completed,1325.99,170.43,Completed,2025-12-14,Passed,Unused,False,Not Applicable
2845,20164,40313,9290,2358,462,2025-12-08,22,Refund,Late Delivery,Mobile App,Completed,Completed,4412.28,104.37,Completed,2025-12-09,Passed,Unused,False,Not Applicable
2846,20168,40319,1010,1974,384,2025-12-12,28,Refund,Damaged Product,Website,Completed,Processing,53687.91,157.19,Completed,2025-12-15,Passed,Unused,False,Not Applicable
2847,20171,40326,1787,1801,352,2025-11-24,7,Refund,Product Not As Expected,Mobile App,Completed,Processing,77430.81,166.94,Completed,2025-11-26,Pending,Used,False,Not Applicable
2848,20174,40333,3186,1047,210,2025-11-24,9,Refund,Late Delivery,Mobile App,Approved,Pending,2479.46,51.46,Pending,,Pending,Unused,False,Not Applicable
2849,20178,40341,4049,2437,477,2025-12-11,22,Exchange,Product Not As Expected,Website,Completed,Not Applicable,0.0,45.6,Completed,2025-12-14,Passed,Used,True,Cancelled
2850,20181,40347,5815,719,144,2025-11-19,1,Refund,Damaged Product,Mobile App,Picked Up,Processing,51789.75,47.92,Completed,2025-11-22,Passed,Opened,False,Not Applicable
2851,20187,40359,7990,2153,423,2025-11-23,8,Refund,Damaged Product,Website,Picked Up,Pending,16840.02,177.74,Completed,2025-11-25,Passed,Damaged,False,Not Applicable
2852,20218,40421,2839,2364,463,2025-12-05,15,Exchange,Product Not As Expected,Website,Approved,Not Applicable,0.0,30.5,Scheduled,2025-12-07,Pending,Opened,True,Cancelled
2853,20250,40478,2527,818,164,2025-12-17,27,Refund,Late Delivery,Website,Approved,Processing,9045.78,41.22,Scheduled,2025-12-20,Pending,Used,False,Not Applicable
2854,20260,40498,5041,1081,216,2025-12-23,26,Replacement,Changed Mind,Mobile App,Approved,Not Applicable,0.0,104.3,Pending,,Pending,Opened,True,Requested
2855,20277,40534,1041,1274,254,2025-11-26,3,Exchange,Late Delivery,Mobile App,Approved,Not Applicable,0.0,87.78,Scheduled,2025-11-27,Pending,Damaged,True,Requested
2856,20289,40558,4044,509,103,2025-12-13,15,Refund,Product Not As Expected,Website,Rejected,Not Applicable,0.0,87.1,Failed,,Pending,Unused,False,Not Applicable
2857,20310,40602,9082,368,72,2025-11-29,1,Refund,Late Delivery,Mobile App,Completed,Completed,3621.66,34.4,Completed,2025-12-01,Passed,Unused,False,Not Applicable
2858,20314,40611,2491,542,110,2025-12-11,12,Refund,Changed Mind,Mobile App,Approved,Pending,15369.84,72.29,Scheduled,2025-12-12,Pending,Used,False,Not Applicable
2859,20318,40621,4782,1632,323,2025-11-30,4,Refund,Quality Issue,Mobile App,Rejected,Not Applicable,0.0,40.83,Failed,,Pending,Unused,False,Not Applicable
2860,20320,40623,5309,27,6,2025-12-15,19,Replacement,Size/Fit Issue,Mobile App,Pickup Scheduled,Not Applicable,0.0,41.36,Scheduled,2025-12-17,Pending,Damaged,True,Requested
2861,20332,40646,9563,66,13,2025-12-23,26,Refund,Damaged Product,Mobile App,Approved,Processing,1662.14,173.87,Pending,,Pending,Opened,False,Not Applicable
2862,20345,40669,3679,1053,211,2025-12-28,29,Exchange,Damaged Product,Mobile App,Completed,Not Applicable,0.0,104.84,Completed,2025-12-31,Passed,Damaged,True,Requested
2863,20347,40676,4046,1958,382,2025-12-16,15,Refund,Late Delivery,Website,Completed,Completed,5093.61,137.75,Completed,2025-12-19,Passed,Unused,False,Not Applicable
2864,20363,40701,392,1881,366,2025-12-18,20,Refund,Quality Issue,Website,Picked Up,Pending,6222.73,121.65,Scheduled,2025-12-21,Pending,Opened,False,Not Applicable
2865,20405,40778,5760,1105,222,2025-12-09,8,Refund,Missing Parts,Mobile App,Completed,Completed,2916.85,42.45,Completed,2025-12-12,Pending,Unused,False,Not Applicable
2866,20410,40789,7500,115,22,2025-12-30,26,Refund,Late Delivery,Website,Pickup Scheduled,Processing,29939.37,32.47,Completed,2025-12-31,Pending,Damaged,False,Not Applicable
2867,20423,40814,1757,2300,451,2025-12-17,20,Exchange,Product Not As Expected,Mobile App,Pickup Scheduled,Not Applicable,0.0,51.96,Scheduled,2025-12-19,Pending,Unused,True,Processing
2868,20428,40824,3291,906,182,2026-01-05,30,Refund,Wrong Product,Website,Approved,Processing,3190.67,55.75,Pending,,Pending,Opened,False,Not Applicable
2869,20430,40829,4600,936,187,2025-12-07,4,Replacement,Wrong Product,Website,Pickup Scheduled,Not Applicable,0.0,179.2,Scheduled,2025-12-08,Pending,Used,True,Requested
2870,20439,40844,7389,281,56,2025-12-16,17,Refund,Wrong Product,Mobile App,Approved,Pending,2606.13,154.07,Scheduled,2025-12-17,Pending,Unused,False,Not Applicable
2871,20454,40875,4703,2150,422,2025-12-09,3,Refund,Changed Mind,Mobile App,Rejected,Not Applicable,0.0,136.86,Failed,,Pending,Opened,False,Not Applicable
2872,20456,40880,6226,2482,487,2025-12-18,12,Replacement,Changed Mind,Customer Support,Requested,Not Applicable,0.0,131.44,Scheduled,2025-12-21,Pending,Used,True,Cancelled
2873,20459,40886,7399,1504,297,2025-12-19,15,Replacement,Product Not As Expected,Mobile App,Rejected,Not Applicable,0.0,45.38,Failed,,Pending,Damaged,True,Processing
2874,20461,40889,7789,892,179,2025-12-26,20,Exchange,Wrong Product,Website,Pickup Scheduled,Not Applicable,0.0,79.05,Completed,2025-12-27,Pending,Opened,True,Cancelled
2875,20462,40892,7846,287,57,2025-12-30,29,Replacement,Damaged Product,Website,Completed,Not Applicable,0.0,59.41,Completed,2026-01-01,Pending,Damaged,True,Processing
2876,20464,40897,8100,2287,448,2025-12-29,22,Refund,Quality Issue,Website,Pickup Scheduled,Pending,8474.19,142.05,Completed,2026-01-01,Failed,Damaged,False,Not Applicable
2877,20467,40902,63,1579,312,2025-12-04,3,Refund,Product Not As Expected,Website,Picked Up,Processing,1074.31,168.98,Scheduled,2025-12-07,Pending,Unused,False,Not Applicable
2878,20474,40916,2234,1765,345,2026-01-02,27,Refund,Size/Fit Issue,Mobile App,Picked Up,Processing,869.82,178.39,Completed,2026-01-05,Passed,Opened,False,Not Applicable
2879,20483,40933,4743,579,117,2025-12-16,9,Replacement,Damaged Product,Mobile App,Rejected,Not Applicable,0.0,87.15,Failed,,Pending,Unused,True,Completed
2880,20489,40948,8055,1203,239,2025-12-17,10,Refund,Changed Mind,Website,Completed,Completed,2557.7,120.7,Completed,2025-12-18,Passed,Damaged,False,Not Applicable
2881,20512,40990,7418,1085,217,2025-12-22,18,Exchange,Changed Mind,Website,Picked Up,Not Applicable,0.0,179.01,Completed,2025-12-25,Failed,Damaged,True,Completed
2882,20517,41000,8849,1791,350,2025-12-13,4,Refund,Late Delivery,Mobile App,Completed,Completed,106791.96,141.17,Completed,2025-12-14,Failed,Damaged,False,Not Applicable
2883,20520,41006,9871,799,161,2025-12-18,10,Refund,Quality Issue,Mobile App,Pickup Scheduled,Processing,9749.22,50.18,Scheduled,2025-12-20,Pending,Damaged,False,Not Applicable
2884,20523,41012,39,2029,396,2026-01-04,24,Replacement,Wrong Product,Mobile App,Approved,Not Applicable,0.0,114.68,Pending,,Pending,Damaged,True,Cancelled
2885,20523,41013,39,2200,430,2025-12-12,1,Replacement,Damaged Product,Website,Approved,Not Applicable,0.0,105.39,Pending,,Pending,Opened,True,Processing
2886,20526,41018,301,1241,247,2026-01-02,26,Refund,Wrong Product,Website,Approved,Pending,1271.75,119.37,Scheduled,2026-01-03,Pending,Unused,False,Not Applicable
2887,20531,41030,1509,1222,243,2026-01-06,28,Exchange,Quality Issue,Mobile App,Completed,Not Applicable,0.0,160.51,Completed,2026-01-08,Pending,Damaged,True,Completed
2888,20533,41034,1973,2218,434,2025-12-11,6,Replacement,Wrong Product,Mobile App,Requested,Not Applicable,0.0,95.78,Pending,,Pending,Opened,True,Cancelled
2889,20539,41041,3605,863,172,2025-12-25,17,Refund,Size/Fit Issue,Mobile App,Completed,Completed,428.72,66.03,Completed,2025-12-27,Passed,Damaged,False,Not Applicable
2890,20545,41052,5571,2261,444,2025-12-22,13,Refund,Changed Mind,Mobile App,Approved,Pending,4665.92,66.97,Scheduled,2025-12-23,Pending,Damaged,False,Not Applicable
2891,20549,41057,7803,452,93,2025-12-06,3,Refund,Changed Mind,Mobile App,Completed,Completed,23439.21,126.6,Completed,2025-12-09,Pending,Damaged,False,Not Applicable
2892,20549,41058,7803,710,143,2025-12-14,11,Refund,Product Not As Expected,Mobile App,Completed,Completed,2691.56,176.87,Completed,2025-12-17,Failed,Damaged,False,Not Applicable
2893,20550,41061,8157,1083,216,2025-12-29,21,Refund,Wrong Product,Mobile App,Pickup Scheduled,Processing,4737.24,50.91,Scheduled,2025-12-31,Pending,Opened,False,Not Applicable
2894,20558,41074,234,241,49,2025-12-18,13,Refund,Quality Issue,Mobile App,Pickup Scheduled,Pending,24618.7,114.86,Completed,2025-12-19,Failed,Damaged,False,Not Applicable
2895,20572,41105,5035,67,13,2025-12-26,16,Replacement,Late Delivery,Mobile App,Picked Up,Not Applicable,0.0,50.88,Scheduled,2025-12-28,Pending,Unused,True,Requested
2896,20573,41107,5318,1603,318,2025-12-08,1,Refund,Product Not As Expected,Mobile App,Completed,Processing,7439.1,40.04,Completed,2025-12-11,Passed,Damaged,False,Not Applicable
2897,20575,41113,5917,828,166,2026-01-02,26,Replacement,Size/Fit Issue,Mobile App,Completed,Not Applicable,0.0,167.74,Completed,2026-01-03,Passed,Damaged,True,Cancelled
2898,20579,41121,8197,356,70,2025-12-25,13,Refund,Quality Issue,Mobile App,Requested,Pending,36158.76,39.64,Scheduled,2025-12-27,Pending,Used,False,Not Applicable
2899,20580,41123,8253,378,74,2026-01-05,26,Replacement,Product Not As Expected,Website,Approved,Not Applicable,0.0,148.01,Pending,,Pending,Damaged,True,Requested
2900,20596,41162,6664,2065,407,2025-12-18,12,Refund,Late Delivery,Mobile App,Completed,Completed,80074.95,124.98,Completed,2025-12-19,Failed,Damaged,False,Not Applicable
2901,20600,41172,7742,904,181,2025-12-29,17,Refund,Late Delivery,Mobile App,Picked Up,Pending,13329.72,111.62,Scheduled,2026-01-01,Pending,Opened,False,Not Applicable
2902,20604,41181,8220,747,150,2026-01-09,28,Exchange,Late Delivery,Website,Picked Up,Not Applicable,0.0,148.58,Scheduled,2026-01-11,Pending,Opened,True,Requested
2903,20606,41185,8393,1628,322,2026-01-04,27,Refund,Quality Issue,Mobile App,Pickup Scheduled,Pending,44655.49,169.4,Completed,2026-01-06,Passed,Unused,False,Not Applicable
2904,20610,41193,253,835,167,2025-12-28,15,Refund,Quality Issue,Customer Support,Completed,Completed,1261.79,96.28,Completed,2025-12-30,Passed,Opened,False,Not Applicable
2905,20610,41194,253,1841,359,2025-12-14,1,Refund,Wrong Product,Website,Requested,Processing,41617.68,125.55,Pending,,Pending,Damaged,False,Not Applicable
2906,20613,41203,1053,1804,352,2025-12-22,13,Refund,Wrong Product,Mobile App,Picked Up,Processing,14064.32,174.41,Scheduled,2025-12-24,Pending,Opened,False,Not Applicable
2907,20616,41210,2707,2492,489,2025-12-29,16,Refund,Late Delivery,Website,Picked Up,Pending,23845.63,82.53,Completed,2025-12-31,Failed,Damaged,False,Not Applicable
2908,20617,41211,2737,1670,329,2025-12-20,11,Refund,Damaged Product,Mobile App,Completed,Completed,1710.06,95.32,Completed,2025-12-21,Pending,Opened,False,Not Applicable
2909,20618,41214,2892,791,159,2025-12-14,5,Replacement,Damaged Product,Website,Pickup Scheduled,Not Applicable,0.0,44.1,Completed,2025-12-16,Passed,Unused,True,Cancelled
2910,20618,41215,2892,1410,281,2025-12-23,14,Refund,Quality Issue,Website,Approved,Pending,99719.02,116.48,Pending,,Pending,Used,False,Not Applicable
2911,20630,41238,7417,1934,377,2025-12-30,19,Refund,Changed Mind,Mobile App,Completed,Completed,48337.7,83.85,Completed,2026-01-02,Passed,Used,False,Not Applicable
2912,20635,41247,9574,821,165,2025-12-25,8,Refund,Damaged Product,Mobile App,Completed,Completed,15371.48,128.87,Completed,2025-12-28,Failed,Damaged,False,Not Applicable
2913,20644,41268,1893,1883,366,2025-12-30,20,Refund,Damaged Product,Website,Completed,Completed,42038.11,152.2,Completed,2025-12-31,Failed,Damaged,False,Not Applicable
2914,20651,41283,3977,2238,437,2026-01-06,22,Refund,Missing Parts,Website,Pickup Scheduled,Processing,234937.45,78.33,Completed,2026-01-07,Passed,Used,False,Not Applicable
2915,20655,41293,5470,352,69,2025-12-22,7,Replacement,Damaged Product,Mobile App,Approved,Not Applicable,0.0,79.68,Scheduled,2025-12-24,Pending,Unused,True,Requested
2916,20667,41314,9510,2435,476,2025-12-15,2,Exchange,Product Not As Expected,Customer Support,Rejected,Not Applicable,0.0,157.24,Failed,,Pending,Damaged,True,Completed
2917,20670,41320,9665,366,72,2025-12-24,12,Refund,Product Not As Expected,Mobile App,Completed,Processing,6701.32,71.34,Completed,2025-12-27,Passed,Used,False,Not Applicable
2918,20670,41322,9665,1582,313,2026-01-11,30,Replacement,Product Not As Expected,Mobile App,Pickup Scheduled,Not Applicable,0.0,96.69,Completed,2026-01-14,Passed,Used,True,Processing
2919,20676,41334,2094,479,98,2026-01-02,17,Replacement,Damaged Product,Mobile App,Completed,Not Applicable,0.0,45.78,Completed,2026-01-05,Passed,Opened,True,Cancelled
2920,20679,41338,3003,1338,266,2025-12-19,2,Refund,Changed Mind,Website,Completed,Processing,13182.2,39.26,Completed,2025-12-22,Pending,Unused,False,Not Applicable
2921,20682,41342,3285,1072,215,2026-01-03,15,Replacement,Quality Issue,Website,Completed,Not Applicable,0.0,74.36,Completed,2026-01-04,Passed,Opened,True,Processing
2922,20684,41347,3911,835,167,2026-01-09,23,Refund,Product Not As Expected,Mobile App,Completed,Completed,1072.52,40.99,Completed,2026-01-10,Passed,Unused,False,Not Applicable
2923,20701,41379,9797,330,65,2026-01-13,24,Refund,Changed Mind,Mobile App,Approved,Processing,3571.34,84.86,Pending,,Pending,Used,False,Not Applicable
2924,20722,41417,5012,2104,414,2026-01-04,17,Exchange,Product Not As Expected,Customer Support,Pickup Scheduled,Not Applicable,0.0,151.99,Scheduled,2026-01-06,Pending,Opened,True,Completed
2925,20723,41420,5387,2460,482,2026-01-13,23,Refund,Late Delivery,Website,Picked Up,Pending,6791.04,111.11,Completed,2026-01-16,Failed,Damaged,False,Not Applicable
2926,20730,41432,7293,1776,347,2026-01-13,24,Exchange,Size/Fit Issue,Mobile App,Picked Up,Not Applicable,0.0,58.1,Scheduled,2026-01-15,Pending,Unused,True,Processing
2927,20739,41451,8949,485,99,2025-12-26,4,Replacement,Changed Mind,Mobile App,Approved,Not Applicable,0.0,98.63,Scheduled,2025-12-28,Pending,Unused,True,Cancelled
2928,20742,41459,9563,1913,372,2025-12-24,6,Refund,Quality Issue,Mobile App,Picked Up,Pending,1204.31,36.16,Completed,2025-12-27,Passed,Damaged,False,Not Applicable
2929,20745,41466,324,220,44,2026-01-11,24,Exchange,Quality Issue,Mobile App,Requested,Not Applicable,0.0,143.19,Scheduled,2026-01-14,Pending,Unused,True,Cancelled
2930,20754,41487,3784,338,67,2025-12-29,10,Refund,Product Not As Expected,Mobile App,Completed,Pending,8071.62,106.86,Completed,2025-12-30,Pending,Damaged,False,Not Applicable
2931,20755,41490,3975,1502,296,2025-12-31,9,Refund,Product Not As Expected,Mobile App,Completed,Completed,8795.41,143.9,Completed,2026-01-03,Passed,Opened,False,Not Applicable
2932,20771,41523,8551,1741,341,2026-01-19,30,Replacement,Changed Mind,Mobile App,Completed,Not Applicable,0.0,109.12,Completed,2026-01-20,Passed,Unused,True,Processing
2933,20787,41557,4467,859,171,2026-01-22,30,Refund,Product Not As Expected,Mobile App,Completed,Completed,22163.7,109.28,Completed,2026-01-24,Passed,Damaged,False,Not Applicable
2934,20790,41565,6146,1046,209,2025-12-21,1,Refund,Damaged Product,Website,Pickup Scheduled,Processing,5201.28,80.03,Scheduled,2025-12-24,Pending,Used,False,Not Applicable
2935,20792,41569,8737,1180,236,2026-01-11,19,Refund,Late Delivery,Mobile App,Completed,Completed,655.69,159.82,Completed,2026-01-12,Passed,Used,False,Not Applicable
2936,20793,41572,9270,2454,481,2026-01-02,7,Replacement,Product Not As Expected,Website,Completed,Not Applicable,0.0,78.36,Completed,2026-01-04,Passed,Opened,True,Cancelled
2937,20796,41579,1546,1351,269,2025-12-31,6,Refund,Changed Mind,Customer Support,Approved,Pending,504.15,165.15,Scheduled,2026-01-01,Pending,Damaged,False,Not Applicable
2938,20806,41596,4695,1195,238,2025-12-29,5,Refund,Damaged Product,Mobile App,Requested,Processing,37280.37,141.15,Scheduled,2025-12-31,Pending,Unused,False,Not Applicable
2939,20821,41629,895,446,92,2026-01-07,10,Replacement,Quality Issue,Website,Pickup Scheduled,Not Applicable,0.0,37.55,Scheduled,2026-01-10,Pending,Unused,True,Cancelled
2940,20837,41659,7131,1449,288,2026-01-05,10,Refund,Late Delivery,Website,Completed,Completed,2979.69,127.47,Completed,2026-01-07,Failed,Damaged,False,Not Applicable
2941,20841,41668,7841,1902,371,2026-01-16,19,Refund,Product Not As Expected,Website,Completed,Completed,2885.4,137.12,Completed,2026-01-17,Passed,Opened,False,Not Applicable
2942,20857,41702,3064,1095,219,2026-01-06,11,Replacement,Quality Issue,Mobile App,Picked Up,Not Applicable,0.0,54.68,Completed,2026-01-07,Passed,Used,True,Requested
2943,20864,41712,6912,508,103,2026-01-22,28,Replacement,Missing Parts,Website,Requested,Not Applicable,0.0,155.09,Scheduled,2026-01-24,Pending,Unused,True,Requested
2944,20866,41715,8272,2110,415,2026-01-08,12,Refund,Size/Fit Issue,Website,Completed,Completed,9595.14,177.46,Completed,2026-01-10,Passed,Damaged,False,Not Applicable
2945,20875,41733,171,2404,470,2026-01-17,22,Refund,Quality Issue,Mobile App,Completed,Pending,298.43,154.69,Completed,2026-01-20,Passed,Used,False,Not Applicable
2946,20882,41747,1412,152,29,2026-01-06,9,Refund,Damaged Product,Mobile App,Pickup Scheduled,Pending,4323.07,85.14,Scheduled,2026-01-09,Pending,Used,False,Not Applicable
2947,20891,41765,5077,119,22,2025-12-30,2,Refund,Product Not As Expected,Mobile App,Approved,Pending,32878.56,136.59,Pending,,Pending,Unused,False,Not Applicable
2948,20893,41769,5713,587,118,2026-01-19,27,Refund,Changed Mind,Website,Pickup Scheduled,Processing,63380.22,78.64,Completed,2026-01-20,Passed,Unused,False,Not Applicable
2949,20894,41772,5727,28,6,2026-01-09,16,Refund,Changed Mind,Mobile App,Completed,Processing,66893.88,35.46,Completed,2026-01-10,Passed,Damaged,False,Not Applicable
2950,20902,41792,8047,366,72,2026-01-08,10,Replacement,Quality Issue,Website,Picked Up,Not Applicable,0.0,120.35,Scheduled,2026-01-11,Pending,Used,True,Requested
2951,20907,41798,8979,1629,322,2026-01-08,13,Refund,Damaged Product,Mobile App,Approved,Processing,26306.14,139.98,Pending,,Pending,Used,False,Not Applicable
2952,20908,41799,9006,873,174,2025-12-26,4,Refund,Product Not As Expected,Website,Approved,Pending,279298.66,157.24,Pending,,Pending,Unused,False,Not Applicable
2953,20912,41809,9500,146,28,2026-01-05,10,Refund,Late Delivery,Website,Picked Up,Pending,4680.18,164.53,Scheduled,2026-01-07,Pending,Opened,False,Not Applicable
2954,20919,41825,1382,2495,490,2026-01-04,2,Refund,Quality Issue,Website,Completed,Completed,4635.68,127.87,Completed,2026-01-05,Passed,Opened,False,Not Applicable
2955,20930,41849,5225,2298,450,2026-01-01,3,Replacement,Changed Mind,Mobile App,Approved,Not Applicable,0.0,170.72,Pending,,Pending,Damaged,True,Completed
2956,20934,41857,6051,1041,208,2026-01-18,24,Refund,Wrong Product,Mobile App,Pickup Scheduled,Pending,20418.73,80.85,Completed,2026-01-21,Passed,Opened,False,Not Applicable
2957,20939,41864,8045,733,147,2026-01-19,19,Replacement,Product Not As Expected,Mobile App,Approved,Not Applicable,0.0,101.05,Pending,,Pending,Unused,True,Cancelled
2958,20945,41873,9738,562,114,2026-01-12,11,Refund,Late Delivery,Customer Support,Completed,Processing,5863.39,92.97,Completed,2026-01-14,Passed,Opened,False,Not Applicable
2959,20950,41884,612,1211,241,2026-01-10,8,Replacement,Changed Mind,Website,Picked Up,Not Applicable,0.0,51.11,Completed,2026-01-11,Passed,Used,True,Requested
2960,20951,41885,1179,1292,258,2026-01-24,26,Refund,Product Not As Expected,Mobile App,Pickup Scheduled,Pending,164457.05,68.04,Completed,2026-01-27,Passed,Damaged,False,Not Applicable
2961,20953,41890,1957,413,83,2026-01-03,1,Exchange,Wrong Product,Website,Approved,Not Applicable,0.0,49.85,Pending,,Pending,Used,True,Completed
2962,20955,41895,2538,827,166,2026-01-05,5,Refund,Wrong Product,Mobile App,Approved,Processing,709.98,84.59,Pending,,Pending,Opened,False,Not Applicable
2963,20971,41926,7481,161,32,2026-01-12,9,Replacement,Wrong Product,Website,Completed,Not Applicable,0.0,111.3,Completed,2026-01-15,Passed,Opened,True,Cancelled
2964,20973,41928,9046,1127,225,2026-01-07,5,Refund,Size/Fit Issue,Website,Pickup Scheduled,Processing,11361.07,39.31,Completed,2026-01-09,Passed,Unused,False,Not Applicable
2965,20997,41979,6000,439,90,2026-01-10,10,Refund,Quality Issue,Mobile App,Approved,Processing,21254.24,50.15,Scheduled,2026-01-13,Pending,Damaged,False,Not Applicable
2966,20997,41980,6000,645,130,2026-01-11,11,Refund,Quality Issue,Mobile App,Rejected,Not Applicable,0.0,177.74,Failed,,Pending,Used,False,Not Applicable
2967,21001,41986,7499,1167,234,2026-02-01,30,Refund,Quality Issue,Mobile App,Picked Up,Processing,10472.85,48.55,Completed,2026-02-02,Passed,Unused,False,Not Applicable
2968,21003,41990,9765,1803,352,2026-01-23,18,Replacement,Wrong Product,Website,Approved,Not Applicable,0.0,163.92,Pending,,Pending,Damaged,True,Requested
2969,21016,42021,3560,922,184,2025-12-31,1,Refund,Wrong Product,Mobile App,Picked Up,Pending,3354.22,91.36,Scheduled,2026-01-01,Pending,Damaged,False,Not Applicable
2970,21017,42024,3712,1089,218,2026-01-29,28,Refund,Product Not As Expected,Mobile App,Approved,Pending,10250.02,87.75,Pending,,Pending,Opened,False,Not Applicable
2971,21023,42037,5222,2515,493,2026-01-13,10,Refund,Wrong Product,Mobile App,Picked Up,Pending,8708.06,120.18,Scheduled,2026-01-15,Pending,Damaged,False,Not Applicable
2972,21025,42041,5512,1735,340,2026-01-22,16,Replacement,Missing Parts,Mobile App,Approved,Not Applicable,0.0,120.3,Pending,,Pending,Opened,True,Requested
2973,21028,42049,5760,543,110,2026-02-02,25,Refund,Quality Issue,Mobile App,Completed,Completed,96157.5,51.86,Completed,2026-02-05,Passed,Opened,False,Not Applicable
2974,21047,42081,9974,145,27,2026-01-16,14,Refund,Wrong Product,Website,Approved,Processing,44154.13,57.95,Pending,,Pending,Unused,False,Not Applicable
2975,21056,42093,2476,533,108,2026-01-13,5,Refund,Product Not As Expected,Mobile App,Completed,Completed,6808.54,149.19,Completed,2026-01-14,Passed,Damaged,False,Not Applicable
2976,21065,42110,7006,1182,236,2026-02-01,25,Refund,Late Delivery,Mobile App,Requested,Processing,7763.76,154.71,Pending,,Pending,Damaged,False,Not Applicable
2977,21070,42119,8173,2153,423,2026-01-12,6,Replacement,Quality Issue,Mobile App,Completed,Not Applicable,0.0,37.62,Completed,2026-01-14,Pending,Unused,True,Processing
2978,21076,42129,9468,1464,290,2026-01-09,7,Exchange,Wrong Product,Website,Approved,Not Applicable,0.0,61.23,Scheduled,2026-01-12,Pending,Opened,True,Cancelled
2979,21093,42163,3899,2221,434,2026-02-02,26,Refund,Product Not As Expected,Website,Requested,Processing,1744.05,42.64,Pending,,Pending,Opened,False,Not Applicable
2980,21105,42180,8962,736,148,2026-02-06,29,Exchange,Product Not As Expected,Website,Picked Up,Not Applicable,0.0,122.96,Scheduled,2026-02-08,Pending,Damaged,True,Completed
2981,21109,42189,9852,2544,499,2026-01-31,23,Refund,Late Delivery,Mobile App,Requested,Pending,2155.02,65.63,Scheduled,2026-02-02,Pending,Opened,False,Not Applicable
2982,21115,42196,1403,665,134,2026-01-17,8,Refund,Product Not As Expected,Mobile App,Completed,Completed,2776.24,47.87,Completed,2026-01-18,Passed,Used,False,Not Applicable
2983,21116,42200,1501,1646,325,2026-01-18,10,Refund,Late Delivery,Mobile App,Approved,Pending,3730.84,122.11,Pending,,Pending,Used,False,Not Applicable
2984,21119,42204,1744,1901,370,2026-01-23,12,Exchange,Wrong Product,Website,Completed,Not Applicable,0.0,92.34,Completed,2026-01-24,Passed,Opened,True,Processing
2985,21120,42206,1941,1496,295,2026-01-12,7,Refund,Damaged Product,Website,Picked Up,Pending,5712.28,146.9,Completed,2026-01-14,Pending,Used,False,Not Applicable
2986,21130,42225,4110,1509,297,2026-01-16,7,Refund,Late Delivery,Mobile App,Completed,Completed,13981.06,177.75,Completed,2026-01-18,Passed,Unused,False,Not Applicable
2987,21131,42227,4327,551,111,2026-01-14,6,Replacement,Wrong Product,Customer Support,Pickup Scheduled,Not Applicable,0.0,98.85,Scheduled,2026-01-16,Pending,Unused,True,Processing
2988,21148,42260,221,303,60,2026-01-20,14,Refund,Size/Fit Issue,Mobile App,Completed,Completed,25835.46,72.57,Completed,2026-01-21,Passed,Unused,False,Not Applicable
2989,21149,42262,416,717,144,2026-02-01,21,Refund,Wrong Product,Customer Support,Completed,Completed,12786.46,78.24,Completed,2026-02-03,Failed,Damaged,False,Not Applicable
2990,21153,42270,1604,1592,315,2026-01-29,19,Refund,Missing Parts,Website,Requested,Processing,549.35,44.52,Scheduled,2026-01-30,Pending,Damaged,False,Not Applicable
2991,21156,42275,2673,2195,430,2026-01-12,5,Refund,Product Not As Expected,Website,Picked Up,Pending,11936.53,55.43,Scheduled,2026-01-15,Pending,Opened,False,Not Applicable
2992,21171,42305,7330,1842,359,2026-02-04,25,Refund,Wrong Product,Website,Approved,Processing,53070.8,76.31,Pending,,Pending,Unused,False,Not Applicable
2993,21176,42311,8133,437,90,2026-01-18,5,Refund,Product Not As Expected,Website,Requested,Pending,28366.2,37.28,Scheduled,2026-01-21,Pending,Unused,False,Not Applicable
2994,21205,42363,7153,1585,313,2026-01-31,20,Refund,Product Not As Expected,Mobile App,Rejected,Not Applicable,0.0,67.73,Failed,,Pending,Opened,False,Not Applicable
2995,21205,42364,7153,1971,384,2026-01-16,5,Refund,Quality Issue,Website,Requested,Processing,3806.18,150.85,Pending,,Pending,Unused,False,Not Applicable
2996,21207,42366,8283,1360,270,2026-02-08,25,Refund,Size/Fit Issue,Website,Approved,Processing,17741.55,134.15,Pending,,Pending,Opened,False,Not Applicable
2997,21214,42381,9311,264,54,2026-01-14,4,Replacement,Damaged Product,Website,Picked Up,Not Applicable,0.0,35.59,Scheduled,2026-01-17,Pending,Used,True,Completed
2998,21228,42407,3260,1633,323,2026-01-23,11,Replacement,Damaged Product,Website,Completed,Not Applicable,0.0,35.93,Completed,2026-01-24,Failed,Damaged,True,Cancelled
2999,21237,42423,5355,2008,391,2026-02-05,19,Refund,Product Not As Expected,Website,Approved,Pending,75445.8,45.35,Pending,,Pending,Unused,False,Not Applicable
3000,21240,42432,7198,2506,492,2026-01-14,3,Refund,Late Delivery,Mobile App,Completed,Completed,7057.63,59.0,Completed,2026-01-17,Pending,Damaged,False,Not Applicable
3001,21245,42443,7490,2368,464,2026-02-06,19,Refund,Changed Mind,Mobile App,Completed,Completed,14645.61,64.93,Completed,2026-02-08,Pending,Opened,False,Not Applicable
3002,21255,42461,1463,309,61,2026-01-27,12,Refund,Quality Issue,Mobile App,Pickup Scheduled,Pending,1557.75,33.06,Scheduled,2026-01-30,Pending,Used,False,Not Applicable
3003,21269,42486,6530,2469,484,2026-02-06,24,Refund,Damaged Product,Mobile App,Requested,Pending,3561.1,108.32,Pending,,Pending,Damaged,False,Not Applicable
3004,21275,42501,7419,1561,309,2026-01-24,7,Replacement,Wrong Product,Website,Approved,Not Applicable,0.0,115.11,Scheduled,2026-01-25,Pending,Used,True,Requested
3005,21294,42546,4703,2107,414,2026-02-06,17,Refund,Wrong Product,Mobile App,Pickup Scheduled,Processing,1095.53,50.0,Completed,2026-02-08,Passed,Used,False,Not Applicable
3006,21296,42550,6296,148,29,2026-01-26,8,Refund,Quality Issue,Website,Picked Up,Processing,2532.47,109.56,Scheduled,2026-01-28,Pending,Opened,False,Not Applicable
3007,21306,42572,817,1477,292,2026-01-26,9,Replacement,Damaged Product,Mobile App,Completed,Not Applicable,0.0,159.14,Completed,2026-01-27,Passed,Damaged,True,Cancelled
3008,21309,42579,1376,363,71,2026-01-31,11,Refund,Product Not As Expected,Mobile App,Completed,Pending,48339.83,141.53,Completed,2026-02-01,Passed,Damaged,False,Not Applicable
3009,21313,42587,3129,2460,482,2026-02-04,19,Refund,Damaged Product,Mobile App,Approved,Pending,6791.04,113.23,Scheduled,2026-02-07,Pending,Unused,False,Not Applicable
3010,21315,42589,3316,293,58,2026-02-05,16,Refund,Wrong Product,Website,Completed,Completed,1211.22,43.31,Completed,2026-02-07,Passed,Used,False,Not Applicable
3011,21323,42606,6722,918,184,2026-01-25,2,Exchange,Product Not As Expected,Website,Pickup Scheduled,Not Applicable,0.0,104.53,Scheduled,2026-01-27,Pending,Opened,True,Completed
3012,21325,42612,7014,1963,383,2026-02-09,18,Refund,Changed Mind,Mobile App,Requested,Processing,22982.34,118.46,Scheduled,2026-02-10,Pending,Opened,False,Not Applicable
3013,21326,42613,7409,841,168,2026-02-09,16,Exchange,Changed Mind,Website,Approved,Not Applicable,0.0,49.77,Scheduled,2026-02-10,Pending,Opened,True,Cancelled
3014,21327,42616,7703,1682,331,2026-02-13,28,Refund,Product Not As Expected,Customer Support,Requested,Processing,120622.35,57.9,Pending,,Pending,Used,False,Not Applicable
3015,21335,42632,2218,944,188,2026-02-11,25,Exchange,Quality Issue,Website,Completed,Not Applicable,0.0,53.01,Completed,2026-02-13,Passed,Unused,True,Completed
3016,21337,42640,2664,2013,392,2026-01-24,4,Exchange,Product Not As Expected,Website,Completed,Not Applicable,0.0,76.49,Completed,2026-01-26,Passed,Damaged,True,Requested
3017,21338,42642,2729,1975,385,2026-02-01,11,Refund,Late Delivery,Website,Picked Up,Pending,58688.38,54.4,Scheduled,2026-02-03,Pending,Opened,False,Not Applicable
3018,21346,42657,6832,169,34,2026-02-01,14,Refund,Quality Issue,Website,Pickup Scheduled,Pending,6238.64,50.39,Scheduled,2026-02-02,Pending,Used,False,Not Applicable
3019,21346,42658,6832,188,37,2026-01-28,10,Refund,Changed Mind,Customer Support,Completed,Pending,37022.62,105.16,Completed,2026-01-29,Passed,Used,False,Not Applicable
3020,21349,42664,7754,290,58,2026-02-11,20,Refund,Wrong Product,Website,Completed,Completed,1370.53,78.46,Completed,2026-02-14,Passed,Damaged,False,Not Applicable
3021,21349,42665,7754,1300,259,2026-02-10,19,Refund,Quality Issue,Mobile App,Pickup Scheduled,Processing,189212.94,118.28,Completed,2026-02-11,Pending,Opened,False,Not Applicable
3022,21351,42668,8478,2069,408,2026-02-05,16,Refund,Late Delivery,Mobile App,Pickup Scheduled,Processing,5350.99,163.47,Completed,2026-02-06,Passed,Damaged,False,Not Applicable
3023,21361,42691,884,1693,333,2026-02-07,15,Refund,Changed Mind,Mobile App,Requested,Processing,7445.11,126.7,Scheduled,2026-02-08,Pending,Opened,False,Not Applicable
3024,21366,42704,1504,2261,444,2026-01-29,6,Refund,Wrong Product,Customer Support,Approved,Pending,1728.12,130.65,Scheduled,2026-02-01,Pending,Unused,False,Not Applicable
3025,21373,42716,2997,2516,494,2026-02-15,26,Refund,Changed Mind,Mobile App,Requested,Pending,9518.5,113.63,Pending,,Pending,Used,False,Not Applicable
3026,21395,42761,1574,17,4,2026-02-19,26,Refund,Changed Mind,Website,Requested,Processing,5484.5,115.67,Scheduled,2026-02-20,Pending,Opened,False,Not Applicable
3027,21397,42764,1910,1414,281,2026-02-20,29,Replacement,Missing Parts,Mobile App,Approved,Not Applicable,0.0,163.9,Pending,,Pending,Opened,True,Cancelled
3028,21397,42765,1910,1753,343,2026-01-30,8,Refund,Product Not As Expected,Mobile App,Completed,Completed,11814.3,149.31,Completed,2026-02-02,Passed,Damaged,False,Not Applicable
3029,21398,42769,2430,1453,288,2026-02-13,21,Refund,Wrong Product,Mobile App,Requested,Processing,3446.07,151.42,Pending,,Pending,Unused,False,Not Applicable
3030,21411,42795,5303,136,26,2026-02-19,24,Refund,Changed Mind,Website,Completed,Completed,7014.5,140.7,Completed,2026-02-22,Passed,Opened,False,Not Applicable
3031,21412,42797,5818,515,104,2026-02-13,21,Refund,Wrong Product,Website,Completed,Pending,4991.49,166.41,Completed,2026-02-14,Passed,Unused,False,Not Applicable
3032,21417,42808,7181,2296,450,2026-02-18,24,Refund,Damaged Product,Website,Completed,Processing,1276.67,103.61,Completed,2026-02-19,Pending,Opened,False,Not Applicable
3033,21426,42826,8578,1523,301,2026-02-13,17,Refund,Late Delivery,Website,Picked Up,Pending,2074.13,167.05,Scheduled,2026-02-14,Pending,Unused,False,Not Applicable
3034,21445,42860,6778,939,187,2026-02-08,11,Replacement,Size/Fit Issue,Website,Pickup Scheduled,Not Applicable,0.0,48.33,Completed,2026-02-09,Passed,Damaged,True,Processing
3035,21463,42900,938,1974,384,2026-02-14,20,Refund,Damaged Product,Website,Picked Up,Processing,34002.34,140.93,Completed,2026-02-17,Passed,Damaged,False,Not Applicable
3036,21469,42910,5586,1047,210,2026-01-27,4,Refund,Quality Issue,Mobile App,Requested,Pending,2348.96,75.5,Pending,,Pending,Damaged,False,Not Applicable
3037,21489,42945,1202,2220,434,2026-02-02,9,Exchange,Product Not As Expected,Mobile App,Rejected,Not Applicable,0.0,157.24,Failed,,Pending,Damaged,True,Cancelled
3038,21490,42948,1573,1263,252,2026-02-21,20,Refund,Product Not As Expected,Website,Completed,Completed,2424.93,142.4,Completed,2026-02-24,Passed,Unused,False,Not Applicable
3039,21503,42970,4396,304,60,2026-02-16,23,Refund,Changed Mind,Customer Support,Picked Up,Pending,3432.14,114.06,Completed,2026-02-19,Pending,Damaged,False,Not Applicable
3040,21512,42987,6673,280,56,2026-01-31,1,Replacement,Late Delivery,Mobile App,Requested,Not Applicable,0.0,111.68,Scheduled,2026-02-02,Pending,Opened,True,Cancelled
3041,21521,43006,9194,456,93,2026-02-16,17,Refund,Quality Issue,Website,Completed,Pending,1417.66,93.47,Completed,2026-02-18,Pending,Damaged,False,Not Applicable
3042,21529,43026,1058,2491,489,2026-02-04,7,Refund,Changed Mind,Mobile App,Picked Up,Processing,42915.17,69.56,Scheduled,2026-02-05,Pending,Damaged,False,Not Applicable
3043,21537,43039,3089,168,34,2026-02-24,20,Replacement,Damaged Product,Customer Support,Approved,Not Applicable,0.0,173.15,Pending,,Pending,Opened,True,Requested
3044,21542,43047,3684,863,172,2026-02-15,16,Refund,Size/Fit Issue,Website,Picked Up,Pending,191.79,177.64,Scheduled,2026-02-18,Pending,Unused,False,Not Applicable
3045,21545,43055,5086,2357,462,2026-02-02,1,Refund,Quality Issue,Mobile App,Requested,Pending,3862.8,36.79,Scheduled,2026-02-05,Pending,Unused,False,Not Applicable
3046,21546,43058,5506,2241,438,2026-02-17,18,Refund,Product Not As Expected,Website,Completed,Pending,8690.97,151.67,Completed,2026-02-19,Pending,Used,False,Not Applicable
3047,21549,43063,5657,1294,258,2026-02-11,12,Refund,Missing Parts,Website,Approved,Pending,110546.15,102.13,Pending,,Pending,Used,False,Not Applicable
3048,21568,43097,4641,86,16,2026-02-19,17,Refund,Product Not As Expected,Customer Support,Completed,Completed,23584.66,158.13,Completed,2026-02-20,Pending,Damaged,False,Not Applicable
3049,21578,43120,8530,6,2,2026-02-10,5,Replacement,Missing Parts,Mobile App,Requested,Not Applicable,0.0,134.35,Scheduled,2026-02-13,Pending,Damaged,True,Requested
3050,21585,43132,950,1633,323,2026-03-01,23,Replacement,Damaged Product,Mobile App,Requested,Not Applicable,0.0,139.46,Pending,,Pending,Unused,True,Cancelled
3051,21591,43144,1694,1662,327,2026-02-13,13,Replacement,Changed Mind,Mobile App,Completed,Not Applicable,0.0,89.97,Completed,2026-02-16,Passed,Damaged,True,Processing
3052,21594,43148,2428,1212,241,2026-03-05,25,Refund,Damaged Product,Mobile App,Completed,Pending,3243.56,160.69,Completed,2026-03-06,Pending,Opened,False,Not Applicable
3053,21596,43152,2975,1114,223,2026-02-12,10,Replacement,Late Delivery,Website,Completed,Not Applicable,0.0,129.03,Completed,2026-02-13,Failed,Damaged,True,Processing
3054,21598,43156,3539,225,46,2026-02-24,23,Refund,Quality Issue,Mobile App,Pickup Scheduled,Pending,6010.2,147.14,Scheduled,2026-02-25,Pending,Damaged,False,Not Applicable
3055,21610,43177,8196,584,118,2026-02-11,6,Replacement,Size/Fit Issue,Website,Completed,Not Applicable,0.0,123.62,Completed,2026-02-14,Passed,Damaged,True,Requested
3056,21611,43181,8309,1949,380,2026-02-09,3,Refund,Damaged Product,Mobile App,Approved,Pending,11410.59,60.28,Pending,,Pending,Opened,False,Not Applicable
3057,21635,43227,7570,1579,312,2026-02-06,3,Refund,Damaged Product,Website,Completed,Completed,2148.62,133.83,Completed,2026-02-07,Passed,Opened,False,Not Applicable
3058,21637,43230,8000,622,125,2026-02-26,20,Refund,Size/Fit Issue,Website,Approved,Pending,2746.0,120.11,Scheduled,2026-02-28,Pending,Used,False,Not Applicable
3059,21639,43234,8845,375,73,2026-02-10,2,Refund,Late Delivery,Website,Completed,Completed,74256.66,87.25,Completed,2026-02-11,Passed,Unused,False,Not Applicable
3060,21647,43248,1168,1867,364,2026-02-22,14,Refund,Changed Mind,Mobile App,Completed,Completed,8652.84,126.07,Completed,2026-02-24,Failed,Damaged,False,Not Applicable
3061,21651,43253,2720,856,171,2026-02-21,15,Refund,Changed Mind,Mobile App,Completed,Completed,27582.94,46.3,Completed,2026-02-22,Passed,Opened,False,Not Applicable
3062,21659,43271,6625,2393,468,2026-02-17,14,Refund,Product Not As Expected,Mobile App,Requested,Processing,17654.88,97.57,Pending,,Pending,Damaged,False,Not Applicable
3063,21663,43282,7969,2225,435,2026-02-16,8,Replacement,Missing Parts,Mobile App,Completed,Not Applicable,0.0,170.88,Completed,2026-02-17,Passed,Used,True,Cancelled
3064,21665,43286,8873,1765,345,2026-02-11,1,Refund,Wrong Product,Mobile App,Picked Up,Processing,2218.04,160.79,Scheduled,2026-02-13,Pending,Used,False,Not Applicable
3065,21668,43292,9735,1174,235,2026-02-27,19,Refund,Product Not As Expected,Website,Completed,Completed,3567.33,139.67,Completed,2026-03-01,Pending,Damaged,False,Not Applicable
3066,21691,43340,7728,2239,438,2026-03-04,22,Refund,Wrong Product,Mobile App,Completed,Completed,1045.73,82.4,Completed,2026-03-07,Pending,Opened,False,Not Applicable
3067,21691,43341,7728,2280,447,2026-03-03,21,Refund,Size/Fit Issue,Mobile App,Rejected,Not Applicable,0.0,116.08,Failed,,Pending,Damaged,False,Not Applicable
3068,21699,43357,1428,1086,218,2026-02-20,14,Refund,Damaged Product,Website,Requested,Pending,3506.12,95.18,Scheduled,2026-02-23,Pending,Unused,False,Not Applicable
3069,21707,43373,4444,2501,491,2026-02-26,15,Refund,Quality Issue,Mobile App,Completed,Completed,9454.72,132.07,Completed,2026-03-01,Passed,Unused,False,Not Applicable
3070,21709,43376,4782,1902,371,2026-03-03,20,Exchange,Quality Issue,Website,Completed,Not Applicable,0.0,179.68,Completed,2026-03-04,Passed,Opened,True,Cancelled
3071,21715,43387,6861,497,101,2026-03-11,27,Refund,Size/Fit Issue,Website,Requested,Processing,21941.31,153.87,Pending,,Pending,Used,False,Not Applicable
3072,21718,43394,7675,283,57,2026-02-15,2,Exchange,Wrong Product,Mobile App,Approved,Not Applicable,0.0,93.14,Scheduled,2026-02-18,Pending,Used,True,Requested
3073,21724,43405,9972,636,128,2026-03-10,27,Refund,Wrong Product,Mobile App,Requested,Processing,2281.02,138.48,Scheduled,2026-03-12,Pending,Unused,False,Not Applicable
3074,21758,43474,2532,1924,375,2026-02-17,5,Refund,Changed Mind,Mobile App,Completed,Completed,1385.74,92.74,Completed,2026-02-18,Pending,Used,False,Not Applicable
3075,21775,43508,8135,1771,346,2026-02-16,3,Refund,Damaged Product,Mobile App,Approved,Processing,6608.77,116.31,Scheduled,2026-02-19,Pending,Unused,False,Not Applicable
3076,21778,43514,8540,1256,250,2026-02-18,2,Replacement,Product Not As Expected,Mobile App,Completed,Not Applicable,0.0,154.41,Completed,2026-02-20,Pending,Used,True,Requested
3077,21783,43529,9649,1989,387,2026-03-16,26,Refund,Changed Mind,Mobile App,Approved,Pending,13020.03,43.84,Pending,,Pending,Damaged,False,Not Applicable
3078,21785,43531,1412,229,46,2026-03-13,26,Refund,Quality Issue,Mobile App,Picked Up,Pending,3370.88,107.59,Scheduled,2026-03-15,Pending,Unused,False,Not Applicable
3079,21785,43532,1412,1988,387,2026-02-26,11,Replacement,Wrong Product,Mobile App,Completed,Not Applicable,0.0,174.33,Completed,2026-02-28,Failed,Damaged,True,Cancelled
3080,21786,43534,1936,466,95,2026-02-18,5,Replacement,Damaged Product,Mobile App,Pickup Scheduled,Not Applicable,0.0,167.97,Completed,2026-02-21,Passed,Opened,True,Processing
3081,21786,43536,1936,2105,414,2026-03-04,19,Refund,Changed Mind,Mobile App,Approved,Pending,2431.28,66.71,Pending,,Pending,Damaged,False,Not Applicable
3082,21787,43537,1992,1561,309,2026-03-03,19,Refund,Damaged Product,Mobile App,Picked Up,Processing,7318.53,145.48,Scheduled,2026-03-05,Pending,Damaged,False,Not Applicable
3083,21803,43573,7352,1398,278,2026-02-25,13,Refund,Quality Issue,Website,Requested,Processing,1493.78,94.14,Pending,,Pending,Unused,False,Not Applicable
3084,21805,43575,7464,982,197,2026-03-08,20,Replacement,Late Delivery,Website,Approved,Not Applicable,0.0,35.39,Scheduled,2026-03-10,Pending,Opened,True,Completed
3085,21812,43590,364,1228,244,2026-03-18,30,Refund,Wrong Product,Website,Completed,Processing,12196.62,38.42,Completed,2026-03-21,Pending,Used,False,Not Applicable
3086,21818,43605,2358,1567,309,2026-03-05,18,Refund,Late Delivery,Mobile App,Completed,Completed,7957.24,160.09,Completed,2026-03-06,Passed,Unused,False,Not Applicable
3087,21828,43628,5380,76,15,2026-02-26,13,Exchange,Product Not As Expected,Mobile App,Completed,Not Applicable,0.0,116.85,Completed,2026-02-28,Passed,Used,True,Processing
3088,21835,43644,8505,1101,221,2026-03-21,29,Exchange,Product Not As Expected,Mobile App,Completed,Not Applicable,0.0,125.98,Completed,2026-03-22,Passed,Unused,True,Processing
3089,21846,43666,3598,1313,262,2026-03-08,21,Refund,Product Not As Expected,Mobile App,Pickup Scheduled,Pending,5650.15,39.26,Completed,2026-03-09,Passed,Opened,False,Not Applicable
3090,21854,43683,6652,1687,332,2026-03-05,14,Replacement,Quality Issue,Mobile App,Picked Up,Not Applicable,0.0,73.23,Scheduled,2026-03-08,Pending,Used,True,Completed
3091,21854,43684,6652,1984,386,2026-03-03,12,Refund,Quality Issue,Mobile App,Requested,Pending,344941.9,154.57,Scheduled,2026-03-05,Pending,Unused,False,Not Applicable
3092,21868,43716,870,2311,453,2026-02-20,1,Refund,Wrong Product,Mobile App,Picked Up,Processing,576.46,58.66,Completed,2026-02-23,Passed,Used,False,Not Applicable
3093,21870,43719,1193,35,7,2026-02-21,3,Refund,Wrong Product,Website,Completed,Processing,8697.78,161.77,Completed,2026-02-23,Passed,Opened,False,Not Applicable
3094,21873,43726,1536,2215,433,2026-03-10,21,Exchange,Wrong Product,Website,Picked Up,Not Applicable,0.0,39.02,Completed,2026-03-13,Passed,Damaged,True,Requested
3095,21876,43731,1854,981,196,2026-03-04,13,Replacement,Wrong Product,Website,Completed,Not Applicable,0.0,146.61,Completed,2026-03-06,Pending,Damaged,True,Completed
3096,21877,43734,1925,1820,355,2026-03-10,17,Refund,Product Not As Expected,Website,Pickup Scheduled,Pending,6669.75,89.82,Scheduled,2026-03-11,Pending,Unused,False,Not Applicable
3097,21903,43792,9918,1398,278,2026-02-24,4,Refund,Quality Issue,Website,Pickup Scheduled,Pending,4481.34,94.38,Scheduled,2026-02-27,Pending,Opened,False,Not Applicable
3098,21921,43826,6154,1834,357,2026-03-20,28,Replacement,Damaged Product,Mobile App,Completed,Not Applicable,0.0,74.54,Completed,2026-03-23,Failed,Damaged,True,Requested
3099,21937,43860,1705,1917,373,2026-03-23,29,Refund,Quality Issue,Mobile App,Approved,Processing,718.54,115.46,Scheduled,2026-03-26,Pending,Opened,False,Not Applicable
3100,21948,43882,4115,275,56,2026-03-13,19,Refund,Changed Mind,Mobile App,Completed,Completed,10939.27,66.91,Completed,2026-03-16,Passed,Opened,False,Not Applicable
3101,21951,43889,4594,1041,208,2026-03-13,18,Refund,Quality Issue,Mobile App,Approved,Pending,32240.1,150.34,Scheduled,2026-03-14,Pending,Opened,False,Not Applicable
3102,21967,43918,9082,197,40,2026-03-06,10,Replacement,Late Delivery,Mobile App,Picked Up,Not Applicable,0.0,85.08,Completed,2026-03-09,Failed,Damaged,True,Processing
3103,21973,43930,324,461,94,2026-03-26,28,Exchange,Quality Issue,Website,Pickup Scheduled,Not Applicable,0.0,65.68,Completed,2026-03-28,Pending,Used,True,Requested
3104,21977,43936,1569,1259,251,2026-03-22,22,Replacement,Changed Mind,Website,Requested,Not Applicable,0.0,128.76,Scheduled,2026-03-24,Pending,Damaged,True,Cancelled
3105,21979,43940,1992,1813,354,2026-03-15,18,Replacement,Damaged Product,Website,Completed,Not Applicable,0.0,176.42,Completed,2026-03-16,Failed,Damaged,True,Cancelled
3106,21987,43958,3907,1926,375,2026-03-03,4,Replacement,Wrong Product,Website,Approved,Not Applicable,0.0,43.7,Pending,,Pending,Damaged,True,Completed
3107,21988,43960,3914,1774,347,2026-03-26,27,Refund,Changed Mind,Mobile App,Approved,Pending,1844.83,79.55,Pending,,Pending,Opened,False,Not Applicable
3108,21990,43965,4131,274,55,2026-03-16,22,Replacement,Product Not As Expected,Mobile App,Completed,Not Applicable,0.0,166.13,Completed,2026-03-19,Passed,Damaged,True,Requested
3109,21990,43966,4131,1982,386,2026-03-05,11,Exchange,Quality Issue,Mobile App,Picked Up,Not Applicable,0.0,161.96,Scheduled,2026-03-07,Pending,Used,True,Completed
3110,22004,43997,6510,1474,292,2026-03-19,21,Replacement,Damaged Product,Website,Approved,Not Applicable,0.0,92.88,Scheduled,2026-03-22,Pending,Unused,True,Cancelled
3111,22011,44014,160,2055,403,2026-03-04,7,Replacement,Size/Fit Issue,Mobile App,Pickup Scheduled,Not Applicable,0.0,93.24,Scheduled,2026-03-06,Pending,Used,True,Requested
3112,22020,44037,4180,2342,459,2026-03-07,9,Replacement,Changed Mind,Website,Approved,Not Applicable,0.0,155.34,Pending,,Pending,Opened,True,Cancelled
3113,22027,44051,5792,754,151,2026-03-23,23,Refund,Wrong Product,Mobile App,Requested,Pending,3293.04,177.57,Pending,,Pending,Used,False,Not Applicable
3114,22036,44069,8146,2209,432,2026-03-27,29,Replacement,Changed Mind,Website,Approved,Not Applicable,0.0,46.1,Scheduled,2026-03-29,Pending,Opened,True,Processing
3115,22047,44096,1128,1538,304,2026-03-27,27,Replacement,Changed Mind,Website,Pickup Scheduled,Not Applicable,0.0,95.27,Scheduled,2026-03-30,Pending,Damaged,True,Requested
3116,22051,44105,2371,2091,412,2026-03-07,8,Exchange,Changed Mind,Customer Support,Completed,Not Applicable,0.0,87.29,Completed,2026-03-09,Passed,Unused,True,Cancelled
3117,22057,44120,3718,1266,253,2026-03-18,16,Refund,Quality Issue,Mobile App,Pickup Scheduled,Processing,141501.29,34.35,Scheduled,2026-03-19,Pending,Used,False,Not Applicable
3118,22070,44148,6878,1563,309,2026-03-27,25,Refund,Product Not As Expected,Mobile App,Completed,Processing,2906.16,136.37,Completed,2026-03-30,Passed,Used,False,Not Applicable
3119,22074,44155,7532,2137,420,2026-03-31,28,Replacement,Late Delivery,Mobile App,Completed,Not Applicable,0.0,54.7,Completed,2026-04-01,Passed,Unused,True,Completed
3120,22078,44162,9239,332,65,2026-03-23,24,Replacement,Late Delivery,Website,Pickup Scheduled,Not Applicable,0.0,60.61,Completed,2026-03-26,Pending,Used,True,Cancelled
3121,22092,44194,4740,50,11,2026-03-13,12,Refund,Quality Issue,Mobile App,Approved,Processing,4321.17,63.98,Pending,,Pending,Used,False,Not Applicable
3122,22092,44195,4740,1132,226,2026-03-24,23,Refund,Product Not As Expected,Website,Completed,Pending,135321.34,30.71,Completed,2026-03-27,Passed,Used,False,Not Applicable
3123,22095,44202,5699,1101,221,2026-03-28,24,Exchange,Damaged Product,Mobile App,Pickup Scheduled,Not Applicable,0.0,51.74,Completed,2026-03-30,Passed,Opened,True,Processing
3124,22099,44210,6509,593,119,2026-03-28,25,Refund,Wrong Product,Mobile App,Completed,Completed,3722.38,132.99,Completed,2026-03-31,Passed,Damaged,False,Not Applicable
3125,22141,44285,7508,1872,364,2026-03-28,22,Replacement,Quality Issue,Mobile App,Approved,Not Applicable,0.0,172.12,Scheduled,2026-03-29,Pending,Unused,True,Processing
3126,22150,44305,720,248,50,2026-03-29,22,Replacement,Wrong Product,Website,Approved,Not Applicable,0.0,173.63,Pending,,Pending,Used,True,Completed
3127,22154,44313,1975,1700,335,2026-03-25,17,Exchange,Product Not As Expected,Website,Pickup Scheduled,Not Applicable,0.0,38.99,Scheduled,2026-03-26,Pending,Used,True,Requested
3128,22170,44346,7561,2388,467,2026-04-01,25,Replacement,Changed Mind,Mobile App,Pickup Scheduled,Not Applicable,0.0,144.44,Scheduled,2026-04-03,Pending,Damaged,True,Processing
3129,22172,44350,8032,1402,279,2026-03-18,12,Refund,Late Delivery,Mobile App,Pickup Scheduled,Pending,1892.24,157.54,Scheduled,2026-03-19,Pending,Damaged,False,Not Applicable
3130,22186,44387,2450,1129,226,2026-03-28,24,Refund,Quality Issue,Mobile App,Rejected,Not Applicable,0.0,153.02,Failed,,Pending,Damaged,False,Not Applicable
3131,22189,44394,3648,2146,421,2026-03-28,25,Refund,Product Not As Expected,Mobile App,Completed,Completed,5085.56,64.87,Completed,2026-03-30,Passed,Unused,False,Not Applicable
3132,22198,44410,5878,85,16,2026-04-03,28,Refund,Wrong Product,Mobile App,Completed,Pending,131048.88,118.18,Completed,2026-04-04,Passed,Damaged,False,Not Applicable
3133,22199,44412,6142,1339,266,2026-03-26,17,Refund,Product Not As Expected,Mobile App,Requested,Pending,33567.4,157.04,Scheduled,2026-03-28,Pending,Used,False,Not Applicable
3134,22204,44423,7829,1803,352,2026-03-28,19,Replacement,Wrong Product,Mobile App,Pickup Scheduled,Not Applicable,0.0,82.15,Scheduled,2026-03-31,Pending,Damaged,True,Processing
3135,22205,44425,8183,2352,461,2026-03-30,18,Refund,Damaged Product,Mobile App,Completed,Processing,112876.44,66.53,Completed,2026-04-01,Failed,Damaged,False,Not Applicable
3136,22213,44438,214,2435,476,2026-04-07,28,Refund,Product Not As Expected,Website,Approved,Pending,31138.26,167.01,Scheduled,2026-04-08,Pending,Unused,False,Not Applicable
3137,22214,44439,824,55,11,2026-03-18,7,Refund,Late Delivery,Website,Pickup Scheduled,Processing,985.3,48.66,Scheduled,2026-03-20,Pending,Damaged,False,Not Applicable
3138,22214,44440,824,2338,458,2026-03-20,9,Refund,Wrong Product,Website,Picked Up,Processing,73813.95,179.15,Scheduled,2026-03-22,Pending,Opened,False,Not Applicable
3139,22217,44445,1304,193,39,2026-03-25,20,Refund,Changed Mind,Mobile App,Approved,Processing,2575.36,99.42,Scheduled,2026-03-26,Pending,Used,False,Not Applicable
3140,22222,44453,3170,598,120,2026-03-21,14,Replacement,Product Not As Expected,Mobile App,Requested,Not Applicable,0.0,132.52,Pending,,Pending,Opened,True,Processing
3141,22226,44463,3464,1482,293,2026-04-01,20,Refund,Damaged Product,Website,Completed,Completed,11710.44,52.75,Completed,2026-04-04,Passed,Damaged,False,Not Applicable
3142,22235,44484,8133,519,106,2026-03-07,2,Refund,Missing Parts,Website,Pickup Scheduled,Processing,45541.07,90.11,Completed,2026-03-09,Passed,Opened,False,Not Applicable
3143,22236,44488,8148,1649,325,2026-03-29,23,Replacement,Quality Issue,Mobile App,Picked Up,Not Applicable,0.0,127.22,Scheduled,2026-04-01,Pending,Unused,True,Completed
3144,22239,44494,8472,1585,313,2026-04-04,30,Refund,Product Not As Expected,Website,Completed,Completed,2495.88,127.9,Completed,2026-04-05,Passed,Used,False,Not Applicable
3145,22241,44501,9070,1755,343,2026-04-06,24,Refund,Damaged Product,Website,Picked Up,Processing,433.33,58.04,Completed,2026-04-07,Pending,Opened,False,Not Applicable
3146,22252,44524,2093,643,130,2026-04-02,24,Replacement,Wrong Product,Mobile App,Completed,Not Applicable,0.0,139.02,Completed,2026-04-03,Failed,Damaged,True,Completed
3147,22272,44559,9632,1029,206,2026-04-01,23,Refund,Wrong Product,Mobile App,Pickup Scheduled,Pending,1152.53,73.06,Completed,2026-04-03,Pending,Used,False,Not Applicable
3148,22279,44568,3199,356,70,2026-04-05,29,Refund,Late Delivery,Website,Pickup Scheduled,Processing,34350.82,120.83,Completed,2026-04-06,Passed,Opened,False,Not Applicable
3149,22297,44601,9420,180,36,2026-03-15,2,Refund,Late Delivery,Website,Completed,Completed,3136.03,59.07,Completed,2026-03-18,Passed,Damaged,False,Not Applicable
3150,22307,44622,2027,1415,282,2026-03-15,5,Refund,Quality Issue,Mobile App,Picked Up,Pending,1509.58,150.71,Scheduled,2026-03-16,Pending,Used,False,Not Applicable
3151,22312,44634,3992,2548,500,2026-03-18,8,Refund,Product Not As Expected,Mobile App,Completed,Pending,887.64,132.95,Completed,2026-03-20,Passed,Opened,False,Not Applicable
3152,22318,44647,5230,898,180,2026-04-15,29,Replacement,Wrong Product,Website,Approved,Not Applicable,0.0,33.17,Scheduled,2026-04-17,Pending,Used,True,Requested
3153,22320,44651,5375,1444,287,2026-04-08,24,Refund,Damaged Product,Website,Pickup Scheduled,Pending,115415.05,148.57,Scheduled,2026-04-09,Pending,Unused,False,Not Applicable
3154,22322,44657,7305,475,97,2026-04-13,26,Refund,Late Delivery,Website,Picked Up,Processing,22902.49,125.97,Scheduled,2026-04-15,Pending,Damaged,False,Not Applicable
3155,22322,44658,7305,1471,291,2026-04-15,28,Exchange,Quality Issue,Website,Approved,Not Applicable,0.0,152.1,Pending,,Pending,Unused,True,Cancelled
3156,22325,44663,8156,1496,295,2026-04-06,22,Refund,Late Delivery,Mobile App,Picked Up,Pending,19152.94,91.32,Scheduled,2026-04-09,Pending,Opened,False,Not Applicable
3157,22325,44664,8156,1746,342,2026-03-25,10,Replacement,Changed Mind,Customer Support,Picked Up,Not Applicable,0.0,139.1,Scheduled,2026-03-27,Pending,Damaged,True,Requested
3158,22333,44684,1641,1985,386,2026-03-29,14,Exchange,Quality Issue,Mobile App,Completed,Not Applicable,0.0,62.27,Completed,2026-03-30,Passed,Damaged,True,Requested
3159,22334,44685,1664,262,53,2026-03-20,9,Refund,Quality Issue,Website,Picked Up,Processing,1878.93,137.06,Scheduled,2026-03-21,Pending,Used,False,Not Applicable
3160,22345,44705,6208,1370,272,2026-03-20,5,Refund,Damaged Product,Website,Completed,Completed,1350.5,38.92,Completed,2026-03-22,Passed,Damaged,False,Not Applicable
3161,22345,44707,6208,1747,342,2026-04-12,28,Replacement,Product Not As Expected,Customer Support,Approved,Not Applicable,0.0,37.53,Pending,,Pending,Unused,True,Processing
3162,22348,44711,8123,1434,285,2026-03-18,7,Replacement,Wrong Product,Mobile App,Rejected,Not Applicable,0.0,60.99,Failed,,Pending,Opened,True,Requested
3163,22353,44722,9586,1599,317,2026-04-05,18,Refund,Changed Mind,Mobile App,Approved,Processing,1945.19,85.81,Pending,,Pending,Opened,False,Not Applicable
3164,22355,44726,9835,420,85,2026-03-19,2,Replacement,Product Not As Expected,Website,Completed,Not Applicable,0.0,126.43,Completed,2026-03-22,Passed,Damaged,True,Completed
3165,22369,44751,3787,228,46,2026-03-29,11,Refund,Product Not As Expected,Mobile App,Picked Up,Processing,15503.56,75.11,Scheduled,2026-04-01,Pending,Opened,False,Not Applicable
3166,22371,44756,4630,345,68,2026-04-17,28,Replacement,Product Not As Expected,Website,Completed,Not Applicable,0.0,92.33,Completed,2026-04-18,Passed,Unused,True,Requested
3167,22373,44759,5136,1994,388,2026-03-26,7,Refund,Changed Mind,Mobile App,Pickup Scheduled,Processing,1483.76,59.31,Scheduled,2026-03-27,Pending,Damaged,False,Not Applicable
3168,22379,44769,8746,877,176,2026-03-28,14,Exchange,Late Delivery,Customer Support,Pickup Scheduled,Not Applicable,0.0,123.41,Scheduled,2026-03-30,Pending,Used,True,Processing
3169,22384,44779,961,1831,357,2026-04-09,24,Refund,Damaged Product,Mobile App,Approved,Pending,749.97,149.71,Scheduled,2026-04-12,Pending,Opened,False,Not Applicable
3170,22385,44780,1602,249,51,2026-03-16,4,Refund,Damaged Product,Mobile App,Approved,Pending,84279.91,50.06,Pending,,Pending,Used,False,Not Applicable
3171,22389,44790,2512,2282,448,2026-04-03,17,Refund,Late Delivery,Mobile App,Pickup Scheduled,Processing,6298.72,119.6,Scheduled,2026-04-06,Pending,Used,False,Not Applicable
3172,22397,44805,4966,363,71,2026-03-28,15,Refund,Product Not As Expected,Mobile App,Requested,Processing,30436.19,105.42,Pending,,Pending,Opened,False,Not Applicable
3173,22416,44842,9030,1876,365,2026-04-03,17,Replacement,Wrong Product,Website,Requested,Not Applicable,0.0,134.65,Pending,,Pending,Damaged,True,Cancelled
3174,22444,44895,6959,1047,210,2026-04-05,15,Refund,Quality Issue,Website,Completed,Completed,2609.96,69.7,Completed,2026-04-06,Passed,Unused,False,Not Applicable
3175,22449,44904,9568,731,147,2026-04-11,24,Refund,Quality Issue,Mobile App,Pickup Scheduled,Pending,4701.87,116.25,Scheduled,2026-04-14,Pending,Opened,False,Not Applicable
3176,22457,44919,2304,2472,485,2026-04-04,12,Refund,Product Not As Expected,Website,Approved,Pending,4926.3,53.42,Pending,,Pending,Opened,False,Not Applicable
3177,22469,44944,4873,2098,413,2026-03-27,10,Exchange,Changed Mind,Website,Requested,Not Applicable,0.0,76.28,Pending,,Pending,Used,True,Completed
3178,22484,44970,9188,1819,355,2026-04-17,23,Exchange,Product Not As Expected,Website,Completed,Not Applicable,0.0,128.63,Completed,2026-04-18,Passed,Used,True,Processing
3179,22484,44971,9188,2064,406,2026-04-15,21,Refund,Size/Fit Issue,Mobile App,Completed,Pending,2087.28,171.84,Completed,2026-04-18,Pending,Unused,False,Not Applicable
3180,22493,44984,5105,976,195,2026-03-24,5,Refund,Product Not As Expected,Mobile App,Completed,Pending,1056.96,145.2,Completed,2026-03-25,Passed,Damaged,False,Not Applicable
3181,22495,44986,5261,590,119,2026-03-26,3,Refund,Wrong Product,Mobile App,Approved,Processing,5781.84,154.59,Pending,,Pending,Unused,False,Not Applicable
3182,22499,44994,5604,1453,288,2026-04-06,13,Refund,Changed Mind,Mobile App,Completed,Completed,2067.64,152.94,Completed,2026-04-09,Failed,Damaged,False,Not Applicable
3183,22504,45005,6100,863,172,2026-04-04,9,Replacement,Product Not As Expected,Mobile App,Completed,Not Applicable,0.0,77.43,Completed,2026-04-06,Passed,Damaged,True,Completed
3184,22517,45030,468,862,172,2026-04-02,13,Refund,Wrong Product,Mobile App,Pickup Scheduled,Processing,750.98,127.91,Completed,2026-04-03,Pending,Used,False,Not Applicable
3185,22523,45044,3155,2018,393,2026-03-20,1,Refund,Damaged Product,Mobile App,Pickup Scheduled,Processing,141613.68,47.61,Scheduled,2026-03-22,Pending,Damaged,False,Not Applicable
3186,22524,45046,3416,814,164,2026-04-01,9,Refund,Product Not As Expected,Website,Picked Up,Processing,4162.74,82.04,Scheduled,2026-04-03,Pending,Unused,False,Not Applicable
3187,22526,45050,4512,1981,385,2026-04-12,24,Refund,Quality Issue,Mobile App,Approved,Pending,58069.38,176.49,Pending,,Pending,Opened,False,Not Applicable
3188,22526,45051,4512,2491,489,2026-03-23,4,Refund,Late Delivery,Website,Completed,Completed,38623.65,122.04,Completed,2026-03-26,Passed,Opened,False,Not Applicable
3189,22537,45074,303,1835,358,2026-04-21,24,Exchange,Wrong Product,Mobile App,Picked Up,Not Applicable,0.0,149.12,Completed,2026-04-23,Pending,Damaged,True,Requested
3190,22554,45103,6685,2014,392,2026-04-14,24,Replacement,Changed Mind,Customer Support,Completed,Not Applicable,0.0,106.67,Completed,2026-04-16,Passed,Damaged,True,Processing
3191,22556,45108,7073,632,127,2026-03-24,1,Exchange,Product Not As Expected,Mobile App,Completed,Not Applicable,0.0,109.16,Completed,2026-03-26,Failed,Damaged,True,Requested
3192,22564,45127,9280,2541,499,2026-04-02,3,Refund,Late Delivery,Mobile App,Picked Up,Processing,3104.61,50.04,Completed,2026-04-05,Passed,Used,False,Not Applicable
3193,22576,45151,5305,1188,237,2026-04-25,26,Refund,Damaged Product,Mobile App,Approved,Pending,4273.8,64.1,Pending,,Pending,Damaged,False,Not Applicable
3194,22582,45168,8511,2148,422,2026-04-06,10,Replacement,Late Delivery,Mobile App,Approved,Not Applicable,0.0,48.64,Pending,,Pending,Damaged,True,Cancelled
3195,22586,45179,9910,2181,427,2026-03-31,8,Refund,Wrong Product,Mobile App,Approved,Processing,177.45,38.91,Scheduled,2026-04-03,Pending,Used,False,Not Applicable
3196,22599,45202,5521,447,92,2026-03-30,5,Refund,Late Delivery,Mobile App,Requested,Processing,1655.74,40.33,Scheduled,2026-04-01,Pending,Opened,False,Not Applicable
3197,22608,45224,8220,1123,225,2026-04-16,15,Refund,Product Not As Expected,Website,Pickup Scheduled,Processing,11561.73,39.73,Completed,2026-04-17,Failed,Damaged,False,Not Applicable
3198,22635,45265,7180,459,94,2026-04-21,21,Replacement,Product Not As Expected,Website,Approved,Not Applicable,0.0,112.16,Pending,,Pending,Unused,True,Cancelled
3199,22642,45278,9526,1025,206,2026-04-08,8,Refund,Quality Issue,Customer Support,Completed,Completed,2442.26,46.86,Completed,2026-04-11,Failed,Damaged,False,Not Applicable
3200,22642,45280,9526,2112,415,2026-04-06,6,Refund,Changed Mind,Website,Requested,Pending,14832.32,143.69,Scheduled,2026-04-09,Pending,Used,False,Not Applicable
3201,22649,45287,733,784,158,2026-03-30,1,Replacement,Quality Issue,Mobile App,Approved,Not Applicable,0.0,47.54,Pending,,Pending,Used,True,Requested
3202,22653,45297,2410,1108,222,2026-04-30,26,Exchange,Missing Parts,Mobile App,Requested,Not Applicable,0.0,114.81,Scheduled,2026-05-02,Pending,Opened,True,Processing
3203,22665,45314,6619,429,87,2026-04-12,15,Replacement,Damaged Product,Mobile App,Pickup Scheduled,Not Applicable,0.0,81.61,Scheduled,2026-04-15,Pending,Opened,True,Processing
3204,22675,45336,851,15,4,2026-04-16,15,Refund,Product Not As Expected,Website,Completed,Completed,12689.39,113.82,Completed,2026-04-19,Passed,Unused,False,Not Applicable
3205,22694,45373,6271,1363,271,2026-04-17,17,Refund,Wrong Product,Website,Completed,Processing,2602.86,141.65,Completed,2026-04-19,Passed,Opened,False,Not Applicable
3206,22696,45377,7058,6,2,2026-04-13,9,Refund,Quality Issue,Website,Pickup Scheduled,Pending,273533.85,170.57,Scheduled,2026-04-14,Pending,Unused,False,Not Applicable
3207,22697,45379,7332,161,32,2026-04-12,9,Replacement,Wrong Product,Mobile App,Completed,Not Applicable,0.0,47.31,Completed,2026-04-15,Passed,Damaged,True,Processing
3208,22699,45383,8450,565,114,2026-04-07,8,Replacement,Wrong Product,Mobile App,Picked Up,Not Applicable,0.0,30.01,Scheduled,2026-04-08,Pending,Unused,True,Processing
3209,22701,45387,8756,1415,282,2026-04-12,11,Replacement,Changed Mind,Website,Requested,Not Applicable,0.0,153.27,Scheduled,2026-04-15,Pending,Unused,True,Completed
3210,22701,45388,8756,1660,327,2026-04-21,20,Refund,Wrong Product,Mobile App,Picked Up,Pending,58566.21,67.9,Scheduled,2026-04-24,Pending,Opened,False,Not Applicable
3211,22701,45389,8756,1959,382,2026-04-09,8,Replacement,Wrong Product,Mobile App,Completed,Not Applicable,0.0,61.17,Completed,2026-04-10,Passed,Opened,True,Processing
3212,22718,45421,5722,353,70,2026-05-02,29,Replacement,Quality Issue,Website,Completed,Not Applicable,0.0,165.31,Completed,2026-05-05,Passed,Damaged,True,Completed
3213,22722,45428,6506,1587,313,2026-04-08,5,Refund,Product Not As Expected,Mobile App,Picked Up,Pending,2889.5,177.94,Scheduled,2026-04-11,Pending,Unused,False,Not Applicable
3214,22727,45436,8082,1523,301,2026-04-30,24,Replacement,Damaged Product,Customer Support,Completed,Not Applicable,0.0,37.08,Completed,2026-05-01,Passed,Unused,True,Processing
3215,22737,45456,2389,1119,224,2026-04-14,13,Exchange,Quality Issue,Mobile App,Completed,Not Applicable,0.0,102.81,Completed,2026-04-16,Pending,Damaged,True,Requested
3216,22738,45460,2742,1514,299,2026-04-09,5,Refund,Quality Issue,Website,Approved,Pending,49816.67,79.19,Scheduled,2026-04-11,Pending,Used,False,Not Applicable
3217,22739,45462,2828,2007,391,2026-04-12,10,Replacement,Late Delivery,Website,Completed,Not Applicable,0.0,136.78,Completed,2026-04-13,Passed,Unused,True,Processing
3218,22741,45467,3959,733,147,2026-04-01,1,Replacement,Late Delivery,Customer Support,Pickup Scheduled,Not Applicable,0.0,154.65,Completed,2026-04-03,Passed,Opened,True,Cancelled
3219,22760,45507,8715,1738,340,2026-04-11,3,Replacement,Product Not As Expected,Mobile App,Pickup Scheduled,Not Applicable,0.0,65.26,Scheduled,2026-04-13,Pending,Used,True,Cancelled
3220,22764,45514,9816,555,112,2026-04-25,22,Refund,Product Not As Expected,Website,Completed,Completed,37127.11,146.15,Completed,2026-04-27,Failed,Damaged,False,Not Applicable
3221,22769,45524,3247,394,79,2026-05-02,23,Refund,Quality Issue,Mobile App,Pickup Scheduled,Pending,253582.94,66.37,Scheduled,2026-05-03,Pending,Opened,False,Not Applicable
3222,22784,45552,6784,1707,335,2026-04-19,17,Refund,Product Not As Expected,Website,Pickup Scheduled,Pending,38429.07,33.47,Completed,2026-04-22,Passed,Opened,False,Not Applicable
3223,22788,45562,8222,1855,362,2026-04-19,13,Refund,Late Delivery,Website,Approved,Pending,10425.24,66.42,Pending,,Pending,Unused,False,Not Applicable
3224,22814,45614,3790,233,47,2026-04-22,12,Refund,Damaged Product,Website,Requested,Pending,708.53,63.29,Pending,,Pending,Used,False,Not Applicable
3225,22816,45620,4158,895,179,2026-05-07,29,Exchange,Quality Issue,Website,Completed,Not Applicable,0.0,157.48,Completed,2026-05-08,Pending,Damaged,True,Completed
3226,22817,45621,4251,1686,332,2026-04-11,6,Replacement,Late Delivery,Mobile App,Completed,Not Applicable,0.0,150.34,Completed,2026-04-12,Passed,Damaged,True,Cancelled
3227,22818,45625,4506,2502,491,2026-05-02,23,Replacement,Product Not As Expected,Website,Completed,Not Applicable,0.0,50.36,Completed,2026-05-05,Passed,Unused,True,Processing
3228,22835,45661,135,1810,353,2026-05-10,29,Refund,Changed Mind,Website,Completed,Completed,8065.66,82.98,Completed,2026-05-11,Pending,Unused,False,Not Applicable
3229,22836,45662,871,462,94,2026-04-22,15,Refund,Late Delivery,Website,Completed,Completed,5900.31,116.25,Completed,2026-04-24,Passed,Used,False,Not Applicable
3230,22839,45670,1535,1567,309,2026-05-02,20,Refund,Quality Issue,Mobile App,Approved,Pending,7957.24,31.35,Scheduled,2026-05-05,Pending,Used,False,Not Applicable
3231,22843,45676,3537,1045,209,2026-05-04,24,Replacement,Product Not As Expected,Mobile App,Approved,Not Applicable,0.0,165.76,Scheduled,2026-05-06,Pending,Damaged,True,Processing
3232,22854,45698,7930,1882,366,2026-04-19,11,Refund,Damaged Product,Website,Pickup Scheduled,Processing,25838.26,156.05,Completed,2026-04-20,Passed,Opened,False,Not Applicable
3233,22860,45712,283,1533,303,2026-04-29,21,Refund,Damaged Product,Website,Completed,Completed,12444.1,113.53,Completed,2026-04-30,Passed,Unused,False,Not Applicable
3234,22862,45717,1057,466,95,2026-04-20,12,Replacement,Damaged Product,Mobile App,Approved,Not Applicable,0.0,142.43,Pending,,Pending,Used,True,Requested
3235,22865,45722,1976,2014,392,2026-05-06,22,Replacement,Changed Mind,Mobile App,Approved,Not Applicable,0.0,33.31,Pending,,Pending,Damaged,True,Completed
3236,22867,45724,2942,137,26,2026-05-11,27,Exchange,Late Delivery,Customer Support,Requested,Not Applicable,0.0,141.46,Scheduled,2026-05-13,Pending,Used,True,Cancelled
3237,22870,45729,3930,2268,445,2026-04-30,23,Refund,Changed Mind,Website,Approved,Pending,1702.95,67.71,Scheduled,2026-05-01,Pending,Used,False,Not Applicable
3238,22874,45733,4875,1005,200,2026-04-28,21,Refund,Late Delivery,Website,Requested,Pending,5586.78,159.72,Pending,,Pending,Damaged,False,Not Applicable
3239,22876,45739,5483,1228,244,2026-05-04,25,Replacement,Quality Issue,Website,Completed,Not Applicable,0.0,69.75,Completed,2026-05-07,Passed,Opened,True,Processing
3240,22876,45740,5483,2478,486,2026-04-14,5,Replacement,Damaged Product,Mobile App,Completed,Not Applicable,0.0,170.81,Completed,2026-04-15,Passed,Used,True,Completed
3241,22877,45741,7549,1680,331,2026-04-25,19,Refund,Damaged Product,Mobile App,Approved,Processing,18758.86,117.94,Pending,,Pending,Opened,False,Not Applicable
3242,22888,45766,9419,2308,452,2026-04-29,17,Exchange,Wrong Product,Website,Completed,Not Applicable,0.0,60.02,Completed,2026-05-01,Passed,Used,True,Cancelled
3243,22907,45797,5246,160,32,2026-05-01,19,Replacement,Quality Issue,Mobile App,Completed,Not Applicable,0.0,78.59,Completed,2026-05-04,Passed,Unused,True,Processing
3244,22909,45803,5398,1151,230,2026-05-10,26,Refund,Quality Issue,Website,Approved,Processing,4173.58,107.28,Scheduled,2026-05-13,Pending,Damaged,False,Not Applicable
3245,22925,45835,260,1371,272,2026-04-21,10,Refund,Wrong Product,Mobile App,Completed,Completed,23710.93,145.82,Completed,2026-04-22,Passed,Used,False,Not Applicable
3246,22925,45836,260,2153,423,2026-05-04,23,Refund,Damaged Product,Website,Completed,Completed,15998.02,139.08,Completed,2026-05-06,Pending,Used,False,Not Applicable
3247,22931,45849,1023,628,126,2026-05-07,24,Refund,Quality Issue,Mobile App,Approved,Processing,5344.13,58.56,Pending,,Pending,Damaged,False,Not Applicable
3248,22944,45874,6139,390,78,2026-04-14,5,Refund,Late Delivery,Mobile App,Pickup Scheduled,Processing,7412.3,37.15,Completed,2026-04-16,Passed,Opened,False,Not Applicable
3249,22965,45920,4777,265,54,2026-05-15,28,Replacement,Changed Mind,Mobile App,Picked Up,Not Applicable,0.0,158.08,Scheduled,2026-05-17,Pending,Unused,True,Processing
3250,22988,45957,4731,359,71,2026-05-14,25,Replacement,Size/Fit Issue,Website,Picked Up,Not Applicable,0.0,31.86,Completed,2026-05-17,Pending,Damaged,True,Completed
3251,22989,45960,4757,2547,499,2026-04-30,12,Refund,Changed Mind,Website,Requested,Processing,3832.42,64.83,Pending,,Pending,Opened,False,Not Applicable
3252,23000,45978,8571,2064,406,2026-04-26,11,Refund,Product Not As Expected,Website,Requested,Pending,1982.92,103.2,Scheduled,2026-04-29,Pending,Damaged,False,Not Applicable
3253,23004,45987,2572,741,149,2026-05-07,18,Refund,Changed Mind,Mobile App,Approved,Pending,29599.64,30.28,Scheduled,2026-05-10,Pending,Unused,False,Not Applicable
3254,23006,45990,4316,539,109,2026-05-17,30,Replacement,Size/Fit Issue,Mobile App,Completed,Not Applicable,0.0,32.92,Completed,2026-05-20,Passed,Used,True,Processing
3255,23017,46008,6128,732,147,2026-04-26,10,Refund,Wrong Product,Mobile App,Completed,Completed,3870.12,161.15,Completed,2026-04-27,Passed,Damaged,False,Not Applicable
3256,23021,46015,7331,1769,346,2026-05-18,30,Refund,Product Not As Expected,Mobile App,Completed,Completed,13228.12,49.61,Completed,2026-05-21,Passed,Used,False,Not Applicable
3257,23023,46018,8009,2204,431,2026-04-25,5,Replacement,Late Delivery,Mobile App,Approved,Not Applicable,0.0,142.57,Pending,,Pending,Unused,True,Processing
3258,23027,46025,8873,2210,433,2026-04-22,7,Replacement,Late Delivery,Mobile App,Approved,Not Applicable,0.0,45.36,Pending,,Pending,Opened,True,Completed
3259,23034,46040,2612,2049,402,2026-04-24,3,Replacement,Changed Mind,Website,Requested,Not Applicable,0.0,67.02,Scheduled,2026-04-25,Pending,Used,True,Cancelled
3260,23059,46091,9200,861,171,2026-05-09,18,Refund,Size/Fit Issue,Website,Picked Up,Pending,20794.4,86.77,Scheduled,2026-05-10,Pending,Opened,False,Not Applicable
3261,23061,46094,9475,1837,358,2026-05-12,22,Exchange,Late Delivery,Mobile App,Approved,Not Applicable,0.0,75.79,Pending,,Pending,Used,True,Processing
3262,23062,46098,9625,2446,479,2026-05-10,22,Refund,Damaged Product,Customer Support,Completed,Completed,15370.25,37.15,Completed,2026-05-12,Passed,Damaged,False,Not Applicable
3263,23063,46100,9666,389,77,2026-05-03,12,Refund,Product Not As Expected,Website,Completed,Processing,46382.82,166.02,Completed,2026-05-04,Passed,Used,False,Not Applicable
3264,23075,46124,4496,704,142,2026-05-06,19,Refund,Product Not As Expected,Website,Completed,Processing,7251.11,67.04,Completed,2026-05-08,Passed,Opened,False,Not Applicable
3265,23076,46126,4853,442,91,2026-05-17,28,Refund,Quality Issue,Mobile App,Pickup Scheduled,Processing,15349.15,67.08,Completed,2026-05-18,Passed,Opened,False,Not Applicable
3266,23091,46151,2945,2539,498,2026-05-11,18,Replacement,Changed Mind,Mobile App,Rejected,Not Applicable,0.0,84.33,Failed,,Pending,Unused,True,Cancelled
3267,23092,46152,3562,1065,213,2026-04-28,5,Refund,Quality Issue,Website,Pickup Scheduled,Processing,3211.92,46.5,Scheduled,2026-04-30,Pending,Damaged,False,Not Applicable
3268,23095,46156,6284,828,166,2026-05-01,10,Refund,Size/Fit Issue,Mobile App,Completed,Processing,788.07,135.03,Completed,2026-05-02,Passed,Damaged,False,Not Applicable
3269,23100,46165,8202,114,21,2026-05-20,29,Refund,Product Not As Expected,Website,Requested,Processing,102182.15,131.77,Scheduled,2026-05-23,Pending,Unused,False,Not Applicable
3270,23106,46175,9886,409,83,2026-05-01,8,Exchange,Quality Issue,Mobile App,Completed,Not Applicable,0.0,93.3,Completed,2026-05-04,Passed,Damaged,True,Completed
3271,23107,46180,9920,1981,385,2026-05-01,14,Refund,Quality Issue,Customer Support,Requested,Pending,38712.92,40.27,Scheduled,2026-05-04,Pending,Damaged,False,Not Applicable
3272,23109,46184,555,785,158,2026-05-08,15,Refund,Quality Issue,Customer Support,Requested,Processing,14380.76,105.89,Pending,,Pending,Unused,False,Not Applicable
3273,23114,46193,1778,1310,261,2026-05-06,15,Refund,Wrong Product,Website,Pickup Scheduled,Pending,699.73,115.57,Scheduled,2026-05-09,Pending,Used,False,Not Applicable
3274,23114,46194,1778,2025,395,2026-05-04,13,Refund,Changed Mind,Mobile App,Approved,Pending,4713.45,102.51,Pending,,Pending,Used,False,Not Applicable
3275,23120,46202,3005,635,128,2026-05-01,7,Refund,Changed Mind,Mobile App,Picked Up,Processing,1256.2,46.99,Completed,2026-05-02,Failed,Damaged,False,Not Applicable
3276,23122,46204,4099,1399,278,2026-05-08,15,Refund,Damaged Product,Mobile App,Requested,Pending,5170.46,41.35,Pending,,Pending,Damaged,False,Not Applicable
3277,23129,46219,6100,693,139,2026-04-28,7,Refund,Late Delivery,Mobile App,Pickup Scheduled,Processing,12415.41,95.01,Completed,2026-05-01,Pending,Unused,False,Not Applicable
3278,23147,46255,1382,2363,463,2026-05-06,10,Replacement,Damaged Product,Mobile App,Approved,Not Applicable,0.0,133.87,Pending,,Pending,Opened,True,Requested
3279,23160,46283,5009,203,41,2026-05-09,15,Refund,Wrong Product,Website,Completed,Completed,4671.31,139.65,Completed,2026-05-10,Passed,Used,False,Not Applicable
3280,23160,46284,5009,2034,398,2026-05-12,18,Replacement,Product Not As Expected,Customer Support,Requested,Not Applicable,0.0,90.28,Pending,,Pending,Opened,True,Processing
3281,23163,46290,7213,724,146,2026-05-20,26,Exchange,Changed Mind,Mobile App,Approved,Not Applicable,0.0,81.73,Scheduled,2026-05-23,Pending,Used,True,Requested
3282,23165,46292,7416,250,51,2026-05-15,20,Refund,Quality Issue,Mobile App,Requested,Processing,14442.54,113.34,Pending,,Pending,Damaged,False,Not Applicable
3283,23165,46293,7416,518,105,2026-05-12,17,Refund,Quality Issue,Mobile App,Requested,Pending,87014.75,58.35,Pending,,Pending,Damaged,False,Not Applicable
3284,23165,46294,7416,2527,496,2026-05-09,14,Replacement,Changed Mind,Mobile App,Requested,Not Applicable,0.0,46.52,Pending,,Pending,Opened,True,Cancelled
3285,23170,46304,8667,208,41,2026-05-23,30,Refund,Product Not As Expected,Customer Support,Requested,Processing,3324.71,59.56,Scheduled,2026-05-25,Pending,Opened,False,Not Applicable
3286,23183,46330,3812,212,42,2026-04-25,2,Refund,Wrong Product,Website,Completed,Completed,8476.41,88.18,Completed,2026-04-27,Failed,Damaged,False,Not Applicable
3287,23189,46342,7136,1211,241,2026-05-16,18,Replacement,Quality Issue,Mobile App,Pickup Scheduled,Not Applicable,0.0,102.53,Completed,2026-05-17,Passed,Opened,True,Requested
3288,23192,46345,8057,952,190,2026-05-13,16,Refund,Quality Issue,Mobile App,Completed,Processing,11851.81,89.85,Completed,2026-05-16,Passed,Damaged,False,Not Applicable
3289,23193,46348,8321,2219,434,2026-05-10,15,Refund,Product Not As Expected,Mobile App,Approved,Processing,1053.77,82.24,Pending,,Pending,Unused,False,Not Applicable
3290,23205,46372,4820,292,58,2026-05-14,21,Replacement,Damaged Product,Website,Approved,Not Applicable,0.0,31.31,Pending,,Pending,Opened,True,Completed
3291,23214,46391,7696,951,190,2026-05-22,23,Refund,Missing Parts,Mobile App,Picked Up,Pending,6768.29,60.99,Completed,2026-05-24,Passed,Damaged,False,Not Applicable
3292,23217,46395,8529,758,153,2026-05-19,25,Refund,Damaged Product,Website,Completed,Completed,254495.71,63.19,Completed,2026-05-22,Passed,Unused,False,Not Applicable
3293,23218,46399,8588,2398,469,2026-05-19,21,Refund,Quality Issue,Mobile App,Picked Up,Pending,17540.34,36.34,Completed,2026-05-21,Passed,Unused,False,Not Applicable
3294,23226,46411,3286,2349,461,2026-05-30,30,Replacement,Damaged Product,Mobile App,Pickup Scheduled,Not Applicable,0.0,56.96,Completed,2026-06-02,Failed,Damaged,True,Requested
3295,23237,46434,7532,829,166,2026-05-11,12,Refund,Product Not As Expected,Mobile App,Completed,Completed,1969.17,147.26,Completed,2026-05-12,Passed,Damaged,False,Not Applicable
3296,23254,46466,1172,974,195,2026-05-09,6,Refund,Product Not As Expected,Website,Picked Up,Processing,3244.35,48.26,Completed,2026-05-11,Passed,Used,False,Not Applicable
3297,23258,46473,2936,210,42,2026-05-11,14,Refund,Changed Mind,Website,Picked Up,Pending,628.1,79.84,Completed,2026-05-13,Passed,Used,False,Not Applicable
3298,23260,46475,3508,730,147,2026-05-17,14,Exchange,Late Delivery,Mobile App,Completed,Not Applicable,0.0,64.32,Completed,2026-05-19,Passed,Unused,True,Completed
3299,23263,46483,3664,1495,295,2026-05-24,22,Refund,Quality Issue,Mobile App,Completed,Processing,19792.73,93.78,Completed,2026-05-25,Passed,Unused,False,Not Applicable
3300,23271,46503,5647,2550,500,2026-05-16,15,Replacement,Wrong Product,Customer Support,Picked Up,Not Applicable,0.0,168.99,Scheduled,2026-05-19,Pending,Opened,True,Completed
3301,23276,46514,6724,1737,340,2026-05-25,24,Replacement,Damaged Product,Customer Support,Requested,Not Applicable,0.0,155.99,Scheduled,2026-05-26,Pending,Damaged,True,Processing
3302,23286,46530,9612,631,127,2026-05-20,16,Refund,Wrong Product,Mobile App,Picked Up,Pending,33547.36,39.93,Scheduled,2026-05-21,Pending,Used,False,Not Applicable
3303,23288,46535,256,2231,437,2026-05-13,13,Refund,Damaged Product,Mobile App,Completed,Completed,155807.22,104.97,Completed,2026-05-15,Passed,Damaged,False,Not Applicable
3304,23295,46549,2775,1901,370,2026-05-19,21,Refund,Product Not As Expected,Mobile App,Completed,Pending,18985.62,148.7,Completed,2026-05-20,Pending,Unused,False,Not Applicable
3305,23304,46565,4138,2218,434,2026-05-21,21,Refund,Product Not As Expected,Website,Requested,Processing,1087.71,157.11,Pending,,Pending,Used,False,Not Applicable
3306,23305,46567,4315,1622,321,2026-05-05,3,Exchange,Quality Issue,Website,Completed,Not Applicable,0.0,172.77,Completed,2026-05-06,Passed,Damaged,True,Completed
3307,23313,46579,6909,132,25,2026-05-29,26,Refund,Product Not As Expected,Mobile App,Completed,Pending,6802.1,93.56,Completed,2026-05-31,Failed,Damaged,False,Not Applicable
3308,23335,46618,3451,320,64,2026-05-30,22,Refund,Changed Mind,Website,Requested,Processing,9625.44,45.48,Scheduled,2026-06-02,Pending,Unused,False,Not Applicable
3309,23341,46631,5072,2529,497,2026-05-17,14,Refund,Product Not As Expected,Website,Completed,Completed,83030.88,82.13,Completed,2026-05-20,Passed,Opened,False,Not Applicable
3310,23346,46639,6941,1047,210,2026-05-16,10,Refund,Changed Mind,Mobile App,Completed,Completed,3523.45,127.71,Completed,2026-05-19,Failed,Damaged,False,Not Applicable
3311,23348,46643,7427,2185,428,2026-05-23,19,Refund,Damaged Product,Website,Picked Up,Pending,38984.76,149.57,Scheduled,2026-05-26,Pending,Used,False,Not Applicable
3312,23370,46686,5667,111,21,2026-05-17,11,Replacement,Missing Parts,Website,Approved,Not Applicable,0.0,127.11,Pending,,Pending,Opened,True,Processing
3313,23379,46709,638,102,20,2026-05-31,27,Refund,Wrong Product,Mobile App,Completed,Completed,141.6,60.5,Completed,2026-06-01,Passed,Opened,False,Not Applicable
3314,23398,46750,5377,1902,371,2026-05-09,2,Refund,Damaged Product,Mobile App,Approved,Pending,961.8,99.57,Scheduled,2026-05-11,Pending,Unused,False,Not Applicable
3315,23404,46763,6944,1945,379,2026-05-26,22,Refund,Late Delivery,Mobile App,Approved,Processing,219.69,150.92,Scheduled,2026-05-29,Pending,Opened,False,Not Applicable
3316,23406,46765,7743,854,170,2026-06-04,25,Refund,Product Not As Expected,Mobile App,Approved,Processing,8895.6,113.34,Pending,,Pending,Unused,False,Not Applicable
3317,23411,46774,9931,586,118,2026-05-24,20,Refund,Wrong Product,Website,Completed,Completed,935.91,43.05,Completed,2026-05-27,Passed,Opened,False,Not Applicable
3318,23425,46805,4520,2552,500,2026-06-06,26,Refund,Wrong Product,Website,Approved,Pending,647.61,136.62,Scheduled,2026-06-07,Pending,Opened,False,Not Applicable
3319,23427,46808,5498,741,149,2026-06-05,28,Replacement,Wrong Product,Mobile App,Completed,Not Applicable,0.0,81.45,Completed,2026-06-06,Passed,Damaged,True,Processing
3320,23436,46824,7253,1408,280,2026-05-14,3,Replacement,Product Not As Expected,Mobile App,Pickup Scheduled,Not Applicable,0.0,117.99,Scheduled,2026-05-15,Pending,Opened,True,Processing
3321,23446,46846,259,2042,400,2026-05-24,15,Exchange,Wrong Product,Website,Pickup Scheduled,Not Applicable,0.0,104.06,Scheduled,2026-05-25,Pending,Damaged,True,Requested
3322,23468,46887,7090,498,101,2026-05-16,9,Refund,Wrong Product,Website,Approved,Processing,19979.78,141.3,Pending,,Pending,Used,False,Not Applicable
3323,23468,46889,7090,2226,435,2026-05-17,10,Replacement,Product Not As Expected,Website,Completed,Not Applicable,0.0,93.46,Completed,2026-05-19,Passed,Unused,True,Completed
3324,23472,46898,7726,2426,474,2026-05-21,8,Replacement,Damaged Product,Website,Pickup Scheduled,Not Applicable,0.0,119.11,Completed,2026-05-24,Pending,Used,True,Cancelled
3325,23476,46907,9528,1369,272,2026-05-28,17,Refund,Wrong Product,Mobile App,Picked Up,Processing,34128.38,54.53,Completed,2026-05-29,Failed,Damaged,False,Not Applicable
3326,23482,46918,1210,2304,452,2026-06-08,27,Replacement,Quality Issue,Website,Completed,Not Applicable,0.0,53.74,Completed,2026-06-10,Passed,Unused,True,Cancelled
3327,23495,46937,4176,239,48,2026-06-03,18,Replacement,Changed Mind,Website,Picked Up,Not Applicable,0.0,32.11,Scheduled,2026-06-05,Pending,Used,True,Cancelled
3328,23501,46947,5308,2504,491,2026-06-09,30,Exchange,Quality Issue,Mobile App,Approved,Not Applicable,0.0,162.12,Pending,,Pending,Opened,True,Requested
3329,23507,46958,6816,1001,200,2026-05-26,10,Refund,Changed Mind,Website,Completed,Processing,1387.49,71.04,Completed,2026-05-29,Passed,Unused,False,Not Applicable
3330,23508,46962,6821,2295,450,2026-05-30,17,Replacement,Wrong Product,Customer Support,Completed,Not Applicable,0.0,137.18,Completed,2026-05-31,Pending,Unused,True,Cancelled
3331,23517,46980,8197,502,102,2026-05-25,13,Exchange,Quality Issue,Mobile App,Pickup Scheduled,Not Applicable,0.0,110.12,Completed,2026-05-27,Passed,Damaged,True,Processing
3332,23517,46982,8197,2327,456,2026-06-08,27,Refund,Product Not As Expected,Mobile App,Completed,Completed,3797.49,157.6,Completed,2026-06-10,Pending,Opened,False,Not Applicable
3333,23519,46984,9295,1159,232,2026-05-21,10,Refund,Size/Fit Issue,Customer Support,Approved,Pending,70699.83,89.57,Scheduled,2026-05-22,Pending,Opened,False,Not Applicable
3334,23524,46989,1110,1637,323,2026-06-01,21,Replacement,Damaged Product,Website,Pickup Scheduled,Not Applicable,0.0,76.58,Scheduled,2026-06-02,Pending,Damaged,True,Completed
3335,23531,47001,3593,835,167,2026-05-25,10,Refund,Late Delivery,Mobile App,Picked Up,Pending,3785.37,97.13,Completed,2026-05-28,Passed,Used,False,Not Applicable
3336,23557,47054,5041,164,33,2026-05-28,13,Refund,Late Delivery,Website,Picked Up,Processing,38152.92,106.25,Scheduled,2026-05-30,Pending,Unused,False,Not Applicable
3337,23559,47059,5909,2391,468,2026-06-04,22,Refund,Changed Mind,Website,Picked Up,Pending,35027.57,33.71,Scheduled,2026-06-06,Pending,Damaged,False,Not Applicable
3338,23562,47067,6028,2325,456,2026-05-22,12,Refund,Damaged Product,Customer Support,Approved,Processing,1167.77,64.03,Pending,,Pending,Damaged,False,Not Applicable
3339,23564,47071,6641,1854,361,2026-05-27,13,Refund,Wrong Product,Mobile App,Completed,Completed,4692.81,175.25,Completed,2026-05-30,Passed,Opened,False,Not Applicable
3340,23565,47073,6771,668,135,2026-05-29,11,Refund,Damaged Product,Mobile App,Picked Up,Pending,223.92,86.84,Scheduled,2026-06-01,Pending,Used,False,Not Applicable
3341,23574,47094,224,1143,228,2026-06-06,24,Refund,Quality Issue,Website,Completed,Processing,33050.37,171.07,Completed,2026-06-09,Failed,Damaged,False,Not Applicable
3342,23574,47095,224,1355,269,2026-05-20,7,Replacement,Product Not As Expected,Mobile App,Completed,Not Applicable,0.0,100.87,Completed,2026-05-21,Pending,Damaged,True,Completed
3343,23577,47101,1687,680,137,2026-05-29,10,Refund,Size/Fit Issue,Mobile App,Approved,Pending,1171.04,101.78,Scheduled,2026-05-30,Pending,Used,False,Not Applicable
3344,23594,47133,6853,2118,416,2026-05-22,6,Refund,Size/Fit Issue,Website,Approved,Processing,27390.37,142.78,Scheduled,2026-05-24,Pending,Opened,False,Not Applicable
3345,23597,47138,8447,1705,335,2026-06-09,23,Refund,Product Not As Expected,Website,Completed,Pending,53910.97,157.26,Completed,2026-06-12,Pending,Unused,False,Not Applicable
3346,23604,47153,753,1972,384,2026-06-10,21,Refund,Product Not As Expected,Mobile App,Approved,Processing,2059.71,55.95,Pending,,Pending,Damaged,False,Not Applicable
3347,23606,47155,1143,1118,224,2026-06-10,19,Replacement,Damaged Product,Website,Picked Up,Not Applicable,0.0,156.14,Scheduled,2026-06-12,Pending,Unused,True,Cancelled
3348,23621,47183,6298,168,34,2026-05-22,5,Exchange,Wrong Product,Mobile App,Picked Up,Not Applicable,0.0,84.42,Completed,2026-05-25,Passed,Used,True,Requested
3349,23634,47212,1247,604,122,2026-06-16,26,Refund,Product Not As Expected,Website,Approved,Processing,1411.13,154.39,Scheduled,2026-06-18,Pending,Opened,False,Not Applicable
3350,23646,47239,6317,1683,331,2026-05-29,8,Refund,Changed Mind,Mobile App,Rejected,Not Applicable,0.0,170.11,Failed,,Pending,Opened,False,Not Applicable
3351,23652,47248,9993,1010,202,2026-05-24,4,Replacement,Late Delivery,Website,Completed,Not Applicable,0.0,91.72,Completed,2026-05-27,Pending,Damaged,True,Requested
3352,23654,47254,636,1919,374,2026-06-19,28,Exchange,Changed Mind,Mobile App,Pickup Scheduled,Not Applicable,0.0,56.75,Completed,2026-06-21,Pending,Damaged,True,Completed
3353,23657,47258,2071,82,16,2026-06-03,15,Replacement,Changed Mind,Website,Completed,Not Applicable,0.0,141.94,Completed,2026-06-06,Failed,Damaged,True,Cancelled
3354,23669,47281,5975,2245,439,2026-05-29,5,Refund,Missing Parts,Website,Completed,Completed,75270.63,166.79,Completed,2026-05-31,Pending,Used,False,Not Applicable
3355,23671,47287,7076,2381,466,2026-05-31,6,Refund,Changed Mind,Mobile App,Approved,Pending,15314.18,167.86,Pending,,Pending,Opened,False,Not Applicable
3356,23673,47291,7214,1202,239,2026-06-22,30,Refund,Product Not As Expected,Customer Support,Completed,Completed,1732.56,167.21,Completed,2026-06-23,Passed,Opened,False,Not Applicable
3357,23675,47295,8114,1719,338,2026-06-15,26,Refund,Quality Issue,Mobile App,Picked Up,Pending,21244.47,49.57,Completed,2026-06-16,Pending,Opened,False,Not Applicable
3358,23678,47300,164,1099,220,2026-06-01,9,Replacement,Late Delivery,Website,Picked Up,Not Applicable,0.0,121.37,Scheduled,2026-06-03,Pending,Damaged,True,Cancelled
3359,23685,47313,1695,45,10,2026-06-07,18,Refund,Damaged Product,Website,Completed,Completed,4341.46,98.58,Completed,2026-06-10,Passed,Opened,False,Not Applicable
3360,23692,47328,3423,129,25,2026-06-16,24,Refund,Damaged Product,Customer Support,Picked Up,Processing,2723.55,91.7,Completed,2026-06-18,Passed,Unused,False,Not Applicable
3361,23700,47342,4796,1555,308,2026-06-13,21,Exchange,Quality Issue,Mobile App,Rejected,Not Applicable,0.0,130.72,Failed,,Pending,Opened,True,Completed
3362,23708,47356,8625,1645,325,2026-06-14,22,Replacement,Wrong Product,Website,Completed,Not Applicable,0.0,122.27,Completed,2026-06-16,Passed,Opened,True,Completed
3363,23712,47363,9544,1916,373,2026-05-24,6,Refund,Late Delivery,Website,Picked Up,Pending,9253.54,48.07,Completed,2026-05-26,Passed,Opened,False,Not Applicable
3364,23715,47372,1903,2511,493,2026-06-22,29,Refund,Product Not As Expected,Mobile App,Approved,Processing,40345.91,117.75,Scheduled,2026-06-25,Pending,Damaged,False,Not Applicable
3365,23718,47376,3189,1472,291,2026-06-01,11,Refund,Product Not As Expected,Mobile App,Completed,Pending,4493.36,107.92,Completed,2026-06-04,Failed,Damaged,False,Not Applicable
3366,23719,47379,3827,1250,249,2026-06-19,22,Refund,Wrong Product,Mobile App,Picked Up,Pending,3875.81,152.79,Scheduled,2026-06-22,Pending,Opened,False,Not Applicable
3367,23721,47386,4135,2045,400,2026-06-23,28,Exchange,Product Not As Expected,Website,Completed,Not Applicable,0.0,99.82,Completed,2026-06-25,Pending,Used,True,Requested
3368,23731,47405,6072,163,33,2026-06-09,16,Exchange,Product Not As Expected,Mobile App,Requested,Not Applicable,0.0,112.36,Pending,,Pending,Unused,True,Completed
3369,23743,47427,985,2527,496,2026-06-15,20,Refund,Wrong Product,Mobile App,Approved,Pending,2658.97,95.08,Pending,,Pending,Unused,False,Not Applicable
3370,23744,47428,1007,516,105,2026-06-11,15,Replacement,Product Not As Expected,Website,Completed,Not Applicable,0.0,70.96,Completed,2026-06-13,Passed,Unused,True,Processing
3371,23750,47434,2936,883,177,2026-06-15,23,Replacement,Damaged Product,Mobile App,Pickup Scheduled,Not Applicable,0.0,173.61,Completed,2026-06-17,Passed,Used,True,Requested
3372,23784,47502,2027,1093,219,2026-06-30,28,Replacement,Product Not As Expected,Website,Completed,Not Applicable,0.0,155.86,Completed,2026-07-01,Passed,Damaged,True,Requested
3373,23787,47508,2315,1693,333,2026-06-16,16,Exchange,Late Delivery,Customer Support,Completed,Not Applicable,0.0,104.75,Completed,2026-06-19,Passed,Opened,True,Cancelled
3374,23792,47522,4467,248,50,2026-06-15,19,Replacement,Quality Issue,Mobile App,Completed,Not Applicable,0.0,135.59,Completed,2026-06-18,Passed,Unused,True,Processing
3375,23795,47528,5763,2427,474,2026-06-24,24,Refund,Damaged Product,Mobile App,Approved,Processing,8669.01,97.51,Scheduled,2026-06-26,Pending,Unused,False,Not Applicable
3376,23796,47531,5771,2244,439,2026-06-26,27,Refund,Product Not As Expected,Mobile App,Completed,Completed,29832.3,45.68,Completed,2026-06-28,Passed,Opened,False,Not Applicable
3377,23807,47557,9050,2206,432,2026-06-05,4,Replacement,Wrong Product,Customer Support,Picked Up,Not Applicable,0.0,126.75,Completed,2026-06-07,Passed,Damaged,True,Requested
3378,23810,47565,190,1580,313,2026-06-22,21,Replacement,Wrong Product,Website,Picked Up,Not Applicable,0.0,82.01,Scheduled,2026-06-23,Pending,Damaged,True,Requested
3379,23811,47567,458,137,26,2026-06-06,11,Refund,Wrong Product,Mobile App,Picked Up,Processing,13622.22,43.26,Scheduled,2026-06-07,Pending,Unused,False,Not Applicable
3380,23815,47573,1350,194,39,2026-06-01,2,Refund,Product Not As Expected,Customer Support,Completed,Pending,54898.92,122.91,Completed,2026-06-02,Passed,Damaged,False,Not Applicable
3381,23820,47581,1733,1467,291,2026-06-18,19,Replacement,Quality Issue,Website,Pickup Scheduled,Not Applicable,0.0,57.05,Scheduled,2026-06-20,Pending,Opened,True,Completed
3382,23827,47595,3349,240,48,2026-06-03,6,Refund,Changed Mind,Mobile App,Rejected,Not Applicable,0.0,131.15,Failed,,Pending,Used,False,Not Applicable
3383,23837,47615,7985,2322,455,2026-06-12,10,Refund,Product Not As Expected,Mobile App,Approved,Processing,989.08,128.7,Scheduled,2026-06-14,Pending,Unused,False,Not Applicable
3384,23839,47619,8155,442,91,2026-06-22,25,Refund,Missing Parts,Website,Approved,Processing,15349.15,140.07,Scheduled,2026-06-23,Pending,Damaged,False,Not Applicable
3385,23839,47621,8155,1211,241,2026-06-22,25,Replacement,Late Delivery,Mobile App,Approved,Not Applicable,0.0,50.47,Pending,,Pending,Used,True,Completed
3386,23842,47629,8743,1291,258,2026-06-21,19,Refund,Damaged Product,Mobile App,Requested,Processing,214570.14,89.5,Scheduled,2026-06-22,Pending,Opened,False,Not Applicable
3387,23862,47664,5214,919,184,2026-06-03,1,Replacement,Damaged Product,Website,Completed,Not Applicable,0.0,150.81,Completed,2026-06-05,Passed,Used,True,Cancelled
3388,23870,47680,7107,1624,321,2026-06-05,3,Replacement,Quality Issue,Mobile App,Approved,Not Applicable,0.0,143.53,Pending,,Pending,Used,True,Requested
3389,23885,47706,1919,29,6,2026-06-18,12,Refund,Wrong Product,Website,Requested,Pending,19957.41,62.47,Pending,,Pending,Unused,False,Not Applicable
3390,23887,47710,2739,1272,254,2026-06-20,15,Refund,Late Delivery,Website,Picked Up,Pending,48834.54,146.14,Scheduled,2026-06-23,Pending,Damaged,False,Not Applicable
3391,23891,47718,5189,1507,297,2026-06-30,25,Refund,Changed Mind,Website,Approved,Processing,88371.42,156.75,Pending,,Pending,Unused,False,Not Applicable
3392,23896,47727,6625,1363,271,2026-06-28,24,Refund,Size/Fit Issue,Website,Picked Up,Processing,2472.72,105.89,Completed,2026-07-01,Passed,Used,False,Not Applicable
3393,23897,47731,6986,2303,451,2026-06-16,14,Replacement,Quality Issue,Website,Completed,Not Applicable,0.0,71.46,Completed,2026-06-18,Passed,Opened,True,Requested
3394,23901,47739,7965,1620,320,2026-06-12,11,Refund,Missing Parts,Mobile App,Pickup Scheduled,Processing,4598.04,144.25,Scheduled,2026-06-14,Pending,Used,False,Not Applicable
3395,23908,47751,901,228,46,2026-06-07,8,Refund,Missing Parts,Website,Approved,Pending,7751.78,88.97,Scheduled,2026-06-09,Pending,Unused,False,Not Applicable
3396,23911,47758,3320,1274,254,2026-06-07,2,Replacement,Wrong Product,Mobile App,Completed,Not Applicable,0.0,78.98,Completed,2026-06-08,Passed,Damaged,True,Processing
3397,23912,47760,3801,534,109,2026-06-25,19,Refund,Changed Mind,Website,Completed,Completed,39966.72,130.17,Completed,2026-06-28,Passed,Opened,False,Not Applicable
3398,23914,47763,4045,1130,226,2026-06-09,9,Replacement,Product Not As Expected,Mobile App,Completed,Not Applicable,0.0,131.65,Completed,2026-06-12,Passed,Opened,True,Requested
3399,23914,47765,4045,2073,408,2026-06-04,4,Refund,Changed Mind,Mobile App,Requested,Pending,4624.5,48.6,Pending,,Pending,Used,False,Not Applicable
3400,23915,47767,4804,1851,361,2026-06-16,16,Replacement,Product Not As Expected,Mobile App,Approved,Not Applicable,0.0,76.92,Pending,,Pending,Damaged,True,Cancelled
3401,23920,47779,5942,1217,242,2026-06-30,25,Refund,Damaged Product,Website,Completed,Pending,8475.6,116.46,Completed,2026-07-03,Passed,Used,False,Not Applicable
3402,23922,47782,6420,179,36,2026-06-30,29,Replacement,Late Delivery,Mobile App,Requested,Not Applicable,0.0,141.23,Pending,,Pending,Damaged,True,Requested
3403,23935,47810,8791,1798,351,2026-06-30,22,Refund,Quality Issue,Mobile App,Completed,Completed,8236.8,152.98,Completed,2026-07-01,Passed,Opened,False,Not Applicable
3404,23942,47824,9943,1228,244,2026-06-28,19,Refund,Late Delivery,Mobile App,Requested,Pending,9565.98,86.95,Pending,,Pending,Opened,False,Not Applicable
3405,23943,47826,268,163,33,2026-06-24,22,Replacement,Late Delivery,Mobile App,Pickup Scheduled,Not Applicable,0.0,85.64,Scheduled,2026-06-27,Pending,Unused,True,Completed
3406,23946,47834,896,2284,448,2026-06-07,3,Replacement,Product Not As Expected,Mobile App,Picked Up,Not Applicable,0.0,178.13,Completed,2026-06-09,Pending,Used,True,Processing
3407,23947,47836,961,362,71,2026-06-23,13,Refund,Size/Fit Issue,Website,Approved,Pending,45595.13,115.73,Scheduled,2026-06-26,Pending,Used,False,Not Applicable
3408,23960,47856,4213,2395,468,2026-06-29,21,Refund,Size/Fit Issue,Mobile App,Pickup Scheduled,Pending,8777.3,143.33,Scheduled,2026-07-02,Pending,Used,False,Not Applicable
3409,23967,47869,5818,2215,433,2026-06-25,20,Replacement,Changed Mind,Mobile App,Picked Up,Not Applicable,0.0,58.07,Scheduled,2026-06-27,Pending,Unused,True,Completed
3410,23979,47898,8265,2475,485,2026-06-13,11,Refund,Wrong Product,Mobile App,Picked Up,Processing,12315.93,162.19,Scheduled,2026-06-14,Pending,Damaged,False,Not Applicable
3411,23981,47902,8562,993,199,2026-06-18,12,Exchange,Product Not As Expected,Mobile App,Completed,Not Applicable,0.0,94.32,Completed,2026-06-21,Passed,Opened,True,Requested
3412,23996,47935,4887,18,4,2026-06-14,7,Replacement,Changed Mind,Website,Picked Up,Not Applicable,0.0,61.15,Scheduled,2026-06-16,Pending,Opened,True,Requested
3413,24005,47953,8410,1845,360,2026-06-10,3,Replacement,Late Delivery,Mobile App,Requested,Not Applicable,0.0,137.37,Scheduled,2026-06-13,Pending,Unused,True,Requested
3414,24011,47965,9928,211,42,2026-06-30,22,Exchange,Damaged Product,Mobile App,Completed,Not Applicable,0.0,39.1,Completed,2026-07-02,Passed,Damaged,True,Requested
3415,24012,47967,55,2399,469,2026-06-17,11,Refund,Missing Parts,Website,Completed,Completed,2215.16,110.37,Completed,2026-06-18,Passed,Damaged,False,Not Applicable
3416,24015,47972,878,955,191,2026-06-27,22,Refund,Product Not As Expected,Customer Support,Completed,Completed,1323.05,143.2,Completed,2026-06-29,Passed,Used,False,Not Applicable
3417,24019,47978,3765,700,141,2026-06-21,13,Replacement,Wrong Product,Mobile App,Picked Up,Not Applicable,0.0,65.58,Completed,2026-06-24,Passed,Opened,True,Requested
3418,24020,47980,4332,237,48,2026-06-19,7,Refund,Size/Fit Issue,Mobile App,Pickup Scheduled,Processing,984.18,131.77,Completed,2026-06-20,Passed,Used,False,Not Applicable
3419,24026,47997,7847,2515,493,2026-07-08,30,Replacement,Late Delivery,Mobile App,Completed,Not Applicable,0.0,129.38,Completed,2026-07-10,Passed,Damaged,True,Completed
3420,24027,48000,7981,1843,360,2026-06-29,16,Refund,Wrong Product,Mobile App,Completed,Completed,12091.44,144.44,Completed,2026-07-02,Pending,Unused,False,Not Applicable
3421,24028,48001,8261,2277,447,2026-07-03,25,Refund,Wrong Product,Website,Approved,Processing,3704.3,42.51,Pending,,Pending,Damaged,False,Not Applicable
3422,24048,48034,2942,2094,412,2026-06-23,10,Refund,Wrong Product,Customer Support,Completed,Completed,3360.6,107.12,Completed,2026-06-24,Passed,Damaged,False,Not Applicable
3423,24050,48039,3599,1634,323,2026-07-06,23,Replacement,Changed Mind,Website,Pickup Scheduled,Not Applicable,0.0,44.02,Scheduled,2026-07-07,Pending,Used,True,Completed
3424,24059,48054,5620,1572,311,2026-07-11,26,Refund,Product Not As Expected,Mobile App,Approved,Processing,3689.95,124.38,Pending,,Pending,Opened,False,Not Applicable
3425,24061,48057,6545,615,124,2026-06-18,5,Replacement,Wrong Product,Website,Completed,Not Applicable,0.0,65.46,Completed,2026-06-20,Passed,Damaged,True,Processing
3426,24077,48088,3273,155,31,2026-06-20,9,Refund,Late Delivery,Website,Requested,Pending,25615.18,33.66,Scheduled,2026-06-21,Pending,Unused,False,Not Applicable
3427,24083,48100,5510,350,69,2026-06-09,2,Refund,Changed Mind,Customer Support,Completed,Processing,4567.98,98.17,Completed,2026-06-12,Passed,Used,False,Not Applicable
3428,24091,48114,7432,1288,257,2026-06-09,1,Refund,Wrong Product,Mobile App,Completed,Pending,23679.76,122.62,Completed,2026-06-12,Passed,Opened,False,Not Applicable
3429,24102,48136,9970,342,67,2026-06-19,8,Replacement,Product Not As Expected,Website,Requested,Not Applicable,0.0,146.3,Pending,,Pending,Damaged,True,Cancelled
3430,24106,48146,2154,1253,250,2026-07-10,21,Refund,Wrong Product,Mobile App,Completed,Completed,395.55,45.89,Completed,2026-07-11,Passed,Unused,False,Not Applicable
3431,24107,48148,2942,2236,437,2026-06-14,4,Replacement,Product Not As Expected,Customer Support,Approved,Not Applicable,0.0,118.8,Pending,,Pending,Damaged,True,Completed
3432,24117,48167,6473,841,168,2026-06-24,7,Replacement,Changed Mind,Mobile App,Completed,Not Applicable,0.0,143.83,Completed,2026-06-26,Passed,Unused,True,Completed
3433,24123,48180,7324,337,67,2026-06-30,15,Refund,Wrong Product,Customer Support,Completed,Processing,5022.89,146.16,Completed,2026-07-01,Passed,Damaged,False,Not Applicable
3434,24131,48199,358,2103,414,2026-06-18,3,Exchange,Product Not As Expected,Website,Completed,Not Applicable,0.0,173.4,Completed,2026-06-21,Passed,Used,True,Cancelled
3435,24135,48211,2654,2133,419,2026-06-15,1,Refund,Damaged Product,Mobile App,Completed,Processing,12231.75,173.09,Completed,2026-06-18,Pending,Unused,False,Not Applicable
3436,24152,48244,8439,363,71,2026-07-03,19,Replacement,Wrong Product,Website,Approved,Not Applicable,0.0,68.21,Pending,,Pending,Unused,True,Processing
3437,24152,48245,8439,2544,499,2026-07-12,28,Refund,Changed Mind,Website,Pickup Scheduled,Processing,1134.22,38.56,Scheduled,2026-07-14,Pending,Unused,False,Not Applicable
3438,24155,48251,9512,350,69,2026-07-02,11,Replacement,Damaged Product,Mobile App,Completed,Not Applicable,0.0,89.68,Completed,2026-07-03,Passed,Opened,True,Processing
3439,24157,48257,9894,2144,421,2026-07-13,26,Refund,Late Delivery,Mobile App,Approved,Processing,14043.48,179.78,Scheduled,2026-07-14,Pending,Unused,False,Not Applicable
3440,24168,48281,2633,1624,321,2026-07-09,21,Exchange,Quality Issue,Mobile App,Pickup Scheduled,Not Applicable,0.0,115.53,Completed,2026-07-12,Failed,Damaged,True,Cancelled
3441,24170,48287,2656,1316,262,2026-07-02,15,Refund,Wrong Product,Mobile App,Picked Up,Pending,2196.32,118.53,Completed,2026-07-03,Passed,Damaged,False,Not Applicable
3442,24177,48306,4704,1956,381,2026-07-01,12,Refund,Changed Mind,Mobile App,Completed,Completed,3709.61,128.75,Completed,2026-07-02,Failed,Damaged,False,Not Applicable
3443,24178,48309,5943,57,12,2026-06-24,6,Replacement,Product Not As Expected,Mobile App,Rejected,Not Applicable,0.0,168.11,Failed,,Pending,Used,True,Processing
3444,24178,48310,5943,763,153,2026-06-25,7,Exchange,Missing Parts,Mobile App,Approved,Not Applicable,0.0,37.72,Pending,,Pending,Used,True,Completed
3445,24191,48337,1061,481,98,2026-07-05,13,Refund,Product Not As Expected,Mobile App,Pickup Scheduled,Processing,6574.46,61.39,Scheduled,2026-07-06,Pending,Used,False,Not Applicable
3446,24199,48350,4773,1220,242,2026-07-19,27,Refund,Product Not As Expected,Website,Approved,Processing,10719.05,173.38,Pending,,Pending,Damaged,False,Not Applicable
3447,24202,48353,5670,780,157,2026-07-04,15,Replacement,Product Not As Expected,Mobile App,Completed,Not Applicable,0.0,123.58,Completed,2026-07-07,Pending,Unused,True,Completed
3448,24232,48416,2314,1309,261,2026-07-11,17,Replacement,Wrong Product,Website,Picked Up,Not Applicable,0.0,44.84,Scheduled,2026-07-13,Pending,Damaged,True,Cancelled
3449,24233,48420,2880,2272,446,2026-07-14,22,Exchange,Late Delivery,Mobile App,Pickup Scheduled,Not Applicable,0.0,77.06,Scheduled,2026-07-15,Pending,Opened,True,Cancelled
3450,24237,48428,3573,2153,423,2026-07-04,14,Refund,Damaged Product,Mobile App,Pickup Scheduled,Processing,16840.02,118.96,Completed,2026-07-05,Passed,Used,False,Not Applicable
3451,24245,48442,5729,2382,466,2026-07-13,21,Exchange,Changed Mind,Mobile App,Picked Up,Not Applicable,0.0,164.75,Completed,2026-07-14,Passed,Opened,True,Completed
3452,24251,48454,9987,613,124,2026-06-26,2,Refund,Wrong Product,Mobile App,Completed,Processing,426.63,99.86,Completed,2026-06-28,Passed,Unused,False,Not Applicable
3453,24261,48479,2110,768,155,2026-07-05,12,Refund,Changed Mind,Website,Completed,Pending,2939.19,30.68,Completed,2026-07-07,Passed,Opened,False,Not Applicable
3454,24266,48488,3619,1359,270,2026-07-22,27,Refund,Wrong Product,Website,Requested,Processing,5203.11,57.27,Pending,,Pending,Damaged,False,Not Applicable
3455,24277,48505,7937,542,110,2026-07-20,29,Refund,Changed Mind,Mobile App,Completed,Processing,14601.35,37.4,Completed,2026-07-21,Passed,Unused,False,Not Applicable
3456,24278,48508,7963,1007,201,2026-07-09,19,Refund,Changed Mind,Mobile App,Picked Up,Processing,937.82,165.82,Scheduled,2026-07-11,Pending,Opened,False,Not Applicable
3457,24291,48533,3219,2079,409,2026-07-05,9,Refund,Quality Issue,Customer Support,Approved,Pending,705.02,158.57,Pending,,Pending,Used,False,Not Applicable
3458,24319,48584,845,151,29,2026-07-07,15,Exchange,Changed Mind,Website,Completed,Not Applicable,0.0,124.53,Completed,2026-07-10,Passed,Damaged,True,Cancelled
3459,24321,48590,1791,2117,416,2026-07-15,22,Refund,Size/Fit Issue,Mobile App,Completed,Completed,42269.31,79.65,Completed,2026-07-18,Pending,Opened,False,Not Applicable
3460,24325,48601,4175,124,24,2026-07-05,5,Refund,Quality Issue,Website,Completed,Completed,9707.86,86.3,Completed,2026-07-08,Passed,Opened,False,Not Applicable
3461,24336,48622,6787,320,64,2026-07-19,22,Refund,Size/Fit Issue,Mobile App,Approved,Processing,8662.9,31.81,Pending,,Pending,Unused,False,Not Applicable
3462,24341,48633,7805,2426,474,2026-06-28,5,Refund,Damaged Product,Mobile App,Approved,Processing,2075.79,69.84,Scheduled,2026-06-29,Pending,Unused,False,Not Applicable
3463,24359,48667,3941,499,101,2026-07-23,26,Replacement,Product Not As Expected,Mobile App,Completed,Not Applicable,0.0,89.14,Completed,2026-07-25,Pending,Used,True,Requested
3464,24368,48686,6500,1311,261,2026-07-18,22,Refund,Damaged Product,Mobile App,Pickup Scheduled,Processing,3848.72,117.26,Scheduled,2026-07-19,Pending,Unused,False,Not Applicable
3465,24375,48700,9096,16,4,2026-07-17,18,Refund,Changed Mind,Mobile App,Approved,Processing,2004.42,170.16,Scheduled,2026-07-18,Pending,Damaged,False,Not Applicable
3466,24382,48713,622,554,112,2026-07-04,5,Refund,Damaged Product,Website,Picked Up,Processing,114547.06,87.0,Completed,2026-07-06,Passed,Unused,False,Not Applicable
3467,24384,48715,1187,954,191,2026-07-31,29,Replacement,Quality Issue,Website,Completed,Not Applicable,0.0,99.77,Completed,2026-08-03,Passed,Unused,True,Completed
3468,24385,48718,1669,2368,464,2026-07-21,24,Refund,Late Delivery,Mobile App,Rejected,Not Applicable,0.0,159.73,Failed,,Pending,Unused,False,Not Applicable
3469,24388,48724,2824,2354,462,2026-07-21,26,Replacement,Quality Issue,Mobile App,Rejected,Not Applicable,0.0,165.55,Failed,,Pending,Damaged,True,Completed
3470,24391,48730,4053,2528,496,2026-07-07,11,Refund,Wrong Product,Website,Pickup Scheduled,Pending,18276.71,150.5,Completed,2026-07-08,Passed,Used,False,Not Applicable
3471,24394,48735,4654,313,62,2026-07-04,7,Refund,Quality Issue,Mobile App,Pickup Scheduled,Processing,4547.28,85.53,Scheduled,2026-07-07,Pending,Damaged,False,Not Applicable
3472,24410,48769,547,2477,486,2026-07-11,9,Refund,Changed Mind,Website,Completed,Completed,9971.85,135.37,Completed,2026-07-14,Failed,Damaged,False,Not Applicable
3473,24412,48773,732,1425,283,2026-07-14,18,Replacement,Product Not As Expected,Website,Requested,Not Applicable,0.0,67.66,Pending,,Pending,Unused,True,Completed
3474,24414,48775,1214,1797,351,2026-07-28,25,Refund,Wrong Product,Mobile App,Approved,Pending,661.64,53.1,Scheduled,2026-07-31,Pending,Damaged,False,Not Applicable
3475,24419,48783,2674,1283,256,2026-06-30,1,Refund,Wrong Product,Mobile App,Completed,Processing,9841.57,71.48,Completed,2026-07-02,Passed,Unused,False,Not Applicable
3476,24422,48789,4319,1651,325,2026-07-29,27,Replacement,Wrong Product,Website,Pickup Scheduled,Not Applicable,0.0,127.46,Scheduled,2026-07-30,Pending,Unused,True,Requested
3477,24426,48800,5482,566,115,2026-07-18,20,Replacement,Product Not As Expected,Mobile App,Requested,Not Applicable,0.0,48.63,Pending,,Pending,Opened,True,Requested
3478,24435,48817,7425,1060,213,2026-07-05,2,Refund,Product Not As Expected,Customer Support,Approved,Pending,4009.36,37.45,Pending,,Pending,Unused,False,Not Applicable
3479,24455,48857,5119,1620,320,2026-07-26,23,Replacement,Product Not As Expected,Website,Pickup Scheduled,Not Applicable,0.0,63.48,Scheduled,2026-07-27,Pending,Damaged,True,Cancelled
3480,24475,48901,2521,2401,469,2026-07-16,11,Refund,Missing Parts,Mobile App,Approved,Processing,13762.02,67.5,Pending,,Pending,Opened,False,Not Applicable
3481,24476,48903,2530,1843,360,2026-08-04,27,Replacement,Product Not As Expected,Mobile App,Picked Up,Not Applicable,0.0,87.73,Completed,2026-08-07,Passed,Used,True,Processing
3482,24486,48925,4953,540,110,2026-07-12,8,Replacement,Changed Mind,Website,Approved,Not Applicable,0.0,145.64,Scheduled,2026-07-15,Pending,Used,True,Completed
3483,24493,48937,9531,1643,324,2026-07-17,17,Refund,Missing Parts,Website,Requested,Pending,2691.75,76.77,Pending,,Pending,Damaged,False,Not Applicable
3484,24494,48941,9830,1409,280,2026-07-29,24,Refund,Product Not As Expected,Website,Picked Up,Pending,1763.14,30.16,Completed,2026-08-01,Passed,Used,False,Not Applicable
3485,24495,48942,9868,2481,487,2026-07-22,15,Replacement,Wrong Product,Mobile App,Pickup Scheduled,Not Applicable,0.0,38.47,Scheduled,2026-07-25,Pending,Used,True,Processing
3486,24496,48944,29,1115,223,2026-07-23,17,Refund,Damaged Product,Website,Picked Up,Pending,5863.06,147.48,Scheduled,2026-07-25,Pending,Opened,False,Not Applicable
3487,24506,48961,1497,1395,277,2026-07-21,14,Exchange,Wrong Product,Mobile App,Completed,Not Applicable,0.0,165.01,Completed,2026-07-23,Passed,Used,True,Completed
3488,24509,48966,1677,869,173,2026-07-21,18,Refund,Product Not As Expected,Mobile App,Completed,Processing,5754.72,85.96,Completed,2026-07-24,Passed,Opened,False,Not Applicable
3489,24510,48969,1867,1732,339,2026-07-08,6,Replacement,Changed Mind,Customer Support,Picked Up,Not Applicable,0.0,137.01,Scheduled,2026-07-11,Pending,Used,True,Completed
3490,24535,49017,8253,1171,234,2026-07-25,21,Refund,Damaged Product,Mobile App,Completed,Processing,3238.66,95.24,Completed,2026-07-28,Failed,Damaged,False,Not Applicable
3491,24552,49051,3019,1568,310,2026-07-27,18,Refund,Late Delivery,Mobile App,Picked Up,Processing,2840.39,63.1,Scheduled,2026-07-28,Pending,Unused,False,Not Applicable
3492,24556,49059,4581,2352,461,2026-07-23,13,Refund,Quality Issue,Website,Approved,Processing,118817.3,90.29,Pending,,Pending,Opened,False,Not Applicable
3493,24561,49071,5638,1169,234,2026-07-26,19,Refund,Wrong Product,Website,Approved,Pending,2166.53,70.59,Scheduled,2026-07-29,Pending,Unused,False,Not Applicable
3494,24562,49073,5896,2038,398,2026-07-19,16,Exchange,Late Delivery,Customer Support,Completed,Not Applicable,0.0,39.02,Completed,2026-07-22,Passed,Used,True,Processing
3495,24568,49083,8692,2173,426,2026-07-19,11,Replacement,Quality Issue,Mobile App,Approved,Not Applicable,0.0,123.94,Pending,,Pending,Unused,True,Requested
3496,24569,49085,9328,1751,343,2026-07-21,12,Replacement,Wrong Product,Mobile App,Approved,Not Applicable,0.0,83.15,Scheduled,2026-07-22,Pending,Used,True,Processing
3497,24586,49121,5161,751,150,2026-07-20,14,Refund,Changed Mind,Customer Support,Approved,Pending,9658.25,49.43,Scheduled,2026-07-21,Pending,Damaged,False,Not Applicable
3498,24586,49123,5161,2093,412,2026-08-02,27,Refund,Product Not As Expected,Mobile App,Completed,Completed,1595.51,51.74,Completed,2026-08-03,Failed,Damaged,False,Not Applicable
3499,24592,49131,6728,490,100,2026-07-24,11,Replacement,Quality Issue,Mobile App,Requested,Not Applicable,0.0,66.75,Pending,,Pending,Unused,True,Completed
3500,24593,49133,6776,630,127,2026-08-05,25,Refund,Changed Mind,Website,Completed,Completed,12013.87,71.14,Completed,2026-08-08,Pending,Opened,False,Not Applicable
3501,24594,49135,6905,272,55,2026-08-10,30,Refund,Damaged Product,Mobile App,Picked Up,Pending,3530.86,69.9,Scheduled,2026-08-13,Pending,Used,False,Not Applicable
3502,24594,49136,6905,1177,235,2026-07-28,17,Replacement,Late Delivery,Mobile App,Approved,Not Applicable,0.0,50.91,Scheduled,2026-07-30,Pending,Damaged,True,Completed
3503,24619,49181,7176,824,165,2026-08-12,28,Replacement,Missing Parts,Customer Support,Completed,Not Applicable,0.0,147.75,Completed,2026-08-14,Passed,Unused,True,Completed
3504,24624,49191,9809,1490,294,2026-07-25,16,Refund,Changed Mind,Customer Support,Completed,Processing,2786.55,98.77,Completed,2026-07-28,Pending,Damaged,False,Not Applicable
3505,24676,49299,4830,1436,285,2026-07-29,17,Replacement,Product Not As Expected,Mobile App,Completed,Not Applicable,0.0,159.92,Completed,2026-07-31,Passed,Unused,True,Completed
3506,24681,49313,7588,2178,427,2026-07-28,15,Exchange,Quality Issue,Mobile App,Completed,Not Applicable,0.0,50.01,Completed,2026-07-30,Pending,Used,True,Processing
3507,24691,49330,914,218,44,2026-07-24,9,Replacement,Late Delivery,Customer Support,Rejected,Not Applicable,0.0,140.78,Failed,,Pending,Unused,True,Cancelled
3508,24697,49338,1445,970,194,2026-07-23,6,Replacement,Damaged Product,Mobile App,Requested,Not Applicable,0.0,76.95,Pending,,Pending,Unused,True,Completed
3509,24701,49346,3150,667,134,2026-07-26,10,Replacement,Quality Issue,Mobile App,Picked Up,Not Applicable,0.0,37.08,Scheduled,2026-07-27,Pending,Damaged,True,Cancelled
3510,24724,49392,9884,350,69,2026-08-02,23,Refund,Product Not As Expected,Customer Support,Picked Up,Processing,5374.1,135.64,Scheduled,2026-08-04,Pending,Used,False,Not Applicable
3511,24726,49396,145,1555,308,2026-07-18,1,Refund,Changed Mind,Website,Completed,Processing,23734.43,163.62,Completed,2026-07-21,Passed,Used,False,Not Applicable
3512,24735,49413,4498,1489,294,2026-08-04,19,Refund,Product Not As Expected,Mobile App,Completed,Completed,1101.5,123.33,Completed,2026-08-07,Passed,Used,False,Not Applicable
3513,24740,49423,6862,440,90,2026-07-19,5,Refund,Product Not As Expected,Mobile App,Picked Up,Pending,8897.97,36.79,Completed,2026-07-20,Passed,Used,False,Not Applicable
3514,24758,49459,2969,327,65,2026-08-06,23,Refund,Damaged Product,Mobile App,Requested,Processing,2745.97,163.34,Scheduled,2026-08-09,Pending,Used,False,Not Applicable
3515,24759,49462,3203,1360,270,2026-07-17,2,Refund,Wrong Product,Website,Requested,Processing,17741.55,141.64,Scheduled,2026-07-20,Pending,Damaged,False,Not Applicable
3516,24765,49474,6340,853,170,2026-08-14,25,Replacement,Quality Issue,Mobile App,Approved,Not Applicable,0.0,169.5,Scheduled,2026-08-17,Pending,Opened,True,Processing
3517,24768,49480,7460,1620,320,2026-08-16,26,Refund,Quality Issue,Website,Requested,Pending,13794.12,70.0,Pending,,Pending,Damaged,False,Not Applicable
3518,24774,49492,9131,571,116,2026-07-26,7,Refund,Product Not As Expected,Mobile App,Picked Up,Pending,2188.67,67.03,Completed,2026-07-27,Pending,Used,False,Not Applicable
3519,24777,49498,423,512,104,2026-08-01,10,Replacement,Late Delivery,Website,Requested,Not Applicable,0.0,95.5,Pending,,Pending,Opened,True,Requested
3520,24781,49504,1140,1971,384,2026-07-23,5,Replacement,Late Delivery,Mobile App,Picked Up,Not Applicable,0.0,173.75,Completed,2026-07-26,Pending,Used,True,Completed
3521,24786,49515,1641,1180,236,2026-07-27,8,Exchange,Damaged Product,Mobile App,Approved,Not Applicable,0.0,163.28,Pending,,Pending,Opened,True,Processing
3522,24788,49519,2776,2068,407,2026-07-22,2,Replacement,Late Delivery,Website,Completed,Not Applicable,0.0,67.9,Completed,2026-07-24,Failed,Damaged,True,Cancelled
3523,24806,49558,364,1557,308,2026-07-29,7,Replacement,Late Delivery,Customer Support,Completed,Not Applicable,0.0,128.07,Completed,2026-07-31,Passed,Damaged,True,Completed
3524,24807,49559,760,1937,378,2026-08-11,20,Replacement,Product Not As Expected,Mobile App,Approved,Not Applicable,0.0,38.02,Scheduled,2026-08-14,Pending,Unused,True,Processing
3525,24808,49561,892,2111,415,2026-08-17,25,Refund,Wrong Product,Mobile App,Completed,Completed,1004.18,56.66,Completed,2026-08-20,Passed,Opened,False,Not Applicable
3526,24817,49578,5197,1741,341,2026-08-14,24,Replacement,Wrong Product,Mobile App,Requested,Not Applicable,0.0,77.05,Scheduled,2026-08-17,Pending,Damaged,True,Completed
3527,24827,49599,8090,715,144,2026-08-06,18,Exchange,Damaged Product,Mobile App,Completed,Not Applicable,0.0,47.63,Completed,2026-08-07,Pending,Unused,True,Processing
3528,24840,49625,411,1387,276,2026-08-03,13,Refund,Damaged Product,Website,Picked Up,Processing,2359.26,178.69,Scheduled,2026-08-04,Pending,Damaged,False,Not Applicable
3529,24853,49650,6008,1125,225,2026-08-19,26,Refund,Product Not As Expected,Mobile App,Pickup Scheduled,Processing,20490.43,109.89,Completed,2026-08-22,Passed,Damaged,False,Not Applicable
3530,24855,49655,7119,2115,415,2026-08-14,21,Replacement,Product Not As Expected,Website,Completed,Not Applicable,0.0,176.68,Completed,2026-08-16,Passed,Opened,True,Requested
3531,24859,49662,8735,812,163,2026-08-07,14,Refund,Late Delivery,Mobile App,Pickup Scheduled,Pending,4938.65,117.01,Scheduled,2026-08-09,Pending,Unused,False,Not Applicable
3532,24867,49679,1903,740,148,2026-07-29,4,Refund,Changed Mind,Mobile App,Requested,Processing,2162.93,105.8,Pending,,Pending,Opened,False,Not Applicable
3533,24881,49710,9739,612,123,2026-08-14,20,Refund,Changed Mind,Mobile App,Approved,Processing,4717.68,128.02,Scheduled,2026-08-15,Pending,Used,False,Not Applicable
3534,24886,49722,711,1355,269,2026-08-15,23,Refund,Quality Issue,Mobile App,Rejected,Not Applicable,0.0,140.43,Failed,,Pending,Damaged,False,Not Applicable
3535,24904,49761,5835,1744,341,2026-08-07,15,Exchange,Late Delivery,Mobile App,Picked Up,Not Applicable,0.0,85.18,Scheduled,2026-08-08,Pending,Opened,True,Processing
3536,24907,49768,6203,2016,393,2026-07-30,3,Refund,Late Delivery,Mobile App,Picked Up,Pending,40118.16,92.63,Scheduled,2026-08-02,Pending,Damaged,False,Not Applicable
3537,24924,49800,875,1161,232,2026-07-29,4,Replacement,Wrong Product,Website,Completed,Not Applicable,0.0,176.79,Completed,2026-07-30,Passed,Used,True,Completed
3538,24937,49828,5542,327,65,2026-08-11,13,Refund,Changed Mind,Mobile App,Rejected,Not Applicable,0.0,107.17,Failed,,Pending,Opened,False,Not Applicable
3539,24959,49867,2305,1366,271,2026-08-14,18,Exchange,Changed Mind,Website,Approved,Not Applicable,0.0,152.38,Scheduled,2026-08-15,Pending,Opened,True,Completed
3540,24960,49870,2780,1747,342,2026-08-22,24,Refund,Wrong Product,Mobile App,Pickup Scheduled,Processing,39293.91,57.28,Scheduled,2026-08-24,Pending,Damaged,False,Not Applicable
3541,24961,49874,4820,1262,252,2026-08-11,16,Exchange,Changed Mind,Website,Picked Up,Not Applicable,0.0,146.68,Scheduled,2026-08-12,Pending,Unused,True,Requested
3542,24972,49897,8086,1205,240,2026-08-13,12,Refund,Quality Issue,Website,Approved,Pending,4931.18,94.72,Pending,,Pending,Unused,False,Not Applicable
3543,24973,49899,8235,2396,469,2026-08-24,24,Replacement,Quality Issue,Mobile App,Approved,Not Applicable,0.0,138.01,Scheduled,2026-08-25,Pending,Opened,True,Processing
3544,24981,49918,1945,2417,472,2026-08-14,15,Refund,Wrong Product,Customer Support,Completed,Completed,1779.73,108.46,Completed,2026-08-16,Passed,Unused,False,Not Applicable
3545,24982,49919,2067,536,109,2026-08-20,25,Refund,Product Not As Expected,Customer Support,Completed,Completed,7585.61,51.92,Completed,2026-08-22,Passed,Opened,False,Not Applicable
3546,24985,49923,2364,1251,249,2026-08-27,30,Refund,Damaged Product,Mobile App,Pickup Scheduled,Pending,1823.24,76.59,Scheduled,2026-08-30,Pending,Unused,False,Not Applicable
3547,24986,49926,2812,1516,299,2026-08-18,19,Refund,Damaged Product,Website,Requested,Pending,9094.4,94.83,Pending,,Pending,Opened,False,Not Applicable
3548,24997,49950,7116,738,148,2026-08-03,4,Refund,Product Not As Expected,Mobile App,Requested,Pending,11875.89,168.8,Pending,,Pending,Unused,False,Not Applicable
